[2025-10-28 12:30:07.238] 📨 Enviaré 17 mensaje(s).
[2025-10-28 12:30:07.242] 🚀 Lanzando start-chrome-wa.sh…
[2025-10-28 12:30:07.259] ⏳ Esperando CDP…
[2025-10-28 12:30:13.887] 🟡 Abriendo WhatsApp Web…
[2025-10-28 12:30:23.325] ⏳ Esperando 8 minutos fijos para la primera carga completa de WhatsApp Web…
[2025-10-28 12:38:23.331] 🧊 Primer arranque: preparación extendida…
[2025-10-28 12:42:22.680] ✅ Primer arranque listo en 239.3s.
[2025-10-28 12:42:22.685] 
[1/17] → 573123600799
[2025-10-28 12:42:23.147] 🔁 Abriendo chat (intento 1/3) con: https://web.whatsapp.com/send?phone=573123600799&text=Hola%20Nelson%2C%20te%20escribimos%20de%20MEDPLAY.%0A%0A%E2%80%A2%20Tu%20Netflix%20(pantalla%203)%2C%20con%20el%20correo%20Zardan59%40santayarce.com%2C%20vence%20el%20*29%2F10%2F2025*%2C%20quer%C3%ADa%20saber%20si%20deseas%20*realizar%20la%20renovaci%C3%B3n*%2C%20tiene%20un%20costo%20de%20*%24%2014.000*.%0A%0A*PARA%20PAGOS%20POR%20NEQUI%20SOLICITAR%20EL%20QR%20POR%20FAVOR*
[2025-10-28 12:42:46.066] ✉️  Enviando (un solo intento, solo URL)…
[2025-10-28 12:43:20.651] ↩️ Enviado (Enter)
[2025-10-28 12:43:20.653] ⏳ Pausa post-envío: 60s…
[2025-10-28 12:44:20.663] 
[2/17] → 573126477856
[2025-10-28 12:44:20.731] 🔁 Abriendo chat (intento 1/3) con: https://web.whatsapp.com/send?phone=573126477856&text=Hola%20ELvis%2C%20te%20escribimos%20de%20MEDPLAY.%0A%0A%E2%80%A2%20Tu%20Disney%20Premium%20(pantalla%208)%2C%20con%20el%20correo%20medplay93%2Bd3%40gmail.com%2C%20vence%20el%20*29%2F10%2F2025*%2C%20quer%C3%ADa%20saber%20si%20deseas%20*realizar%20la%20renovaci%C3%B3n*%2C%20tiene%20un%20costo%20de%20*%24%208000*.%0A%0A*PARA%20PAGOS%20POR%20NEQUI%20SOLICITAR%20EL%20QR%20POR%20FAVOR*
[2025-10-28 12:44:41.084] ✉️  Enviando (un solo intento, solo URL)…
[2025-10-28 12:45:17.642] ↩️ Enviado (Enter)
[2025-10-28 12:45:17.643] ⏳ Pausa post-envío: 60s…
[2025-10-28 12:46:17.644] 
[3/17] → 573012190436
[2025-10-28 12:46:17.700] 🔁 Abriendo chat (intento 1/3) con: https://web.whatsapp.com/send?phone=573012190436&text=Hola%20Daniel%2C%20te%20escribimos%20de%20MEDPLAY.%0A%0A%E2%80%A2%20Tu%20Disney%20(pantalla%205)%2C%20con%20el%20correo%20medplay93%2Bas2%40gmail.com%2C%20vence%20el%20*28%2F10%2F2025*%2C%20quer%C3%ADa%20saber%20si%20deseas%20*realizar%20la%20renovaci%C3%B3n*%2C%20tiene%20un%20costo%20de%20*%24%207000*.%0A%0A*PARA%20PAGOS%20POR%20NEQUI%20SOLICITAR%20EL%20QR%20POR%20FAVOR*
[2025-10-28 12:46:41.759] ✉️  Enviando (un solo intento, solo URL)…
[2025-10-28 12:47:16.708] ↩️ Enviado (Enter)
[2025-10-28 12:47:16.708] ⏳ Pausa post-envío: 60s…
[2025-10-28 12:48:16.709] 
[4/17] → 573226613680
[2025-10-28 12:48:16.744] 🔁 Abriendo chat (intento 1/3) con: https://web.whatsapp.com/send?phone=573226613680&text=Hola%2C%20te%20escribimos%20de%20MEDPLAY.%0A%0A%E2%80%A2%20Tu%20Netflix%20(pantalla%206)%2C%20con%20el%20correo%20arsenio.mendez%40sanarru.com%2C%20vence%20el%20*29%2F10%2F2025*%2C%20quer%C3%ADa%20saber%20si%20deseas%20*realizar%20la%20renovaci%C3%B3n*%2C%20tiene%20un%20costo%20de%20*%24%2014.000*.%0A%0A*PARA%20PAGOS%20POR%20NEQUI%20SOLICITAR%20EL%20QR%20POR%20FAVOR*
[2025-10-28 12:48:37.076] ✉️  Enviando (un solo intento, solo URL)…
[2025-10-28 12:49:10.685] ↩️ Enviado (Enter)
[2025-10-28 12:49:10.685] ⏳ Pausa post-envío: 60s…
[2025-10-28 12:50:10.686] 
[5/17] → 573057779193
[2025-10-28 12:50:11.194] 🔁 Abriendo chat (intento 1/3) con: https://web.whatsapp.com/send?phone=573057779193&text=Hola%20Thomas%2C%20te%20escribimos%20de%20MEDPLAY.%0A%0A%E2%80%A2%20Tu%20Netflix%20(pantalla%202)%2C%20con%20el%20correo%20felipepoere6272%40sanarru.com%2C%20vence%20el%20*28%2F10%2F2025*%2C%20quer%C3%ADa%20saber%20si%20deseas%20*realizar%20la%20renovaci%C3%B3n*%2C%20tiene%20un%20costo%20de%20*%24%2014.000*.%0A%0A*PARA%20PAGOS%20POR%20NEQUI%20SOLICITAR%20EL%20QR%20POR%20FAVOR*
[2025-10-28 12:50:31.503] ✉️  Enviando (un solo intento, solo URL)…
[2025-10-28 12:51:03.488] ↩️ Enviado (Enter)
[2025-10-28 12:51:03.488] ⏳ Pausa post-envío: 60s…
[2025-10-28 12:52:03.489] 
[6/17] → 573001248384
[2025-10-28 12:52:03.515] 🔁 Abriendo chat (intento 1/3) con: https://web.whatsapp.com/send?phone=573001248384&text=Hola%2C%20te%20escribimos%20de%20MEDPLAY.%0A%0A%E2%80%A2%20Tu%20Netflix%20(pantalla%203)%2C%20con%20el%20correo%20felipepoere6272%40sanarru.com%2C%20vence%20el%20*29%2F10%2F2025*%2C%20quer%C3%ADa%20saber%20si%20deseas%20*realizar%20la%20renovaci%C3%B3n*%2C%20tiene%20un%20costo%20de%20*%24%2014.000*.%0A%0A*PARA%20PAGOS%20POR%20NEQUI%20SOLICITAR%20EL%20QR%20POR%20FAVOR*
[2025-10-28 12:52:24.329] ✉️  Enviando (un solo intento, solo URL)…
[2025-10-28 12:52:56.925] ↩️ Enviado (Enter)
[2025-10-28 12:52:56.925] ⏳ Pausa post-envío: 60s…
[2025-10-28 12:53:56.926] 
[7/17] → 573122874437
[2025-10-28 12:53:57.687] 🔁 Abriendo chat (intento 1/3) con: https://web.whatsapp.com/send?phone=573122874437&text=Hola%20Joselito%2C%20te%20escribimos%20de%20MEDPLAY.%0A%0A%E2%80%A2%20Tu%20Amazon%20(pantalla%202)%2C%20con%20el%20correo%20banishintoyou%40gmail.com%2C%20vence%20el%20*29%2F10%2F2025*%2C%20quer%C3%ADa%20saber%20si%20deseas%20*realizar%20la%20renovaci%C3%B3n*%2C%20tiene%20un%20costo%20de%20*%24%208000*.%0A%0A*PARA%20PAGOS%20POR%20NEQUI%20SOLICITAR%20EL%20QR%20POR%20FAVOR*
[2025-10-28 12:54:06.732] ✉️  Enviando (un solo intento, solo URL)…
[2025-10-28 12:54:52.430] ↩️ Enviado (Enter)
[2025-10-28 12:54:52.431] ⏳ Pausa post-envío: 60s…
[2025-10-28 12:55:52.432] 
[8/17] → 573213088307
[2025-10-28 12:55:52.500] 🔁 Abriendo chat (intento 1/3) con: https://web.whatsapp.com/send?phone=573213088307&text=Hola%20Julian%2C%20te%20escribimos%20de%20MEDPLAY.%0A%0A%E2%80%A2%20Tu%20MAX%20(pantalla%204)%2C%20con%20el%20correo%20mazizomix12%2Bwendy458%40gmail.com%2C%20vence%20el%20*28%2F10%2F2025*%2C%20quer%C3%ADa%20saber%20si%20deseas%20*realizar%20la%20renovaci%C3%B3n*%2C%20tiene%20un%20costo%20de%20*%24%207000*.%0A%0A*PARA%20PAGOS%20POR%20NEQUI%20SOLICITAR%20EL%20QR%20POR%20FAVOR*
[2025-10-28 12:56:12.887] ✉️  Enviando (un solo intento, solo URL)…
[2025-10-28 12:56:48.014] ↩️ Enviado (Enter)
[2025-10-28 12:56:48.017] ⏳ Pausa post-envío: 60s…
[2025-10-28 12:57:48.032] 
[9/17] → 573125134850
[2025-10-28 12:57:48.578] 🔁 Abriendo chat (intento 1/3) con: https://web.whatsapp.com/send?phone=573125134850&text=Hola%20%2B57%2C%20te%20escribimos%20de%20MEDPLAY.%0A%0A%E2%80%A2%20Tu%20Amazon%20(pantalla%204)%2C%20con%20el%20correo%20banishintoyou%40gmail.com%2C%20vence%20el%20*29%2F10%2F2025*%2C%20quer%C3%ADa%20saber%20si%20deseas%20*realizar%20la%20renovaci%C3%B3n*%2C%20tiene%20un%20costo%20de%20*%24%208000*.%0A%0A*PARA%20PAGOS%20POR%20NEQUI%20SOLICITAR%20EL%20QR%20POR%20FAVOR*
[2025-10-28 12:58:08.914] ✉️  Enviando (un solo intento, solo URL)…
[2025-10-28 12:58:43.280] ↩️ Enviado (Enter)
[2025-10-28 12:58:43.281] ⏳ Pausa post-envío: 60s…
[2025-10-28 12:59:43.282] 
[10/17] → 573204493900
[2025-10-28 12:59:43.395] 🔁 Abriendo chat (intento 1/3) con: https://web.whatsapp.com/send?phone=573204493900&text=Hola%20Duvan%2C%20te%20escribimos%20de%20MEDPLAY.%0A%0A%E2%80%A2%20Tu%20Netflix%2C%20con%20el%20correo%20contas791ws%40pelisco.com%2C%20vence%20el%20*28%2F10%2F2025*%2C%20quer%C3%ADa%20saber%20si%20deseas%20*realizar%20la%20renovaci%C3%B3n*%2C%20tiene%20un%20costo%20de%20*%24%2038.000*.%0A%0A*PARA%20PAGOS%20POR%20NEQUI%20SOLICITAR%20EL%20QR%20POR%20FAVOR*
[2025-10-28 12:59:50.113] ✉️  Enviando (un solo intento, solo URL)…
[2025-10-28 13:00:34.401] ↩️ Enviado (Enter)
[2025-10-28 13:00:34.408] ⏳ Pausa post-envío: 60s…
[2025-10-28 13:01:34.409] 
[11/17] → 573227277192
[2025-10-28 13:01:34.942] 🔁 Abriendo chat (intento 1/3) con: https://web.whatsapp.com/send?phone=573227277192&text=Hola%20Distreaming%2C%20te%20escribimos%20de%20MEDPLAY.%0A%0A%E2%80%A2%20Tu%20MAX%2C%20con%20el%20correo%20medplay93%2Bwer2%40gmail.com%2C%20vence%20el%20*28%2F10%2F2025*%2C%20quer%C3%ADa%20saber%20si%20deseas%20*realizar%20la%20renovaci%C3%B3n*%2C%20tiene%20un%20costo%20de%20*%24%2012.000*.%0A%E2%80%A2%20Tu%20MAX%2C%20con%20el%20correo%20medplay93%2Bane34%40gmail.com%2C%20vence%20el%20*28%2F10%2F2025*%2C%20quer%C3%ADa%20saber%20si%20deseas%20*realizar%20la%20renovaci%C3%B3n*%2C%20tiene%20un%20costo%20de%20*%24%2012.000*.%0A%E2%80%A2%20Tu%20MAX%2C%20con%20el%20correo%20medplay93%2B34%40Gmail.com%2C%20vence%20el%20*28%2F10%2F2025*%2C%20quer%C3%ADa%20saber%20si%20deseas%20*realizar%20la%20renovaci%C3%B3n*%2C%20tiene%20un%20costo%20de%20*%24%2012.000*.%0A%E2%80%A2%20Tu%20MAX%2C%20con%20el%20correo%20medplay93%2B87%40Gmail.com%2C%20vence%20el%20*28%2F10%2F2025*%2C%20quer%C3%ADa%20saber%20si%20deseas%20*realizar%20la%20renovaci%C3%B3n*%2C%20tiene%20un%20costo%20de%20*%24%2012.000*.%0A%0A*PARA%20PAGOS%20POR%20NEQUI%20SOLICITAR%20EL%20QR%20POR%20FAVOR*
[2025-10-28 13:01:55.803] ✉️  Enviando (un solo intento, solo URL)…
[2025-10-28 13:02:29.012] ↩️ Enviado (Enter)
[2025-10-28 13:02:29.013] ⏳ Pausa post-envío: 60s…
[2025-10-28 13:03:29.016] 
[12/17] → 573124834607
[2025-10-28 13:03:29.561] 🔁 Abriendo chat (intento 1/3) con: https://web.whatsapp.com/send?phone=573124834607&text=Hola%20Juan%2C%20te%20escribimos%20de%20MEDPLAY.%0A%0A%E2%80%A2%20Tu%20Youtube%2C%20con%20el%20correo%20todoenuno429%40gmail.com%2C%20vence%20el%20*28%2F10%2F2025*%2C%20quer%C3%ADa%20saber%20si%20deseas%20*realizar%20la%20renovaci%C3%B3n*%2C%20tiene%20un%20costo%20de%20*%24%207900*.%0A%0A*PARA%20PAGOS%20POR%20NEQUI%20SOLICITAR%20EL%20QR%20POR%20FAVOR*
[2025-10-28 13:03:51.841] ✉️  Enviando (un solo intento, solo URL)…
[2025-10-28 13:04:30.879] ↩️ Enviado (Enter)
[2025-10-28 13:04:30.882] ⏳ Pausa post-envío: 60s…
[2025-10-28 13:05:30.884] 
[13/17] → 573023407610
[2025-10-28 13:05:31.148] 🔁 Abriendo chat (intento 1/3) con: https://web.whatsapp.com/send?phone=573023407610&text=Hola%20Maxi%2C%20te%20escribimos%20de%20MEDPLAY.%0A%0A%E2%80%A2%20Tu%20Youtube%2C%20con%20el%20correo%20zigal.red%40gmail.com%2C%20vence%20el%20*28%2F10%2F2025*%2C%20quer%C3%ADa%20saber%20si%20deseas%20*realizar%20la%20renovaci%C3%B3n*%2C%20tiene%20un%20costo%20de%20*%24%207900*.%0A%0A*PARA%20PAGOS%20POR%20NEQUI%20SOLICITAR%20EL%20QR%20POR%20FAVOR*
[2025-10-28 13:05:41.443] ✉️  Enviando (un solo intento, solo URL)…
[2025-10-28 13:06:29.694] ↩️ Enviado (Enter)
[2025-10-28 13:06:29.695] ⏳ Pausa post-envío: 60s…
[2025-10-28 13:07:29.696] 
[14/17] → 573216083381
[2025-10-28 13:07:29.736] 🔁 Abriendo chat (intento 1/3) con: https://web.whatsapp.com/send?phone=573216083381&text=Hola%20Osorio%2C%20te%20escribimos%20de%20MEDPLAY.%0A%0A%E2%80%A2%20Tu%20Youtube%2C%20con%20el%20correo%20jwob2025%40gmail.com%2C%20vence%20el%20*28%2F10%2F2025*%2C%20quer%C3%ADa%20saber%20si%20deseas%20*realizar%20la%20renovaci%C3%B3n*%2C%20tiene%20un%20costo%20de%20*%24%207900*.%0A%0A*PARA%20PAGOS%20POR%20NEQUI%20SOLICITAR%20EL%20QR%20POR%20FAVOR*
[2025-10-28 13:07:51.985] ✉️  Enviando (un solo intento, solo URL)…
[2025-10-28 13:08:26.872] ↩️ Enviado (Enter)
[2025-10-28 13:08:26.873] ⏳ Pausa post-envío: 60s…
[2025-10-28 13:09:26.874] 
[15/17] → 573203940028
[2025-10-28 13:09:27.574] 🔁 Abriendo chat (intento 1/3) con: https://web.whatsapp.com/send?phone=573203940028&text=Hola%20Jenny%2C%20te%20escribimos%20de%20MEDPLAY.%0A%0A%E2%80%A2%20Tu%20Youtube%2C%20con%20el%20correo%20Kevintbosco%40gmail.com%2C%20vence%20el%20*28%2F10%2F2025*%2C%20quer%C3%ADa%20saber%20si%20deseas%20*realizar%20la%20renovaci%C3%B3n*%2C%20tiene%20un%20costo%20de%20*%24%205900*.%0A%0A*PARA%20PAGOS%20POR%20NEQUI%20SOLICITAR%20EL%20QR%20POR%20FAVOR*
[2025-10-28 13:09:50.661] ✉️  Enviando (un solo intento, solo URL)…
[2025-10-28 13:10:26.747] ↩️ Enviado (Enter)
[2025-10-28 13:10:26.748] ⏳ Pausa post-envío: 60s…
[2025-10-28 13:11:26.748] 
[16/17] → 573024805363
[2025-10-28 13:11:27.156] 🔁 Abriendo chat (intento 1/3) con: https://web.whatsapp.com/send?phone=573024805363&text=Hola%20Adriana%2C%20te%20escribimos%20de%20MEDPLAY.%0A%0A%E2%80%A2%20Tu%20Spotify%2C%20con%20el%20correo%20jhh818580%40gmail.com%2C%20vence%20el%20*28%2F10%2F2025*%2C%20quer%C3%ADa%20saber%20si%20deseas%20*realizar%20la%20renovaci%C3%B3n*%2C%20tiene%20un%20costo%20de%20*%24%2012.000*.%0A%0A*PARA%20PAGOS%20POR%20NEQUI%20SOLICITAR%20EL%20QR%20POR%20FAVOR*
[2025-10-28 13:11:49.007] ✉️  Enviando (un solo intento, solo URL)…
[2025-10-28 13:12:26.051] ↩️ Enviado (Enter)
[2025-10-28 13:12:26.052] ⏳ Pausa post-envío: 60s…
[2025-10-28 13:13:26.053] 
[17/17] → 573170900112
[2025-10-28 13:13:26.278] 🔁 Abriendo chat (intento 1/3) con: https://web.whatsapp.com/send?phone=573170900112&text=Hola%20Camilo%2C%20te%20escribimos%20de%20MEDPLAY.%0A%0A%E2%80%A2%20Tu%20Youtube%2C%20con%20el%20correo%20nyc17082025%40gmail.com%2C%20vence%20el%20*28%2F10%2F2025*%2C%20quer%C3%ADa%20saber%20si%20deseas%20*realizar%20la%20renovaci%C3%B3n*%2C%20tiene%20un%20costo%20de%20*%24%207900*.%0A%0A*PARA%20PAGOS%20POR%20NEQUI%20SOLICITAR%20EL%20QR%20POR%20FAVOR*
[2025-10-28 13:13:36.417] ✉️  Enviando (un solo intento, solo URL)…
[2025-10-28 13:14:22.154] ↩️ Enviado (Enter)
[2025-10-28 13:14:22.155] ⏳ Pausa post-envío: 60s…
[2025-10-28 13:15:22.156] 
✅ Finalizado.
[2026-04-16 17:39:25.500] 📨 Enviaré 67 mensaje(s).
[2026-04-16 17:39:25.500] 🚀 Lanzando script de navegador: C:\Users\Santiago\medplay\scripts\start-edge-wa.bat
[2026-04-16 17:39:25.513] ⏳ Esperando CDP…
[2026-04-16 17:39:29.409] 🟡 Preparando WhatsApp Web…
[2026-04-16 17:39:35.175] ✅ WhatsApp Web listo.
[2026-04-16 17:39:35.176] 
[1/67] → 573245618469
[2026-04-16 17:39:35.176] 🔁 Abriendo chat (intento 1/3) con: https://web.whatsapp.com/send?phone=573245618469&text=Hola%20%2B57%2C%20te%20escribimos%20de%20MEDPLAY.%0A%0A%E2%80%A2%20Tu%20Crunchyroll%20(pantalla%203)%2C%20con%20el%20correo%20yicanitro%40gmail.com%2C%20vence%20el%20*15%2F04%2F2026*%2C%20quer%C3%ADa%20saber%20si%20deseas%20*realizar%20la%20renovaci%C3%B3n*%2C%20tiene%20un%20costo%20de%20*%24%203%2C900*.%0A%0A*PARA%20PAGOS%20POR%20NEQUI%20SOLICITAR%20EL%20QR%20POR%20FAVOR*
[2026-04-16 17:40:06.721] ✉️ Enviando…
[2026-04-16 17:40:09.637] 📨 Enviaré 67 mensaje(s).
[2026-04-16 17:40:09.637] 🚀 Lanzando script de navegador: C:\Users\Santiago\medplay\scripts\start-edge-wa.bat
[2026-04-16 17:40:09.647] ⏳ Esperando CDP…
[2026-04-16 17:40:13.353] 🟡 Preparando WhatsApp Web…
[2026-04-16 17:41:19.542] 📨 Enviaré 67 mensaje(s).
[2026-04-16 17:41:19.542] 🚀 Lanzando script de navegador: C:\Users\Santiago\medplay\scripts\start-edge-wa.bat
[2026-04-16 17:41:19.554] ⏳ Esperando CDP…
[2026-04-16 17:41:23.185] 🟡 Preparando WhatsApp Web…
[2026-04-16 17:41:30.421] ✅ WhatsApp Web listo.
[2026-04-16 17:41:30.422] 
[1/67] → 573245618469
[2026-04-16 17:41:30.422] 🔁 Abriendo chat (intento 1/3) con: https://web.whatsapp.com/send?phone=573245618469&text=Hola%20%2B57%2C%20te%20escribimos%20de%20MEDPLAY.%0A%0A%E2%80%A2%20Tu%20Crunchyroll%20(pantalla%203)%2C%20con%20el%20correo%20yicanitro%40gmail.com%2C%20vence%20el%20*15%2F04%2F2026*%2C%20quer%C3%ADa%20saber%20si%20deseas%20*realizar%20la%20renovaci%C3%B3n*%2C%20tiene%20un%20costo%20de%20*%24%203%2C900*.%0A%0A*PARA%20PAGOS%20POR%20NEQUI%20SOLICITAR%20EL%20QR%20POR%20FAVOR*
[2026-04-16 17:41:38.272] ✉️ Enviando…
[2026-04-16 17:41:38.525] ↩️ Enviado (Enter)
[2026-04-16 17:41:38.526] ⏳ Pausa post-envío: 12s…
[2026-04-16 17:41:50.541] 
[2/67] → 573203423045
[2026-04-16 17:41:50.542] 🔁 Abriendo chat (intento 1/3) con: https://web.whatsapp.com/send?phone=573203423045&text=Hola%20Jos%C3%A9%2C%20te%20escribimos%20de%20MEDPLAY.%0A%0A%E2%80%A2%20Tu%20Crunchyroll%20(pantalla%201)%2C%20con%20el%20correo%20anjalinebaugh979%40hotmail.com%2C%20vence%20el%20*15%2F04%2F2026*%2C%20quer%C3%ADa%20saber%20si%20deseas%20*realizar%20la%20renovaci%C3%B3n*%2C%20tiene%20un%20costo%20de%20*%24%204%2C900*.%0A%0A*PARA%20PAGOS%20POR%20NEQUI%20SOLICITAR%20EL%20QR%20POR%20FAVOR*
[2026-04-16 17:41:57.588] ✉️ Enviando…
[2026-04-16 17:41:57.821] ↩️ Enviado (Enter)
[2026-04-16 17:41:57.822] ⏳ Pausa post-envío: 12s…
[2026-04-16 17:42:09.823] 
[3/67] → 573124834607
[2026-04-16 17:42:09.824] 🔁 Abriendo chat (intento 1/3) con: https://web.whatsapp.com/send?phone=573124834607&text=Hola%20%F0%9D%91%B1%F0%9D%92%96%F0%9D%92%82%F0%9D%92%8F%2C%20te%20escribimos%20de%20MEDPLAY.%0A%0A%E2%80%A2%20Tu%20Amazon%20(pantalla%202)%2C%20con%20el%20correo%20keirenhgg17890%40hotmail.com%2C%20vence%20el%20*15%2F04%2F2026*%2C%20quer%C3%ADa%20saber%20si%20deseas%20*realizar%20la%20renovaci%C3%B3n*%2C%20tiene%20un%20costo%20de%20*%24%207%2C900*.%0A%E2%80%A2%20Tu%20Youtube%2C%20con%20el%20correo%20youtubep62%40gmail.com%2C%20vence%20el%20*15%2F04%2F2026*%2C%20quer%C3%ADa%20saber%20si%20deseas%20*realizar%20la%20renovaci%C3%B3n*%2C%20tiene%20un%20costo%20de%20*%24%207%2C900*.%0A%0A*PARA%20PAGOS%20POR%20NEQUI%20SOLICITAR%20EL%20QR%20POR%20FAVOR*
[2026-04-16 17:42:17.842] ✉️ Enviando…
[2026-04-16 17:42:18.119] ↩️ Enviado (Enter)
[2026-04-16 17:42:18.119] ⏳ Pausa post-envío: 12s…
[2026-04-16 17:42:30.122] 
[4/67] → 573028532988
[2026-04-16 17:42:30.124] 🔁 Abriendo chat (intento 1/3) con: https://web.whatsapp.com/send?phone=573028532988&text=Hola%20%2B57%2C%20te%20escribimos%20de%20MEDPLAY.%0A%0A%E2%80%A2%20Tu%20Crunchyroll%20(pantalla%204)%2C%20con%20el%20correo%20hildalizardi0393%40hotmail.com%2C%20vence%20el%20*15%2F04%2F2026*%2C%20quer%C3%ADa%20saber%20si%20deseas%20*realizar%20la%20renovaci%C3%B3n*%2C%20tiene%20un%20costo%20de%20*%24%204%2C900*.%0A%0A*PARA%20PAGOS%20POR%20NEQUI%20SOLICITAR%20EL%20QR%20POR%20FAVOR*
[2026-04-16 17:42:38.223] ✉️ Enviando…
[2026-04-16 17:42:38.455] ↩️ Enviado (Enter)
[2026-04-16 17:42:38.455] ⏳ Pausa post-envío: 12s…
[2026-04-16 17:42:50.456] 
[5/67] → 573206315159
[2026-04-16 17:42:50.457] 🔁 Abriendo chat (intento 1/3) con: https://web.whatsapp.com/send?phone=573206315159&text=Hola%20Pereira%2C%20te%20escribimos%20de%20MEDPLAY.%0A%0A%E2%80%A2%20Tu%20Crunchyroll%20(pantalla%205)%2C%20con%20el%20correo%20davinmordini041%40hotmail.com%2C%20vence%20el%20*15%2F04%2F2026*%2C%20quer%C3%ADa%20saber%20si%20deseas%20*realizar%20la%20renovaci%C3%B3n*%2C%20tiene%20un%20costo%20de%20*%24%203%2C900*.%0A%0A*PARA%20PAGOS%20POR%20NEQUI%20SOLICITAR%20EL%20QR%20POR%20FAVOR*
[2026-04-16 17:42:57.198] ✉️ Enviando…
[2026-04-16 17:42:57.449] ↩️ Enviado (Enter)
[2026-04-16 17:42:57.449] ⏳ Pausa post-envío: 12s…
[2026-04-16 17:43:09.451] 
[6/67] → 573209896523
[2026-04-16 17:43:09.457] 🔁 Abriendo chat (intento 1/3) con: https://web.whatsapp.com/send?phone=573209896523&text=Hola%20Guillermo%2C%20te%20escribimos%20de%20MEDPLAY.%0A%0A%E2%80%A2%20Tu%20Crunchyroll%20(pantalla%202)%2C%20con%20el%20correo%20springestelle7814%40hotmail.com%2C%20vence%20el%20*15%2F04%2F2026*%2C%20quer%C3%ADa%20saber%20si%20deseas%20*realizar%20la%20renovaci%C3%B3n*%2C%20tiene%20un%20costo%20de%20*%24%203%2C900*.%0A%0A*PARA%20PAGOS%20POR%20NEQUI%20SOLICITAR%20EL%20QR%20POR%20FAVOR*
[2026-04-16 17:43:16.175] ✉️ Enviando…
[2026-04-16 17:43:16.411] ↩️ Enviado (Enter)
[2026-04-16 17:43:16.412] ⏳ Pausa post-envío: 12s…
[2026-04-16 17:43:28.423] 
[7/67] → 573137597101
[2026-04-16 17:43:28.426] 🔁 Abriendo chat (intento 1/3) con: https://web.whatsapp.com/send?phone=573137597101&text=Hola%20Jesus%2C%20te%20escribimos%20de%20MEDPLAY.%0A%0A%E2%80%A2%20Tu%20Crunchyroll%20(pantalla%203)%2C%20con%20el%20correo%20springestelle7814%40hotmail.com%2C%20vence%20el%20*15%2F04%2F2026*%2C%20quer%C3%ADa%20saber%20si%20deseas%20*realizar%20la%20renovaci%C3%B3n*%2C%20tiene%20un%20costo%20de%20*%24%203%2C900*.%0A%0A*PARA%20PAGOS%20POR%20NEQUI%20SOLICITAR%20EL%20QR%20POR%20FAVOR*
[2026-04-16 17:43:35.006] ✉️ Enviando…
[2026-04-16 17:43:35.246] ↩️ Enviado (Enter)
[2026-04-16 17:43:35.246] ⏳ Pausa post-envío: 12s…
[2026-04-16 17:43:47.256] 
[8/67] → 573027199016
[2026-04-16 17:43:47.258] 🔁 Abriendo chat (intento 1/3) con: https://web.whatsapp.com/send?phone=573027199016&text=Hola%2C%20te%20escribimos%20de%20MEDPLAY.%0A%0A%E2%80%A2%20Tu%20Crunchyroll%20(pantalla%204)%2C%20con%20el%20correo%20anjalinebaugh979%40hotmail.com%2C%20vence%20el%20*16%2F04%2F2026*%2C%20quer%C3%ADa%20saber%20si%20deseas%20*realizar%20la%20renovaci%C3%B3n*%2C%20tiene%20un%20costo%20de%20*%24%206%2C900*.%0A%0A*PARA%20PAGOS%20POR%20NEQUI%20SOLICITAR%20EL%20QR%20POR%20FAVOR*
[2026-04-16 17:43:54.008] ✉️ Enviando…
[2026-04-16 17:43:54.257] ↩️ Enviado (Enter)
[2026-04-16 17:43:54.258] ⏳ Pausa post-envío: 12s…
[2026-04-16 17:44:06.269] 
[9/67] → 573058142844
[2026-04-16 17:44:06.271] 🔁 Abriendo chat (intento 1/3) con: https://web.whatsapp.com/send?phone=573058142844&text=Hola%2C%20te%20escribimos%20de%20MEDPLAY.%0A%0A%E2%80%A2%20Tu%20Crunchyroll%20(pantalla%201)%2C%20con%20el%20correo%20shantellehoneywell1578%40hotmail.com%2C%20vence%20el%20*16%2F04%2F2026*%2C%20quer%C3%ADa%20saber%20si%20deseas%20*realizar%20la%20renovaci%C3%B3n*%2C%20tiene%20un%20costo%20de%20*%24%206%2C900*.%0A%0A*PARA%20PAGOS%20POR%20NEQUI%20SOLICITAR%20EL%20QR%20POR%20FAVOR*
[2026-04-16 17:44:12.873] ✉️ Enviando…
[2026-04-16 17:44:13.093] ↩️ Enviado (Enter)
[2026-04-16 17:44:13.093] ⏳ Pausa post-envío: 12s…
[2026-04-16 17:44:25.101] 
[10/67] → 573124561571
[2026-04-16 17:44:25.102] 🔁 Abriendo chat (intento 1/3) con: https://web.whatsapp.com/send?phone=573124561571&text=Hola%2C%20te%20escribimos%20de%20MEDPLAY.%0A%0A%E2%80%A2%20Tu%20Crunchyroll%20(pantalla%202)%2C%20con%20el%20correo%20shantellehoneywell1578%40hotmail.com%2C%20vence%20el%20*16%2F04%2F2026*%2C%20quer%C3%ADa%20saber%20si%20deseas%20*realizar%20la%20renovaci%C3%B3n*%2C%20tiene%20un%20costo%20de%20*%24%206%2C900*.%0A%0A*PARA%20PAGOS%20POR%20NEQUI%20SOLICITAR%20EL%20QR%20POR%20FAVOR*
[2026-04-16 17:44:31.726] ✉️ Enviando…
[2026-04-16 17:44:31.972] ↩️ Enviado (Enter)
[2026-04-16 17:44:31.972] ⏳ Pausa post-envío: 12s…
[2026-04-16 17:44:43.982] 
[11/67] → 573108059886
[2026-04-16 17:44:43.984] 🔁 Abriendo chat (intento 1/3) con: https://web.whatsapp.com/send?phone=573108059886&text=Hola%2C%20te%20escribimos%20de%20MEDPLAY.%0A%0A%E2%80%A2%20Tu%20Crunchyroll%20(pantalla%203)%2C%20con%20el%20correo%20shantellehoneywell1578%40hotmail.com%2C%20vence%20el%20*16%2F04%2F2026*%2C%20quer%C3%ADa%20saber%20si%20deseas%20*realizar%20la%20renovaci%C3%B3n*%2C%20tiene%20un%20costo%20de%20*%24%206%2C900*.%0A%0A*PARA%20PAGOS%20POR%20NEQUI%20SOLICITAR%20EL%20QR%20POR%20FAVOR*
[2026-04-16 17:44:51.981] ✉️ Enviando…
[2026-04-16 17:44:52.211] ↩️ Enviado (Enter)
[2026-04-16 17:44:52.212] ⏳ Pausa post-envío: 12s…
[2026-04-16 17:45:04.222] 
[12/67] → 573158967208
[2026-04-16 17:45:04.223] 🔁 Abriendo chat (intento 1/3) con: https://web.whatsapp.com/send?phone=573158967208&text=Hola%2C%20te%20escribimos%20de%20MEDPLAY.%0A%0A%E2%80%A2%20Tu%20Disney%20(pantalla%201)%2C%20con%20el%20correo%20medplay93%2Bn77%40gmail.com%2C%20vence%20el%20*16%2F04%2F2026*%2C%20quer%C3%ADa%20saber%20si%20deseas%20*realizar%20la%20renovaci%C3%B3n*%2C%20tiene%20un%20costo%20de%20*%24%207%2C900*.%0A%0A*PARA%20PAGOS%20POR%20NEQUI%20SOLICITAR%20EL%20QR%20POR%20FAVOR*
[2026-04-16 17:45:12.124] ✉️ Enviando…
[2026-04-16 17:45:12.369] ↩️ Enviado (Enter)
[2026-04-16 17:45:12.370] ⏳ Pausa post-envío: 12s…
[2026-04-16 17:45:24.381] 
[13/67] → 573144739379
[2026-04-16 17:45:24.384] 🔁 Abriendo chat (intento 1/3) con: https://web.whatsapp.com/send?phone=573144739379&text=Hola%2C%20te%20escribimos%20de%20MEDPLAY.%0A%0A%E2%80%A2%20Tu%20Crunchyroll%20(pantalla%204)%2C%20con%20el%20correo%20shantellehoneywell1578%40hotmail.com%2C%20vence%20el%20*16%2F04%2F2026*%2C%20quer%C3%ADa%20saber%20si%20deseas%20*realizar%20la%20renovaci%C3%B3n*%2C%20tiene%20un%20costo%20de%20*%24%206%2C900*.%0A%0A*PARA%20PAGOS%20POR%20NEQUI%20SOLICITAR%20EL%20QR%20POR%20FAVOR*
[2026-04-16 17:45:31.783] ✉️ Enviando…
[2026-04-16 17:45:32.052] ↩️ Enviado (Enter)
[2026-04-16 17:45:32.052] ⏳ Pausa post-envío: 12s…
[2026-04-16 17:45:44.063] 
[14/67] → 573222283220
[2026-04-16 17:45:44.064] 🔁 Abriendo chat (intento 1/3) con: https://web.whatsapp.com/send?phone=573222283220&text=Hola%2C%20te%20escribimos%20de%20MEDPLAY.%0A%0A%E2%80%A2%20Tu%20Crunchyroll%20(pantalla%201)%2C%20con%20el%20correo%20theobaldzevallos76%40hotmail.com%2C%20vence%20el%20*16%2F04%2F2026*%2C%20quer%C3%ADa%20saber%20si%20deseas%20*realizar%20la%20renovaci%C3%B3n*%2C%20tiene%20un%20costo%20de%20*%24%206%2C900*.%0A%0A*PARA%20PAGOS%20POR%20NEQUI%20SOLICITAR%20EL%20QR%20POR%20FAVOR*
[2026-04-16 17:45:51.354] ✉️ Enviando…
[2026-04-16 17:45:51.585] ↩️ Enviado (Enter)
[2026-04-16 17:45:51.585] ⏳ Pausa post-envío: 12s…
[2026-04-16 17:46:03.593] 
[15/67] → 573169001551
[2026-04-16 17:46:03.594] 🔁 Abriendo chat (intento 1/3) con: https://web.whatsapp.com/send?phone=573169001551&text=Hola%2C%20te%20escribimos%20de%20MEDPLAY.%0A%0A%E2%80%A2%20Tu%20Crunchyroll%20(pantalla%202)%2C%20con%20el%20correo%20theobaldzevallos76%40hotmail.com%2C%20vence%20el%20*16%2F04%2F2026*%2C%20quer%C3%ADa%20saber%20si%20deseas%20*realizar%20la%20renovaci%C3%B3n*%2C%20tiene%20un%20costo%20de%20*%24%2069%2C000*.%0A%0A*PARA%20PAGOS%20POR%20NEQUI%20SOLICITAR%20EL%20QR%20POR%20FAVOR*
[2026-04-16 17:46:11.812] ✉️ Enviando…
[2026-04-16 17:46:12.056] ↩️ Enviado (Enter)
[2026-04-16 17:46:12.057] ⏳ Pausa post-envío: 12s…
[2026-04-16 17:46:24.062] 
[16/67] → 573135227432
[2026-04-16 17:46:24.063] 🔁 Abriendo chat (intento 1/3) con: https://web.whatsapp.com/send?phone=573135227432&text=Hola%2C%20te%20escribimos%20de%20MEDPLAY.%0A%0A%E2%80%A2%20Tu%20Amazon%20(pantalla%203)%2C%20con%20el%20correo%20keirenhgg17890%40hotmail.com%2C%20vence%20el%20*16%2F04%2F2026*%2C%20quer%C3%ADa%20saber%20si%20deseas%20*realizar%20la%20renovaci%C3%B3n*%2C%20tiene%20un%20costo%20de%20*%24%207%2C900*.%0A%0A*PARA%20PAGOS%20POR%20NEQUI%20SOLICITAR%20EL%20QR%20POR%20FAVOR*
[2026-04-16 17:46:32.563] ✉️ Enviando…
[2026-04-16 17:46:32.809] ↩️ Enviado (Enter)
[2026-04-16 17:46:32.810] ⏳ Pausa post-envío: 12s…
[2026-04-16 17:46:44.824] 
[17/67] → 573102676052
[2026-04-16 17:46:44.825] 🔁 Abriendo chat (intento 1/3) con: https://web.whatsapp.com/send?phone=573102676052&text=Hola%20Lina%2C%20te%20escribimos%20de%20MEDPLAY.%0A%0A%E2%80%A2%20Tu%20Disney%20(pantalla%202)%2C%20con%20el%20correo%20medplay93%2Bnv2%40gmail.com%2C%20vence%20el%20*16%2F04%2F2026*%2C%20quer%C3%ADa%20saber%20si%20deseas%20*realizar%20la%20renovaci%C3%B3n*%2C%20tiene%20un%20costo%20de%20*%24%207%2C900*.%0A%0A*PARA%20PAGOS%20POR%20NEQUI%20SOLICITAR%20EL%20QR%20POR%20FAVOR*
[2026-04-16 17:46:52.606] ✉️ Enviando…
[2026-04-16 17:46:52.856] ↩️ Enviado (Enter)
[2026-04-16 17:46:52.856] ⏳ Pausa post-envío: 12s…
[2026-04-16 17:47:04.866] 
[18/67] → 573507158757
[2026-04-16 17:47:04.866] 🔁 Abriendo chat (intento 1/3) con: https://web.whatsapp.com/send?phone=573507158757&text=Hola%2C%20te%20escribimos%20de%20MEDPLAY.%0A%0A%E2%80%A2%20Tu%20Crunchyroll%20(pantalla%203)%2C%20con%20el%20correo%20theobaldzevallos76%40hotmail.com%2C%20vence%20el%20*16%2F04%2F2026*%2C%20quer%C3%ADa%20saber%20si%20deseas%20*realizar%20la%20renovaci%C3%B3n*%2C%20tiene%20un%20costo%20de%20*%24%206%2C900*.%0A%E2%80%A2%20Tu%20Youtube%2C%20con%20el%20correo%20Josetiagapulido%40gmail.com%2C%20vence%20el%20*16%2F04%2F2026*%2C%20quer%C3%ADa%20saber%20si%20deseas%20*realizar%20la%20renovaci%C3%B3n*%2C%20tiene%20un%20costo%20de%20*%24%207%2C900*.%0A%0A*PARA%20PAGOS%20POR%20NEQUI%20SOLICITAR%20EL%20QR%20POR%20FAVOR*
[2026-04-16 17:47:12.420] ✉️ Enviando…
[2026-04-16 17:47:12.676] ↩️ Enviado (Enter)
[2026-04-16 17:47:12.676] ⏳ Pausa post-envío: 12s…
[2026-04-16 17:47:24.681] 
[19/67] → 573014438894
[2026-04-16 17:47:24.683] 🔁 Abriendo chat (intento 1/3) con: https://web.whatsapp.com/send?phone=573014438894&text=Hola%2C%20te%20escribimos%20de%20MEDPLAY.%0A%0A%E2%80%A2%20Tu%20Crunchyroll%20(pantalla%204)%2C%20con%20el%20correo%20theobaldzevallos76%40hotmail.com%2C%20vence%20el%20*16%2F04%2F2026*%2C%20quer%C3%ADa%20saber%20si%20deseas%20*realizar%20la%20renovaci%C3%B3n*%2C%20tiene%20un%20costo%20de%20*%24%206%2C900*.%0A%0A*PARA%20PAGOS%20POR%20NEQUI%20SOLICITAR%20EL%20QR%20POR%20FAVOR*
[2026-04-16 17:47:33.486] ✉️ Enviando…
[2026-04-16 17:47:33.736] ↩️ Enviado (Enter)
[2026-04-16 17:47:33.736] ⏳ Pausa post-envío: 12s…
[2026-04-16 17:47:45.753] 
[20/67] → 573145477780
[2026-04-16 17:47:45.755] 🔁 Abriendo chat (intento 1/3) con: https://web.whatsapp.com/send?phone=573145477780&text=Hola%20%2B57%2C%20te%20escribimos%20de%20MEDPLAY.%0A%0A%E2%80%A2%20Tu%20Crunchyroll%20(pantalla%201)%2C%20con%20el%20correo%20jennurmos6082%40hotmail.com%2C%20vence%20el%20*16%2F04%2F2026*%2C%20quer%C3%ADa%20saber%20si%20deseas%20*realizar%20la%20renovaci%C3%B3n*%2C%20tiene%20un%20costo%20de%20*%24%206%2C900*.%0A%0A*PARA%20PAGOS%20POR%20NEQUI%20SOLICITAR%20EL%20QR%20POR%20FAVOR*
[2026-04-16 17:47:53.588] ✉️ Enviando…
[2026-04-16 17:47:53.834] ↩️ Enviado (Enter)
[2026-04-16 17:47:53.834] ⏳ Pausa post-envío: 12s…
[2026-04-16 17:48:05.842] 
[21/67] → 573013934103
[2026-04-16 17:48:05.843] 🔁 Abriendo chat (intento 1/3) con: https://web.whatsapp.com/send?phone=573013934103&text=Hola%20Bryan%2C%20te%20escribimos%20de%20MEDPLAY.%0A%0A%E2%80%A2%20Tu%20Crunchyroll%20(pantalla%203)%2C%20con%20el%20correo%20ronaldaort447%40hotmail.com%2C%20vence%20el%20*16%2F04%2F2026*%2C%20quer%C3%ADa%20saber%20si%20deseas%20*realizar%20la%20renovaci%C3%B3n*%2C%20tiene%20un%20costo%20de%20*%24%203%2C900*.%0A%0A*PARA%20PAGOS%20POR%20NEQUI%20SOLICITAR%20EL%20QR%20POR%20FAVOR*
[2026-04-16 17:48:12.892] ✉️ Enviando…
[2026-04-16 17:48:13.127] ↩️ Enviado (Enter)
[2026-04-16 17:48:13.128] ⏳ Pausa post-envío: 12s…
[2026-04-16 17:48:25.130] 
[22/67] → 573145516343
[2026-04-16 17:48:25.130] 🔁 Abriendo chat (intento 1/3) con: https://web.whatsapp.com/send?phone=573145516343&text=Hola%20Carlos%2C%20te%20escribimos%20de%20MEDPLAY.%0A%0A%E2%80%A2%20Tu%20Disney%20(pantalla%202)%2C%20con%20el%20correo%20medplay93%2Bh5%40gmail.com%2C%20vence%20el%20*16%2F04%2F2026*%2C%20quer%C3%ADa%20saber%20si%20deseas%20*realizar%20la%20renovaci%C3%B3n*%2C%20tiene%20un%20costo%20de%20*%24%207%2C900*.%0A%0A*PARA%20PAGOS%20POR%20NEQUI%20SOLICITAR%20EL%20QR%20POR%20FAVOR*
[2026-04-16 17:48:32.016] ✉️ Enviando…
[2026-04-16 17:48:32.268] ↩️ Enviado (Enter)
[2026-04-16 17:48:32.268] ⏳ Pausa post-envío: 12s…
[2026-04-16 17:48:44.270] 
[23/67] → 573116765905
[2026-04-16 17:48:44.272] 🔁 Abriendo chat (intento 1/3) con: https://web.whatsapp.com/send?phone=573116765905&text=Hola%20Anni%2C%20te%20escribimos%20de%20MEDPLAY.%0A%0A%E2%80%A2%20Tu%20Crunchyroll%20(pantalla%203)%2C%20con%20el%20correo%20jennurmos6082%40hotmail.com%2C%20vence%20el%20*16%2F04%2F2026*%2C%20quer%C3%ADa%20saber%20si%20deseas%20*realizar%20la%20renovaci%C3%B3n*%2C%20tiene%20un%20costo%20de%20*%24%203%2C900*.%0A%0A*PARA%20PAGOS%20POR%20NEQUI%20SOLICITAR%20EL%20QR%20POR%20FAVOR*
[2026-04-16 17:48:51.519] ✉️ Enviando…
[2026-04-16 17:48:51.759] ↩️ Enviado (Enter)
[2026-04-16 17:48:51.760] ⏳ Pausa post-envío: 12s…
[2026-04-16 17:49:03.761] 
[24/67] → 573163184209
[2026-04-16 17:49:03.762] 🔁 Abriendo chat (intento 1/3) con: https://web.whatsapp.com/send?phone=573163184209&text=Hola%20Anonimous%2C%20te%20escribimos%20de%20MEDPLAY.%0A%0A%E2%80%A2%20Tu%20Netflix%20(pantalla%202)%2C%20con%20el%20correo%20medplay93%40gmail.com%2C%20vence%20el%20*16%2F04%2F2026*%2C%20quer%C3%ADa%20saber%20si%20deseas%20*realizar%20la%20renovaci%C3%B3n*%2C%20tiene%20un%20costo%20de%20*%24%2013%2C900*.%0A%0A*PARA%20PAGOS%20POR%20NEQUI%20SOLICITAR%20EL%20QR%20POR%20FAVOR*
[2026-04-16 17:49:11.640] ✉️ Enviando…
[2026-04-16 17:49:11.918] ↩️ Enviado (Enter)
[2026-04-16 17:49:11.918] ⏳ Pausa post-envío: 12s…
[2026-04-16 17:49:23.921] 
[25/67] → 573228209499
[2026-04-16 17:49:23.922] 🔁 Abriendo chat (intento 1/3) con: https://web.whatsapp.com/send?phone=573228209499&text=Hola%20Kefren%2C%20te%20escribimos%20de%20MEDPLAY.%0A%0A%E2%80%A2%20Tu%20Netflix%20(pantalla%204)%2C%20con%20el%20correo%20pedromurillo653%40outlook.com%2C%20vence%20el%20*16%2F04%2F2026*%2C%20quer%C3%ADa%20saber%20si%20deseas%20*realizar%20la%20renovaci%C3%B3n*%2C%20tiene%20un%20costo%20de%20*%24%2013%2C900*.%0A%E2%80%A2%20Tu%20Plataforma%20(pantalla%202)%2C%20con%20el%20correo%20xiydtdfay%40magicservices.xyz%2C%20vence%20el%20*16%2F04%2F2026*%2C%20quer%C3%ADa%20saber%20si%20deseas%20*realizar%20la%20renovaci%C3%B3n*%2C%20tiene%20un%20costo%20de%20*%24%207%2C900*.%0A%0A*PARA%20PAGOS%20POR%20NEQUI%20SOLICITAR%20EL%20QR%20POR%20FAVOR*
[2026-04-16 17:49:31.935] ✉️ Enviando…
[2026-04-16 17:49:32.182] ↩️ Enviado (Enter)
[2026-04-16 17:49:32.183] ⏳ Pausa post-envío: 12s…
[2026-04-16 17:49:44.191] 
[26/67] → 573234981497
[2026-04-16 17:49:44.192] 🔁 Abriendo chat (intento 1/3) con: https://web.whatsapp.com/send?phone=573234981497&text=Hola%20%2B57%2C%20te%20escribimos%20de%20MEDPLAY.%0A%0A%E2%80%A2%20Tu%20Plataforma%20(pantalla%201)%2C%20con%20el%20correo%20xiydtdfay%40magicservices.xyz%2C%20vence%20el%20*17%2F04%2F2026*%2C%20quer%C3%ADa%20saber%20si%20deseas%20*realizar%20la%20renovaci%C3%B3n*%2C%20tiene%20un%20costo%20de%20*%24%207%2C900*.%0A%0A*PARA%20PAGOS%20POR%20NEQUI%20SOLICITAR%20EL%20QR%20POR%20FAVOR*
[2026-04-16 17:49:52.230] ✉️ Enviando…
[2026-04-16 17:49:52.483] ↩️ Enviado (Enter)
[2026-04-16 17:49:52.483] ⏳ Pausa post-envío: 12s…
[2026-04-16 17:50:04.492] 
[27/67] → 573014063130
[2026-04-16 17:50:04.492] 🔁 Abriendo chat (intento 1/3) con: https://web.whatsapp.com/send?phone=573014063130&text=Hola%20Jose%2C%20te%20escribimos%20de%20MEDPLAY.%0A%0A%E2%80%A2%20Tu%20Amazon%20(pantalla%201)%2C%20con%20el%20correo%20russmays003%40costreaming.co%2C%20vence%20el%20*16%2F04%2F2026*%2C%20quer%C3%ADa%20saber%20si%20deseas%20*realizar%20la%20renovaci%C3%B3n*%2C%20tiene%20un%20costo%20de%20*%24%207%2C900*.%0A%0A*PARA%20PAGOS%20POR%20NEQUI%20SOLICITAR%20EL%20QR%20POR%20FAVOR*
[2026-04-16 17:50:12.719] ✉️ Enviando…
[2026-04-16 17:50:12.937] ↩️ Enviado (Enter)
[2026-04-16 17:50:12.937] ⏳ Pausa post-envío: 12s…
[2026-04-16 17:50:24.942] 
[28/67] → 573157217183
[2026-04-16 17:50:24.942] 🔁 Abriendo chat (intento 1/3) con: https://web.whatsapp.com/send?phone=573157217183&text=Hola%20Edgar%2C%20te%20escribimos%20de%20MEDPLAY.%0A%0A%E2%80%A2%20Tu%20Crunchyroll%20(pantalla%205)%2C%20con%20el%20correo%20jennurmos6082%40hotmail.com%2C%20vence%20el%20*16%2F04%2F2026*%2C%20quer%C3%ADa%20saber%20si%20deseas%20*realizar%20la%20renovaci%C3%B3n*%2C%20tiene%20un%20costo%20de%20*%24%203%2C900*.%0A%0A*PARA%20PAGOS%20POR%20NEQUI%20SOLICITAR%20EL%20QR%20POR%20FAVOR*
[2026-04-16 17:50:31.904] ✉️ Enviando…
[2026-04-16 17:50:32.136] ↩️ Enviado (Enter)
[2026-04-16 17:50:32.136] ⏳ Pausa post-envío: 12s…
[2026-04-16 17:50:44.143] 
[29/67] → 573105023305
[2026-04-16 17:50:44.143] 🔁 Abriendo chat (intento 1/3) con: https://web.whatsapp.com/send?phone=573105023305&text=Hola%20Jose%2C%20te%20escribimos%20de%20MEDPLAY.%0A%0A%E2%80%A2%20Tu%20Crunchyroll%20(pantalla%205)%2C%20con%20el%20correo%20theobaldzevallos76%40hotmail.com%2C%20vence%20el%20*16%2F04%2F2026*%2C%20quer%C3%ADa%20saber%20si%20deseas%20*realizar%20la%20renovaci%C3%B3n*%2C%20tiene%20un%20costo%20de%20*%24%203%2C900*.%0A%0A*PARA%20PAGOS%20POR%20NEQUI%20SOLICITAR%20EL%20QR%20POR%20FAVOR*
[2026-04-16 17:50:52.033] ✉️ Enviando…
[2026-04-16 17:50:52.267] ↩️ Enviado (Enter)
[2026-04-16 17:50:52.267] ⏳ Pausa post-envío: 12s…
[2026-04-16 17:51:04.279] 
[30/67] → 573135562288
[2026-04-16 17:51:04.280] 🔁 Abriendo chat (intento 1/3) con: https://web.whatsapp.com/send?phone=573135562288&text=Hola%20Gabriel%2C%20te%20escribimos%20de%20MEDPLAY.%0A%0A%E2%80%A2%20Tu%20Crunchyroll%20(pantalla%205)%2C%20con%20el%20correo%20shantellehoneywell1578%40hotmail.com%2C%20vence%20el%20*16%2F04%2F2026*%2C%20quer%C3%ADa%20saber%20si%20deseas%20*realizar%20la%20renovaci%C3%B3n*%2C%20tiene%20un%20costo%20de%20*%24%203%2C900*.%0A%0A*PARA%20PAGOS%20POR%20NEQUI%20SOLICITAR%20EL%20QR%20POR%20FAVOR*
[2026-04-16 17:51:11.014] ✉️ Enviando…
[2026-04-16 17:51:11.229] ↩️ Enviado (Enter)
[2026-04-16 17:51:11.230] ⏳ Pausa post-envío: 12s…
[2026-04-16 17:51:23.232] 
[31/67] → 573043829724
[2026-04-16 17:51:23.233] 🔁 Abriendo chat (intento 1/3) con: https://web.whatsapp.com/send?phone=573043829724&text=Hola%2C%20te%20escribimos%20de%20MEDPLAY.%0A%0A%E2%80%A2%20Tu%20Crunchyroll%20(pantalla%201)%2C%20con%20el%20correo%20kristaswieca30%40hotmail.com%2C%20vence%20el%20*17%2F04%2F2026*%2C%20quer%C3%ADa%20saber%20si%20deseas%20*realizar%20la%20renovaci%C3%B3n*%2C%20tiene%20un%20costo%20de%20*%24%206%2C900*.%0A%0A*PARA%20PAGOS%20POR%20NEQUI%20SOLICITAR%20EL%20QR%20POR%20FAVOR*
[2026-04-16 17:51:32.759] ✉️ Enviando…
[2026-04-16 17:51:33.007] ↩️ Enviado (Enter)
[2026-04-16 17:51:33.007] ⏳ Pausa post-envío: 12s…
[2026-04-16 17:51:45.013] 
[32/67] → 573225306400
[2026-04-16 17:51:45.014] 🔁 Abriendo chat (intento 1/3) con: https://web.whatsapp.com/send?phone=573225306400&text=Hola%2C%20te%20escribimos%20de%20MEDPLAY.%0A%0A%E2%80%A2%20Tu%20Crunchyroll%20(pantalla%202)%2C%20con%20el%20correo%20kristaswieca30%40hotmail.com%2C%20vence%20el%20*17%2F04%2F2026*%2C%20quer%C3%ADa%20saber%20si%20deseas%20*realizar%20la%20renovaci%C3%B3n*%2C%20tiene%20un%20costo%20de%20*%24%206%2C900*.%0A%0A*PARA%20PAGOS%20POR%20NEQUI%20SOLICITAR%20EL%20QR%20POR%20FAVOR*
[2026-04-16 17:51:52.231] ✉️ Enviando…
[2026-04-16 17:51:52.487] ↩️ Enviado (Enter)
[2026-04-16 17:51:52.487] ⏳ Pausa post-envío: 12s…
[2026-04-16 17:52:04.497] 
[33/67] → 573167681630
[2026-04-16 17:52:04.498] 🔁 Abriendo chat (intento 1/3) con: https://web.whatsapp.com/send?phone=573167681630&text=Hola%2C%20te%20escribimos%20de%20MEDPLAY.%0A%0A%E2%80%A2%20Tu%20Crunchyroll%20(pantalla%203)%2C%20con%20el%20correo%20kristaswieca30%40hotmail.com%2C%20vence%20el%20*17%2F04%2F2026*%2C%20quer%C3%ADa%20saber%20si%20deseas%20*realizar%20la%20renovaci%C3%B3n*%2C%20tiene%20un%20costo%20de%20*%24%206%2C900*.%0A%0A*PARA%20PAGOS%20POR%20NEQUI%20SOLICITAR%20EL%20QR%20POR%20FAVOR*
[2026-04-16 17:52:11.103] ✉️ Enviando…
[2026-04-16 17:52:11.350] ↩️ Enviado (Enter)
[2026-04-16 17:52:11.350] ⏳ Pausa post-envío: 12s…
[2026-04-16 17:52:23.356] 
[34/67] → 573243000634
[2026-04-16 17:52:23.357] 🔁 Abriendo chat (intento 1/3) con: https://web.whatsapp.com/send?phone=573243000634&text=Hola%20Javier%2C%20te%20escribimos%20de%20MEDPLAY.%0A%0A%E2%80%A2%20Tu%20Crunchyroll%20(pantalla%204)%2C%20con%20el%20correo%20kristaswieca30%40hotmail.com%2C%20vence%20el%20*17%2F04%2F2026*%2C%20quer%C3%ADa%20saber%20si%20deseas%20*realizar%20la%20renovaci%C3%B3n*%2C%20tiene%20un%20costo%20de%20*%24%203%2C900*.%0A%0A*PARA%20PAGOS%20POR%20NEQUI%20SOLICITAR%20EL%20QR%20POR%20FAVOR*
[2026-04-16 17:52:30.593] ✉️ Enviando…
[2026-04-16 17:52:30.812] ↩️ Enviado (Enter)
[2026-04-16 17:52:30.812] ⏳ Pausa post-envío: 12s…
[2026-04-16 17:52:42.812] 
[35/67] → 573145751227
[2026-04-16 17:52:42.814] 🔁 Abriendo chat (intento 1/3) con: https://web.whatsapp.com/send?phone=573145751227&text=Hola%2C%20te%20escribimos%20de%20MEDPLAY.%0A%0A%E2%80%A2%20Tu%20Crunchyroll%20(pantalla%205)%2C%20con%20el%20correo%20kristaswieca30%40hotmail.com%2C%20vence%20el%20*17%2F04%2F2026*%2C%20quer%C3%ADa%20saber%20si%20deseas%20*realizar%20la%20renovaci%C3%B3n*%2C%20tiene%20un%20costo%20de%20*%24%203%2C900*.%0A%0A*PARA%20PAGOS%20POR%20NEQUI%20SOLICITAR%20EL%20QR%20POR%20FAVOR*
[2026-04-16 17:52:54.592] ✉️ Enviando…
[2026-04-16 17:52:54.827] ↩️ Enviado (Enter)
[2026-04-16 17:52:54.827] ⏳ Pausa post-envío: 12s…
[2026-04-16 17:53:06.830] 
[36/67] → 573218664600
[2026-04-16 17:53:06.832] 🔁 Abriendo chat (intento 1/3) con: https://web.whatsapp.com/send?phone=573218664600&text=Hola%20%2B57%2C%20te%20escribimos%20de%20MEDPLAY.%0A%0A%E2%80%A2%20Tu%20Crunchyroll%20(pantalla%205)%2C%20con%20el%20correo%20springestelle7814%40hotmail.com%2C%20vence%20el%20*17%2F04%2F2026*%2C%20quer%C3%ADa%20saber%20si%20deseas%20*realizar%20la%20renovaci%C3%B3n*%2C%20tiene%20un%20costo%20de%20*%24%203%2C900*.%0A%0A*PARA%20PAGOS%20POR%20NEQUI%20SOLICITAR%20EL%20QR%20POR%20FAVOR*
[2026-04-16 17:53:15.393] ✉️ Enviando…
[2026-04-16 17:53:15.632] ↩️ Enviado (Enter)
[2026-04-16 17:53:15.632] ⏳ Pausa post-envío: 12s…
[2026-04-16 17:53:27.638] 
[37/67] → 573114596654
[2026-04-16 17:53:27.639] 🔁 Abriendo chat (intento 1/3) con: https://web.whatsapp.com/send?phone=573114596654&text=Hola%20Jhoiner%2C%20te%20escribimos%20de%20MEDPLAY.%0A%0A%E2%80%A2%20Tu%20Crunchyroll%20(pantalla%201)%2C%20con%20el%20correo%20cariesler873%40hotmail.com%2C%20vence%20el%20*17%2F04%2F2026*%2C%20quer%C3%ADa%20saber%20si%20deseas%20*realizar%20la%20renovaci%C3%B3n*%2C%20tiene%20un%20costo%20de%20*%24%203%2C900*.%0A%0A*PARA%20PAGOS%20POR%20NEQUI%20SOLICITAR%20EL%20QR%20POR%20FAVOR*
[2026-04-16 17:53:34.695] ✉️ Enviando…
[2026-04-16 17:53:34.934] ↩️ Enviado (Enter)
[2026-04-16 17:53:34.935] ⏳ Pausa post-envío: 12s…
[2026-04-16 17:53:46.942] 
[38/67] → 573164562214
[2026-04-16 17:53:46.944] 🔁 Abriendo chat (intento 1/3) con: https://web.whatsapp.com/send?phone=573164562214&text=Hola%20Eudes%2C%20te%20escribimos%20de%20MEDPLAY.%0A%0A%E2%80%A2%20Tu%20Crunchyroll%20(pantalla%202)%2C%20con%20el%20correo%20cariesler873%40hotmail.com%2C%20vence%20el%20*17%2F04%2F2026*%2C%20quer%C3%ADa%20saber%20si%20deseas%20*realizar%20la%20renovaci%C3%B3n*%2C%20tiene%20un%20costo%20de%20*%24%203%2C900*.%0A%0A*PARA%20PAGOS%20POR%20NEQUI%20SOLICITAR%20EL%20QR%20POR%20FAVOR*
[2026-04-16 17:53:54.423] ✉️ Enviando…
[2026-04-16 17:53:54.676] ↩️ Enviado (Enter)
[2026-04-16 17:53:54.676] ⏳ Pausa post-envío: 12s…
[2026-04-16 17:54:06.677] 
[39/67] → 573125129551
[2026-04-16 17:54:06.682] 🔁 Abriendo chat (intento 1/3) con: https://web.whatsapp.com/send?phone=573125129551&text=Hola%20Mateus%2C%20te%20escribimos%20de%20MEDPLAY.%0A%0A%E2%80%A2%20Tu%20Crunchyroll%20(pantalla%203)%2C%20con%20el%20correo%20cariesler873%40hotmail.com%2C%20vence%20el%20*17%2F04%2F2026*%2C%20quer%C3%ADa%20saber%20si%20deseas%20*realizar%20la%20renovaci%C3%B3n*%2C%20tiene%20un%20costo%20de%20*%24%203%2C900*.%0A%0A*PARA%20PAGOS%20POR%20NEQUI%20SOLICITAR%20EL%20QR%20POR%20FAVOR*
[2026-04-16 17:54:15.360] ✉️ Enviando…
[2026-04-16 17:54:15.601] ↩️ Enviado (Enter)
[2026-04-16 17:54:15.602] ⏳ Pausa post-envío: 12s…
[2026-04-16 17:54:27.609] 
[40/67] → 573232263456
[2026-04-16 17:54:27.610] 🔁 Abriendo chat (intento 1/3) con: https://web.whatsapp.com/send?phone=573232263456&text=Hola%20%2B57%2C%20te%20escribimos%20de%20MEDPLAY.%0A%0A%E2%80%A2%20Tu%20Crunchyroll%20(pantalla%202)%2C%20con%20el%20correo%20hildalizardi0393%40hotmail.com%2C%20vence%20el%20*17%2F04%2F2026*%2C%20quer%C3%ADa%20saber%20si%20deseas%20*realizar%20la%20renovaci%C3%B3n*%2C%20tiene%20un%20costo%20de%20*%24%204%2C900*.%0A%0A*PARA%20PAGOS%20POR%20NEQUI%20SOLICITAR%20EL%20QR%20POR%20FAVOR*
[2026-04-16 17:54:36.153] ✉️ Enviando…
[2026-04-16 17:54:36.386] ↩️ Enviado (Enter)
[2026-04-16 17:54:36.386] ⏳ Pausa post-envío: 12s…
[2026-04-16 17:54:48.387] 
[41/67] → 573197729066
[2026-04-16 17:54:48.388] 🔁 Abriendo chat (intento 1/3) con: https://web.whatsapp.com/send?phone=573197729066&text=Hola%20%2B57%2C%20te%20escribimos%20de%20MEDPLAY.%0A%0A%E2%80%A2%20Tu%20Crunchyroll%20(pantalla%205)%2C%20con%20el%20correo%20ronaldaort447%40hotmail.com%2C%20vence%20el%20*17%2F04%2F2026*%2C%20quer%C3%ADa%20saber%20si%20deseas%20*realizar%20la%20renovaci%C3%B3n*%2C%20tiene%20un%20costo%20de%20*%24%203%2C900*.%0A%0A*PARA%20PAGOS%20POR%20NEQUI%20SOLICITAR%20EL%20QR%20POR%20FAVOR*
[2026-04-16 17:54:55.770] ✉️ Enviando…
[2026-04-16 17:54:56.040] ↩️ Enviado (Enter)
[2026-04-16 17:54:56.041] ⏳ Pausa post-envío: 12s…
[2026-04-16 17:55:08.046] 
[42/67] → 573166470753
[2026-04-16 17:55:08.046] 🔁 Abriendo chat (intento 1/3) con: https://web.whatsapp.com/send?phone=573166470753&text=Hola%20Eduardo%2C%20te%20escribimos%20de%20MEDPLAY.%0A%0A%E2%80%A2%20Tu%20Crunchyroll%20(pantalla%205)%2C%20con%20el%20correo%20arveljaap86%40hotmail.com%2C%20vence%20el%20*17%2F04%2F2026*%2C%20quer%C3%ADa%20saber%20si%20deseas%20*realizar%20la%20renovaci%C3%B3n*%2C%20tiene%20un%20costo%20de%20*%24%203%2C900*.%0A%0A*PARA%20PAGOS%20POR%20NEQUI%20SOLICITAR%20EL%20QR%20POR%20FAVOR*
[2026-04-16 17:55:15.948] ✉️ Enviando…
[2026-04-16 17:55:16.182] ↩️ Enviado (Enter)
[2026-04-16 17:55:16.182] ⏳ Pausa post-envío: 12s…
[2026-04-16 17:55:28.193] 
[43/67] → 573015159638
[2026-04-16 17:55:28.195] 🔁 Abriendo chat (intento 1/3) con: https://web.whatsapp.com/send?phone=573015159638&text=Hola%20Angel%2C%20te%20escribimos%20de%20MEDPLAY.%0A%0A%E2%80%A2%20Tu%20Crunchyroll%20(pantalla%202)%2C%20con%20el%20correo%20dulcegrahl5316%40hotmail.com%2C%20vence%20el%20*17%2F04%2F2026*%2C%20quer%C3%ADa%20saber%20si%20deseas%20*realizar%20la%20renovaci%C3%B3n*%2C%20tiene%20un%20costo%20de%20*%24%203%2C900*.%0A%0A*PARA%20PAGOS%20POR%20NEQUI%20SOLICITAR%20EL%20QR%20POR%20FAVOR*
[2026-04-16 17:55:36.948] ✉️ Enviando…
[2026-04-16 17:55:37.187] ↩️ Enviado (Enter)
[2026-04-16 17:55:37.188] ⏳ Pausa post-envío: 12s…
[2026-04-16 17:55:49.203] 
[44/67] → 573219372803
[2026-04-16 17:55:49.204] 🔁 Abriendo chat (intento 1/3) con: https://web.whatsapp.com/send?phone=573219372803&text=Hola%20Orj'D%2C%20te%20escribimos%20de%20MEDPLAY.%0A%0A%E2%80%A2%20Tu%20Crunchyroll%20(pantalla%203)%2C%20con%20el%20correo%20dulcegrahl5316%40hotmail.com%2C%20vence%20el%20*17%2F04%2F2026*%2C%20quer%C3%ADa%20saber%20si%20deseas%20*realizar%20la%20renovaci%C3%B3n*%2C%20tiene%20un%20costo%20de%20*%24%203%2C900*.%0A%0A*PARA%20PAGOS%20POR%20NEQUI%20SOLICITAR%20EL%20QR%20POR%20FAVOR*
[2026-04-16 17:55:58.903] ✉️ Enviando…
[2026-04-16 17:55:59.169] ↩️ Enviado (Enter)
[2026-04-16 17:55:59.170] ⏳ Pausa post-envío: 12s…
[2026-04-16 17:56:11.181] 
[45/67] → 573045601999
[2026-04-16 17:56:11.182] 🔁 Abriendo chat (intento 1/3) con: https://web.whatsapp.com/send?phone=573045601999&text=Hola%20Adrian%2C%20te%20escribimos%20de%20MEDPLAY.%0A%0A%E2%80%A2%20Tu%20Crunchyroll%20(pantalla%204)%2C%20con%20el%20correo%20christieprocsal5461%40hotmail.com%2C%20vence%20el%20*17%2F04%2F2026*%2C%20quer%C3%ADa%20saber%20si%20deseas%20*realizar%20la%20renovaci%C3%B3n*%2C%20tiene%20un%20costo%20de%20*%24%203%2C900*.%0A%0A*PARA%20PAGOS%20POR%20NEQUI%20SOLICITAR%20EL%20QR%20POR%20FAVOR*
[2026-04-16 17:56:18.978] ✉️ Enviando…
[2026-04-16 17:56:19.214] ↩️ Enviado (Enter)
[2026-04-16 17:56:19.215] ⏳ Pausa post-envío: 12s…
[2026-04-16 17:56:31.221] 
[46/67] → 573013671573
[2026-04-16 17:56:31.221] 🔁 Abriendo chat (intento 1/3) con: https://web.whatsapp.com/send?phone=573013671573&text=Hola%20Thrashed%2C%20te%20escribimos%20de%20MEDPLAY.%0A%0A%E2%80%A2%20Tu%20Crunchyroll%20(pantalla%205)%2C%20con%20el%20correo%20dulcegrahl5316%40hotmail.com%2C%20vence%20el%20*17%2F04%2F2026*%2C%20quer%C3%ADa%20saber%20si%20deseas%20*realizar%20la%20renovaci%C3%B3n*%2C%20tiene%20un%20costo%20de%20*%24%203%2C900*.%0A%0A*PARA%20PAGOS%20POR%20NEQUI%20SOLICITAR%20EL%20QR%20POR%20FAVOR*
[2026-04-16 17:56:42.550] ✉️ Enviando…
[2026-04-16 17:56:42.786] ↩️ Enviado (Enter)
[2026-04-16 17:56:42.787] ⏳ Pausa post-envío: 12s…
[2026-04-16 17:56:54.798] 
[47/67] → 573172657092
[2026-04-16 17:56:54.798] 🔁 Abriendo chat (intento 1/3) con: https://web.whatsapp.com/send?phone=573172657092&text=Hola%20Luz%2C%20te%20escribimos%20de%20MEDPLAY.%0A%0A%E2%80%A2%20Tu%20Youtube%2C%20con%20el%20correo%20ariasvargasluzelena%40gmail.com%2C%20vence%20el%20*15%2F04%2F2026*%2C%20quer%C3%ADa%20saber%20si%20deseas%20*realizar%20la%20renovaci%C3%B3n*%2C%20tiene%20un%20costo%20de%20*%24%207%2C900*.%0A%0A*PARA%20PAGOS%20POR%20NEQUI%20SOLICITAR%20EL%20QR%20POR%20FAVOR*
[2026-04-16 17:57:02.206] ✉️ Enviando…
[2026-04-16 17:57:02.450] ↩️ Enviado (Enter)
[2026-04-16 17:57:02.451] ⏳ Pausa post-envío: 12s…
[2026-04-16 17:57:14.458] 
[48/67] → 573206432719
[2026-04-16 17:57:14.458] 🔁 Abriendo chat (intento 1/3) con: https://web.whatsapp.com/send?phone=573206432719&text=Hola%20Isa%2C%20te%20escribimos%20de%20MEDPLAY.%0A%0A%E2%80%A2%20Tu%20MAX%2C%20con%20el%20correo%20medplay93%2Bmax12%40gmail.com%2C%20vence%20el%20*15%2F04%2F2026*%2C%20quer%C3%ADa%20saber%20si%20deseas%20*realizar%20la%20renovaci%C3%B3n*%2C%20tiene%20un%20costo%20de%20*%24%2022%2C900*.%0A%0A*PARA%20PAGOS%20POR%20NEQUI%20SOLICITAR%20EL%20QR%20POR%20FAVOR*
[2026-04-16 17:57:22.157] ✉️ Enviando…
[2026-04-16 17:57:22.390] ↩️ Enviado (Enter)
[2026-04-16 17:57:22.391] ⏳ Pausa post-envío: 12s…
[2026-04-16 17:57:34.395] 
[49/67] → 573148065817
[2026-04-16 17:57:34.395] 🔁 Abriendo chat (intento 1/3) con: https://web.whatsapp.com/send?phone=573148065817&text=Hola%20Luis%2C%20te%20escribimos%20de%20MEDPLAY.%0A%0A%E2%80%A2%20Tu%20Youtube%2C%20con%20el%20correo%20luiscuero772%40gmail.com%2C%20vence%20el%20*15%2F04%2F2026*%2C%20quer%C3%ADa%20saber%20si%20deseas%20*realizar%20la%20renovaci%C3%B3n*%2C%20tiene%20un%20costo%20de%20*%24%2079%2C000*.%0A%0A*PARA%20PAGOS%20POR%20NEQUI%20SOLICITAR%20EL%20QR%20POR%20FAVOR*
[2026-04-16 17:57:41.765] ✉️ Enviando…
[2026-04-16 17:57:41.973] ↩️ Enviado (Enter)
[2026-04-16 17:57:41.973] ⏳ Pausa post-envío: 12s…
[2026-04-16 17:57:53.987] 
[50/67] → 573127805231
[2026-04-16 17:57:53.989] 🔁 Abriendo chat (intento 1/3) con: https://web.whatsapp.com/send?phone=573127805231&text=Hola%2C%20te%20escribimos%20de%20MEDPLAY.%0A%0A%E2%80%A2%20Tu%20ChatGPT%2C%20con%20el%20correo%20bonillajuandavid813%40gmail.com%2C%20vence%20el%20*16%2F04%2F2026*%2C%20quer%C3%ADa%20saber%20si%20deseas%20*realizar%20la%20renovaci%C3%B3n*%2C%20tiene%20un%20costo%20de%20*%24%2015%2C900*.%0A%0A*PARA%20PAGOS%20POR%20NEQUI%20SOLICITAR%20EL%20QR%20POR%20FAVOR*
[2026-04-16 17:58:01.937] ✉️ Enviando…
[2026-04-16 17:58:02.155] ↩️ Enviado (Enter)
[2026-04-16 17:58:02.156] ⏳ Pausa post-envío: 12s…
[2026-04-16 17:58:14.158] 
[51/67] → 573104885010
[2026-04-16 17:58:14.159] 🔁 Abriendo chat (intento 1/3) con: https://web.whatsapp.com/send?phone=573104885010&text=Hola%20Luis%2C%20te%20escribimos%20de%20MEDPLAY.%0A%0A%E2%80%A2%20Tu%20Youtube%2C%20con%20el%20correo%20fannyariza123456%40gmail.com%2C%20vence%20el%20*16%2F04%2F2026*%2C%20quer%C3%ADa%20saber%20si%20deseas%20*realizar%20la%20renovaci%C3%B3n*%2C%20tiene%20un%20costo%20de%20*%24%207%2C900*.%0A%E2%80%A2%20Tu%20Youtube%2C%20con%20el%20correo%20deynermateus94%40gmail.com%2C%20vence%20el%20*16%2F04%2F2026*%2C%20quer%C3%ADa%20saber%20si%20deseas%20*realizar%20la%20renovaci%C3%B3n*%2C%20tiene%20un%20costo%20de%20*%24%207%2C900*.%0A%0A*PARA%20PAGOS%20POR%20NEQUI%20SOLICITAR%20EL%20QR%20POR%20FAVOR*
[2026-04-16 17:58:23.236] ✉️ Enviando…
[2026-04-16 17:58:23.469] ↩️ Enviado (Enter)
[2026-04-16 17:58:23.470] ⏳ Pausa post-envío: 12s…
[2026-04-16 17:58:35.481] 
[52/67] → 573128973053
[2026-04-16 17:58:35.481] 🔁 Abriendo chat (intento 1/3) con: https://web.whatsapp.com/send?phone=573128973053&text=Hola%2C%20te%20escribimos%20de%20MEDPLAY.%0A%0A%E2%80%A2%20Tu%20Youtube%2C%20con%20el%20correo%20vacai5460%40gmail.com%2C%20vence%20el%20*16%2F04%2F2026*%2C%20quer%C3%ADa%20saber%20si%20deseas%20*realizar%20la%20renovaci%C3%B3n*%2C%20tiene%20un%20costo%20de%20*%24%207%2C900*.%0A%0A*PARA%20PAGOS%20POR%20NEQUI%20SOLICITAR%20EL%20QR%20POR%20FAVOR*
[2026-04-16 17:58:38.803] ✉️ Enviando…
[2026-04-16 17:58:41.370] ↩️ Enviado (Enter)
[2026-04-16 17:58:41.371] ⏳ Pausa post-envío: 12s…
[2026-04-16 17:58:53.377] 
[53/67] → 573145356141
[2026-04-16 17:58:53.380] 🔁 Abriendo chat (intento 1/3) con: https://web.whatsapp.com/send?phone=573145356141&text=Hola%2C%20te%20escribimos%20de%20MEDPLAY.%0A%0A%E2%80%A2%20Tu%20Youtube%2C%20con%20el%20correo%20yovanis1986%40hotmail.com%2C%20vence%20el%20*16%2F04%2F2026*%2C%20quer%C3%ADa%20saber%20si%20deseas%20*realizar%20la%20renovaci%C3%B3n*%2C%20tiene%20un%20costo%20de%20*%24%207%2C900*.%0A%0A*PARA%20PAGOS%20POR%20NEQUI%20SOLICITAR%20EL%20QR%20POR%20FAVOR*
[2026-04-16 17:59:02.835] ✉️ Enviando…
[2026-04-16 17:59:03.086] ↩️ Enviado (Enter)
[2026-04-16 17:59:03.086] ⏳ Pausa post-envío: 12s…
[2026-04-16 17:59:15.099] 
[54/67] → 573173004895
[2026-04-16 17:59:15.100] 🔁 Abriendo chat (intento 1/3) con: https://web.whatsapp.com/send?phone=573173004895&text=Hola%2C%20te%20escribimos%20de%20MEDPLAY.%0A%0A%E2%80%A2%20Tu%20Youtube%2C%20con%20el%20correo%20joalse77%40gmail.com%2C%20vence%20el%20*16%2F04%2F2026*%2C%20quer%C3%ADa%20saber%20si%20deseas%20*realizar%20la%20renovaci%C3%B3n*%2C%20tiene%20un%20costo%20de%20*%24%207%2C900*.%0A%0A*PARA%20PAGOS%20POR%20NEQUI%20SOLICITAR%20EL%20QR%20POR%20FAVOR*
[2026-04-16 17:59:23.047] ✉️ Enviando…
[2026-04-16 17:59:23.290] ↩️ Enviado (Enter)
[2026-04-16 17:59:23.290] ⏳ Pausa post-envío: 12s…
[2026-04-16 17:59:35.310] 
[55/67] → 573017802833
[2026-04-16 17:59:35.312] 🔁 Abriendo chat (intento 1/3) con: https://web.whatsapp.com/send?phone=573017802833&text=Hola%2C%20te%20escribimos%20de%20MEDPLAY.%0A%0A%E2%80%A2%20Tu%20Plataforma%2C%20con%20el%20correo%20fltve1603%40gmail.com%2C%20vence%20el%20*16%2F04%2F2026*%2C%20quer%C3%ADa%20saber%20si%20deseas%20*realizar%20la%20renovaci%C3%B3n*%2C%20tiene%20un%20costo%20de%20*%24%2015%2C900*.%0A%0A*PARA%20PAGOS%20POR%20NEQUI%20SOLICITAR%20EL%20QR%20POR%20FAVOR*
[2026-04-16 17:59:43.241] ✉️ Enviando…
[2026-04-16 17:59:43.461] ↩️ Enviado (Enter)
[2026-04-16 17:59:43.461] ⏳ Pausa post-envío: 12s…
[2026-04-16 17:59:55.477] 
[56/67] → 573217115039
[2026-04-16 17:59:55.479] 🔁 Abriendo chat (intento 1/3) con: https://web.whatsapp.com/send?phone=573217115039&text=Hola%20%2B57%2C%20te%20escribimos%20de%20MEDPLAY.%0A%0A%E2%80%A2%20Tu%20Youtube%2C%20con%20el%20correo%20andresagamez701%40gmail.com%2C%20vence%20el%20*16%2F04%2F2026*%2C%20quer%C3%ADa%20saber%20si%20deseas%20*realizar%20la%20renovaci%C3%B3n*%2C%20tiene%20un%20costo%20de%20*%24%207%2C900*.%0A%0A*PARA%20PAGOS%20POR%20NEQUI%20SOLICITAR%20EL%20QR%20POR%20FAVOR*
[2026-04-16 18:00:04.184] ✉️ Enviando…
[2026-04-16 18:00:04.384] ↩️ Enviado (Enter)
[2026-04-16 18:00:04.384] ⏳ Pausa post-envío: 12s…
[2026-04-16 18:00:16.401] 
[57/67] → 573247914466
[2026-04-16 18:00:16.402] 🔁 Abriendo chat (intento 1/3) con: https://web.whatsapp.com/send?phone=573247914466&text=Hola%20%2B57%2C%20te%20escribimos%20de%20MEDPLAY.%0A%0A%E2%80%A2%20Tu%20Youtube%2C%20con%20el%20correo%20sanhurcast07%40gmail.com%2C%20vence%20el%20*16%2F04%2F2026*%2C%20quer%C3%ADa%20saber%20si%20deseas%20*realizar%20la%20renovaci%C3%B3n*%2C%20tiene%20un%20costo%20de%20*%24%207%2C900*.%0A%0A*PARA%20PAGOS%20POR%20NEQUI%20SOLICITAR%20EL%20QR%20POR%20FAVOR*
[2026-04-16 18:00:24.203] ✉️ Enviando…
[2026-04-16 18:00:24.434] ↩️ Enviado (Enter)
[2026-04-16 18:00:24.434] ⏳ Pausa post-envío: 12s…
[2026-04-16 18:00:36.446] 
[58/67] → 573175205634
[2026-04-16 18:00:36.446] 🔁 Abriendo chat (intento 1/3) con: https://web.whatsapp.com/send?phone=573175205634&text=Hola%20Oriana%2C%20te%20escribimos%20de%20MEDPLAY.%0A%0A%E2%80%A2%20Tu%20Spotify%2C%20con%20el%20correo%20rualeswilliamortiz%40gmail.com%2C%20vence%20el%20*16%2F04%2F2026*%2C%20quer%C3%ADa%20saber%20si%20deseas%20*realizar%20la%20renovaci%C3%B3n*%2C%20tiene%20un%20costo%20de%20*%24%2012%2C900*.%0A%0A*PARA%20PAGOS%20POR%20NEQUI%20SOLICITAR%20EL%20QR%20POR%20FAVOR*
[2026-04-16 18:00:44.337] ✉️ Enviando…
[2026-04-16 18:00:44.575] ↩️ Enviado (Enter)
[2026-04-16 18:00:44.577] ⏳ Pausa post-envío: 12s…
[2026-04-16 18:00:56.577] 
[59/67] → 573138114554
[2026-04-16 18:00:56.580] 🔁 Abriendo chat (intento 1/3) con: https://web.whatsapp.com/send?phone=573138114554&text=Hola%20Juanita%2C%20te%20escribimos%20de%20MEDPLAY.%0A%0A%E2%80%A2%20Tu%20Spotify%2C%20con%20el%20correo%20mesmedplayspo%40gmail.com%2C%20vence%20el%20*16%2F04%2F2026*%2C%20quer%C3%ADa%20saber%20si%20deseas%20*realizar%20la%20renovaci%C3%B3n*%2C%20tiene%20un%20costo%20de%20*%24%205%2C900*.%0A%0A*PARA%20PAGOS%20POR%20NEQUI%20SOLICITAR%20EL%20QR%20POR%20FAVOR*
[2026-04-16 18:01:04.373] ✉️ Enviando…
[2026-04-16 18:01:04.627] ↩️ Enviado (Enter)
[2026-04-16 18:01:04.628] ⏳ Pausa post-envío: 12s…
[2026-04-16 18:01:16.633] 
[60/67] → 573163096795
[2026-04-16 18:01:16.633] 🔁 Abriendo chat (intento 1/3) con: https://web.whatsapp.com/send?phone=573163096795&text=Hola%20Julian%2C%20te%20escribimos%20de%20MEDPLAY.%0A%0A%E2%80%A2%20Tu%20Youtube%2C%20con%20el%20correo%20jucaheral86%40gmail.com%2C%20vence%20el%20*16%2F04%2F2026*%2C%20quer%C3%ADa%20saber%20si%20deseas%20*realizar%20la%20renovaci%C3%B3n*%2C%20tiene%20un%20costo%20de%20*%24%207%2C900*.%0A%0A*PARA%20PAGOS%20POR%20NEQUI%20SOLICITAR%20EL%20QR%20POR%20FAVOR*
[2026-04-16 18:01:24.489] ✉️ Enviando…
[2026-04-16 18:01:24.738] ↩️ Enviado (Enter)
[2026-04-16 18:01:24.739] ⏳ Pausa post-envío: 12s…
[2026-04-16 18:01:36.749] 
[61/67] → 573183290156
[2026-04-16 18:01:36.749] 🔁 Abriendo chat (intento 1/3) con: https://web.whatsapp.com/send?phone=573183290156&text=Hola%20Kevin%2C%20te%20escribimos%20de%20MEDPLAY.%0A%0A%E2%80%A2%20Tu%20Youtube%2C%20con%20el%20correo%20bryanfernandez789456%40gmail.com%2C%20vence%20el%20*16%2F04%2F2026*%2C%20quer%C3%ADa%20saber%20si%20deseas%20*realizar%20la%20renovaci%C3%B3n*%2C%20tiene%20un%20costo%20de%20*%24%207%2C900*.%0A%0A*PARA%20PAGOS%20POR%20NEQUI%20SOLICITAR%20EL%20QR%20POR%20FAVOR*
[2026-04-16 18:01:45.849] ✉️ Enviando…
[2026-04-16 18:01:46.071] ↩️ Enviado (Enter)
[2026-04-16 18:01:46.072] ⏳ Pausa post-envío: 12s…
[2026-04-16 18:01:58.087] 
[62/67] → 573015696503
[2026-04-16 18:01:58.089] 🔁 Abriendo chat (intento 1/3) con: https://web.whatsapp.com/send?phone=573015696503&text=Hola%20Wilmer%2C%20te%20escribimos%20de%20MEDPLAY.%0A%0A%E2%80%A2%20Tu%20Youtube%2C%20con%20el%20correo%20silgadowilmercardenassilgado%40gmail.com%2C%20vence%20el%20*16%2F04%2F2026*%2C%20quer%C3%ADa%20saber%20si%20deseas%20*realizar%20la%20renovaci%C3%B3n*%2C%20tiene%20un%20costo%20de%20*%24%207%2C900*.%0A%0A*PARA%20PAGOS%20POR%20NEQUI%20SOLICITAR%20EL%20QR%20POR%20FAVOR*
[2026-04-16 18:02:05.117] ✉️ Enviando…
[2026-04-16 18:02:05.383] ↩️ Enviado (Enter)
[2026-04-16 18:02:05.384] ⏳ Pausa post-envío: 12s…
[2026-04-16 18:02:17.397] 
[63/67] → 573124916609
[2026-04-16 18:02:17.397] 🔁 Abriendo chat (intento 1/3) con: https://web.whatsapp.com/send?phone=573124916609&text=Hola%20Darwin%2C%20te%20escribimos%20de%20MEDPLAY.%0A%0A%E2%80%A2%20Tu%20Spotify%2C%20con%20el%20correo%20darwin%40gmail.com%2C%20vence%20el%20*16%2F04%2F2026*%2C%20quer%C3%ADa%20saber%20si%20deseas%20*realizar%20la%20renovaci%C3%B3n*%2C%20tiene%20un%20costo%20de%20*%24%2012%2C900*.%0A%0A*PARA%20PAGOS%20POR%20NEQUI%20SOLICITAR%20EL%20QR%20POR%20FAVOR*
[2026-04-16 18:02:25.458] ✉️ Enviando…
[2026-04-16 18:02:25.678] ↩️ Enviado (Enter)
[2026-04-16 18:02:25.678] ⏳ Pausa post-envío: 12s…
[2026-04-16 18:02:37.688] 
[64/67] → 573155829620
[2026-04-16 18:02:37.689] 🔁 Abriendo chat (intento 1/3) con: https://web.whatsapp.com/send?phone=573155829620&text=Hola%2C%20te%20escribimos%20de%20MEDPLAY.%0A%0A%E2%80%A2%20Tu%20Youtube%2C%20con%20el%20correo%20jhoneison7%40gmail.com%2C%20vence%20el%20*17%2F04%2F2026*%2C%20quer%C3%ADa%20saber%20si%20deseas%20*realizar%20la%20renovaci%C3%B3n*%2C%20tiene%20un%20costo%20de%20*%24%207%2C900*.%0A%0A*PARA%20PAGOS%20POR%20NEQUI%20SOLICITAR%20EL%20QR%20POR%20FAVOR*
[2026-04-16 18:02:44.614] ✉️ Enviando…
[2026-04-16 18:02:44.845] ↩️ Enviado (Enter)
[2026-04-16 18:02:44.846] ⏳ Pausa post-envío: 12s…
[2026-04-16 18:02:56.861] 
[65/67] → 573024835863
[2026-04-16 18:02:56.861] 🔁 Abriendo chat (intento 1/3) con: https://web.whatsapp.com/send?phone=573024835863&text=Hola%2C%20te%20escribimos%20de%20MEDPLAY.%0A%0A%E2%80%A2%20Tu%20Youtube%2C%20con%20el%20correo%20jhonchamo.1595%40gmail.com%2C%20vence%20el%20*17%2F04%2F2026*%2C%20quer%C3%ADa%20saber%20si%20deseas%20*realizar%20la%20renovaci%C3%B3n*%2C%20tiene%20un%20costo%20de%20*%24%207%2C900*.%0A%0A*PARA%20PAGOS%20POR%20NEQUI%20SOLICITAR%20EL%20QR%20POR%20FAVOR*
[2026-04-16 18:03:05.466] ✉️ Enviando…
[2026-04-16 18:03:05.705] ↩️ Enviado (Enter)
[2026-04-16 18:03:05.706] ⏳ Pausa post-envío: 12s…
[2026-04-16 18:03:17.718] 
[66/67] → 573147832444
[2026-04-16 18:03:17.719] 🔁 Abriendo chat (intento 1/3) con: https://web.whatsapp.com/send?phone=573147832444&text=Hola%20Ospina%2C%20te%20escribimos%20de%20MEDPLAY.%0A%0A%E2%80%A2%20Tu%20Youtube%2C%20con%20el%20correo%20valentinarojasgomez7%40gmail.com%2C%20vence%20el%20*17%2F04%2F2026*%2C%20quer%C3%ADa%20saber%20si%20deseas%20*realizar%20la%20renovaci%C3%B3n*%2C%20tiene%20un%20costo%20de%20*%24%207%2C900*.%0A%0A*PARA%20PAGOS%20POR%20NEQUI%20SOLICITAR%20EL%20QR%20POR%20FAVOR*
[2026-04-16 18:03:26.232] ✉️ Enviando…
[2026-04-16 18:03:26.458] ↩️ Enviado (Enter)
[2026-04-16 18:03:26.458] ⏳ Pausa post-envío: 12s…
[2026-04-16 18:03:38.468] 
[67/67] → 573228148649
[2026-04-16 18:03:38.469] 🔁 Abriendo chat (intento 1/3) con: https://web.whatsapp.com/send?phone=573228148649&text=Hola%2C%20te%20escribimos%20de%20MEDPLAY.%0A%0A%E2%80%A2%20Tu%20Youtube%2C%20con%20el%20correo%20luispaeznavarro%40gmail.com%2C%20vence%20el%20*17%2F04%2F2026*%2C%20quer%C3%ADa%20saber%20si%20deseas%20*realizar%20la%20renovaci%C3%B3n*%2C%20tiene%20un%20costo%20de%20*%24%207%2C900*.%0A%0A*PARA%20PAGOS%20POR%20NEQUI%20SOLICITAR%20EL%20QR%20POR%20FAVOR*
[2026-04-16 18:03:45.812] ✉️ Enviando…
[2026-04-16 18:03:46.047] ↩️ Enviado (Enter)
[2026-04-16 18:03:46.047] ⏳ Pausa post-envío: 12s…
[2026-04-16 18:03:58.055] 
✅ Finalizado. Enviados: 67. Omitidos: 0.
[2026-04-16 18:03:58.056] ℹ️ Navegador dejado abierto para revisión manual.
[2026-04-17 12:34:55.219] 📨 Enviaré 62 mensaje(s).
[2026-04-17 12:34:55.220] 🚀 Lanzando script de navegador: C:\Users\Santiago\medplay\scripts\start-edge-wa.bat
[2026-04-17 12:34:55.234] ⏳ Esperando CDP…
[2026-04-17 12:34:58.664] 🟡 Preparando WhatsApp Web…
[2026-04-17 12:35:06.204] ✅ WhatsApp Web listo.
[2026-04-17 12:35:06.205] 
[1/62] → 573234981497
[2026-04-17 12:35:06.205] 🔁 Abriendo chat (intento 1/3) con: https://web.whatsapp.com/send?phone=573234981497&text=Hola%20%2B57%2C%20te%20escribimos%20de%20MEDPLAY.%0A%0A%E2%80%A2%20Tu%20Plataforma%20(pantalla%201)%2C%20con%20el%20correo%20xiydtdfay%40magicservices.xyz%2C%20vence%20el%20*17%2F04%2F2026*%2C%20quer%C3%ADa%20saber%20si%20deseas%20*realizar%20la%20renovaci%C3%B3n*%2C%20tiene%20un%20costo%20de%20*%24%207%2C900*.%0A%0A*PARA%20PAGOS%20POR%20NEQUI%20SOLICITAR%20EL%20QR%20POR%20FAVOR*
[2026-04-17 12:35:13.161] ✉️ Enviando…
[2026-04-17 12:35:16.215] ↩️ Enviado (Enter)
[2026-04-17 12:35:16.215] ⏳ Pausa post-envío: 12s…
[2026-04-17 12:35:28.226] 
[2/62] → 573043829724
[2026-04-17 12:35:28.227] 🔁 Abriendo chat (intento 1/3) con: https://web.whatsapp.com/send?phone=573043829724&text=Hola%2C%20te%20escribimos%20de%20MEDPLAY.%0A%0A%E2%80%A2%20Tu%20Crunchyroll%20(pantalla%201)%2C%20con%20el%20correo%20kristaswieca30%40hotmail.com%2C%20vence%20el%20*17%2F04%2F2026*%2C%20quer%C3%ADa%20saber%20si%20deseas%20*realizar%20la%20renovaci%C3%B3n*%2C%20tiene%20un%20costo%20de%20*%24%206%2C900*.%0A%0A*PARA%20PAGOS%20POR%20NEQUI%20SOLICITAR%20EL%20QR%20POR%20FAVOR*
[2026-04-17 12:35:36.337] ✉️ Enviando…
[2026-04-17 12:35:36.654] ↩️ Enviado (Enter)
[2026-04-17 12:35:36.654] ⏳ Pausa post-envío: 12s…
[2026-04-17 12:35:48.658] 
[3/62] → 573225306400
[2026-04-17 12:35:48.660] 🔁 Abriendo chat (intento 1/3) con: https://web.whatsapp.com/send?phone=573225306400&text=Hola%2C%20te%20escribimos%20de%20MEDPLAY.%0A%0A%E2%80%A2%20Tu%20Crunchyroll%20(pantalla%202)%2C%20con%20el%20correo%20kristaswieca30%40hotmail.com%2C%20vence%20el%20*17%2F04%2F2026*%2C%20quer%C3%ADa%20saber%20si%20deseas%20*realizar%20la%20renovaci%C3%B3n*%2C%20tiene%20un%20costo%20de%20*%24%206%2C900*.%0A%0A*PARA%20PAGOS%20POR%20NEQUI%20SOLICITAR%20EL%20QR%20POR%20FAVOR*
[2026-04-17 12:35:57.297] ✉️ Enviando…
[2026-04-17 12:35:57.554] ↩️ Enviado (Enter)
[2026-04-17 12:35:57.554] ⏳ Pausa post-envío: 12s…
[2026-04-17 12:36:09.568] 
[4/62] → 573167681630
[2026-04-17 12:36:09.569] 🔁 Abriendo chat (intento 1/3) con: https://web.whatsapp.com/send?phone=573167681630&text=Hola%2C%20te%20escribimos%20de%20MEDPLAY.%0A%0A%E2%80%A2%20Tu%20Crunchyroll%20(pantalla%203)%2C%20con%20el%20correo%20kristaswieca30%40hotmail.com%2C%20vence%20el%20*17%2F04%2F2026*%2C%20quer%C3%ADa%20saber%20si%20deseas%20*realizar%20la%20renovaci%C3%B3n*%2C%20tiene%20un%20costo%20de%20*%24%206%2C900*.%0A%0A*PARA%20PAGOS%20POR%20NEQUI%20SOLICITAR%20EL%20QR%20POR%20FAVOR*
[2026-04-17 12:36:17.017] ✉️ Enviando…
[2026-04-17 12:36:17.266] ↩️ Enviado (Enter)
[2026-04-17 12:36:17.266] ⏳ Pausa post-envío: 12s…
[2026-04-17 12:36:29.282] 
[5/62] → 573243000634
[2026-04-17 12:36:29.283] 🔁 Abriendo chat (intento 1/3) con: https://web.whatsapp.com/send?phone=573243000634&text=Hola%20Javier%2C%20te%20escribimos%20de%20MEDPLAY.%0A%0A%E2%80%A2%20Tu%20Crunchyroll%20(pantalla%204)%2C%20con%20el%20correo%20kristaswieca30%40hotmail.com%2C%20vence%20el%20*17%2F04%2F2026*%2C%20quer%C3%ADa%20saber%20si%20deseas%20*realizar%20la%20renovaci%C3%B3n*%2C%20tiene%20un%20costo%20de%20*%24%203%2C900*.%0A%0A*PARA%20PAGOS%20POR%20NEQUI%20SOLICITAR%20EL%20QR%20POR%20FAVOR*
[2026-04-17 12:36:38.054] ✉️ Enviando…
[2026-04-17 12:36:38.343] ↩️ Enviado (Enter)
[2026-04-17 12:36:38.343] ⏳ Pausa post-envío: 12s…
[2026-04-17 12:36:50.353] 
[6/62] → 573145751227
[2026-04-17 12:36:50.353] 🔁 Abriendo chat (intento 1/3) con: https://web.whatsapp.com/send?phone=573145751227&text=Hola%2C%20te%20escribimos%20de%20MEDPLAY.%0A%0A%E2%80%A2%20Tu%20Crunchyroll%20(pantalla%205)%2C%20con%20el%20correo%20kristaswieca30%40hotmail.com%2C%20vence%20el%20*17%2F04%2F2026*%2C%20quer%C3%ADa%20saber%20si%20deseas%20*realizar%20la%20renovaci%C3%B3n*%2C%20tiene%20un%20costo%20de%20*%24%203%2C900*.%0A%0A*PARA%20PAGOS%20POR%20NEQUI%20SOLICITAR%20EL%20QR%20POR%20FAVOR*
[2026-04-17 12:36:58.970] ✉️ Enviando…
[2026-04-17 12:36:59.187] ↩️ Enviado (Enter)
[2026-04-17 12:36:59.188] ⏳ Pausa post-envío: 12s…
[2026-04-17 12:37:11.194] 
[7/62] → 573218664600
[2026-04-17 12:37:11.195] 🔁 Abriendo chat (intento 1/3) con: https://web.whatsapp.com/send?phone=573218664600&text=Hola%20%2B57%2C%20te%20escribimos%20de%20MEDPLAY.%0A%0A%E2%80%A2%20Tu%20Crunchyroll%20(pantalla%205)%2C%20con%20el%20correo%20springestelle7814%40hotmail.com%2C%20vence%20el%20*17%2F04%2F2026*%2C%20quer%C3%ADa%20saber%20si%20deseas%20*realizar%20la%20renovaci%C3%B3n*%2C%20tiene%20un%20costo%20de%20*%24%203%2C900*.%0A%0A*PARA%20PAGOS%20POR%20NEQUI%20SOLICITAR%20EL%20QR%20POR%20FAVOR*
[2026-04-17 12:37:19.035] ✉️ Enviando…
[2026-04-17 12:37:19.259] ↩️ Enviado (Enter)
[2026-04-17 12:37:19.259] ⏳ Pausa post-envío: 12s…
[2026-04-17 12:37:31.270] 
[8/62] → 573114596654
[2026-04-17 12:37:31.271] 🔁 Abriendo chat (intento 1/3) con: https://web.whatsapp.com/send?phone=573114596654&text=Hola%20Jhoiner%2C%20te%20escribimos%20de%20MEDPLAY.%0A%0A%E2%80%A2%20Tu%20Crunchyroll%20(pantalla%201)%2C%20con%20el%20correo%20cariesler873%40hotmail.com%2C%20vence%20el%20*17%2F04%2F2026*%2C%20quer%C3%ADa%20saber%20si%20deseas%20*realizar%20la%20renovaci%C3%B3n*%2C%20tiene%20un%20costo%20de%20*%24%203%2C900*.%0A%0A*PARA%20PAGOS%20POR%20NEQUI%20SOLICITAR%20EL%20QR%20POR%20FAVOR*
[2026-04-17 12:37:39.898] ✉️ Enviando…
[2026-04-17 12:37:40.133] ↩️ Enviado (Enter)
[2026-04-17 12:37:40.135] ⏳ Pausa post-envío: 12s…
[2026-04-17 12:37:52.144] 
[9/62] → 573164562214
[2026-04-17 12:37:52.146] 🔁 Abriendo chat (intento 1/3) con: https://web.whatsapp.com/send?phone=573164562214&text=Hola%20Eudes%2C%20te%20escribimos%20de%20MEDPLAY.%0A%0A%E2%80%A2%20Tu%20Crunchyroll%20(pantalla%202)%2C%20con%20el%20correo%20cariesler873%40hotmail.com%2C%20vence%20el%20*17%2F04%2F2026*%2C%20quer%C3%ADa%20saber%20si%20deseas%20*realizar%20la%20renovaci%C3%B3n*%2C%20tiene%20un%20costo%20de%20*%24%203%2C900*.%0A%0A*PARA%20PAGOS%20POR%20NEQUI%20SOLICITAR%20EL%20QR%20POR%20FAVOR*
[2026-04-17 12:38:01.947] ✉️ Enviando…
[2026-04-17 12:38:02.172] ↩️ Enviado (Enter)
[2026-04-17 12:38:02.173] ⏳ Pausa post-envío: 12s…
[2026-04-17 12:38:14.177] 
[10/62] → 573125129551
[2026-04-17 12:38:14.177] 🔁 Abriendo chat (intento 1/3) con: https://web.whatsapp.com/send?phone=573125129551&text=Hola%20Mateus%2C%20te%20escribimos%20de%20MEDPLAY.%0A%0A%E2%80%A2%20Tu%20Crunchyroll%20(pantalla%203)%2C%20con%20el%20correo%20cariesler873%40hotmail.com%2C%20vence%20el%20*17%2F04%2F2026*%2C%20quer%C3%ADa%20saber%20si%20deseas%20*realizar%20la%20renovaci%C3%B3n*%2C%20tiene%20un%20costo%20de%20*%24%203%2C900*.%0A%0A*PARA%20PAGOS%20POR%20NEQUI%20SOLICITAR%20EL%20QR%20POR%20FAVOR*
[2026-04-17 12:38:23.231] ✉️ Enviando…
[2026-04-17 12:38:23.502] ↩️ Enviado (Enter)
[2026-04-17 12:38:23.502] ⏳ Pausa post-envío: 12s…
[2026-04-17 12:38:35.508] 
[11/62] → 573232263456
[2026-04-17 12:38:35.510] 🔁 Abriendo chat (intento 1/3) con: https://web.whatsapp.com/send?phone=573232263456&text=Hola%20%2B57%2C%20te%20escribimos%20de%20MEDPLAY.%0A%0A%E2%80%A2%20Tu%20Crunchyroll%20(pantalla%202)%2C%20con%20el%20correo%20hildalizardi0393%40hotmail.com%2C%20vence%20el%20*17%2F04%2F2026*%2C%20quer%C3%ADa%20saber%20si%20deseas%20*realizar%20la%20renovaci%C3%B3n*%2C%20tiene%20un%20costo%20de%20*%24%204%2C900*.%0A%0A*PARA%20PAGOS%20POR%20NEQUI%20SOLICITAR%20EL%20QR%20POR%20FAVOR*
[2026-04-17 12:38:44.428] ✉️ Enviando…
[2026-04-17 12:38:44.684] ↩️ Enviado (Enter)
[2026-04-17 12:38:44.684] ⏳ Pausa post-envío: 12s…
[2026-04-17 12:38:56.683] 
[12/62] → 573197729066
[2026-04-17 12:38:56.685] 🔁 Abriendo chat (intento 1/3) con: https://web.whatsapp.com/send?phone=573197729066&text=Hola%20%2B57%2C%20te%20escribimos%20de%20MEDPLAY.%0A%0A%E2%80%A2%20Tu%20Crunchyroll%20(pantalla%205)%2C%20con%20el%20correo%20ronaldaort447%40hotmail.com%2C%20vence%20el%20*17%2F04%2F2026*%2C%20quer%C3%ADa%20saber%20si%20deseas%20*realizar%20la%20renovaci%C3%B3n*%2C%20tiene%20un%20costo%20de%20*%24%203%2C900*.%0A%0A*PARA%20PAGOS%20POR%20NEQUI%20SOLICITAR%20EL%20QR%20POR%20FAVOR*
[2026-04-17 12:39:05.186] ✉️ Enviando…
[2026-04-17 12:39:05.434] ↩️ Enviado (Enter)
[2026-04-17 12:39:05.435] ⏳ Pausa post-envío: 12s…
[2026-04-17 12:39:17.441] 
[13/62] → 573166470753
[2026-04-17 12:39:17.443] 🔁 Abriendo chat (intento 1/3) con: https://web.whatsapp.com/send?phone=573166470753&text=Hola%20Eduardo%2C%20te%20escribimos%20de%20MEDPLAY.%0A%0A%E2%80%A2%20Tu%20Crunchyroll%20(pantalla%205)%2C%20con%20el%20correo%20arveljaap86%40hotmail.com%2C%20vence%20el%20*17%2F04%2F2026*%2C%20quer%C3%ADa%20saber%20si%20deseas%20*realizar%20la%20renovaci%C3%B3n*%2C%20tiene%20un%20costo%20de%20*%24%203%2C900*.%0A%0A*PARA%20PAGOS%20POR%20NEQUI%20SOLICITAR%20EL%20QR%20POR%20FAVOR*
[2026-04-17 12:39:25.442] ✉️ Enviando…
[2026-04-17 12:39:25.715] ↩️ Enviado (Enter)
[2026-04-17 12:39:25.715] ⏳ Pausa post-envío: 12s…
[2026-04-17 12:39:37.722] 
[14/62] → 573015159638
[2026-04-17 12:39:37.723] 🔁 Abriendo chat (intento 1/3) con: https://web.whatsapp.com/send?phone=573015159638&text=Hola%20Angel%2C%20te%20escribimos%20de%20MEDPLAY.%0A%0A%E2%80%A2%20Tu%20Crunchyroll%20(pantalla%202)%2C%20con%20el%20correo%20dulcegrahl5316%40hotmail.com%2C%20vence%20el%20*17%2F04%2F2026*%2C%20quer%C3%ADa%20saber%20si%20deseas%20*realizar%20la%20renovaci%C3%B3n*%2C%20tiene%20un%20costo%20de%20*%24%203%2C900*.%0A%0A*PARA%20PAGOS%20POR%20NEQUI%20SOLICITAR%20EL%20QR%20POR%20FAVOR*
[2026-04-17 12:39:46.331] ✉️ Enviando…
[2026-04-17 12:39:46.551] ↩️ Enviado (Enter)
[2026-04-17 12:39:46.552] ⏳ Pausa post-envío: 12s…
[2026-04-17 12:39:58.555] 
[15/62] → 573219372803
[2026-04-17 12:39:58.557] 🔁 Abriendo chat (intento 1/3) con: https://web.whatsapp.com/send?phone=573219372803&text=Hola%20Orj'D%2C%20te%20escribimos%20de%20MEDPLAY.%0A%0A%E2%80%A2%20Tu%20Crunchyroll%20(pantalla%203)%2C%20con%20el%20correo%20dulcegrahl5316%40hotmail.com%2C%20vence%20el%20*17%2F04%2F2026*%2C%20quer%C3%ADa%20saber%20si%20deseas%20*realizar%20la%20renovaci%C3%B3n*%2C%20tiene%20un%20costo%20de%20*%24%203%2C900*.%0A%0A*PARA%20PAGOS%20POR%20NEQUI%20SOLICITAR%20EL%20QR%20POR%20FAVOR*
[2026-04-17 12:40:06.364] ✉️ Enviando…
[2026-04-17 12:40:06.583] ↩️ Enviado (Enter)
[2026-04-17 12:40:06.583] ⏳ Pausa post-envío: 12s…
[2026-04-17 12:40:18.596] 
[16/62] → 573045601999
[2026-04-17 12:40:18.597] 🔁 Abriendo chat (intento 1/3) con: https://web.whatsapp.com/send?phone=573045601999&text=Hola%20Adrian%2C%20te%20escribimos%20de%20MEDPLAY.%0A%0A%E2%80%A2%20Tu%20Crunchyroll%20(pantalla%204)%2C%20con%20el%20correo%20christieprocsal5461%40hotmail.com%2C%20vence%20el%20*17%2F04%2F2026*%2C%20quer%C3%ADa%20saber%20si%20deseas%20*realizar%20la%20renovaci%C3%B3n*%2C%20tiene%20un%20costo%20de%20*%24%203%2C900*.%0A%0A*PARA%20PAGOS%20POR%20NEQUI%20SOLICITAR%20EL%20QR%20POR%20FAVOR*
[2026-04-17 12:40:30.786] ✉️ Enviando…
[2026-04-17 12:40:31.026] ↩️ Enviado (Enter)
[2026-04-17 12:40:31.027] ⏳ Pausa post-envío: 12s…
[2026-04-17 12:40:43.039] 
[17/62] → 573013671573
[2026-04-17 12:40:43.039] 🔁 Abriendo chat (intento 1/3) con: https://web.whatsapp.com/send?phone=573013671573&text=Hola%20Thrashed%2C%20te%20escribimos%20de%20MEDPLAY.%0A%0A%E2%80%A2%20Tu%20Crunchyroll%20(pantalla%205)%2C%20con%20el%20correo%20dulcegrahl5316%40hotmail.com%2C%20vence%20el%20*17%2F04%2F2026*%2C%20quer%C3%ADa%20saber%20si%20deseas%20*realizar%20la%20renovaci%C3%B3n*%2C%20tiene%20un%20costo%20de%20*%24%203%2C900*.%0A%0A*PARA%20PAGOS%20POR%20NEQUI%20SOLICITAR%20EL%20QR%20POR%20FAVOR*
[2026-04-17 12:40:51.641] ✉️ Enviando…
[2026-04-17 12:40:51.870] ↩️ Enviado (Enter)
[2026-04-17 12:40:51.871] ⏳ Pausa post-envío: 12s…
[2026-04-17 12:41:03.871] 
[18/62] → 573218509697
[2026-04-17 12:41:03.873] 🔁 Abriendo chat (intento 1/3) con: https://web.whatsapp.com/send?phone=573218509697&text=Hola%20Juan%2C%20te%20escribimos%20de%20MEDPLAY.%0A%0A%E2%80%A2%20Tu%20Netflix%20(pantalla%205)%2C%20con%20el%20correo%20pedromurillo653%40outlook.com%2C%20vence%20el%20*18%2F04%2F2026*%2C%20quer%C3%ADa%20saber%20si%20deseas%20*realizar%20la%20renovaci%C3%B3n*%2C%20tiene%20un%20costo%20de%20*%24%2013%2C900*.%0A%0A*PARA%20PAGOS%20POR%20NEQUI%20SOLICITAR%20EL%20QR%20POR%20FAVOR*
[2026-04-17 12:41:09.871] ✉️ Enviando…
[2026-04-17 12:41:10.469] ↩️ Enviado (Enter)
[2026-04-17 12:41:10.469] ⏳ Pausa post-envío: 12s…
[2026-04-17 12:41:22.473] 
[19/62] → 573106086426
[2026-04-17 12:41:22.474] 🔁 Abriendo chat (intento 1/3) con: https://web.whatsapp.com/send?phone=573106086426&text=Hola%20Yepes%2C%20te%20escribimos%20de%20MEDPLAY.%0A%0A%E2%80%A2%20Tu%20Crunchyroll%20(pantalla%201)%2C%20con%20el%20correo%20kadenmcalpin26%40hotmail.com%2C%20vence%20el%20*18%2F04%2F2026*%2C%20quer%C3%ADa%20saber%20si%20deseas%20*realizar%20la%20renovaci%C3%B3n*%2C%20tiene%20un%20costo%20de%20*%24%203%2C900*.%0A%0A*PARA%20PAGOS%20POR%20NEQUI%20SOLICITAR%20EL%20QR%20POR%20FAVOR*
[2026-04-17 12:41:31.099] ✉️ Enviando…
[2026-04-17 12:41:31.312] ↩️ Enviado (Enter)
[2026-04-17 12:41:31.314] ⏳ Pausa post-envío: 12s…
[2026-04-17 12:41:43.315] 
[20/62] → 573114071937
[2026-04-17 12:41:43.317] 🔁 Abriendo chat (intento 1/3) con: https://web.whatsapp.com/send?phone=573114071937&text=Hola%20Carlos%2C%20te%20escribimos%20de%20MEDPLAY.%0A%0A%E2%80%A2%20Tu%20Crunchyroll%20(pantalla%202)%2C%20con%20el%20correo%20kadenmcalpin26%40hotmail.com%2C%20vence%20el%20*18%2F04%2F2026*%2C%20quer%C3%ADa%20saber%20si%20deseas%20*realizar%20la%20renovaci%C3%B3n*%2C%20tiene%20un%20costo%20de%20*%24%203%2C900*.%0A%0A*PARA%20PAGOS%20POR%20NEQUI%20SOLICITAR%20EL%20QR%20POR%20FAVOR*
[2026-04-17 12:41:51.837] ✉️ Enviando…
[2026-04-17 12:41:52.053] ↩️ Enviado (Enter)
[2026-04-17 12:41:52.053] ⏳ Pausa post-envío: 12s…
[2026-04-17 12:42:04.053] 
[21/62] → 573203065212
[2026-04-17 12:42:04.054] 🔁 Abriendo chat (intento 1/3) con: https://web.whatsapp.com/send?phone=573203065212&text=Hola%20Jhon%2C%20te%20escribimos%20de%20MEDPLAY.%0A%0A%E2%80%A2%20Tu%20Crunchyroll%20(pantalla%203)%2C%20con%20el%20correo%20kadenmcalpin26%40hotmail.com%2C%20vence%20el%20*18%2F04%2F2026*%2C%20quer%C3%ADa%20saber%20si%20deseas%20*realizar%20la%20renovaci%C3%B3n*%2C%20tiene%20un%20costo%20de%20*%24%203%2C900*.%0A%0A*PARA%20PAGOS%20POR%20NEQUI%20SOLICITAR%20EL%20QR%20POR%20FAVOR*
[2026-04-17 12:42:12.630] ✉️ Enviando…
[2026-04-17 12:42:12.861] ↩️ Enviado (Enter)
[2026-04-17 12:42:12.863] ⏳ Pausa post-envío: 12s…
[2026-04-17 12:42:24.878] 
[22/62] → 573145177626
[2026-04-17 12:42:24.878] 🔁 Abriendo chat (intento 1/3) con: https://web.whatsapp.com/send?phone=573145177626&text=Hola%20Adolfo%2C%20te%20escribimos%20de%20MEDPLAY.%0A%0A%E2%80%A2%20Tu%20Crunchyroll%20(pantalla%202)%2C%20con%20el%20correo%20esmeraldagraboski587%40hotmail.com%2C%20vence%20el%20*18%2F04%2F2026*%2C%20quer%C3%ADa%20saber%20si%20deseas%20*realizar%20la%20renovaci%C3%B3n*%2C%20tiene%20un%20costo%20de%20*%24%203%2C900*.%0A%0A*PARA%20PAGOS%20POR%20NEQUI%20SOLICITAR%20EL%20QR%20POR%20FAVOR*
[2026-04-17 12:42:33.652] ✉️ Enviando…
[2026-04-17 12:42:33.888] ↩️ Enviado (Enter)
[2026-04-17 12:42:33.888] ⏳ Pausa post-envío: 12s…
[2026-04-17 12:42:45.896] 
[23/62] → 573204774132
[2026-04-17 12:42:45.896] 🔁 Abriendo chat (intento 1/3) con: https://web.whatsapp.com/send?phone=573204774132&text=Hola%20Sneyder%2C%20te%20escribimos%20de%20MEDPLAY.%0A%0A%E2%80%A2%20Tu%20Crunchyroll%20(pantalla%205)%2C%20con%20el%20correo%20kadenmcalpin26%40hotmail.com%2C%20vence%20el%20*18%2F04%2F2026*%2C%20quer%C3%ADa%20saber%20si%20deseas%20*realizar%20la%20renovaci%C3%B3n*%2C%20tiene%20un%20costo%20de%20*%24%203%2C900*.%0A%0A*PARA%20PAGOS%20POR%20NEQUI%20SOLICITAR%20EL%20QR%20POR%20FAVOR*
[2026-04-17 12:42:54.732] ✉️ Enviando…
[2026-04-17 12:42:54.958] ↩️ Enviado (Enter)
[2026-04-17 12:42:54.959] ⏳ Pausa post-envío: 12s…
[2026-04-17 12:43:06.963] 
[24/62] → 573184200289
[2026-04-17 12:43:06.965] 🔁 Abriendo chat (intento 1/3) con: https://web.whatsapp.com/send?phone=573184200289&text=Hola%20%2B57%2C%20te%20escribimos%20de%20MEDPLAY.%0A%0A%E2%80%A2%20Tu%20Crunchyroll%20(pantalla%205)%2C%20con%20el%20correo%20medolayplanatt%40gmail.com%2C%20vence%20el%20*18%2F04%2F2026*%2C%20quer%C3%ADa%20saber%20si%20deseas%20*realizar%20la%20renovaci%C3%B3n*%2C%20tiene%20un%20costo%20de%20*%24%203%2C900*.%0A%0A*PARA%20PAGOS%20POR%20NEQUI%20SOLICITAR%20EL%20QR%20POR%20FAVOR*
[2026-04-17 12:43:15.584] ✉️ Enviando…
[2026-04-17 12:43:15.775] ↩️ Enviado (Enter)
[2026-04-17 12:43:15.776] ⏳ Pausa post-envío: 12s…
[2026-04-17 12:43:27.789] 
[25/62] → 573224792407
[2026-04-17 12:43:27.789] 🔁 Abriendo chat (intento 1/3) con: https://web.whatsapp.com/send?phone=573224792407&text=Hola%20Wesley%2C%20te%20escribimos%20de%20MEDPLAY.%0A%0A%E2%80%A2%20Tu%20Disney%20(pantalla%201)%2C%20con%20el%20correo%20medplay93%2Bdis5%40gmail.com%2C%20vence%20el%20*18%2F04%2F2026*%2C%20quer%C3%ADa%20saber%20si%20deseas%20*realizar%20la%20renovaci%C3%B3n*%2C%20tiene%20un%20costo%20de%20*%24%207%2C900*.%0A%0A*PARA%20PAGOS%20POR%20NEQUI%20SOLICITAR%20EL%20QR%20POR%20FAVOR*
[2026-04-17 12:43:33.578] ✉️ Enviando…
[2026-04-17 12:43:34.079] ↩️ Enviado (Enter)
[2026-04-17 12:43:34.079] ⏳ Pausa post-envío: 12s…
[2026-04-17 12:43:46.096] 
[26/62] → 573246578668
[2026-04-17 12:43:46.098] 🔁 Abriendo chat (intento 1/3) con: https://web.whatsapp.com/send?phone=573246578668&text=Hola%20Suarez%2C%20te%20escribimos%20de%20MEDPLAY.%0A%0A%E2%80%A2%20Tu%20Crunchyroll%20(pantalla%202)%2C%20con%20el%20correo%20anjalinebaugh979%40hotmail.com%2C%20vence%20el%20*18%2F04%2F2026*%2C%20quer%C3%ADa%20saber%20si%20deseas%20*realizar%20la%20renovaci%C3%B3n*%2C%20tiene%20un%20costo%20de%20*%24%203%2C900*.%0A%0A*PARA%20PAGOS%20POR%20NEQUI%20SOLICITAR%20EL%20QR%20POR%20FAVOR*
[2026-04-17 12:43:52.020] ✉️ Enviando…
[2026-04-17 12:43:52.478] ↩️ Enviado (Enter)
[2026-04-17 12:43:52.479] ⏳ Pausa post-envío: 12s…
[2026-04-17 12:44:04.495] 
[27/62] → 573145255020
[2026-04-17 12:44:04.495] 🔁 Abriendo chat (intento 1/3) con: https://web.whatsapp.com/send?phone=573145255020&text=Hola%20Brayan%2C%20te%20escribimos%20de%20MEDPLAY.%0A%0A%E2%80%A2%20Tu%20Netflix%20(pantalla%205%20y%204)%2C%20con%20el%20correo%20pedromurillo653%40outlook.com%2C%20vence%20el%20*18%2F04%2F2026*%2C%20quer%C3%ADa%20saber%20si%20deseas%20*realizar%20la%20renovaci%C3%B3n*%2C%20tiene%20un%20costo%20de%20*%24%2013%2C900*.%0A%0A*PARA%20PAGOS%20POR%20NEQUI%20SOLICITAR%20EL%20QR%20POR%20FAVOR*
[2026-04-17 12:44:13.445] ✉️ Enviando…
[2026-04-17 12:44:13.714] ↩️ Enviado (Enter)
[2026-04-17 12:44:13.714] ⏳ Pausa post-envío: 12s…
[2026-04-17 12:44:25.716] 
[28/62] → 573046323892
[2026-04-17 12:44:25.717] 🔁 Abriendo chat (intento 1/3) con: https://web.whatsapp.com/send?phone=573046323892&text=Hola%20Jhon%2C%20te%20escribimos%20de%20MEDPLAY.%0A%0A%E2%80%A2%20Tu%20Crunchyroll%20(pantalla%202)%2C%20con%20el%20correo%20louizarivello6782%40hotmail.com%2C%20vence%20el%20*18%2F04%2F2026*%2C%20quer%C3%ADa%20saber%20si%20deseas%20*realizar%20la%20renovaci%C3%B3n*%2C%20tiene%20un%20costo%20de%20*%24%203%2C900*.%0A%0A*PARA%20PAGOS%20POR%20NEQUI%20SOLICITAR%20EL%20QR%20POR%20FAVOR*
[2026-04-17 12:44:32.894] ✉️ Enviando…
[2026-04-17 12:44:33.427] ↩️ Enviado (Enter)
[2026-04-17 12:44:33.428] ⏳ Pausa post-envío: 12s…
[2026-04-17 12:44:45.443] 
[29/62] → 573107366652
[2026-04-17 12:44:45.443] 🔁 Abriendo chat (intento 1/3) con: https://web.whatsapp.com/send?phone=573107366652&text=Hola%20Alejandra%2C%20te%20escribimos%20de%20MEDPLAY.%0A%0A%E2%80%A2%20Tu%20Crunchyroll%20(pantalla%204)%2C%20con%20el%20correo%20foxfosfire%40gmail.com%2C%20vence%20el%20*18%2F04%2F2026*%2C%20quer%C3%ADa%20saber%20si%20deseas%20*realizar%20la%20renovaci%C3%B3n*%2C%20tiene%20un%20costo%20de%20*%24%203%2C900*.%0A%0A*PARA%20PAGOS%20POR%20NEQUI%20SOLICITAR%20EL%20QR%20POR%20FAVOR*
[2026-04-17 12:44:54.054] ✉️ Enviando…
[2026-04-17 12:44:54.258] ↩️ Enviado (Enter)
[2026-04-17 12:44:54.260] ⏳ Pausa post-envío: 12s…
[2026-04-17 12:45:06.276] 
[30/62] → 573213452756
[2026-04-17 12:45:06.276] 🔁 Abriendo chat (intento 1/3) con: https://web.whatsapp.com/send?phone=573213452756&text=Hola%20Jhon%2C%20te%20escribimos%20de%20MEDPLAY.%0A%0A%E2%80%A2%20Tu%20Crunchyroll%20(pantalla%205)%2C%20con%20el%20correo%20hildalizardi0393%40hotmail.com%2C%20vence%20el%20*18%2F04%2F2026*%2C%20quer%C3%ADa%20saber%20si%20deseas%20*realizar%20la%20renovaci%C3%B3n*%2C%20tiene%20un%20costo%20de%20*%24%203%2C900*.%0A%0A*PARA%20PAGOS%20POR%20NEQUI%20SOLICITAR%20EL%20QR%20POR%20FAVOR*
[2026-04-17 12:45:15.868] ✉️ Enviando…
[2026-04-17 12:45:16.115] ↩️ Enviado (Enter)
[2026-04-17 12:45:16.116] ⏳ Pausa post-envío: 12s…
[2026-04-17 12:45:28.120] 
[31/62] → 573161218707
[2026-04-17 12:45:28.121] 🔁 Abriendo chat (intento 1/3) con: https://web.whatsapp.com/send?phone=573161218707&text=Hola%20Ivan%2C%20te%20escribimos%20de%20MEDPLAY.%0A%0A%E2%80%A2%20Tu%20Crunchyroll%20(pantalla%206)%2C%20con%20el%20correo%20kadenmcalpin26%40hotmail.com%2C%20vence%20el%20*18%2F04%2F2026*%2C%20quer%C3%ADa%20saber%20si%20deseas%20*realizar%20la%20renovaci%C3%B3n*%2C%20tiene%20un%20costo%20de%20*%24%203%2C900*.%0A%0A*PARA%20PAGOS%20POR%20NEQUI%20SOLICITAR%20EL%20QR%20POR%20FAVOR*
[2026-04-17 12:45:36.971] ✉️ Enviando…
[2026-04-17 12:45:37.176] ↩️ Enviado (Enter)
[2026-04-17 12:45:37.177] ⏳ Pausa post-envío: 12s…
[2026-04-17 12:45:49.193] 
[32/62] → 573219330319
[2026-04-17 12:45:49.194] 🔁 Abriendo chat (intento 1/3) con: https://web.whatsapp.com/send?phone=573219330319&text=Hola%20Katherine%2C%20te%20escribimos%20de%20MEDPLAY.%0A%0A%E2%80%A2%20Tu%20Amazon%20(pantalla%201)%2C%20con%20el%20correo%20keirenhgg17890%40hotmail.com%2C%20vence%20el%20*18%2F04%2F2026*%2C%20quer%C3%ADa%20saber%20si%20deseas%20*realizar%20la%20renovaci%C3%B3n*%2C%20tiene%20un%20costo%20de%20*%24%207%2C900*.%0A%0A*PARA%20PAGOS%20POR%20NEQUI%20SOLICITAR%20EL%20QR%20POR%20FAVOR*
[2026-04-17 12:45:57.921] ✉️ Enviando…
[2026-04-17 12:45:58.221] ↩️ Enviado (Enter)
[2026-04-17 12:45:58.221] ⏳ Pausa post-envío: 12s…
[2026-04-17 12:46:10.225] 
[33/62] → 573001473504
[2026-04-17 12:46:10.227] 🔁 Abriendo chat (intento 1/3) con: https://web.whatsapp.com/send?phone=573001473504&text=Hola%20Jhoan%2C%20te%20escribimos%20de%20MEDPLAY.%0A%0A%E2%80%A2%20Tu%20Crunchyroll%20(pantalla%206)%2C%20con%20el%20correo%20kristaswieca30%40hotmail.com%2C%20vence%20el%20*18%2F04%2F2026*%2C%20quer%C3%ADa%20saber%20si%20deseas%20*realizar%20la%20renovaci%C3%B3n*%2C%20tiene%20un%20costo%20de%20*%24%203%2C900*.%0A%0A*PARA%20PAGOS%20POR%20NEQUI%20SOLICITAR%20EL%20QR%20POR%20FAVOR*
[2026-04-17 12:46:18.992] ✉️ Enviando…
[2026-04-17 12:46:19.218] ↩️ Enviado (Enter)
[2026-04-17 12:46:19.219] ⏳ Pausa post-envío: 12s…
[2026-04-17 12:46:31.218] 
[34/62] → 573102934536
[2026-04-17 12:46:31.219] 🔁 Abriendo chat (intento 1/3) con: https://web.whatsapp.com/send?phone=573102934536&text=Hola%20Yanpool%2C%20te%20escribimos%20de%20MEDPLAY.%0A%0A%E2%80%A2%20Tu%20Crunchyroll%20(pantalla%206)%2C%20con%20el%20correo%20theobaldzevallos76%40hotmail.com%2C%20vence%20el%20*18%2F04%2F2026*%2C%20quer%C3%ADa%20saber%20si%20deseas%20*realizar%20la%20renovaci%C3%B3n*%2C%20tiene%20un%20costo%20de%20*%24%203%2C900*.%0A%0A*PARA%20PAGOS%20POR%20NEQUI%20SOLICITAR%20EL%20QR%20POR%20FAVOR*
[2026-04-17 12:46:39.425] ✉️ Enviando…
[2026-04-17 12:46:39.667] ↩️ Enviado (Enter)
[2026-04-17 12:46:39.667] ⏳ Pausa post-envío: 12s…
[2026-04-17 12:46:51.677] 
[35/62] → 573217449630
[2026-04-17 12:46:51.679] 🔁 Abriendo chat (intento 1/3) con: https://web.whatsapp.com/send?phone=573217449630&text=Hola%20Santhizz%2C%20te%20escribimos%20de%20MEDPLAY.%0A%0A%E2%80%A2%20Tu%20Crunchyroll%20(pantalla%206)%2C%20con%20el%20correo%20shantellehoneywell1578%40hotmail.com%2C%20vence%20el%20*18%2F04%2F2026*%2C%20quer%C3%ADa%20saber%20si%20deseas%20*realizar%20la%20renovaci%C3%B3n*%2C%20tiene%20un%20costo%20de%20*%24%203%2C900*.%0A%0A*PARA%20PAGOS%20POR%20NEQUI%20SOLICITAR%20EL%20QR%20POR%20FAVOR*
[2026-04-17 12:46:59.768] ✉️ Enviando…
[2026-04-17 12:47:00.010] ↩️ Enviado (Enter)
[2026-04-17 12:47:00.011] ⏳ Pausa post-envío: 12s…
[2026-04-17 12:47:12.011] 
[36/62] → 573103855243
[2026-04-17 12:47:12.012] 🔁 Abriendo chat (intento 1/3) con: https://web.whatsapp.com/send?phone=573103855243&text=Hola%20%2B57%2C%20te%20escribimos%20de%20MEDPLAY.%0A%0A%E2%80%A2%20Tu%20Crunchyroll%20(pantalla%206)%2C%20con%20el%20correo%20springestelle7814%40hotmail.com%2C%20vence%20el%20*18%2F04%2F2026*%2C%20quer%C3%ADa%20saber%20si%20deseas%20*realizar%20la%20renovaci%C3%B3n*%2C%20tiene%20un%20costo%20de%20*%24%203%2C900*.%0A%E2%80%A2%20Tu%20Disney%20(pantalla%203)%2C%20con%20el%20correo%20medplay93%2Bdis5%40gmail.com%2C%20vence%20el%20*18%2F04%2F2026*%2C%20quer%C3%ADa%20saber%20si%20deseas%20*realizar%20la%20renovaci%C3%B3n*%2C%20tiene%20un%20costo%20de%20*%24%207%2C900*.%0A%0A*PARA%20PAGOS%20POR%20NEQUI%20SOLICITAR%20EL%20QR%20POR%20FAVOR*
[2026-04-17 12:47:21.107] ✉️ Enviando…
[2026-04-17 12:47:21.375] ↩️ Enviado (Enter)
[2026-04-17 12:47:21.376] ⏳ Pausa post-envío: 12s…
[2026-04-17 12:47:33.387] 
[37/62] → 573028532988
[2026-04-17 12:47:33.388] 🔁 Abriendo chat (intento 1/3) con: https://web.whatsapp.com/send?phone=573028532988&text=Hola%20%2B57%2C%20te%20escribimos%20de%20MEDPLAY.%0A%0A%E2%80%A2%20Tu%20Amazon%20(pantalla%203)%2C%20con%20el%20correo%20keirenhgg17890%40hotmail.com%2C%20vence%20el%20*18%2F04%2F2026*%2C%20quer%C3%ADa%20saber%20si%20deseas%20*realizar%20la%20renovaci%C3%B3n*%2C%20tiene%20un%20costo%20de%20*%24%207%2C900*.%0A%0A*PARA%20PAGOS%20POR%20NEQUI%20SOLICITAR%20EL%20QR%20POR%20FAVOR*
[2026-04-17 12:47:39.360] ✉️ Enviando…
[2026-04-17 12:47:39.882] ↩️ Enviado (Enter)
[2026-04-17 12:47:39.882] ⏳ Pausa post-envío: 12s…
[2026-04-17 12:47:51.893] 
[38/62] → 573124807564
[2026-04-17 12:47:51.895] 🔁 Abriendo chat (intento 1/3) con: https://web.whatsapp.com/send?phone=573124807564&text=Hola%20Andres%2C%20te%20escribimos%20de%20MEDPLAY.%0A%0A%E2%80%A2%20Tu%20Crunchyroll%20(pantalla%206)%2C%20con%20el%20correo%20yicanitro%40gmail.com%2C%20vence%20el%20*18%2F04%2F2026*%2C%20quer%C3%ADa%20saber%20si%20deseas%20*realizar%20la%20renovaci%C3%B3n*%2C%20tiene%20un%20costo%20de%20*%24%203%2C900*.%0A%0A*PARA%20PAGOS%20POR%20NEQUI%20SOLICITAR%20EL%20QR%20POR%20FAVOR*
[2026-04-17 12:47:57.811] ✉️ Enviando…
[2026-04-17 12:47:58.366] ↩️ Enviado (Enter)
[2026-04-17 12:47:58.366] ⏳ Pausa post-envío: 12s…
[2026-04-17 12:48:10.374] 
[39/62] → 573216583428
[2026-04-17 12:48:10.375] 🔁 Abriendo chat (intento 1/3) con: https://web.whatsapp.com/send?phone=573216583428&text=Hola%20Ivan%2C%20te%20escribimos%20de%20MEDPLAY.%0A%0A%E2%80%A2%20Tu%20Crunchyroll%20(pantalla%206)%2C%20con%20el%20correo%20sevatrena%40gmail.com%2C%20vence%20el%20*18%2F04%2F2026*%2C%20quer%C3%ADa%20saber%20si%20deseas%20*realizar%20la%20renovaci%C3%B3n*%2C%20tiene%20un%20costo%20de%20*%24%203%2C900*.%0A%0A*PARA%20PAGOS%20POR%20NEQUI%20SOLICITAR%20EL%20QR%20POR%20FAVOR*
[2026-04-17 12:48:19.120] ✉️ Enviando…
[2026-04-17 12:48:19.338] ↩️ Enviado (Enter)
[2026-04-17 12:48:19.339] ⏳ Pausa post-envío: 12s…
[2026-04-17 12:48:31.354] 
[40/62] → 573155829620
[2026-04-17 12:48:31.355] 🔁 Abriendo chat (intento 1/3) con: https://web.whatsapp.com/send?phone=573155829620&text=Hola%2C%20te%20escribimos%20de%20MEDPLAY.%0A%0A%E2%80%A2%20Tu%20Youtube%2C%20con%20el%20correo%20jhoneison7%40gmail.com%2C%20vence%20el%20*17%2F04%2F2026*%2C%20quer%C3%ADa%20saber%20si%20deseas%20*realizar%20la%20renovaci%C3%B3n*%2C%20tiene%20un%20costo%20de%20*%24%207%2C900*.%0A%0A*PARA%20PAGOS%20POR%20NEQUI%20SOLICITAR%20EL%20QR%20POR%20FAVOR*
[2026-04-17 12:48:39.714] ✉️ Enviando…
[2026-04-17 12:48:39.948] ↩️ Enviado (Enter)
[2026-04-17 12:48:39.948] ⏳ Pausa post-envío: 12s…
[2026-04-17 12:48:51.962] 
[41/62] → 573024835863
[2026-04-17 12:48:51.964] 🔁 Abriendo chat (intento 1/3) con: https://web.whatsapp.com/send?phone=573024835863&text=Hola%2C%20te%20escribimos%20de%20MEDPLAY.%0A%0A%E2%80%A2%20Tu%20Youtube%2C%20con%20el%20correo%20jhonchamo.1595%40gmail.com%2C%20vence%20el%20*17%2F04%2F2026*%2C%20quer%C3%ADa%20saber%20si%20deseas%20*realizar%20la%20renovaci%C3%B3n*%2C%20tiene%20un%20costo%20de%20*%24%207%2C900*.%0A%0A*PARA%20PAGOS%20POR%20NEQUI%20SOLICITAR%20EL%20QR%20POR%20FAVOR*
[2026-04-17 12:48:59.765] ✉️ Enviando…
[2026-04-17 12:48:59.981] ↩️ Enviado (Enter)
[2026-04-17 12:48:59.981] ⏳ Pausa post-envío: 12s…
[2026-04-17 12:49:11.988] 
[42/62] → 573147832444
[2026-04-17 12:49:11.989] 🔁 Abriendo chat (intento 1/3) con: https://web.whatsapp.com/send?phone=573147832444&text=Hola%20Ospina%2C%20te%20escribimos%20de%20MEDPLAY.%0A%0A%E2%80%A2%20Tu%20Youtube%2C%20con%20el%20correo%20valentinarojasgomez7%40gmail.com%2C%20vence%20el%20*17%2F04%2F2026*%2C%20quer%C3%ADa%20saber%20si%20deseas%20*realizar%20la%20renovaci%C3%B3n*%2C%20tiene%20un%20costo%20de%20*%24%207%2C900*.%0A%0A*PARA%20PAGOS%20POR%20NEQUI%20SOLICITAR%20EL%20QR%20POR%20FAVOR*
[2026-04-17 12:49:18.533] ✉️ Enviando…
[2026-04-17 12:49:18.922] ↩️ Enviado (Enter)
[2026-04-17 12:49:18.923] ⏳ Pausa post-envío: 12s…
[2026-04-17 12:49:30.937] 
[43/62] → 573228148649
[2026-04-17 12:49:30.938] 🔁 Abriendo chat (intento 1/3) con: https://web.whatsapp.com/send?phone=573228148649&text=Hola%2C%20te%20escribimos%20de%20MEDPLAY.%0A%0A%E2%80%A2%20Tu%20Youtube%2C%20con%20el%20correo%20luispaeznavarro%40gmail.com%2C%20vence%20el%20*17%2F04%2F2026*%2C%20quer%C3%ADa%20saber%20si%20deseas%20*realizar%20la%20renovaci%C3%B3n*%2C%20tiene%20un%20costo%20de%20*%24%207%2C900*.%0A%0A*PARA%20PAGOS%20POR%20NEQUI%20SOLICITAR%20EL%20QR%20POR%20FAVOR*
[2026-04-17 12:49:39.028] ✉️ Enviando…
[2026-04-17 12:49:39.236] ↩️ Enviado (Enter)
[2026-04-17 12:49:39.236] ⏳ Pausa post-envío: 12s…
[2026-04-17 12:49:51.250] 
[44/62] → 573125804849
[2026-04-17 12:49:51.250] 🔁 Abriendo chat (intento 1/3) con: https://web.whatsapp.com/send?phone=573125804849&text=Hola%20Andy%2C%20te%20escribimos%20de%20MEDPLAY.%0A%0A%E2%80%A2%20Tu%20Youtube%2C%20con%20el%20correo%20Andych1258%40gmail.com%2C%20vence%20el%20*18%2F04%2F2026*%2C%20quer%C3%ADa%20saber%20si%20deseas%20*realizar%20la%20renovaci%C3%B3n*%2C%20tiene%20un%20costo%20de%20*%24%207%2C900*.%0A%0A*PARA%20PAGOS%20POR%20NEQUI%20SOLICITAR%20EL%20QR%20POR%20FAVOR*
[2026-04-17 12:50:00.497] ✉️ Enviando…
[2026-04-17 12:50:00.693] ↩️ Enviado (Enter)
[2026-04-17 12:50:00.694] ⏳ Pausa post-envío: 12s…
[2026-04-17 12:50:12.704] 
[45/62] → 573144008686
[2026-04-17 12:50:12.706] 🔁 Abriendo chat (intento 1/3) con: https://web.whatsapp.com/send?phone=573144008686&text=Hola%20Dallan%2C%20te%20escribimos%20de%20MEDPLAY.%0A%0A%E2%80%A2%20Tu%20Youtube%2C%20con%20el%20correo%20dallansuarez055%40gmail.com%2C%20vence%20el%20*18%2F04%2F2026*%2C%20quer%C3%ADa%20saber%20si%20deseas%20*realizar%20la%20renovaci%C3%B3n*%2C%20tiene%20un%20costo%20de%20*%24%207%2C900*.%0A%0A*PARA%20PAGOS%20POR%20NEQUI%20SOLICITAR%20EL%20QR%20POR%20FAVOR*
[2026-04-17 12:50:21.373] ✉️ Enviando…
[2026-04-17 12:50:21.598] ↩️ Enviado (Enter)
[2026-04-17 12:50:21.598] ⏳ Pausa post-envío: 12s…
[2026-04-17 12:50:33.602] 
[46/62] → 573178930660
[2026-04-17 12:50:33.603] 🔁 Abriendo chat (intento 1/3) con: https://web.whatsapp.com/send?phone=573178930660&text=Hola%20Alex%2C%20te%20escribimos%20de%20MEDPLAY.%0A%0A%E2%80%A2%20Tu%20Youtube%2C%20con%20el%20correo%20alexminottap1981%40gmail.con%2C%20vence%20el%20*18%2F04%2F2026*%2C%20quer%C3%ADa%20saber%20si%20deseas%20*realizar%20la%20renovaci%C3%B3n*%2C%20tiene%20un%20costo%20de%20*%24%207%2C900*.%0A%E2%80%A2%20Tu%20Youtube%2C%20con%20el%20correo%20alexminottap1981%40gmail.com%2C%20vence%20el%20*18%2F04%2F2026*%2C%20quer%C3%ADa%20saber%20si%20deseas%20*realizar%20la%20renovaci%C3%B3n*%2C%20tiene%20un%20costo%20de%20*%24%207%2C900*.%0A%0A*PARA%20PAGOS%20POR%20NEQUI%20SOLICITAR%20EL%20QR%20POR%20FAVOR*
[2026-04-17 12:50:42.537] ✉️ Enviando…
[2026-04-17 12:50:42.778] ↩️ Enviado (Enter)
[2026-04-17 12:50:42.778] ⏳ Pausa post-envío: 12s…
[2026-04-17 12:50:54.786] 
[47/62] → 573217321514
[2026-04-17 12:50:54.787] 🔁 Abriendo chat (intento 1/3) con: https://web.whatsapp.com/send?phone=573217321514&text=Hola%20Maicol%2C%20te%20escribimos%20de%20MEDPLAY.%0A%0A%E2%80%A2%20Tu%20Youtube%2C%20con%20el%20correo%20maicolquin2110%40gmail.com%2C%20vence%20el%20*18%2F04%2F2026*%2C%20quer%C3%ADa%20saber%20si%20deseas%20*realizar%20la%20renovaci%C3%B3n*%2C%20tiene%20un%20costo%20de%20*%24%207%2C900*.%0A%0A*PARA%20PAGOS%20POR%20NEQUI%20SOLICITAR%20EL%20QR%20POR%20FAVOR*
[2026-04-17 12:51:04.316] ✉️ Enviando…
[2026-04-17 12:51:04.560] ↩️ Enviado (Enter)
[2026-04-17 12:51:04.560] ⏳ Pausa post-envío: 12s…
[2026-04-17 12:51:16.569] 
[48/62] → 573209429723
[2026-04-17 12:51:16.570] 🔁 Abriendo chat (intento 1/3) con: https://web.whatsapp.com/send?phone=573209429723&text=Hola%20Nolberto%2C%20te%20escribimos%20de%20MEDPLAY.%0A%0A%E2%80%A2%20Tu%20Youtube%2C%20con%20el%20correo%20adrianamariacalderonninco%40gmail.com%2C%20vence%20el%20*18%2F04%2F2026*%2C%20quer%C3%ADa%20saber%20si%20deseas%20*realizar%20la%20renovaci%C3%B3n*%2C%20tiene%20un%20costo%20de%20*%24%207%2C900*.%0A%0A*PARA%20PAGOS%20POR%20NEQUI%20SOLICITAR%20EL%20QR%20POR%20FAVOR*
[2026-04-17 12:51:25.301] ✉️ Enviando…
[2026-04-17 12:51:25.497] ↩️ Enviado (Enter)
[2026-04-17 12:51:25.498] ⏳ Pausa post-envío: 12s…
[2026-04-17 12:51:37.508] 
[49/62] → 573166497764
[2026-04-17 12:51:37.509] 🔁 Abriendo chat (intento 1/3) con: https://web.whatsapp.com/send?phone=573166497764&text=Hola%20Sjp%2C%20te%20escribimos%20de%20MEDPLAY.%0A%0A%E2%80%A2%20Tu%20Youtube%2C%20con%20el%20correo%20hectorflondono2%40gmail.com%2C%20vence%20el%20*18%2F04%2F2026*%2C%20quer%C3%ADa%20saber%20si%20deseas%20*realizar%20la%20renovaci%C3%B3n*%2C%20tiene%20un%20costo%20de%20*%24%207%2C900*.%0A%0A*PARA%20PAGOS%20POR%20NEQUI%20SOLICITAR%20EL%20QR%20POR%20FAVOR*
[2026-04-17 12:51:46.054] ✉️ Enviando…
[2026-04-17 12:51:46.247] ↩️ Enviado (Enter)
[2026-04-17 12:51:46.248] ⏳ Pausa post-envío: 12s…
[2026-04-17 12:51:58.249] 
[50/62] → 573013775690
[2026-04-17 12:51:58.250] 🔁 Abriendo chat (intento 1/3) con: https://web.whatsapp.com/send?phone=573013775690&text=Hola%20%2B57%2C%20te%20escribimos%20de%20MEDPLAY.%0A%0A%E2%80%A2%20Tu%20Spotify%2C%20con%20el%20correo%20sspomedplay1%40gmail.com%2C%20vence%20el%20*18%2F04%2F2026*%2C%20quer%C3%ADa%20saber%20si%20deseas%20*realizar%20la%20renovaci%C3%B3n*%2C%20tiene%20un%20costo%20de%20*%24%205%2C900*.%0A%0A*PARA%20PAGOS%20POR%20NEQUI%20SOLICITAR%20EL%20QR%20POR%20FAVOR*
[2026-04-17 12:52:07.304] ✉️ Enviando…
[2026-04-17 12:52:07.553] ↩️ Enviado (Enter)
[2026-04-17 12:52:07.554] ⏳ Pausa post-envío: 12s…
[2026-04-17 12:52:19.559] 
[51/62] → 573148117652
[2026-04-17 12:52:19.559] 🔁 Abriendo chat (intento 1/3) con: https://web.whatsapp.com/send?phone=573148117652&text=Hola%20Michel%2C%20te%20escribimos%20de%20MEDPLAY.%0A%0A%E2%80%A2%20Tu%20Youtube%2C%20con%20el%20correo%20michelarias114%40gmail.com%2C%20vence%20el%20*18%2F04%2F2026*%2C%20quer%C3%ADa%20saber%20si%20deseas%20*realizar%20la%20renovaci%C3%B3n*%2C%20tiene%20un%20costo%20de%20*%24%207%2C900*.%0A%0A*PARA%20PAGOS%20POR%20NEQUI%20SOLICITAR%20EL%20QR%20POR%20FAVOR*
[2026-04-17 12:52:29.384] ✉️ Enviando…
[2026-04-17 12:52:29.663] ↩️ Enviado (Enter)
[2026-04-17 12:52:29.663] ⏳ Pausa post-envío: 12s…
[2026-04-17 12:52:41.691] 
[52/62] → 573142065198
[2026-04-17 12:52:41.695] 🔁 Abriendo chat (intento 1/3) con: https://web.whatsapp.com/send?phone=573142065198&text=Hola%20Wilmar%2C%20te%20escribimos%20de%20MEDPLAY.%0A%0A%E2%80%A2%20Tu%20Youtube%2C%20con%20el%20correo%20wilmar.edsalqueria2%40gmail.com%2C%20vence%20el%20*18%2F04%2F2026*%2C%20quer%C3%ADa%20saber%20si%20deseas%20*realizar%20la%20renovaci%C3%B3n*%2C%20tiene%20un%20costo%20de%20*%24%207%2C900*.%0A%0A*PARA%20PAGOS%20POR%20NEQUI%20SOLICITAR%20EL%20QR%20POR%20FAVOR*
[2026-04-17 12:52:50.305] ✉️ Enviando…
[2026-04-17 12:52:50.509] ↩️ Enviado (Enter)
[2026-04-17 12:52:50.510] ⏳ Pausa post-envío: 12s…
[2026-04-17 12:53:02.520] 
[53/62] → 573212609326
[2026-04-17 12:53:02.521] 🔁 Abriendo chat (intento 1/3) con: https://web.whatsapp.com/send?phone=573212609326&text=Hola%20Alberto%2C%20te%20escribimos%20de%20MEDPLAY.%0A%0A%E2%80%A2%20Tu%20Youtube%2C%20con%20el%20correo%20albertobullamartinez%40gmail.com%2C%20vence%20el%20*18%2F04%2F2026*%2C%20quer%C3%ADa%20saber%20si%20deseas%20*realizar%20la%20renovaci%C3%B3n*%2C%20tiene%20un%20costo%20de%20*%24%207%2C900*.%0A%0A*PARA%20PAGOS%20POR%20NEQUI%20SOLICITAR%20EL%20QR%20POR%20FAVOR*
[2026-04-17 12:53:11.652] ✉️ Enviando…
[2026-04-17 12:53:11.879] ↩️ Enviado (Enter)
[2026-04-17 12:53:11.879] ⏳ Pausa post-envío: 12s…
[2026-04-17 12:53:23.894] 
[54/62] → 573173676897
[2026-04-17 12:53:23.895] 🔁 Abriendo chat (intento 1/3) con: https://web.whatsapp.com/send?phone=573173676897&text=Hola%20Willy%2C%20te%20escribimos%20de%20MEDPLAY.%0A%0A%E2%80%A2%20Tu%20Youtube%2C%20con%20el%20correo%20willywhonka1a06%40gmail.com%2C%20vence%20el%20*18%2F04%2F2026*%2C%20quer%C3%ADa%20saber%20si%20deseas%20*realizar%20la%20renovaci%C3%B3n*%2C%20tiene%20un%20costo%20de%20*%24%207%2C900*.%0A%0A*PARA%20PAGOS%20POR%20NEQUI%20SOLICITAR%20EL%20QR%20POR%20FAVOR*
[2026-04-17 12:53:33.298] ✉️ Enviando…
[2026-04-17 12:53:33.550] ↩️ Enviado (Enter)
[2026-04-17 12:53:33.552] ⏳ Pausa post-envío: 12s…
[2026-04-17 12:53:45.564] 
[55/62] → 573150601009
[2026-04-17 12:53:45.565] 🔁 Abriendo chat (intento 1/3) con: https://web.whatsapp.com/send?phone=573150601009&text=Hola%20Juli%C3%A1n%2C%20te%20escribimos%20de%20MEDPLAY.%0A%0A%E2%80%A2%20Tu%20Youtube%2C%20con%20el%20correo%20juliangomezyopal2026%40gmail.com%2C%20vence%20el%20*18%2F04%2F2026*%2C%20quer%C3%ADa%20saber%20si%20deseas%20*realizar%20la%20renovaci%C3%B3n*%2C%20tiene%20un%20costo%20de%20*%24%207%2C900*.%0A%0A*PARA%20PAGOS%20POR%20NEQUI%20SOLICITAR%20EL%20QR%20POR%20FAVOR*
[2026-04-17 12:53:54.637] ✉️ Enviando…
[2026-04-17 12:53:54.866] ↩️ Enviado (Enter)
[2026-04-17 12:53:54.867] ⏳ Pausa post-envío: 12s…
[2026-04-17 12:54:06.875] 
[56/62] → 573007229967
[2026-04-17 12:54:06.876] 🔁 Abriendo chat (intento 1/3) con: https://web.whatsapp.com/send?phone=573007229967&text=Hola%20Juan%2C%20te%20escribimos%20de%20MEDPLAY.%0A%0A%E2%80%A2%20Tu%20Youtube%2C%20con%20el%20correo%20juanlimas07.dl%40gmail.com%2C%20vence%20el%20*18%2F04%2F2026*%2C%20quer%C3%ADa%20saber%20si%20deseas%20*realizar%20la%20renovaci%C3%B3n*%2C%20tiene%20un%20costo%20de%20*%24%207%2C900*.%0A%0A*PARA%20PAGOS%20POR%20NEQUI%20SOLICITAR%20EL%20QR%20POR%20FAVOR*
[2026-04-17 12:54:15.653] ✉️ Enviando…
[2026-04-17 12:54:15.901] ↩️ Enviado (Enter)
[2026-04-17 12:54:15.901] ⏳ Pausa post-envío: 12s…
[2026-04-17 12:54:27.905] 
[57/62] → 573237258479
[2026-04-17 12:54:27.906] 🔁 Abriendo chat (intento 1/3) con: https://web.whatsapp.com/send?phone=573237258479&text=Hola%20Dai%2C%20te%20escribimos%20de%20MEDPLAY.%0A%0A%E2%80%A2%20Tu%20Disney%20Premium%2C%20con%20el%20correo%20m.edplay93j%40gmail.com%2C%20vence%20el%20*18%2F04%2F2026*%2C%20quer%C3%ADa%20saber%20si%20deseas%20*realizar%20la%20renovaci%C3%B3n*%2C%20tiene%20un%20costo%20de%20*%24%2028%2C000*.%0A%0A*PARA%20PAGOS%20POR%20NEQUI%20SOLICITAR%20EL%20QR%20POR%20FAVOR*
[2026-04-17 12:54:36.587] ✉️ Enviando…
[2026-04-17 12:54:36.830] ↩️ Enviado (Enter)
[2026-04-17 12:54:36.831] ⏳ Pausa post-envío: 12s…
[2026-04-17 12:54:48.833] 
[58/62] → 573235191815
[2026-04-17 12:54:48.833] 🔁 Abriendo chat (intento 1/3) con: https://web.whatsapp.com/send?phone=573235191815&text=Hola%20Vimacavi%2C%20te%20escribimos%20de%20MEDPLAY.%0A%0A%E2%80%A2%20Tu%20Youtube%2C%20con%20el%20correo%20vimacavi2001%40gmail.com%2C%20vence%20el%20*18%2F04%2F2026*%2C%20quer%C3%ADa%20saber%20si%20deseas%20*realizar%20la%20renovaci%C3%B3n*%2C%20tiene%20un%20costo%20de%20*%24%207%2C900*.%0A%0A*PARA%20PAGOS%20POR%20NEQUI%20SOLICITAR%20EL%20QR%20POR%20FAVOR*
[2026-04-17 12:54:56.109] ✉️ Enviando…
[2026-04-17 12:54:56.621] ↩️ Enviado (Enter)
[2026-04-17 12:54:56.622] ⏳ Pausa post-envío: 12s…
[2026-04-17 12:55:08.631] 
[59/62] → 573214018884
[2026-04-17 12:55:08.633] 🔁 Abriendo chat (intento 1/3) con: https://web.whatsapp.com/send?phone=573214018884&text=Hola%20Kevin%2C%20te%20escribimos%20de%20MEDPLAY.%0A%0A%E2%80%A2%20Tu%20Youtube%2C%20con%20el%20correo%20youtubekevin0729%40gmail.com%2C%20vence%20el%20*18%2F04%2F2026*%2C%20quer%C3%ADa%20saber%20si%20deseas%20*realizar%20la%20renovaci%C3%B3n*%2C%20tiene%20un%20costo%20de%20*%24%207%2C900*.%0A%0A*PARA%20PAGOS%20POR%20NEQUI%20SOLICITAR%20EL%20QR%20POR%20FAVOR*
[2026-04-17 12:55:17.476] ✉️ Enviando…
[2026-04-17 12:55:17.700] ↩️ Enviado (Enter)
[2026-04-17 12:55:17.700] ⏳ Pausa post-envío: 12s…
[2026-04-17 12:55:29.702] 
[60/62] → 573246363523
[2026-04-17 12:55:29.703] 🔁 Abriendo chat (intento 1/3) con: https://web.whatsapp.com/send?phone=573246363523&text=Hola%20lpestanar%2C%20te%20escribimos%20de%20MEDPLAY.%0A%0A%E2%80%A2%20Tu%20Youtube%2C%20con%20el%20correo%20lpestana707%40gmail.com%2C%20vence%20el%20*18%2F04%2F2026*%2C%20quer%C3%ADa%20saber%20si%20deseas%20*realizar%20la%20renovaci%C3%B3n*%2C%20tiene%20un%20costo%20de%20*%24%207%2C900*.%0A%0A*PARA%20PAGOS%20POR%20NEQUI%20SOLICITAR%20EL%20QR%20POR%20FAVOR*
[2026-04-17 12:55:38.486] ✉️ Enviando…
[2026-04-17 12:55:38.723] ↩️ Enviado (Enter)
[2026-04-17 12:55:38.724] ⏳ Pausa post-envío: 12s…
[2026-04-17 12:55:50.743] 
[61/62] → 573167677768
[2026-04-17 12:55:50.744] 🔁 Abriendo chat (intento 1/3) con: https://web.whatsapp.com/send?phone=573167677768&text=Hola%20Daniel%2C%20te%20escribimos%20de%20MEDPLAY.%0A%0A%E2%80%A2%20Tu%20Youtube%2C%20con%20el%20correo%20youdani954%40gmail.com%2C%20vence%20el%20*18%2F04%2F2026*%2C%20quer%C3%ADa%20saber%20si%20deseas%20*realizar%20la%20renovaci%C3%B3n*%2C%20tiene%20un%20costo%20de%20*%24%207%2C900*.%0A%0A*PARA%20PAGOS%20POR%20NEQUI%20SOLICITAR%20EL%20QR%20POR%20FAVOR*
[2026-04-17 12:55:57.929] ✉️ Enviando…
[2026-04-17 12:55:58.468] ↩️ Enviado (Enter)
[2026-04-17 12:55:58.469] ⏳ Pausa post-envío: 12s…
[2026-04-17 12:56:10.479] 
[62/62] → 573103797788
[2026-04-17 12:56:10.481] 🔁 Abriendo chat (intento 1/3) con: https://web.whatsapp.com/send?phone=573103797788&text=Hola%20Ancizar%2C%20te%20escribimos%20de%20MEDPLAY.%0A%0A%E2%80%A2%20Tu%20Youtube%2C%20con%20el%20correo%20ancizarjimenezlopez32%40gmail.com%2C%20vence%20el%20*18%2F04%2F2026*%2C%20quer%C3%ADa%20saber%20si%20deseas%20*realizar%20la%20renovaci%C3%B3n*%2C%20tiene%20un%20costo%20de%20*%24%207%2C900*.%0A%0A*PARA%20PAGOS%20POR%20NEQUI%20SOLICITAR%20EL%20QR%20POR%20FAVOR*
[2026-04-17 12:56:19.260] ✉️ Enviando…
[2026-04-17 12:56:19.481] ↩️ Enviado (Enter)
[2026-04-17 12:56:19.482] ⏳ Pausa post-envío: 12s…
[2026-04-17 12:56:31.485] 
✅ Finalizado. Enviados: 62. Omitidos: 0.
[2026-04-17 12:56:31.487] ℹ️ Navegador dejado abierto para revisión manual.
[2026-04-18 17:05:51.977] 📨 Enviaré 59 mensaje(s).
[2026-04-18 17:05:51.977] 🚀 Lanzando script de navegador: C:\Users\Santiago\medplay\scripts\start-edge-wa.bat
[2026-04-18 17:05:51.989] ⏳ Esperando CDP…
[2026-04-18 17:05:55.823] 🟡 Preparando WhatsApp Web…
[2026-04-18 17:06:27.583] ✅ WhatsApp Web listo.
[2026-04-18 17:06:27.603] 
[1/59] → 573218509697
[2026-04-18 17:06:27.604] 🔁 Abriendo chat (intento 1/3) con: https://web.whatsapp.com/send?phone=573218509697&text=Hola%20Juan%2C%20te%20escribimos%20de%20MEDPLAY.%0A%0A%E2%80%A2%20Tu%20Netflix%20(pantalla%205)%2C%20con%20el%20correo%20pedromurillo653%40outlook.com%2C%20vence%20el%20*18%2F04%2F2026*%2C%20quer%C3%ADa%20saber%20si%20deseas%20*realizar%20la%20renovaci%C3%B3n*%2C%20tiene%20un%20costo%20de%20*%24%2013%2C900*.%0A%0A*PARA%20PAGOS%20POR%20NEQUI%20SOLICITAR%20EL%20QR%20POR%20FAVOR*
[2026-04-18 17:06:33.262] ✉️ Enviando…
[2026-04-18 17:06:56.999] ↩️ Enviado (Enter)
[2026-04-18 17:06:56.999] ⏳ Pausa post-envío: 12s…
[2026-04-18 17:07:09.014] 
[2/59] → 573114071937
[2026-04-18 17:07:09.016] 🔁 Abriendo chat (intento 1/3) con: https://web.whatsapp.com/send?phone=573114071937&text=Hola%20Carlos%2C%20te%20escribimos%20de%20MEDPLAY.%0A%0A%E2%80%A2%20Tu%20Crunchyroll%20(pantalla%202)%2C%20con%20el%20correo%20kadenmcalpin26%40hotmail.com%2C%20vence%20el%20*18%2F04%2F2026*%2C%20quer%C3%ADa%20saber%20si%20deseas%20*realizar%20la%20renovaci%C3%B3n*%2C%20tiene%20un%20costo%20de%20*%24%206%2C900*.%0A%0A*PARA%20PAGOS%20POR%20NEQUI%20SOLICITAR%20EL%20QR%20POR%20FAVOR*
[2026-04-18 17:08:32.019] 📨 Enviaré 59 mensaje(s).
[2026-04-18 17:08:32.019] 🚀 Lanzando script de navegador: C:\Users\Santiago\medplay\scripts\start-edge-wa.bat
[2026-04-18 17:08:32.038] ⏳ Esperando CDP…
[2026-04-18 17:08:35.258] 🟡 Preparando WhatsApp Web…
[2026-04-18 17:08:40.272] ✅ WhatsApp Web listo.
[2026-04-18 17:08:40.273] 
[1/59] → 573218509697
[2026-04-18 17:08:40.274] 🔁 Abriendo chat (intento 1/3) con: https://web.whatsapp.com/send?phone=573218509697&text=Hola%20Juan%2C%20te%20escribimos%20de%20MEDPLAY.%0A%0A%E2%80%A2%20Tu%20Netflix%20(pantalla%205)%2C%20con%20el%20correo%20pedromurillo653%40outlook.com%2C%20vence%20el%20*18%2F04%2F2026*%2C%20quer%C3%ADa%20saber%20si%20deseas%20*realizar%20la%20renovaci%C3%B3n*%2C%20tiene%20un%20costo%20de%20*%24%2013%2C900*.%0A%0A*PARA%20PAGOS%20POR%20NEQUI%20SOLICITAR%20EL%20QR%20POR%20FAVOR*
[2026-04-18 17:08:49.925] ✉️ Enviando…
[2026-04-18 17:08:50.165] ↩️ Enviado (Enter)
[2026-04-18 17:08:50.165] ⏳ Pausa post-envío: 12s…
[2026-04-18 17:09:02.181] 
[2/59] → 573114071937
[2026-04-18 17:09:02.182] 🔁 Abriendo chat (intento 1/3) con: https://web.whatsapp.com/send?phone=573114071937&text=Hola%20Carlos%2C%20te%20escribimos%20de%20MEDPLAY.%0A%0A%E2%80%A2%20Tu%20Crunchyroll%20(pantalla%202)%2C%20con%20el%20correo%20kadenmcalpin26%40hotmail.com%2C%20vence%20el%20*18%2F04%2F2026*%2C%20quer%C3%ADa%20saber%20si%20deseas%20*realizar%20la%20renovaci%C3%B3n*%2C%20tiene%20un%20costo%20de%20*%24%206%2C900*.%0A%0A*PARA%20PAGOS%20POR%20NEQUI%20SOLICITAR%20EL%20QR%20POR%20FAVOR*
[2026-04-18 17:09:05.421] ✉️ Enviando…
[2026-04-18 17:09:07.809] ↩️ Enviado (Enter)
[2026-04-18 17:09:07.809] ⏳ Pausa post-envío: 12s…
[2026-04-18 17:09:19.810] 
[3/59] → 573203065212
[2026-04-18 17:09:19.811] 🔁 Abriendo chat (intento 1/3) con: https://web.whatsapp.com/send?phone=573203065212&text=Hola%20Jhon%2C%20te%20escribimos%20de%20MEDPLAY.%0A%0A%E2%80%A2%20Tu%20Crunchyroll%20(pantalla%203)%2C%20con%20el%20correo%20kadenmcalpin26%40hotmail.com%2C%20vence%20el%20*18%2F04%2F2026*%2C%20quer%C3%ADa%20saber%20si%20deseas%20*realizar%20la%20renovaci%C3%B3n*%2C%20tiene%20un%20costo%20de%20*%24%206%2C900*.%0A%0A*PARA%20PAGOS%20POR%20NEQUI%20SOLICITAR%20EL%20QR%20POR%20FAVOR*
[2026-04-18 17:09:33.377] ✉️ Enviando…
[2026-04-18 17:09:33.635] ↩️ Enviado (Enter)
[2026-04-18 17:09:33.635] ⏳ Pausa post-envío: 12s…
[2026-04-18 17:09:45.647] 
[4/59] → 573145177626
[2026-04-18 17:09:45.651] 🔁 Abriendo chat (intento 1/3) con: https://web.whatsapp.com/send?phone=573145177626&text=Hola%20Adolfo%2C%20te%20escribimos%20de%20MEDPLAY.%0A%0A%E2%80%A2%20Tu%20Crunchyroll%20(pantalla%202)%2C%20con%20el%20correo%20esmeraldagraboski587%40hotmail.com%2C%20vence%20el%20*18%2F04%2F2026*%2C%20quer%C3%ADa%20saber%20si%20deseas%20*realizar%20la%20renovaci%C3%B3n*%2C%20tiene%20un%20costo%20de%20*%24%206%2C900*.%0A%0A*PARA%20PAGOS%20POR%20NEQUI%20SOLICITAR%20EL%20QR%20POR%20FAVOR*
[2026-04-18 17:09:54.799] ✉️ Enviando…
[2026-04-18 17:09:55.063] ↩️ Enviado (Enter)
[2026-04-18 17:09:55.064] ⏳ Pausa post-envío: 12s…
[2026-04-18 17:10:07.074] 
[5/59] → 573204774132
[2026-04-18 17:10:07.075] 🔁 Abriendo chat (intento 1/3) con: https://web.whatsapp.com/send?phone=573204774132&text=Hola%20Sneyder%2C%20te%20escribimos%20de%20MEDPLAY.%0A%0A%E2%80%A2%20Tu%20Crunchyroll%20(pantalla%205)%2C%20con%20el%20correo%20kadenmcalpin26%40hotmail.com%2C%20vence%20el%20*18%2F04%2F2026*%2C%20quer%C3%ADa%20saber%20si%20deseas%20*realizar%20la%20renovaci%C3%B3n*%2C%20tiene%20un%20costo%20de%20*%24%206%2C900*.%0A%0A*PARA%20PAGOS%20POR%20NEQUI%20SOLICITAR%20EL%20QR%20POR%20FAVOR*
[2026-04-18 17:10:10.118] ✉️ Enviando…
[2026-04-18 17:10:12.470] ↩️ Enviado (Enter)
[2026-04-18 17:10:12.470] ⏳ Pausa post-envío: 12s…
[2026-04-18 17:10:24.482] 
[6/59] → 573184200289
[2026-04-18 17:10:24.482] 🔁 Abriendo chat (intento 1/3) con: https://web.whatsapp.com/send?phone=573184200289&text=Hola%20%2B57%2C%20te%20escribimos%20de%20MEDPLAY.%0A%0A%E2%80%A2%20Tu%20Crunchyroll%20(pantalla%205)%2C%20con%20el%20correo%20medolayplanatt%40gmail.com%2C%20vence%20el%20*18%2F04%2F2026*%2C%20quer%C3%ADa%20saber%20si%20deseas%20*realizar%20la%20renovaci%C3%B3n*%2C%20tiene%20un%20costo%20de%20*%24%206%2C900*.%0A%0A*PARA%20PAGOS%20POR%20NEQUI%20SOLICITAR%20EL%20QR%20POR%20FAVOR*
[2026-04-18 17:10:33.996] ✉️ Enviando…
[2026-04-18 17:10:34.318] ↩️ Enviado (Enter)
[2026-04-18 17:10:34.321] ⏳ Pausa post-envío: 12s…
[2026-04-18 17:10:46.341] 
[7/59] → 573224792407
[2026-04-18 17:10:46.342] 🔁 Abriendo chat (intento 1/3) con: https://web.whatsapp.com/send?phone=573224792407&text=Hola%20Wesley%2C%20te%20escribimos%20de%20MEDPLAY.%0A%0A%E2%80%A2%20Tu%20Disney%20(pantalla%201)%2C%20con%20el%20correo%20medplay93%2Bdis5%40gmail.com%2C%20vence%20el%20*18%2F04%2F2026*%2C%20quer%C3%ADa%20saber%20si%20deseas%20*realizar%20la%20renovaci%C3%B3n*%2C%20tiene%20un%20costo%20de%20*%24%207%2C900*.%0A%0A*PARA%20PAGOS%20POR%20NEQUI%20SOLICITAR%20EL%20QR%20POR%20FAVOR*
[2026-04-18 17:11:07.897] ✉️ Enviando…
[2026-04-18 17:11:08.317] ↩️ Enviado (Enter)
[2026-04-18 17:11:08.317] ⏳ Pausa post-envío: 12s…
[2026-04-18 17:11:20.326] 
[8/59] → 573246578668
[2026-04-18 17:11:20.327] 🔁 Abriendo chat (intento 1/3) con: https://web.whatsapp.com/send?phone=573246578668&text=Hola%20Suarez%2C%20te%20escribimos%20de%20MEDPLAY.%0A%0A%E2%80%A2%20Tu%20Crunchyroll%20(pantalla%202)%2C%20con%20el%20correo%20anjalinebaugh979%40hotmail.com%2C%20vence%20el%20*18%2F04%2F2026*%2C%20quer%C3%ADa%20saber%20si%20deseas%20*realizar%20la%20renovaci%C3%B3n*%2C%20tiene%20un%20costo%20de%20*%24%204%2C900*.%0A%0A*PARA%20PAGOS%20POR%20NEQUI%20SOLICITAR%20EL%20QR%20POR%20FAVOR*
[2026-04-18 17:11:27.183] ✉️ Enviando…
[2026-04-18 17:11:27.843] ↩️ Enviado (Enter)
[2026-04-18 17:11:27.843] ⏳ Pausa post-envío: 12s…
[2026-04-18 17:11:39.846] 
[9/59] → 573145255020
[2026-04-18 17:11:39.847] 🔁 Abriendo chat (intento 1/3) con: https://web.whatsapp.com/send?phone=573145255020&text=Hola%20Brayan%2C%20te%20escribimos%20de%20MEDPLAY.%0A%0A%E2%80%A2%20Tu%20Netflix%20(pantalla%205%20y%204)%2C%20con%20el%20correo%20pedromurillo653%40outlook.com%2C%20vence%20el%20*18%2F04%2F2026*%2C%20quer%C3%ADa%20saber%20si%20deseas%20*realizar%20la%20renovaci%C3%B3n*%2C%20tiene%20un%20costo%20de%20*%24%2013%2C900*.%0A%0A*PARA%20PAGOS%20POR%20NEQUI%20SOLICITAR%20EL%20QR%20POR%20FAVOR*
[2026-04-18 17:11:48.620] ✉️ Enviando…
[2026-04-18 17:11:48.895] ↩️ Enviado (Enter)
[2026-04-18 17:11:48.895] ⏳ Pausa post-envío: 12s…
[2026-04-18 17:12:00.904] 
[10/59] → 573046323892
[2026-04-18 17:12:00.906] 🔁 Abriendo chat (intento 1/3) con: https://web.whatsapp.com/send?phone=573046323892&text=Hola%20Jhon%2C%20te%20escribimos%20de%20MEDPLAY.%0A%0A%E2%80%A2%20Tu%20Crunchyroll%20(pantalla%202)%2C%20con%20el%20correo%20louizarivello6782%40hotmail.com%2C%20vence%20el%20*18%2F04%2F2026*%2C%20quer%C3%ADa%20saber%20si%20deseas%20*realizar%20la%20renovaci%C3%B3n*%2C%20tiene%20un%20costo%20de%20*%24%206%2C900*.%0A%0A*PARA%20PAGOS%20POR%20NEQUI%20SOLICITAR%20EL%20QR%20POR%20FAVOR*
[2026-04-18 17:12:07.687] ✉️ Enviando…
[2026-04-18 17:12:08.069] ↩️ Enviado (Enter)
[2026-04-18 17:12:08.069] ⏳ Pausa post-envío: 12s…
[2026-04-18 17:12:20.075] 
[11/59] → 573107366652
[2026-04-18 17:12:20.076] 🔁 Abriendo chat (intento 1/3) con: https://web.whatsapp.com/send?phone=573107366652&text=Hola%20Alejandra%2C%20te%20escribimos%20de%20MEDPLAY.%0A%0A%E2%80%A2%20Tu%20Crunchyroll%20(pantalla%204)%2C%20con%20el%20correo%20foxfosfire%40gmail.com%2C%20vence%20el%20*18%2F04%2F2026*%2C%20quer%C3%ADa%20saber%20si%20deseas%20*realizar%20la%20renovaci%C3%B3n*%2C%20tiene%20un%20costo%20de%20*%24%206%2C900*.%0A%0A*PARA%20PAGOS%20POR%20NEQUI%20SOLICITAR%20EL%20QR%20POR%20FAVOR*
[2026-04-18 17:12:30.200] ✉️ Enviando…
[2026-04-18 17:12:30.411] ↩️ Enviado (Enter)
[2026-04-18 17:12:30.411] ⏳ Pausa post-envío: 12s…
[2026-04-18 17:12:42.422] 
[12/59] → 573213452756
[2026-04-18 17:12:42.423] 🔁 Abriendo chat (intento 1/3) con: https://web.whatsapp.com/send?phone=573213452756&text=Hola%20Jhon%2C%20te%20escribimos%20de%20MEDPLAY.%0A%0A%E2%80%A2%20Tu%20Crunchyroll%20(pantalla%205)%2C%20con%20el%20correo%20hildalizardi0393%40hotmail.com%2C%20vence%20el%20*18%2F04%2F2026*%2C%20quer%C3%ADa%20saber%20si%20deseas%20*realizar%20la%20renovaci%C3%B3n*%2C%20tiene%20un%20costo%20de%20*%24%206%2C900*.%0A%0A*PARA%20PAGOS%20POR%20NEQUI%20SOLICITAR%20EL%20QR%20POR%20FAVOR*
[2026-04-18 17:12:52.373] ✉️ Enviando…
[2026-04-18 17:12:52.607] ↩️ Enviado (Enter)
[2026-04-18 17:12:52.607] ⏳ Pausa post-envío: 12s…
[2026-04-18 17:13:04.620] 
[13/59] → 573161218707
[2026-04-18 17:13:04.621] 🔁 Abriendo chat (intento 1/3) con: https://web.whatsapp.com/send?phone=573161218707&text=Hola%20Ivan%2C%20te%20escribimos%20de%20MEDPLAY.%0A%0A%E2%80%A2%20Tu%20Crunchyroll%20(pantalla%206)%2C%20con%20el%20correo%20kadenmcalpin26%40hotmail.com%2C%20vence%20el%20*18%2F04%2F2026*%2C%20quer%C3%ADa%20saber%20si%20deseas%20*realizar%20la%20renovaci%C3%B3n*%2C%20tiene%20un%20costo%20de%20*%24%206%2C900*.%0A%0A*PARA%20PAGOS%20POR%20NEQUI%20SOLICITAR%20EL%20QR%20POR%20FAVOR*
[2026-04-18 17:13:14.091] ✉️ Enviando…
[2026-04-18 17:13:14.328] ↩️ Enviado (Enter)
[2026-04-18 17:13:14.328] ⏳ Pausa post-envío: 12s…
[2026-04-18 17:13:26.330] 
[14/59] → 573219330319
[2026-04-18 17:13:26.331] 🔁 Abriendo chat (intento 1/3) con: https://web.whatsapp.com/send?phone=573219330319&text=Hola%20Katherine%2C%20te%20escribimos%20de%20MEDPLAY.%0A%0A%E2%80%A2%20Tu%20Amazon%20(pantalla%201)%2C%20con%20el%20correo%20keirenhgg17890%40hotmail.com%2C%20vence%20el%20*18%2F04%2F2026*%2C%20quer%C3%ADa%20saber%20si%20deseas%20*realizar%20la%20renovaci%C3%B3n*%2C%20tiene%20un%20costo%20de%20*%24%207%2C900*.%0A%0A*PARA%20PAGOS%20POR%20NEQUI%20SOLICITAR%20EL%20QR%20POR%20FAVOR*
[2026-04-18 17:13:36.418] ✉️ Enviando…
[2026-04-18 17:13:36.697] ↩️ Enviado (Enter)
[2026-04-18 17:13:36.698] ⏳ Pausa post-envío: 12s…
[2026-04-18 17:13:48.706] 
[15/59] → 573001473504
[2026-04-18 17:13:48.707] 🔁 Abriendo chat (intento 1/3) con: https://web.whatsapp.com/send?phone=573001473504&text=Hola%20Jhoan%2C%20te%20escribimos%20de%20MEDPLAY.%0A%0A%E2%80%A2%20Tu%20Crunchyroll%20(pantalla%206)%2C%20con%20el%20correo%20kristaswieca30%40hotmail.com%2C%20vence%20el%20*18%2F04%2F2026*%2C%20quer%C3%ADa%20saber%20si%20deseas%20*realizar%20la%20renovaci%C3%B3n*%2C%20tiene%20un%20costo%20de%20*%24%206%2C900*.%0A%0A*PARA%20PAGOS%20POR%20NEQUI%20SOLICITAR%20EL%20QR%20POR%20FAVOR*
[2026-04-18 17:13:58.801] ✉️ Enviando…
[2026-04-18 17:13:59.010] ↩️ Enviado (Enter)
[2026-04-18 17:13:59.010] ⏳ Pausa post-envío: 12s…
[2026-04-18 17:14:11.013] 
[16/59] → 573102934536
[2026-04-18 17:14:11.017] 🔁 Abriendo chat (intento 1/3) con: https://web.whatsapp.com/send?phone=573102934536&text=Hola%20Yanpool%2C%20te%20escribimos%20de%20MEDPLAY.%0A%0A%E2%80%A2%20Tu%20Crunchyroll%20(pantalla%206)%2C%20con%20el%20correo%20theobaldzevallos76%40hotmail.com%2C%20vence%20el%20*18%2F04%2F2026*%2C%20quer%C3%ADa%20saber%20si%20deseas%20*realizar%20la%20renovaci%C3%B3n*%2C%20tiene%20un%20costo%20de%20*%24%206%2C900*.%0A%0A*PARA%20PAGOS%20POR%20NEQUI%20SOLICITAR%20EL%20QR%20POR%20FAVOR*
[2026-04-18 17:14:20.388] ✉️ Enviando…
[2026-04-18 17:14:20.762] ↩️ Enviado (Enter)
[2026-04-18 17:14:20.762] ⏳ Pausa post-envío: 12s…
[2026-04-18 17:14:32.780] 
[17/59] → 573217449630
[2026-04-18 17:14:32.786] 🔁 Abriendo chat (intento 1/3) con: https://web.whatsapp.com/send?phone=573217449630&text=Hola%20Santhizz%2C%20te%20escribimos%20de%20MEDPLAY.%0A%0A%E2%80%A2%20Tu%20Crunchyroll%20(pantalla%206)%2C%20con%20el%20correo%20shantellehoneywell1578%40hotmail.com%2C%20vence%20el%20*18%2F04%2F2026*%2C%20quer%C3%ADa%20saber%20si%20deseas%20*realizar%20la%20renovaci%C3%B3n*%2C%20tiene%20un%20costo%20de%20*%24%206%2C900*.%0A%0A*PARA%20PAGOS%20POR%20NEQUI%20SOLICITAR%20EL%20QR%20POR%20FAVOR*
[2026-04-18 17:14:41.107] ✉️ Enviando…
[2026-04-18 17:14:41.356] ↩️ Enviado (Enter)
[2026-04-18 17:14:41.357] ⏳ Pausa post-envío: 12s…
[2026-04-18 17:14:53.372] 
[18/59] → 573103855243
[2026-04-18 17:14:53.373] 🔁 Abriendo chat (intento 1/3) con: https://web.whatsapp.com/send?phone=573103855243&text=Hola%20%2B57%2C%20te%20escribimos%20de%20MEDPLAY.%0A%0A%E2%80%A2%20Tu%20Crunchyroll%20(pantalla%206)%2C%20con%20el%20correo%20springestelle7814%40hotmail.com%2C%20vence%20el%20*18%2F04%2F2026*%2C%20quer%C3%ADa%20saber%20si%20deseas%20*realizar%20la%20renovaci%C3%B3n*%2C%20tiene%20un%20costo%20de%20*%24%206%2C900*.%0A%E2%80%A2%20Tu%20Disney%20(pantalla%203)%2C%20con%20el%20correo%20medplay93%2Bdis5%40gmail.com%2C%20vence%20el%20*18%2F04%2F2026*%2C%20quer%C3%ADa%20saber%20si%20deseas%20*realizar%20la%20renovaci%C3%B3n*%2C%20tiene%20un%20costo%20de%20*%24%207%2C900*.%0A%0A*PARA%20PAGOS%20POR%20NEQUI%20SOLICITAR%20EL%20QR%20POR%20FAVOR*
[2026-04-18 17:14:56.534] ✉️ Enviando…
[2026-04-18 17:14:58.911] ↩️ Enviado (Enter)
[2026-04-18 17:14:58.911] ⏳ Pausa post-envío: 12s…
[2026-04-18 17:15:10.920] 
[19/59] → 573028532988
[2026-04-18 17:15:10.921] 🔁 Abriendo chat (intento 1/3) con: https://web.whatsapp.com/send?phone=573028532988&text=Hola%20%2B57%2C%20te%20escribimos%20de%20MEDPLAY.%0A%0A%E2%80%A2%20Tu%20Amazon%20(pantalla%203)%2C%20con%20el%20correo%20keirenhgg17890%40hotmail.com%2C%20vence%20el%20*18%2F04%2F2026*%2C%20quer%C3%ADa%20saber%20si%20deseas%20*realizar%20la%20renovaci%C3%B3n*%2C%20tiene%20un%20costo%20de%20*%24%207%2C900*.%0A%0A*PARA%20PAGOS%20POR%20NEQUI%20SOLICITAR%20EL%20QR%20POR%20FAVOR*
[2026-04-18 17:15:13.900] ✉️ Enviando…
[2026-04-18 17:15:16.440] ↩️ Enviado (Enter)
[2026-04-18 17:15:16.441] ⏳ Pausa post-envío: 12s…
[2026-04-18 17:15:28.446] 
[20/59] → 573216583428
[2026-04-18 17:15:28.447] 🔁 Abriendo chat (intento 1/3) con: https://web.whatsapp.com/send?phone=573216583428&text=Hola%20Ivan%2C%20te%20escribimos%20de%20MEDPLAY.%0A%0A%E2%80%A2%20Tu%20Crunchyroll%20(pantalla%206)%2C%20con%20el%20correo%20sevatrena%40gmail.com%2C%20vence%20el%20*18%2F04%2F2026*%2C%20quer%C3%ADa%20saber%20si%20deseas%20*realizar%20la%20renovaci%C3%B3n*%2C%20tiene%20un%20costo%20de%20*%24%203%2C900*.%0A%0A*PARA%20PAGOS%20POR%20NEQUI%20SOLICITAR%20EL%20QR%20POR%20FAVOR*
[2026-04-18 17:15:35.367] ✉️ Enviando…
[2026-04-18 17:15:36.016] ↩️ Enviado (Enter)
[2026-04-18 17:15:36.016] ⏳ Pausa post-envío: 12s…
[2026-04-18 17:15:48.022] 
[21/59] → 573136300437
[2026-04-18 17:15:48.023] 🔁 Abriendo chat (intento 1/3) con: https://web.whatsapp.com/send?phone=573136300437&text=Hola%20%2B57%2C%20te%20escribimos%20de%20MEDPLAY.%0A%0A%E2%80%A2%20Tu%20Crunchyroll%20(pantalla%201)%2C%20con%20el%20correo%20esmeraldagraboski587%40hotmail.com%2C%20vence%20el%20*19%2F04%2F2026*%2C%20quer%C3%ADa%20saber%20si%20deseas%20*realizar%20la%20renovaci%C3%B3n*%2C%20tiene%20un%20costo%20de%20*%24%206%2C900*.%0A%0A*PARA%20PAGOS%20POR%20NEQUI%20SOLICITAR%20EL%20QR%20POR%20FAVOR*
[2026-04-18 17:15:54.752] ✉️ Enviando…
[2026-04-18 17:15:59.373] ↩️ Enviado (Enter)
[2026-04-18 17:15:59.376] ⏳ Pausa post-envío: 12s…
[2026-04-18 17:16:11.391] 
[22/59] → 573024806458
[2026-04-18 17:16:11.392] 🔁 Abriendo chat (intento 1/3) con: https://web.whatsapp.com/send?phone=573024806458&text=Hola%20%2B57%2C%20te%20escribimos%20de%20MEDPLAY.%0A%0A%E2%80%A2%20Tu%20Crunchyroll%20(pantalla%203)%2C%20con%20el%20correo%20esmeraldagraboski587%40hotmail.com%2C%20vence%20el%20*19%2F04%2F2026*%2C%20quer%C3%ADa%20saber%20si%20deseas%20*realizar%20la%20renovaci%C3%B3n*%2C%20tiene%20un%20costo%20de%20*%24%206%2C900*.%0A%0A*PARA%20PAGOS%20POR%20NEQUI%20SOLICITAR%20EL%20QR%20POR%20FAVOR*
[2026-04-18 17:16:18.370] ✉️ Enviando…
[2026-04-18 17:16:23.186] ↩️ Enviado (Enter)
[2026-04-18 17:16:23.186] ⏳ Pausa post-envío: 12s…
[2026-04-18 17:16:35.189] 
[23/59] → 573187173138
[2026-04-18 17:16:35.189] 🔁 Abriendo chat (intento 1/3) con: https://web.whatsapp.com/send?phone=573187173138&text=Hola%20Ronaldo%2C%20te%20escribimos%20de%20MEDPLAY.%0A%0A%E2%80%A2%20Tu%20Crunchyroll%20(pantalla%204)%2C%20con%20el%20correo%20esmeraldagraboski587%40hotmail.com%2C%20vence%20el%20*19%2F04%2F2026*%2C%20quer%C3%ADa%20saber%20si%20deseas%20*realizar%20la%20renovaci%C3%B3n*%2C%20tiene%20un%20costo%20de%20*%24%206%2C900*.%0A%0A*PARA%20PAGOS%20POR%20NEQUI%20SOLICITAR%20EL%20QR%20POR%20FAVOR*
[2026-04-18 17:16:48.462] ✉️ Enviando…
[2026-04-18 17:16:53.607] ↩️ Enviado (Enter)
[2026-04-18 17:16:53.609] ⏳ Pausa post-envío: 12s…
[2026-04-18 17:17:05.621] 
[24/59] → 573122504093
[2026-04-18 17:17:05.625] 🔁 Abriendo chat (intento 1/3) con: https://web.whatsapp.com/send?phone=573122504093&text=Hola%20Daniela%2C%20te%20escribimos%20de%20MEDPLAY.%0A%0A%E2%80%A2%20Tu%20Crunchyroll%20(pantalla%205)%2C%20con%20el%20correo%20esmeraldagraboski587%40hotmail.com%2C%20vence%20el%20*19%2F04%2F2026*%2C%20quer%C3%ADa%20saber%20si%20deseas%20*realizar%20la%20renovaci%C3%B3n*%2C%20tiene%20un%20costo%20de%20*%24%206%2C900*.%0A%0A*PARA%20PAGOS%20POR%20NEQUI%20SOLICITAR%20EL%20QR%20POR%20FAVOR*
[2026-04-18 17:17:12.224] ✉️ Enviando…
[2026-04-18 17:17:16.889] ↩️ Enviado (Enter)
[2026-04-18 17:17:16.890] ⏳ Pausa post-envío: 12s…
[2026-04-18 17:17:28.904] 
[25/59] → 5219624501225
[2026-04-18 17:17:28.904] 🔁 Abriendo chat (intento 1/3) con: https://web.whatsapp.com/send?phone=5219624501225&text=Hola%20taporojas%2C%20te%20escribimos%20de%20MEDPLAY.%0A%0A%E2%80%A2%20Tu%20Crunchyroll%20(pantalla%204)%2C%20con%20el%20correo%20frazierurtiaga8172%40hotmail.com%2C%20vence%20el%20*19%2F04%2F2026*%2C%20quer%C3%ADa%20saber%20si%20deseas%20*realizar%20la%20renovaci%C3%B3n*%2C%20tiene%20un%20costo%20de%20*%24%206%2C900*.%0A%0A*PARA%20PAGOS%20POR%20NEQUI%20SOLICITAR%20EL%20QR%20POR%20FAVOR*
[2026-04-18 17:17:35.690] ✉️ Enviando…
[2026-04-18 17:17:40.772] ↩️ Enviado (Enter)
[2026-04-18 17:17:40.772] ⏳ Pausa post-envío: 12s…
[2026-04-18 17:17:52.782] 
[26/59] → 573022453404
[2026-04-18 17:17:52.783] 🔁 Abriendo chat (intento 1/3) con: https://web.whatsapp.com/send?phone=573022453404&text=Hola%20Diego%2C%20te%20escribimos%20de%20MEDPLAY.%0A%0A%E2%80%A2%20Tu%20Crunchyroll%20(pantalla%201)%2C%20con%20el%20correo%20frazierurtiaga8172%40hotmail.com%2C%20vence%20el%20*19%2F04%2F2026*%2C%20quer%C3%ADa%20saber%20si%20deseas%20*realizar%20la%20renovaci%C3%B3n*%2C%20tiene%20un%20costo%20de%20*%24%206%2C900*.%0A%0A*PARA%20PAGOS%20POR%20NEQUI%20SOLICITAR%20EL%20QR%20POR%20FAVOR*
[2026-04-18 17:18:00.231] ✉️ Enviando…
[2026-04-18 17:18:05.822] ↩️ Enviado (Enter)
[2026-04-18 17:18:05.823] ⏳ Pausa post-envío: 12s…
[2026-04-18 17:18:17.839] 
[27/59] → 573502816735
[2026-04-18 17:18:17.846] 🔁 Abriendo chat (intento 1/3) con: https://web.whatsapp.com/send?phone=573502816735&text=Hola%2C%20te%20escribimos%20de%20MEDPLAY.%0A%0A%E2%80%A2%20Tu%20Crunchyroll%20(pantalla%202)%2C%20con%20el%20correo%20frazierurtiaga8172%40hotmail.com%2C%20vence%20el%20*19%2F04%2F2026*%2C%20quer%C3%ADa%20saber%20si%20deseas%20*realizar%20la%20renovaci%C3%B3n*%2C%20tiene%20un%20costo%20de%20*%24%206%2C900*.%0A%0A*PARA%20PAGOS%20POR%20NEQUI%20SOLICITAR%20EL%20QR%20POR%20FAVOR*
[2026-04-18 17:18:27.958] ✉️ Enviando…
[2026-04-18 17:18:28.171] ↩️ Enviado (Enter)
[2026-04-18 17:18:28.171] ⏳ Pausa post-envío: 12s…
[2026-04-18 17:18:40.185] 
[28/59] → 573042520572
[2026-04-18 17:18:40.185] 🔁 Abriendo chat (intento 1/3) con: https://web.whatsapp.com/send?phone=573042520572&text=Hola%20Betsabe%2C%20te%20escribimos%20de%20MEDPLAY.%0A%0A%E2%80%A2%20Tu%20Crunchyroll%20(pantalla%203)%2C%20con%20el%20correo%20frazierurtiaga8172%40hotmail.com%2C%20vence%20el%20*19%2F04%2F2026*%2C%20quer%C3%ADa%20saber%20si%20deseas%20*realizar%20la%20renovaci%C3%B3n*%2C%20tiene%20un%20costo%20de%20*%24%206%2C900*.%0A%0A*PARA%20PAGOS%20POR%20NEQUI%20SOLICITAR%20EL%20QR%20POR%20FAVOR*
[2026-04-18 17:18:43.277] ✉️ Enviando…
[2026-04-18 17:18:51.946] ↩️ Enviado (Enter)
[2026-04-18 17:18:51.947] ⏳ Pausa post-envío: 12s…
[2026-04-18 17:19:03.959] 
[29/59] → 573104944413
[2026-04-18 17:19:03.965] 🔁 Abriendo chat (intento 1/3) con: https://web.whatsapp.com/send?phone=573104944413&text=Hola%20%2B57%2C%20te%20escribimos%20de%20MEDPLAY.%0A%0A%E2%80%A2%20Tu%20Crunchyroll%20(pantalla%205)%2C%20con%20el%20correo%20frazierurtiaga8172%40hotmail.com%2C%20vence%20el%20*19%2F04%2F2026*%2C%20quer%C3%ADa%20saber%20si%20deseas%20*realizar%20la%20renovaci%C3%B3n*%2C%20tiene%20un%20costo%20de%20*%24%206%2C900*.%0A%0A*PARA%20PAGOS%20POR%20NEQUI%20SOLICITAR%20EL%20QR%20POR%20FAVOR*
[2026-04-18 17:19:14.522] ✉️ Enviando…
[2026-04-18 17:19:19.309] ↩️ Enviado (Enter)
[2026-04-18 17:19:19.309] ⏳ Pausa post-envío: 12s…
[2026-04-18 17:19:31.317] 
[30/59] → 573008604341
[2026-04-18 17:19:31.325] 🔁 Abriendo chat (intento 1/3) con: https://web.whatsapp.com/send?phone=573008604341&text=Hola%20Mateo%2C%20te%20escribimos%20de%20MEDPLAY.%0A%0A%E2%80%A2%20Tu%20Crunchyroll%20(pantalla%204)%2C%20con%20el%20correo%20florinedoane1582%40hotmail.com%2C%20vence%20el%20*19%2F04%2F2026*%2C%20quer%C3%ADa%20saber%20si%20deseas%20*realizar%20la%20renovaci%C3%B3n*%2C%20tiene%20un%20costo%20de%20*%24%203%2C900*.%0A%0A*PARA%20PAGOS%20POR%20NEQUI%20SOLICITAR%20EL%20QR%20POR%20FAVOR*
[2026-04-18 17:19:38.294] ✉️ Enviando…
[2026-04-18 17:19:43.023] ↩️ Enviado (Enter)
[2026-04-18 17:19:43.024] ⏳ Pausa post-envío: 12s…
[2026-04-18 17:19:55.030] 
[31/59] → 573193218642
[2026-04-18 17:19:55.031] 🔁 Abriendo chat (intento 1/3) con: https://web.whatsapp.com/send?phone=573193218642&text=Hola%20VG%2C%20te%20escribimos%20de%20MEDPLAY.%0A%0A%E2%80%A2%20Tu%20VIX%20(pantalla%204)%2C%20con%20el%20correo%20medplay93%2B73ico%40gmail.com%2C%20vence%20el%20*19%2F04%2F2026*%2C%20quer%C3%ADa%20saber%20si%20deseas%20*realizar%20la%20renovaci%C3%B3n*%2C%20tiene%20un%20costo%20de%20*%24%203%2C900*.%0A%0A*PARA%20PAGOS%20POR%20NEQUI%20SOLICITAR%20EL%20QR%20POR%20FAVOR*
[2026-04-18 17:20:05.033] ✉️ Enviando…
[2026-04-18 17:20:05.270] ↩️ Enviado (Enter)
[2026-04-18 17:20:05.270] ⏳ Pausa post-envío: 12s…
[2026-04-18 17:20:17.284] 
[32/59] → 573012823773
[2026-04-18 17:20:17.284] 🔁 Abriendo chat (intento 1/3) con: https://web.whatsapp.com/send?phone=573012823773&text=Hola%20Sara%2C%20te%20escribimos%20de%20MEDPLAY.%0A%0A%E2%80%A2%20Tu%20Netflix%20(pantalla%205)%2C%20con%20el%20correo%20medplay93%40gmail.com%2C%20vence%20el%20*19%2F04%2F2026*%2C%20quer%C3%ADa%20saber%20si%20deseas%20*realizar%20la%20renovaci%C3%B3n*%2C%20tiene%20un%20costo%20de%20*%24%2013%2C900*.%0A%E2%80%A2%20Tu%20Youtube%2C%20con%20el%20correo%20sara.castrillon666%40gmail.com%2C%20vence%20el%20*19%2F04%2F2026*%2C%20quer%C3%ADa%20saber%20si%20deseas%20*realizar%20la%20renovaci%C3%B3n*%2C%20tiene%20un%20costo%20de%20*%24%207%2C900*.%0A%0A*PARA%20PAGOS%20POR%20NEQUI%20SOLICITAR%20EL%20QR%20POR%20FAVOR*
[2026-04-18 17:20:25.927] ✉️ Enviando…
[2026-04-18 17:20:26.283] ↩️ Enviado (Enter)
[2026-04-18 17:20:26.284] ⏳ Pausa post-envío: 12s…
[2026-04-18 17:20:38.288] 
[33/59] → 573122756404
[2026-04-18 17:20:38.288] 🔁 Abriendo chat (intento 1/3) con: https://web.whatsapp.com/send?phone=573122756404&text=Hola%20Stepha%2C%20te%20escribimos%20de%20MEDPLAY.%0A%0A%E2%80%A2%20Tu%20Disney%20(pantalla%201)%2C%20con%20el%20correo%20medplay93%2Bnv2%40gmail.com%2C%20vence%20el%20*19%2F04%2F2026*%2C%20quer%C3%ADa%20saber%20si%20deseas%20*realizar%20la%20renovaci%C3%B3n*%2C%20tiene%20un%20costo%20de%20*%24%207%2C900*.%0A%0A*PARA%20PAGOS%20POR%20NEQUI%20SOLICITAR%20EL%20QR%20POR%20FAVOR*
[2026-04-18 17:20:47.767] ✉️ Enviando…
[2026-04-18 17:20:47.993] ↩️ Enviado (Enter)
[2026-04-18 17:20:47.993] ⏳ Pausa post-envío: 12s…
[2026-04-18 17:20:59.996] 
[34/59] → 573202781137
[2026-04-18 17:21:00.003] 🔁 Abriendo chat (intento 1/3) con: https://web.whatsapp.com/send?phone=573202781137&text=Hola%20Mathias%2C%20te%20escribimos%20de%20MEDPLAY.%0A%0A%E2%80%A2%20Tu%20Spotify%2C%20con%20el%20correo%20regalogarantia%40gmail.com%2C%20vence%20el%20*19%2F04%2F2026*%2C%20quer%C3%ADa%20saber%20si%20deseas%20*realizar%20la%20renovaci%C3%B3n*%2C%20tiene%20un%20costo%20de%20*%24%206%2C000*.%0A%0A*PARA%20PAGOS%20POR%20NEQUI%20SOLICITAR%20EL%20QR%20POR%20FAVOR*
[2026-04-18 17:21:11.985] ✉️ Enviando…
[2026-04-18 17:21:12.255] ↩️ Enviado (Enter)
[2026-04-18 17:21:12.258] ⏳ Pausa post-envío: 12s…
[2026-04-18 17:21:24.263] 
[35/59] → 573125804849
[2026-04-18 17:21:24.263] 🔁 Abriendo chat (intento 1/3) con: https://web.whatsapp.com/send?phone=573125804849&text=Hola%20Andy%2C%20te%20escribimos%20de%20MEDPLAY.%0A%0A%E2%80%A2%20Tu%20Youtube%2C%20con%20el%20correo%20Andych1258%40gmail.com%2C%20vence%20el%20*18%2F04%2F2026*%2C%20quer%C3%ADa%20saber%20si%20deseas%20*realizar%20la%20renovaci%C3%B3n*%2C%20tiene%20un%20costo%20de%20*%24%207%2C900*.%0A%0A*PARA%20PAGOS%20POR%20NEQUI%20SOLICITAR%20EL%20QR%20POR%20FAVOR*
[2026-04-18 17:21:34.463] ✉️ Enviando…
[2026-04-18 17:21:34.789] ↩️ Enviado (Enter)
[2026-04-18 17:21:34.790] ⏳ Pausa post-envío: 12s…
[2026-04-18 17:21:46.797] 
[36/59] → 573144008686
[2026-04-18 17:21:46.798] 🔁 Abriendo chat (intento 1/3) con: https://web.whatsapp.com/send?phone=573144008686&text=Hola%20Dallan%2C%20te%20escribimos%20de%20MEDPLAY.%0A%0A%E2%80%A2%20Tu%20Youtube%2C%20con%20el%20correo%20dallansuarez055%40gmail.com%2C%20vence%20el%20*18%2F04%2F2026*%2C%20quer%C3%ADa%20saber%20si%20deseas%20*realizar%20la%20renovaci%C3%B3n*%2C%20tiene%20un%20costo%20de%20*%24%207%2C900*.%0A%0A*PARA%20PAGOS%20POR%20NEQUI%20SOLICITAR%20EL%20QR%20POR%20FAVOR*
[2026-04-18 17:21:53.411] ✉️ Enviando…
[2026-04-18 17:21:54.045] ↩️ Enviado (Enter)
[2026-04-18 17:21:54.046] ⏳ Pausa post-envío: 12s…
[2026-04-18 17:22:06.061] 
[37/59] → 573178930660
[2026-04-18 17:22:06.061] 🔁 Abriendo chat (intento 1/3) con: https://web.whatsapp.com/send?phone=573178930660&text=Hola%20%2B57%2C%20te%20escribimos%20de%20MEDPLAY.%0A%0A%E2%80%A2%20Tu%20Youtube%2C%20con%20el%20correo%20alexminottap1981%40gmail.con%2C%20vence%20el%20*18%2F04%2F2026*%2C%20quer%C3%ADa%20saber%20si%20deseas%20*realizar%20la%20renovaci%C3%B3n*%2C%20tiene%20un%20costo%20de%20*%24%207%2C900*.%0A%E2%80%A2%20Tu%20Youtube%2C%20con%20el%20correo%20alexminottap1981%40gmail.com%2C%20vence%20el%20*18%2F04%2F2026*%2C%20quer%C3%ADa%20saber%20si%20deseas%20*realizar%20la%20renovaci%C3%B3n*%2C%20tiene%20un%20costo%20de%20*%24%207%2C900*.%0A%0A*PARA%20PAGOS%20POR%20NEQUI%20SOLICITAR%20EL%20QR%20POR%20FAVOR*
[2026-04-18 17:22:12.448] ✉️ Enviando…
[2026-04-18 17:22:13.187] ↩️ Enviado (Enter)
[2026-04-18 17:22:13.188] ⏳ Pausa post-envío: 12s…
[2026-04-18 17:22:25.192] 
[38/59] → 573217321514
[2026-04-18 17:22:25.194] 🔁 Abriendo chat (intento 1/3) con: https://web.whatsapp.com/send?phone=573217321514&text=Hola%20Maicol%2C%20te%20escribimos%20de%20MEDPLAY.%0A%0A%E2%80%A2%20Tu%20Youtube%2C%20con%20el%20correo%20maicolquin2110%40gmail.com%2C%20vence%20el%20*18%2F04%2F2026*%2C%20quer%C3%ADa%20saber%20si%20deseas%20*realizar%20la%20renovaci%C3%B3n*%2C%20tiene%20un%20costo%20de%20*%24%207%2C900*.%0A%0A*PARA%20PAGOS%20POR%20NEQUI%20SOLICITAR%20EL%20QR%20POR%20FAVOR*
[2026-04-18 17:22:33.647] ✉️ Enviando…
[2026-04-18 17:22:33.897] ↩️ Enviado (Enter)
[2026-04-18 17:22:33.897] ⏳ Pausa post-envío: 12s…
[2026-04-18 17:22:45.900] 
[39/59] → 573209429723
[2026-04-18 17:22:45.901] 🔁 Abriendo chat (intento 1/3) con: https://web.whatsapp.com/send?phone=573209429723&text=Hola%20Nolberto%2C%20te%20escribimos%20de%20MEDPLAY.%0A%0A%E2%80%A2%20Tu%20Youtube%2C%20con%20el%20correo%20adrianamariacalderonninco%40gmail.com%2C%20vence%20el%20*18%2F04%2F2026*%2C%20quer%C3%ADa%20saber%20si%20deseas%20*realizar%20la%20renovaci%C3%B3n*%2C%20tiene%20un%20costo%20de%20*%24%207%2C900*.%0A%0A*PARA%20PAGOS%20POR%20NEQUI%20SOLICITAR%20EL%20QR%20POR%20FAVOR*
[2026-04-18 17:22:52.607] ✉️ Enviando…
[2026-04-18 17:22:53.183] ↩️ Enviado (Enter)
[2026-04-18 17:22:53.184] ⏳ Pausa post-envío: 12s…
[2026-04-18 17:23:05.192] 
[40/59] → 573166497764
[2026-04-18 17:23:05.193] 🔁 Abriendo chat (intento 1/3) con: https://web.whatsapp.com/send?phone=573166497764&text=Hola%20Sjp%2C%20te%20escribimos%20de%20MEDPLAY.%0A%0A%E2%80%A2%20Tu%20Youtube%2C%20con%20el%20correo%20jhospdisenos%40gmail.com%2C%20vence%20el%20*18%2F04%2F2026*%2C%20quer%C3%ADa%20saber%20si%20deseas%20*realizar%20la%20renovaci%C3%B3n*%2C%20tiene%20un%20costo%20de%20*%24%207%2C900*.%0A%0A*PARA%20PAGOS%20POR%20NEQUI%20SOLICITAR%20EL%20QR%20POR%20FAVOR*
[2026-04-18 17:23:14.555] ✉️ Enviando…
[2026-04-18 17:23:14.843] ↩️ Enviado (Enter)
[2026-04-18 17:23:14.843] ⏳ Pausa post-envío: 12s…
[2026-04-18 17:23:26.859] 
[41/59] → 573013775690
[2026-04-18 17:23:26.861] 🔁 Abriendo chat (intento 1/3) con: https://web.whatsapp.com/send?phone=573013775690&text=Hola%20%2B57%2C%20te%20escribimos%20de%20MEDPLAY.%0A%0A%E2%80%A2%20Tu%20Spotify%2C%20con%20el%20correo%20sspomedplay1%40gmail.com%2C%20vence%20el%20*18%2F04%2F2026*%2C%20quer%C3%ADa%20saber%20si%20deseas%20*realizar%20la%20renovaci%C3%B3n*%2C%20tiene%20un%20costo%20de%20*%24%205%2C900*.%0A%0A*PARA%20PAGOS%20POR%20NEQUI%20SOLICITAR%20EL%20QR%20POR%20FAVOR*
[2026-04-18 17:23:35.939] ✉️ Enviando…
[2026-04-18 17:23:36.200] ↩️ Enviado (Enter)
[2026-04-18 17:23:36.201] ⏳ Pausa post-envío: 12s…
[2026-04-18 17:23:48.204] 
[42/59] → 573148117652
[2026-04-18 17:23:48.204] 🔁 Abriendo chat (intento 1/3) con: https://web.whatsapp.com/send?phone=573148117652&text=Hola%20Michel%2C%20te%20escribimos%20de%20MEDPLAY.%0A%0A%E2%80%A2%20Tu%20Youtube%2C%20con%20el%20correo%20michelarias114%40gmail.com%2C%20vence%20el%20*18%2F04%2F2026*%2C%20quer%C3%ADa%20saber%20si%20deseas%20*realizar%20la%20renovaci%C3%B3n*%2C%20tiene%20un%20costo%20de%20*%24%207%2C900*.%0A%0A*PARA%20PAGOS%20POR%20NEQUI%20SOLICITAR%20EL%20QR%20POR%20FAVOR*
[2026-04-18 17:23:57.095] ✉️ Enviando…
[2026-04-18 17:23:57.384] ↩️ Enviado (Enter)
[2026-04-18 17:23:57.385] ⏳ Pausa post-envío: 12s…
[2026-04-18 17:24:09.403] 
[43/59] → 573142065198
[2026-04-18 17:24:09.408] 🔁 Abriendo chat (intento 1/3) con: https://web.whatsapp.com/send?phone=573142065198&text=Hola%20Wilmar%2C%20te%20escribimos%20de%20MEDPLAY.%0A%0A%E2%80%A2%20Tu%20Youtube%2C%20con%20el%20correo%20wilmar.edsalqueria2%40gmail.com%2C%20vence%20el%20*18%2F04%2F2026*%2C%20quer%C3%ADa%20saber%20si%20deseas%20*realizar%20la%20renovaci%C3%B3n*%2C%20tiene%20un%20costo%20de%20*%24%207%2C900*.%0A%0A*PARA%20PAGOS%20POR%20NEQUI%20SOLICITAR%20EL%20QR%20POR%20FAVOR*
[2026-04-18 17:24:16.222] ✉️ Enviando…
[2026-04-18 17:24:16.730] ↩️ Enviado (Enter)
[2026-04-18 17:24:16.731] ⏳ Pausa post-envío: 12s…
[2026-04-18 17:24:28.731] 
[44/59] → 573212609326
[2026-04-18 17:24:28.731] 🔁 Abriendo chat (intento 1/3) con: https://web.whatsapp.com/send?phone=573212609326&text=Hola%20Alberto%2C%20te%20escribimos%20de%20MEDPLAY.%0A%0A%E2%80%A2%20Tu%20Youtube%2C%20con%20el%20correo%20albertobullamartinez%40gmail.com%2C%20vence%20el%20*18%2F04%2F2026*%2C%20quer%C3%ADa%20saber%20si%20deseas%20*realizar%20la%20renovaci%C3%B3n*%2C%20tiene%20un%20costo%20de%20*%24%207%2C900*.%0A%0A*PARA%20PAGOS%20POR%20NEQUI%20SOLICITAR%20EL%20QR%20POR%20FAVOR*
[2026-04-18 17:24:37.641] ✉️ Enviando…
[2026-04-18 17:24:37.889] ↩️ Enviado (Enter)
[2026-04-18 17:24:37.889] ⏳ Pausa post-envío: 12s…
[2026-04-18 17:24:49.900] 
[45/59] → 573173676897
[2026-04-18 17:24:49.902] 🔁 Abriendo chat (intento 1/3) con: https://web.whatsapp.com/send?phone=573173676897&text=Hola%20Willy%2C%20te%20escribimos%20de%20MEDPLAY.%0A%0A%E2%80%A2%20Tu%20Youtube%2C%20con%20el%20correo%20willywhonka1a06%40gmail.com%2C%20vence%20el%20*18%2F04%2F2026*%2C%20quer%C3%ADa%20saber%20si%20deseas%20*realizar%20la%20renovaci%C3%B3n*%2C%20tiene%20un%20costo%20de%20*%24%207%2C900*.%0A%0A*PARA%20PAGOS%20POR%20NEQUI%20SOLICITAR%20EL%20QR%20POR%20FAVOR*
[2026-04-18 17:24:58.799] ✉️ Enviando…
[2026-04-18 17:24:59.098] ↩️ Enviado (Enter)
[2026-04-18 17:24:59.098] ⏳ Pausa post-envío: 12s…
[2026-04-18 17:25:11.113] 
[46/59] → 573150601009
[2026-04-18 17:25:11.120] 🔁 Abriendo chat (intento 1/3) con: https://web.whatsapp.com/send?phone=573150601009&text=Hola%20Juli%C3%A1n%2C%20te%20escribimos%20de%20MEDPLAY.%0A%0A%E2%80%A2%20Tu%20Youtube%2C%20con%20el%20correo%20juliangomezyopal2026%40gmail.com%2C%20vence%20el%20*18%2F04%2F2026*%2C%20quer%C3%ADa%20saber%20si%20deseas%20*realizar%20la%20renovaci%C3%B3n*%2C%20tiene%20un%20costo%20de%20*%24%207%2C900*.%0A%0A*PARA%20PAGOS%20POR%20NEQUI%20SOLICITAR%20EL%20QR%20POR%20FAVOR*
[2026-04-18 17:25:23.089] ✉️ Enviando…
[2026-04-18 17:25:23.342] ↩️ Enviado (Enter)
[2026-04-18 17:25:23.342] ⏳ Pausa post-envío: 12s…
[2026-04-18 17:25:35.349] 
[47/59] → 573007229967
[2026-04-18 17:25:35.350] 🔁 Abriendo chat (intento 1/3) con: https://web.whatsapp.com/send?phone=573007229967&text=Hola%20Juan%2C%20te%20escribimos%20de%20MEDPLAY.%0A%0A%E2%80%A2%20Tu%20Youtube%2C%20con%20el%20correo%20juanlimas07.dl%40gmail.com%2C%20vence%20el%20*18%2F04%2F2026*%2C%20quer%C3%ADa%20saber%20si%20deseas%20*realizar%20la%20renovaci%C3%B3n*%2C%20tiene%20un%20costo%20de%20*%24%207%2C900*.%0A%0A*PARA%20PAGOS%20POR%20NEQUI%20SOLICITAR%20EL%20QR%20POR%20FAVOR*
[2026-04-18 17:25:45.134] ✉️ Enviando…
[2026-04-18 17:25:45.446] ↩️ Enviado (Enter)
[2026-04-18 17:25:45.447] ⏳ Pausa post-envío: 12s…
[2026-04-18 17:25:57.459] 
[48/59] → 573237258479
[2026-04-18 17:25:57.464] 🔁 Abriendo chat (intento 1/3) con: https://web.whatsapp.com/send?phone=573237258479&text=Hola%20Dai%2C%20te%20escribimos%20de%20MEDPLAY.%0A%0A%E2%80%A2%20Tu%20Disney%20Premium%2C%20con%20el%20correo%20m.edplay93j%40gmail.com%2C%20vence%20el%20*18%2F04%2F2026*%2C%20quer%C3%ADa%20saber%20si%20deseas%20*realizar%20la%20renovaci%C3%B3n*%2C%20tiene%20un%20costo%20de%20*%24%2028%2C000*.%0A%0A*PARA%20PAGOS%20POR%20NEQUI%20SOLICITAR%20EL%20QR%20POR%20FAVOR*
[2026-04-18 17:26:06.942] ✉️ Enviando…
[2026-04-18 17:26:07.264] ↩️ Enviado (Enter)
[2026-04-18 17:26:07.264] ⏳ Pausa post-envío: 12s…
[2026-04-18 17:26:19.280] 
[49/59] → 573235191815
[2026-04-18 17:26:19.287] 🔁 Abriendo chat (intento 1/3) con: https://web.whatsapp.com/send?phone=573235191815&text=Hola%20Vimacavi%2C%20te%20escribimos%20de%20MEDPLAY.%0A%0A%E2%80%A2%20Tu%20Youtube%2C%20con%20el%20correo%20vimacavi2001%40gmail.com%2C%20vence%20el%20*18%2F04%2F2026*%2C%20quer%C3%ADa%20saber%20si%20deseas%20*realizar%20la%20renovaci%C3%B3n*%2C%20tiene%20un%20costo%20de%20*%24%207%2C900*.%0A%0A*PARA%20PAGOS%20POR%20NEQUI%20SOLICITAR%20EL%20QR%20POR%20FAVOR*
[2026-04-18 17:26:28.845] ✉️ Enviando…
[2026-04-18 17:26:29.553] ↩️ Enviado (Enter)
[2026-04-18 17:26:29.555] ⏳ Pausa post-envío: 12s…
[2026-04-18 17:26:41.559] 
[50/59] → 573214018884
[2026-04-18 17:26:41.561] 🔁 Abriendo chat (intento 1/3) con: https://web.whatsapp.com/send?phone=573214018884&text=Hola%20Kevin%2C%20te%20escribimos%20de%20MEDPLAY.%0A%0A%E2%80%A2%20Tu%20Youtube%2C%20con%20el%20correo%20youtubekevin0729%40gmail.com%2C%20vence%20el%20*18%2F04%2F2026*%2C%20quer%C3%ADa%20saber%20si%20deseas%20*realizar%20la%20renovaci%C3%B3n*%2C%20tiene%20un%20costo%20de%20*%24%207%2C900*.%0A%0A*PARA%20PAGOS%20POR%20NEQUI%20SOLICITAR%20EL%20QR%20POR%20FAVOR*
[2026-04-18 17:26:51.072] ✉️ Enviando…
[2026-04-18 17:26:51.285] ↩️ Enviado (Enter)
[2026-04-18 17:26:51.285] ⏳ Pausa post-envío: 12s…
[2026-04-18 17:27:03.298] 
[51/59] → 573246363523
[2026-04-18 17:27:03.306] 🔁 Abriendo chat (intento 1/3) con: https://web.whatsapp.com/send?phone=573246363523&text=Hola%20lpestanar%2C%20te%20escribimos%20de%20MEDPLAY.%0A%0A%E2%80%A2%20Tu%20Youtube%2C%20con%20el%20correo%20lpestana707%40gmail.com%2C%20vence%20el%20*18%2F04%2F2026*%2C%20quer%C3%ADa%20saber%20si%20deseas%20*realizar%20la%20renovaci%C3%B3n*%2C%20tiene%20un%20costo%20de%20*%24%207%2C900*.%0A%0A*PARA%20PAGOS%20POR%20NEQUI%20SOLICITAR%20EL%20QR%20POR%20FAVOR*
[2026-04-18 17:27:12.504] ✉️ Enviando…
[2026-04-18 17:27:12.821] ↩️ Enviado (Enter)
[2026-04-18 17:27:12.821] ⏳ Pausa post-envío: 12s…
[2026-04-18 17:27:24.828] 
[52/59] → 573167677768
[2026-04-18 17:27:24.836] 🔁 Abriendo chat (intento 1/3) con: https://web.whatsapp.com/send?phone=573167677768&text=Hola%20Daniel%2C%20te%20escribimos%20de%20MEDPLAY.%0A%0A%E2%80%A2%20Tu%20Youtube%2C%20con%20el%20correo%20youdani954%40gmail.com%2C%20vence%20el%20*18%2F04%2F2026*%2C%20quer%C3%ADa%20saber%20si%20deseas%20*realizar%20la%20renovaci%C3%B3n*%2C%20tiene%20un%20costo%20de%20*%24%207%2C900*.%0A%0A*PARA%20PAGOS%20POR%20NEQUI%20SOLICITAR%20EL%20QR%20POR%20FAVOR*
[2026-04-18 17:27:28.407] ✉️ Enviando…
[2026-04-18 17:27:31.045] ↩️ Enviado (Enter)
[2026-04-18 17:27:31.045] ⏳ Pausa post-envío: 12s…
[2026-04-18 17:27:43.059] 
[53/59] → 573103797788
[2026-04-18 17:27:43.066] 🔁 Abriendo chat (intento 1/3) con: https://web.whatsapp.com/send?phone=573103797788&text=Hola%20Ancizar%2C%20te%20escribimos%20de%20MEDPLAY.%0A%0A%E2%80%A2%20Tu%20Youtube%2C%20con%20el%20correo%20ancizarjimenezlopez32%40gmail.com%2C%20vence%20el%20*18%2F04%2F2026*%2C%20quer%C3%ADa%20saber%20si%20deseas%20*realizar%20la%20renovaci%C3%B3n*%2C%20tiene%20un%20costo%20de%20*%24%207%2C900*.%0A%0A*PARA%20PAGOS%20POR%20NEQUI%20SOLICITAR%20EL%20QR%20POR%20FAVOR*
[2026-04-18 17:27:53.201] ✉️ Enviando…
[2026-04-18 17:27:53.510] ↩️ Enviado (Enter)
[2026-04-18 17:27:53.511] ⏳ Pausa post-envío: 12s…
[2026-04-18 17:28:05.526] 
[54/59] → 573105577985
[2026-04-18 17:28:05.531] 🔁 Abriendo chat (intento 1/3) con: https://web.whatsapp.com/send?phone=573105577985&text=Hola%20Julkeled%2C%20te%20escribimos%20de%20MEDPLAY.%0A%0A%E2%80%A2%20Tu%20Youtube%2C%20con%20el%20correo%20julkeled%40gmail.com%2C%20vence%20el%20*19%2F04%2F2026*%2C%20quer%C3%ADa%20saber%20si%20deseas%20*realizar%20la%20renovaci%C3%B3n*%2C%20tiene%20un%20costo%20de%20*%24%207%2C900*.%0A%0A*PARA%20PAGOS%20POR%20NEQUI%20SOLICITAR%20EL%20QR%20POR%20FAVOR*
[2026-04-18 17:28:18.681] ✉️ Enviando…
[2026-04-18 17:28:18.984] ↩️ Enviado (Enter)
[2026-04-18 17:28:18.985] ⏳ Pausa post-envío: 12s…
[2026-04-18 17:28:30.985] 
[55/59] → 573106351302
[2026-04-18 17:28:30.992] 🔁 Abriendo chat (intento 1/3) con: https://web.whatsapp.com/send?phone=573106351302&text=Hola%20Luis%2C%20te%20escribimos%20de%20MEDPLAY.%0A%0A%E2%80%A2%20Tu%20Youtube%2C%20con%20el%20correo%20luiseduardonovoar%40gmail.com%2C%20vence%20el%20*19%2F04%2F2026*%2C%20quer%C3%ADa%20saber%20si%20deseas%20*realizar%20la%20renovaci%C3%B3n*%2C%20tiene%20un%20costo%20de%20*%24%207%2C900*.%0A%0A*PARA%20PAGOS%20POR%20NEQUI%20SOLICITAR%20EL%20QR%20POR%20FAVOR*
[2026-04-18 17:28:34.009] ✉️ Enviando…
[2026-04-18 17:28:43.379] ↩️ Enviado (Enter)
[2026-04-18 17:28:43.379] ⏳ Pausa post-envío: 12s…
[2026-04-18 17:28:55.390] 
[56/59] → 573134656213
[2026-04-18 17:28:55.391] 🔁 Abriendo chat (intento 1/3) con: https://web.whatsapp.com/send?phone=573134656213&text=Hola%20David%2C%20te%20escribimos%20de%20MEDPLAY.%0A%0A%E2%80%A2%20Tu%20Youtube%2C%20con%20el%20correo%20davidricardoalonso%40gmail.com%2C%20vence%20el%20*19%2F04%2F2026*%2C%20quer%C3%ADa%20saber%20si%20deseas%20*realizar%20la%20renovaci%C3%B3n*%2C%20tiene%20un%20costo%20de%20*%24%207%2C900*.%0A%0A*PARA%20PAGOS%20POR%20NEQUI%20SOLICITAR%20EL%20QR%20POR%20FAVOR*
[2026-04-18 17:29:08.021] ✉️ Enviando…
[2026-04-18 17:29:08.359] ↩️ Enviado (Enter)
[2026-04-18 17:29:08.360] ⏳ Pausa post-envío: 12s…
[2026-04-18 17:29:20.365] 
[57/59] → 573185241401
[2026-04-18 17:29:20.373] 🔁 Abriendo chat (intento 1/3) con: https://web.whatsapp.com/send?phone=573185241401&text=Hola%20Victor%2C%20te%20escribimos%20de%20MEDPLAY.%0A%0A%E2%80%A2%20Tu%20Youtube%2C%20con%20el%20correo%20alannasepulveda0%40gmail.com%2C%20vence%20el%20*19%2F04%2F2026*%2C%20quer%C3%ADa%20saber%20si%20deseas%20*realizar%20la%20renovaci%C3%B3n*%2C%20tiene%20un%20costo%20de%20*%24%207%2C900*.%0A%0A*PARA%20PAGOS%20POR%20NEQUI%20SOLICITAR%20EL%20QR%20POR%20FAVOR*
[2026-04-18 17:29:29.932] ✉️ Enviando…
[2026-04-18 17:29:33.720] ↩️ Enviado (Enter)
[2026-04-18 17:29:33.721] ⏳ Pausa post-envío: 12s…
[2026-04-18 17:29:45.730] 
[58/59] → 573003366301
[2026-04-18 17:29:45.731] 🔁 Abriendo chat (intento 1/3) con: https://web.whatsapp.com/send?phone=573003366301&text=Hola%20Juan%2C%20te%20escribimos%20de%20MEDPLAY.%0A%0A%E2%80%A2%20Tu%20Youtube%2C%20con%20el%20correo%20juancpolo2%40gmail.com%2C%20vence%20el%20*19%2F04%2F2026*%2C%20quer%C3%ADa%20saber%20si%20deseas%20*realizar%20la%20renovaci%C3%B3n*%2C%20tiene%20un%20costo%20de%20*%24%207%2C900*.%0A%0A*PARA%20PAGOS%20POR%20NEQUI%20SOLICITAR%20EL%20QR%20POR%20FAVOR*
[2026-04-18 17:29:52.650] ✉️ Enviando…
[2026-04-18 17:29:58.960] ↩️ Enviado (Enter)
[2026-04-18 17:29:58.961] ⏳ Pausa post-envío: 12s…
[2026-04-18 17:30:10.964] 
[59/59] → 573227684931
[2026-04-18 17:30:10.965] 🔁 Abriendo chat (intento 1/3) con: https://web.whatsapp.com/send?phone=573227684931&text=Hola%20Jose%2C%20te%20escribimos%20de%20MEDPLAY.%0A%0A%E2%80%A2%20Tu%20Disney%20Premium%2C%20con%20el%20correo%20medplay93%40gmail.com%2C%20vence%20el%20*19%2F04%2F2026*%2C%20quer%C3%ADa%20saber%20si%20deseas%20*realizar%20la%20renovaci%C3%B3n*%2C%20tiene%20un%20costo%20de%20*%24%2028%2C900*.%0A%0A*PARA%20PAGOS%20POR%20NEQUI%20SOLICITAR%20EL%20QR%20POR%20FAVOR*
[2026-04-18 17:30:20.055] ✉️ Enviando…
[2026-04-18 17:30:20.331] ↩️ Enviado (Enter)
[2026-04-18 17:30:20.331] ⏳ Pausa post-envío: 12s…
[2026-04-18 17:30:32.335] 
✅ Finalizado. Enviados: 59. Omitidos: 0.
[2026-04-18 17:30:32.336] ℹ️ Navegador dejado abierto para revisión manual.
[2026-04-19 17:47:09.953] 📨 Enviaré 34 mensaje(s).
[2026-04-19 17:47:09.953] 🚀 Lanzando script de navegador: C:\Users\Santiago\medplay\scripts\start-edge-wa.bat
[2026-04-19 17:47:09.963] ⏳ Esperando CDP…
[2026-04-19 17:47:13.893] 🟡 Preparando WhatsApp Web…
[2026-04-19 17:48:59.814] 📨 Enviaré 34 mensaje(s).
[2026-04-19 17:48:59.815] 🚀 Lanzando script de navegador: C:\Users\Santiago\medplay\scripts\start-edge-wa.bat
[2026-04-19 17:48:59.831] ⏳ Esperando CDP…
[2026-04-19 17:49:02.926] 🟡 Preparando WhatsApp Web…
[2026-04-19 17:49:18.809] ✅ WhatsApp Web listo.
[2026-04-19 17:49:18.810] 
[1/34] → 573046323892
[2026-04-19 17:49:18.810] 🔁 Abriendo chat (intento 1/3) con: https://web.whatsapp.com/send?phone=573046323892&text=Hola%20Jhon%2C%20te%20escribimos%20de%20MEDPLAY.%0A%0A%E2%80%A2%20Tu%20Crunchyroll%20(pantalla%202)%2C%20con%20el%20correo%20louizarivello6782%40hotmail.com%2C%20vence%20el%20*18%2F04%2F2026*%2C%20quer%C3%ADa%20saber%20si%20deseas%20*realizar%20la%20renovaci%C3%B3n*%2C%20tiene%20un%20costo%20de%20*%24%206%2C900*.%0A%0A*PARA%20PAGOS%20POR%20NEQUI%20SOLICITAR%20EL%20QR%20POR%20FAVOR*
[2026-04-19 17:49:22.378] ✉️ Enviando…
[2026-04-19 17:49:33.091] ↩️ Enviado (Enter)
[2026-04-19 17:49:33.093] ⏳ Pausa post-envío: 12s…
[2026-04-19 17:49:45.100] 
[2/34] → 573102934536
[2026-04-19 17:49:45.101] 🔁 Abriendo chat (intento 1/3) con: https://web.whatsapp.com/send?phone=573102934536&text=Hola%20Yanpool%2C%20te%20escribimos%20de%20MEDPLAY.%0A%0A%E2%80%A2%20Tu%20Crunchyroll%20(pantalla%206)%2C%20con%20el%20correo%20theobaldzevallos76%40hotmail.com%2C%20vence%20el%20*18%2F04%2F2026*%2C%20quer%C3%ADa%20saber%20si%20deseas%20*realizar%20la%20renovaci%C3%B3n*%2C%20tiene%20un%20costo%20de%20*%24%206%2C900*.%0A%0A*PARA%20PAGOS%20POR%20NEQUI%20SOLICITAR%20EL%20QR%20POR%20FAVOR*
[2026-04-19 17:49:48.500] ✉️ Enviando…
[2026-04-19 17:49:52.865] ↩️ Enviado (Enter)
[2026-04-19 17:49:52.866] ⏳ Pausa post-envío: 12s…
[2026-04-19 17:50:04.880] 
[3/34] → 573217449630
[2026-04-19 17:50:04.881] 🔁 Abriendo chat (intento 1/3) con: https://web.whatsapp.com/send?phone=573217449630&text=Hola%20Santhizz%2C%20te%20escribimos%20de%20MEDPLAY.%0A%0A%E2%80%A2%20Tu%20Crunchyroll%20(pantalla%206)%2C%20con%20el%20correo%20shantellehoneywell1578%40hotmail.com%2C%20vence%20el%20*18%2F04%2F2026*%2C%20quer%C3%ADa%20saber%20si%20deseas%20*realizar%20la%20renovaci%C3%B3n*%2C%20tiene%20un%20costo%20de%20*%24%206%2C900*.%0A%0A*PARA%20PAGOS%20POR%20NEQUI%20SOLICITAR%20EL%20QR%20POR%20FAVOR*
[2026-04-19 17:50:17.459] ✉️ Enviando…
[2026-04-19 17:50:17.751] ↩️ Enviado (Enter)
[2026-04-19 17:50:17.752] ⏳ Pausa post-envío: 12s…
[2026-04-19 17:50:29.752] 
[4/34] → 573103855243
[2026-04-19 17:50:29.753] 🔁 Abriendo chat (intento 1/3) con: https://web.whatsapp.com/send?phone=573103855243&text=Hola%20%2B57%2C%20te%20escribimos%20de%20MEDPLAY.%0A%0A%E2%80%A2%20Tu%20Crunchyroll%20(pantalla%206)%2C%20con%20el%20correo%20springestelle7814%40hotmail.com%2C%20vence%20el%20*18%2F04%2F2026*%2C%20quer%C3%ADa%20saber%20si%20deseas%20*realizar%20la%20renovaci%C3%B3n*%2C%20tiene%20un%20costo%20de%20*%24%206%2C900*.%0A%0A*PARA%20PAGOS%20POR%20NEQUI%20SOLICITAR%20EL%20QR%20POR%20FAVOR*
[2026-04-19 17:50:39.196] ✉️ Enviando…
[2026-04-19 17:50:40.127] ↩️ Enviado (Enter)
[2026-04-19 17:50:40.127] ⏳ Pausa post-envío: 12s…
[2026-04-19 17:50:52.140] 
[5/34] → 573136300437
[2026-04-19 17:50:52.143] 🔁 Abriendo chat (intento 1/3) con: https://web.whatsapp.com/send?phone=573136300437&text=Hola%20%2B57%2C%20te%20escribimos%20de%20MEDPLAY.%0A%0A%E2%80%A2%20Tu%20Crunchyroll%20(pantalla%201)%2C%20con%20el%20correo%20esmeraldagraboski587%40hotmail.com%2C%20vence%20el%20*19%2F04%2F2026*%2C%20quer%C3%ADa%20saber%20si%20deseas%20*realizar%20la%20renovaci%C3%B3n*%2C%20tiene%20un%20costo%20de%20*%24%206%2C900*.%0A%0A*PARA%20PAGOS%20POR%20NEQUI%20SOLICITAR%20EL%20QR%20POR%20FAVOR*
[2026-04-19 17:51:02.057] ✉️ Enviando…
[2026-04-19 17:51:02.362] ↩️ Enviado (Enter)
[2026-04-19 17:51:02.362] ⏳ Pausa post-envío: 12s…
[2026-04-19 17:51:14.376] 
[6/34] → 573024806458
[2026-04-19 17:51:14.383] 🔁 Abriendo chat (intento 1/3) con: https://web.whatsapp.com/send?phone=573024806458&text=Hola%20%2B57%2C%20te%20escribimos%20de%20MEDPLAY.%0A%0A%E2%80%A2%20Tu%20Crunchyroll%20(pantalla%203)%2C%20con%20el%20correo%20esmeraldagraboski587%40hotmail.com%2C%20vence%20el%20*19%2F04%2F2026*%2C%20quer%C3%ADa%20saber%20si%20deseas%20*realizar%20la%20renovaci%C3%B3n*%2C%20tiene%20un%20costo%20de%20*%24%206%2C900*.%0A%0A*PARA%20PAGOS%20POR%20NEQUI%20SOLICITAR%20EL%20QR%20POR%20FAVOR*
[2026-04-19 17:51:24.307] ✉️ Enviando…
[2026-04-19 17:51:24.623] ↩️ Enviado (Enter)
[2026-04-19 17:51:24.625] ⏳ Pausa post-envío: 12s…
[2026-04-19 17:51:36.628] 
[7/34] → 573187173138
[2026-04-19 17:51:36.629] 🔁 Abriendo chat (intento 1/3) con: https://web.whatsapp.com/send?phone=573187173138&text=Hola%20Ronaldo%2C%20te%20escribimos%20de%20MEDPLAY.%0A%0A%E2%80%A2%20Tu%20Crunchyroll%20(pantalla%204)%2C%20con%20el%20correo%20esmeraldagraboski587%40hotmail.com%2C%20vence%20el%20*19%2F04%2F2026*%2C%20quer%C3%ADa%20saber%20si%20deseas%20*realizar%20la%20renovaci%C3%B3n*%2C%20tiene%20un%20costo%20de%20*%24%206%2C900*.%0A%0A*PARA%20PAGOS%20POR%20NEQUI%20SOLICITAR%20EL%20QR%20POR%20FAVOR*
[2026-04-19 17:51:46.512] ✉️ Enviando…
[2026-04-19 17:51:46.804] ↩️ Enviado (Enter)
[2026-04-19 17:51:46.807] ⏳ Pausa post-envío: 12s…
[2026-04-19 17:51:58.813] 
[8/34] → 573122504093
[2026-04-19 17:51:58.813] 🔁 Abriendo chat (intento 1/3) con: https://web.whatsapp.com/send?phone=573122504093&text=Hola%20Daniela%2C%20te%20escribimos%20de%20MEDPLAY.%0A%0A%E2%80%A2%20Tu%20Crunchyroll%20(pantalla%205)%2C%20con%20el%20correo%20esmeraldagraboski587%40hotmail.com%2C%20vence%20el%20*19%2F04%2F2026*%2C%20quer%C3%ADa%20saber%20si%20deseas%20*realizar%20la%20renovaci%C3%B3n*%2C%20tiene%20un%20costo%20de%20*%24%206%2C900*.%0A%0A*PARA%20PAGOS%20POR%20NEQUI%20SOLICITAR%20EL%20QR%20POR%20FAVOR*
[2026-04-19 17:52:08.663] ✉️ Enviando…
[2026-04-19 17:52:08.957] ↩️ Enviado (Enter)
[2026-04-19 17:52:08.957] ⏳ Pausa post-envío: 12s…
[2026-04-19 17:52:20.966] 
[9/34] → 5219624501225
[2026-04-19 17:52:20.967] 🔁 Abriendo chat (intento 1/3) con: https://web.whatsapp.com/send?phone=5219624501225&text=Hola%20taporojas%2C%20te%20escribimos%20de%20MEDPLAY.%0A%0A%E2%80%A2%20Tu%20Crunchyroll%20(pantalla%204)%2C%20con%20el%20correo%20frazierurtiaga8172%40hotmail.com%2C%20vence%20el%20*19%2F04%2F2026*%2C%20quer%C3%ADa%20saber%20si%20deseas%20*realizar%20la%20renovaci%C3%B3n*%2C%20tiene%20un%20costo%20de%20*%24%206%2C900*.%0A%0A*PARA%20PAGOS%20POR%20NEQUI%20SOLICITAR%20EL%20QR%20POR%20FAVOR*
[2026-04-19 17:52:30.363] ✉️ Enviando…
[2026-04-19 17:52:31.328] ↩️ Enviado (Enter)
[2026-04-19 17:52:31.328] ⏳ Pausa post-envío: 12s…
[2026-04-19 17:52:43.330] 
[10/34] → 573022453404
[2026-04-19 17:52:43.335] 🔁 Abriendo chat (intento 1/3) con: https://web.whatsapp.com/send?phone=573022453404&text=Hola%20Diego%2C%20te%20escribimos%20de%20MEDPLAY.%0A%0A%E2%80%A2%20Tu%20Crunchyroll%20(pantalla%201)%2C%20con%20el%20correo%20frazierurtiaga8172%40hotmail.com%2C%20vence%20el%20*19%2F04%2F2026*%2C%20quer%C3%ADa%20saber%20si%20deseas%20*realizar%20la%20renovaci%C3%B3n*%2C%20tiene%20un%20costo%20de%20*%24%206%2C900*.%0A%0A*PARA%20PAGOS%20POR%20NEQUI%20SOLICITAR%20EL%20QR%20POR%20FAVOR*
[2026-04-19 17:52:56.148] ✉️ Enviando…
[2026-04-19 17:52:56.452] ↩️ Enviado (Enter)
[2026-04-19 17:52:56.453] ⏳ Pausa post-envío: 12s…
[2026-04-19 17:53:08.459] 
[11/34] → 573502816735
[2026-04-19 17:53:08.460] 🔁 Abriendo chat (intento 1/3) con: https://web.whatsapp.com/send?phone=573502816735&text=Hola%2C%20te%20escribimos%20de%20MEDPLAY.%0A%0A%E2%80%A2%20Tu%20Crunchyroll%20(pantalla%202)%2C%20con%20el%20correo%20frazierurtiaga8172%40hotmail.com%2C%20vence%20el%20*19%2F04%2F2026*%2C%20quer%C3%ADa%20saber%20si%20deseas%20*realizar%20la%20renovaci%C3%B3n*%2C%20tiene%20un%20costo%20de%20*%24%206%2C900*.%0A%0A*PARA%20PAGOS%20POR%20NEQUI%20SOLICITAR%20EL%20QR%20POR%20FAVOR*
[2026-04-19 17:53:18.734] ✉️ Enviando…
[2026-04-19 17:53:19.043] ↩️ Enviado (Enter)
[2026-04-19 17:53:19.043] ⏳ Pausa post-envío: 12s…
[2026-04-19 17:53:31.057] 
[12/34] → 573042520572
[2026-04-19 17:53:31.058] 🔁 Abriendo chat (intento 1/3) con: https://web.whatsapp.com/send?phone=573042520572&text=Hola%20Betsabe%2C%20te%20escribimos%20de%20MEDPLAY.%0A%0A%E2%80%A2%20Tu%20Crunchyroll%20(pantalla%203)%2C%20con%20el%20correo%20frazierurtiaga8172%40hotmail.com%2C%20vence%20el%20*19%2F04%2F2026*%2C%20quer%C3%ADa%20saber%20si%20deseas%20*realizar%20la%20renovaci%C3%B3n*%2C%20tiene%20un%20costo%20de%20*%24%206%2C900*.%0A%0A*PARA%20PAGOS%20POR%20NEQUI%20SOLICITAR%20EL%20QR%20POR%20FAVOR*
[2026-04-19 17:53:40.850] ✉️ Enviando…
[2026-04-19 17:53:41.123] ↩️ Enviado (Enter)
[2026-04-19 17:53:41.124] ⏳ Pausa post-envío: 12s…
[2026-04-19 17:53:53.127] 
[13/34] → 573104944413
[2026-04-19 17:53:53.135] 🔁 Abriendo chat (intento 1/3) con: https://web.whatsapp.com/send?phone=573104944413&text=Hola%20%2B57%2C%20te%20escribimos%20de%20MEDPLAY.%0A%0A%E2%80%A2%20Tu%20Crunchyroll%20(pantalla%205)%2C%20con%20el%20correo%20frazierurtiaga8172%40hotmail.com%2C%20vence%20el%20*19%2F04%2F2026*%2C%20quer%C3%ADa%20saber%20si%20deseas%20*realizar%20la%20renovaci%C3%B3n*%2C%20tiene%20un%20costo%20de%20*%24%206%2C900*.%0A%0A*PARA%20PAGOS%20POR%20NEQUI%20SOLICITAR%20EL%20QR%20POR%20FAVOR*
[2026-04-19 17:53:58.081] ✉️ Enviando…
[2026-04-19 17:54:05.633] ↩️ Enviado (Enter)
[2026-04-19 17:54:05.633] ⏳ Pausa post-envío: 12s…
[2026-04-19 17:54:17.649] 
[14/34] → 573008604341
[2026-04-19 17:54:17.651] 🔁 Abriendo chat (intento 1/3) con: https://web.whatsapp.com/send?phone=573008604341&text=Hola%20Mateo%2C%20te%20escribimos%20de%20MEDPLAY.%0A%0A%E2%80%A2%20Tu%20Crunchyroll%20(pantalla%204)%2C%20con%20el%20correo%20florinedoane1582%40hotmail.com%2C%20vence%20el%20*19%2F04%2F2026*%2C%20quer%C3%ADa%20saber%20si%20deseas%20*realizar%20la%20renovaci%C3%B3n*%2C%20tiene%20un%20costo%20de%20*%24%203%2C900*.%0A%0A*PARA%20PAGOS%20POR%20NEQUI%20SOLICITAR%20EL%20QR%20POR%20FAVOR*
[2026-04-19 17:54:22.763] ✉️ Enviando…
[2026-04-19 17:54:31.615] ↩️ Enviado (Enter)
[2026-04-19 17:54:31.616] ⏳ Pausa post-envío: 12s…
[2026-04-19 17:54:43.634] 
[15/34] → 573193218642
[2026-04-19 17:54:43.639] 🔁 Abriendo chat (intento 1/3) con: https://web.whatsapp.com/send?phone=573193218642&text=Hola%20VG%2C%20te%20escribimos%20de%20MEDPLAY.%0A%0A%E2%80%A2%20Tu%20VIX%20(pantalla%204)%2C%20con%20el%20correo%20medplay93%2B73ico%40gmail.com%2C%20vence%20el%20*19%2F04%2F2026*%2C%20quer%C3%ADa%20saber%20si%20deseas%20*realizar%20la%20renovaci%C3%B3n*%2C%20tiene%20un%20costo%20de%20*%24%203%2C900*.%0A%0A*PARA%20PAGOS%20POR%20NEQUI%20SOLICITAR%20EL%20QR%20POR%20FAVOR*
[2026-04-19 17:54:48.401] ✉️ Enviando…
[2026-04-19 17:54:55.909] ↩️ Enviado (Enter)
[2026-04-19 17:54:55.911] ⏳ Pausa post-envío: 12s…
[2026-04-19 17:55:07.919] 
[16/34] → 573012823773
[2026-04-19 17:55:07.920] 🔁 Abriendo chat (intento 1/3) con: https://web.whatsapp.com/send?phone=573012823773&text=Hola%20Sara%2C%20te%20escribimos%20de%20MEDPLAY.%0A%0A%E2%80%A2%20Tu%20Netflix%20(pantalla%205)%2C%20con%20el%20correo%20medplay93%40gmail.com%2C%20vence%20el%20*19%2F04%2F2026*%2C%20quer%C3%ADa%20saber%20si%20deseas%20*realizar%20la%20renovaci%C3%B3n*%2C%20tiene%20un%20costo%20de%20*%24%2013%2C900*.%0A%E2%80%A2%20Tu%20Youtube%2C%20con%20el%20correo%20sara.castrillon666%40gmail.com%2C%20vence%20el%20*19%2F04%2F2026*%2C%20quer%C3%ADa%20saber%20si%20deseas%20*realizar%20la%20renovaci%C3%B3n*%2C%20tiene%20un%20costo%20de%20*%24%207%2C900*.%0A%0A*PARA%20PAGOS%20POR%20NEQUI%20SOLICITAR%20EL%20QR%20POR%20FAVOR*
[2026-04-19 17:55:12.762] ✉️ Enviando…
[2026-04-19 17:55:20.323] ↩️ Enviado (Enter)
[2026-04-19 17:55:20.324] ⏳ Pausa post-envío: 12s…
[2026-04-19 17:55:32.324] 
[17/34] → 573122756404
[2026-04-19 17:55:32.324] 🔁 Abriendo chat (intento 1/3) con: https://web.whatsapp.com/send?phone=573122756404&text=Hola%20Stepha%2C%20te%20escribimos%20de%20MEDPLAY.%0A%0A%E2%80%A2%20Tu%20Disney%20(pantalla%201)%2C%20con%20el%20correo%20medplay93%2Bnv2%40gmail.com%2C%20vence%20el%20*19%2F04%2F2026*%2C%20quer%C3%ADa%20saber%20si%20deseas%20*realizar%20la%20renovaci%C3%B3n*%2C%20tiene%20un%20costo%20de%20*%24%207%2C900*.%0A%0A*PARA%20PAGOS%20POR%20NEQUI%20SOLICITAR%20EL%20QR%20POR%20FAVOR*
[2026-04-19 17:55:37.870] ✉️ Enviando…
[2026-04-19 17:55:45.851] ↩️ Enviado (Enter)
[2026-04-19 17:55:45.852] ⏳ Pausa post-envío: 12s…
[2026-04-19 17:55:57.858] 
[18/34] → 573232263456
[2026-04-19 17:55:57.858] 🔁 Abriendo chat (intento 1/3) con: https://web.whatsapp.com/send?phone=573232263456&text=Hola%20%2B57%2C%20te%20escribimos%20de%20MEDPLAY.%0A%0A%E2%80%A2%20Tu%20Disney%20Premium%20(pantalla%204)%2C%20con%20el%20correo%20medplay93%2Bcnvl%40gmail.com%2C%20vence%20el%20*20%2F04%2F2026*%2C%20quer%C3%ADa%20saber%20si%20deseas%20*realizar%20la%20renovaci%C3%B3n*%2C%20tiene%20un%20costo%20de%20*%24%2012%2C900*.%0A%0A*PARA%20PAGOS%20POR%20NEQUI%20SOLICITAR%20EL%20QR%20POR%20FAVOR*
[2026-04-19 17:56:03.392] ✉️ Enviando…
[2026-04-19 17:56:11.428] ↩️ Enviado (Enter)
[2026-04-19 17:56:11.429] ⏳ Pausa post-envío: 12s…
[2026-04-19 17:56:23.432] 
[19/34] → 573012465155
[2026-04-19 17:56:23.433] 🔁 Abriendo chat (intento 1/3) con: https://web.whatsapp.com/send?phone=573012465155&text=Hola%20Ronald%2C%20te%20escribimos%20de%20MEDPLAY.%0A%0A%E2%80%A2%20Tu%20Netflix%20(pantalla%201)%2C%20con%20el%20correo%20xinomix11%40outlook.com%2C%20vence%20el%20*20%2F04%2F2026*%2C%20quer%C3%ADa%20saber%20si%20deseas%20*realizar%20la%20renovaci%C3%B3n*%2C%20tiene%20un%20costo%20de%20*%24%2013%2C900*.%0A%0A*PARA%20PAGOS%20POR%20NEQUI%20SOLICITAR%20EL%20QR%20POR%20FAVOR*
[2026-04-19 17:56:29.474] ✉️ Enviando…
[2026-04-19 17:56:37.451] ↩️ Enviado (Enter)
[2026-04-19 17:56:37.452] ⏳ Pausa post-envío: 12s…
[2026-04-19 17:56:49.465] 
[20/34] → 573202781137
[2026-04-19 17:56:49.466] 🔁 Abriendo chat (intento 1/3) con: https://web.whatsapp.com/send?phone=573202781137&text=Hola%20Mathias%2C%20te%20escribimos%20de%20MEDPLAY.%0A%0A%E2%80%A2%20Tu%20Spotify%2C%20con%20el%20correo%20regalogarantia%40gmail.com%2C%20vence%20el%20*19%2F04%2F2026*%2C%20quer%C3%ADa%20saber%20si%20deseas%20*realizar%20la%20renovaci%C3%B3n*%2C%20tiene%20un%20costo%20de%20*%24%206%2C000*.%0A%0A*PARA%20PAGOS%20POR%20NEQUI%20SOLICITAR%20EL%20QR%20POR%20FAVOR*
[2026-04-19 17:56:55.479] ✉️ Enviando…
[2026-04-19 17:57:03.396] ↩️ Enviado (Enter)
[2026-04-19 17:57:03.397] ⏳ Pausa post-envío: 12s…
[2026-04-19 17:57:15.409] 
[21/34] → 573237258479
[2026-04-19 17:57:15.410] 🔁 Abriendo chat (intento 1/3) con: https://web.whatsapp.com/send?phone=573237258479&text=Hola%20Dai%2C%20te%20escribimos%20de%20MEDPLAY.%0A%0A%E2%80%A2%20Tu%20Disney%20Premium%2C%20con%20el%20correo%20m.edplay93j%40gmail.com%2C%20vence%20el%20*18%2F04%2F2026*%2C%20quer%C3%ADa%20saber%20si%20deseas%20*realizar%20la%20renovaci%C3%B3n*%2C%20tiene%20un%20costo%20de%20*%24%2028%2C000*.%0A%0A*PARA%20PAGOS%20POR%20NEQUI%20SOLICITAR%20EL%20QR%20POR%20FAVOR*
[2026-04-19 17:57:20.725] ✉️ Enviando…
[2026-04-19 17:57:28.422] ↩️ Enviado (Enter)
[2026-04-19 17:57:28.423] ⏳ Pausa post-envío: 12s…
[2026-04-19 17:57:40.430] 
[22/34] → 573105577985
[2026-04-19 17:57:40.430] 🔁 Abriendo chat (intento 1/3) con: https://web.whatsapp.com/send?phone=573105577985&text=Hola%20Julkeled%2C%20te%20escribimos%20de%20MEDPLAY.%0A%0A%E2%80%A2%20Tu%20Youtube%2C%20con%20el%20correo%20julkeled%40gmail.com%2C%20vence%20el%20*19%2F04%2F2026*%2C%20quer%C3%ADa%20saber%20si%20deseas%20*realizar%20la%20renovaci%C3%B3n*%2C%20tiene%20un%20costo%20de%20*%24%207%2C900*.%0A%0A*PARA%20PAGOS%20POR%20NEQUI%20SOLICITAR%20EL%20QR%20POR%20FAVOR*
[2026-04-19 17:57:46.250] ✉️ Enviando…
[2026-04-19 17:57:52.962] ↩️ Enviado (Enter)
[2026-04-19 17:57:52.962] ⏳ Pausa post-envío: 12s…
[2026-04-19 17:58:04.973] 
[23/34] → 573106351302
[2026-04-19 17:58:04.976] 🔁 Abriendo chat (intento 1/3) con: https://web.whatsapp.com/send?phone=573106351302&text=Hola%20Luis%2C%20te%20escribimos%20de%20MEDPLAY.%0A%0A%E2%80%A2%20Tu%20Youtube%2C%20con%20el%20correo%20luiseduardonovoar%40gmail.com%2C%20vence%20el%20*19%2F04%2F2026*%2C%20quer%C3%ADa%20saber%20si%20deseas%20*realizar%20la%20renovaci%C3%B3n*%2C%20tiene%20un%20costo%20de%20*%24%207%2C900*.%0A%0A*PARA%20PAGOS%20POR%20NEQUI%20SOLICITAR%20EL%20QR%20POR%20FAVOR*
[2026-04-19 17:58:10.687] ✉️ Enviando…
[2026-04-19 17:58:29.776] ↩️ Enviado (Enter)
[2026-04-19 17:58:29.777] ⏳ Pausa post-envío: 12s…
[2026-04-19 17:58:41.778] 
[24/34] → 573134656213
[2026-04-19 17:58:41.784] 🔁 Abriendo chat (intento 1/3) con: https://web.whatsapp.com/send?phone=573134656213&text=Hola%20David%2C%20te%20escribimos%20de%20MEDPLAY.%0A%0A%E2%80%A2%20Tu%20Youtube%2C%20con%20el%20correo%20davidricardoalonso%40gmail.com%2C%20vence%20el%20*19%2F04%2F2026*%2C%20quer%C3%ADa%20saber%20si%20deseas%20*realizar%20la%20renovaci%C3%B3n*%2C%20tiene%20un%20costo%20de%20*%24%207%2C900*.%0A%0A*PARA%20PAGOS%20POR%20NEQUI%20SOLICITAR%20EL%20QR%20POR%20FAVOR*
[2026-04-19 17:58:48.504] ✉️ Enviando…
[2026-04-19 17:58:53.229] ↩️ Enviado (Enter)
[2026-04-19 17:58:53.230] ⏳ Pausa post-envío: 12s…
[2026-04-19 17:59:05.235] 
[25/34] → 573185241401
[2026-04-19 17:59:05.236] 🔁 Abriendo chat (intento 1/3) con: https://web.whatsapp.com/send?phone=573185241401&text=Hola%20Victor%2C%20te%20escribimos%20de%20MEDPLAY.%0A%0A%E2%80%A2%20Tu%20Youtube%2C%20con%20el%20correo%20alannasepulveda0%40gmail.com%2C%20vence%20el%20*19%2F04%2F2026*%2C%20quer%C3%ADa%20saber%20si%20deseas%20*realizar%20la%20renovaci%C3%B3n*%2C%20tiene%20un%20costo%20de%20*%24%207%2C900*.%0A%0A*PARA%20PAGOS%20POR%20NEQUI%20SOLICITAR%20EL%20QR%20POR%20FAVOR*
[2026-04-19 17:59:10.501] ✉️ Enviando…
[2026-04-19 17:59:17.291] ↩️ Enviado (Enter)
[2026-04-19 17:59:17.291] ⏳ Pausa post-envío: 12s…
[2026-04-19 17:59:29.301] 
[26/34] → 573003366301
[2026-04-19 17:59:29.301] 🔁 Abriendo chat (intento 1/3) con: https://web.whatsapp.com/send?phone=573003366301&text=Hola%20Juan%2C%20te%20escribimos%20de%20MEDPLAY.%0A%0A%E2%80%A2%20Tu%20Youtube%2C%20con%20el%20correo%20juancpolo2%40gmail.com%2C%20vence%20el%20*19%2F04%2F2026*%2C%20quer%C3%ADa%20saber%20si%20deseas%20*realizar%20la%20renovaci%C3%B3n*%2C%20tiene%20un%20costo%20de%20*%24%207%2C900*.%0A%0A*PARA%20PAGOS%20POR%20NEQUI%20SOLICITAR%20EL%20QR%20POR%20FAVOR*
[2026-04-19 17:59:34.327] ✉️ Enviando…
[2026-04-19 17:59:41.229] ↩️ Enviado (Enter)
[2026-04-19 17:59:41.229] ⏳ Pausa post-envío: 12s…
[2026-04-19 17:59:53.236] 
[27/34] → 573227684931
[2026-04-19 17:59:53.242] 🔁 Abriendo chat (intento 1/3) con: https://web.whatsapp.com/send?phone=573227684931&text=Hola%20Jose%2C%20te%20escribimos%20de%20MEDPLAY.%0A%0A%E2%80%A2%20Tu%20Disney%20Premium%2C%20con%20el%20correo%20medplay93%40gmail.com%2C%20vence%20el%20*19%2F04%2F2026*%2C%20quer%C3%ADa%20saber%20si%20deseas%20*realizar%20la%20renovaci%C3%B3n*%2C%20tiene%20un%20costo%20de%20*%24%2028%2C900*.%0A%0A*PARA%20PAGOS%20POR%20NEQUI%20SOLICITAR%20EL%20QR%20POR%20FAVOR*
[2026-04-19 17:59:59.254] ✉️ Enviando…
[2026-04-19 18:00:06.041] ↩️ Enviado (Enter)
[2026-04-19 18:00:06.042] ⏳ Pausa post-envío: 12s…
[2026-04-19 18:00:18.054] 
[28/34] → 573203077063
[2026-04-19 18:00:18.055] 🔁 Abriendo chat (intento 1/3) con: https://web.whatsapp.com/send?phone=573203077063&text=Hola%20Tequierocarlota%2C%20te%20escribimos%20de%20MEDPLAY.%0A%0A%E2%80%A2%20Tu%20Youtube%2C%20con%20el%20correo%20tequierocarlota247%40gmail.com%2C%20vence%20el%20*20%2F04%2F2026*%2C%20quer%C3%ADa%20saber%20si%20deseas%20*realizar%20la%20renovaci%C3%B3n*%2C%20tiene%20un%20costo%20de%20*%24%207%2C900*.%0A%0A*PARA%20PAGOS%20POR%20NEQUI%20SOLICITAR%20EL%20QR%20POR%20FAVOR*
[2026-04-19 18:00:25.503] ✉️ Enviando…
[2026-04-19 18:00:29.574] ↩️ Enviado (Enter)
[2026-04-19 18:00:29.574] ⏳ Pausa post-envío: 12s…
[2026-04-19 18:00:41.575] 
[29/34] → 573004671758
[2026-04-19 18:00:41.576] 🔁 Abriendo chat (intento 1/3) con: https://web.whatsapp.com/send?phone=573004671758&text=Hola%20%2B57%2C%20te%20escribimos%20de%20MEDPLAY.%0A%0A%E2%80%A2%20Tu%20Youtube%2C%20con%20el%20correo%20uu395539%40gmail.com%2C%20vence%20el%20*20%2F04%2F2026*%2C%20quer%C3%ADa%20saber%20si%20deseas%20*realizar%20la%20renovaci%C3%B3n*%2C%20tiene%20un%20costo%20de%20*%24%207%2C900*.%0A%0A*PARA%20PAGOS%20POR%20NEQUI%20SOLICITAR%20EL%20QR%20POR%20FAVOR*
[2026-04-19 18:00:49.010] ✉️ Enviando…
[2026-04-19 18:00:53.209] ↩️ Enviado (Enter)
[2026-04-19 18:00:53.209] ⏳ Pausa post-envío: 12s…
[2026-04-19 18:01:05.224] 
[30/34] → 573144408756
[2026-04-19 18:01:05.225] 🔁 Abriendo chat (intento 1/3) con: https://web.whatsapp.com/send?phone=573144408756&text=Hola%20Milpermos%2C%20te%20escribimos%20de%20MEDPLAY.%0A%0A%E2%80%A2%20Tu%20Youtube%2C%20con%20el%20correo%20milpermos17%40gmail.com%2C%20vence%20el%20*20%2F04%2F2026*%2C%20quer%C3%ADa%20saber%20si%20deseas%20*realizar%20la%20renovaci%C3%B3n*%2C%20tiene%20un%20costo%20de%20*%24%207%2C900*.%0A%0A*PARA%20PAGOS%20POR%20NEQUI%20SOLICITAR%20EL%20QR%20POR%20FAVOR*
[2026-04-19 18:01:10.598] ✉️ Enviando…
[2026-04-19 18:01:22.835] ↩️ Enviado (Enter)
[2026-04-19 18:01:22.836] ⏳ Pausa post-envío: 12s…
[2026-04-19 18:01:34.846] 
[31/34] → 573193164039
[2026-04-19 18:01:34.846] 🔁 Abriendo chat (intento 1/3) con: https://web.whatsapp.com/send?phone=573193164039&text=Hola%20Viviana%2C%20te%20escribimos%20de%20MEDPLAY.%0A%0A%E2%80%A2%20Tu%20Youtube%2C%20con%20el%20correo%20paulabb8lukipuki%40gmail.com%2C%20vence%20el%20*20%2F04%2F2026*%2C%20quer%C3%ADa%20saber%20si%20deseas%20*realizar%20la%20renovaci%C3%B3n*%2C%20tiene%20un%20costo%20de%20*%24%207%2C900*.%0A%0A*PARA%20PAGOS%20POR%20NEQUI%20SOLICITAR%20EL%20QR%20POR%20FAVOR*
[2026-04-19 18:01:41.865] ✉️ Enviando…
[2026-04-19 18:01:51.383] ↩️ Enviado (Enter)
[2026-04-19 18:01:51.383] ⏳ Pausa post-envío: 12s…
[2026-04-19 18:02:03.396] 
[32/34] → 573163476684
[2026-04-19 18:02:03.397] 🔁 Abriendo chat (intento 1/3) con: https://web.whatsapp.com/send?phone=573163476684&text=Hola%2C%20te%20escribimos%20de%20MEDPLAY.%0A%0A%E2%80%A2%20Tu%20Youtube%2C%20con%20el%20correo%20Colmenesc%40gmail.com%2C%20vence%20el%20*20%2F04%2F2026*%2C%20quer%C3%ADa%20saber%20si%20deseas%20*realizar%20la%20renovaci%C3%B3n*%2C%20tiene%20un%20costo%20de%20*%24%207%2C900*.%0A%0A*PARA%20PAGOS%20POR%20NEQUI%20SOLICITAR%20EL%20QR%20POR%20FAVOR*
[2026-04-19 18:02:08.813] ✉️ Enviando…
[2026-04-19 18:02:15.554] ↩️ Enviado (Enter)
[2026-04-19 18:02:15.555] ⏳ Pausa post-envío: 12s…
[2026-04-19 18:02:27.562] 
[33/34] → 573107057689
[2026-04-19 18:02:27.564] 🔁 Abriendo chat (intento 1/3) con: https://web.whatsapp.com/send?phone=573107057689&text=Hola%20Marlyn%2C%20te%20escribimos%20de%20MEDPLAY.%0A%0A%E2%80%A2%20Tu%20Youtube%2C%20con%20el%20correo%20marlynjohana07%40gmail.com%2C%20vence%20el%20*20%2F04%2F2026*%2C%20quer%C3%ADa%20saber%20si%20deseas%20*realizar%20la%20renovaci%C3%B3n*%2C%20tiene%20un%20costo%20de%20*%24%207%2C900*.%0A%0A*PARA%20PAGOS%20POR%20NEQUI%20SOLICITAR%20EL%20QR%20POR%20FAVOR*
[2026-04-19 18:02:34.796] ✉️ Enviando…
[2026-04-19 18:02:43.817] ↩️ Enviado (Enter)
[2026-04-19 18:02:43.817] ⏳ Pausa post-envío: 12s…
[2026-04-19 18:02:55.822] 
[34/34] → 573183444317
[2026-04-19 18:02:55.823] 🔁 Abriendo chat (intento 1/3) con: https://web.whatsapp.com/send?phone=573183444317&text=Hola%20Rosa%2C%20te%20escribimos%20de%20MEDPLAY.%0A%0A%E2%80%A2%20Tu%20Youtube%2C%20con%20el%20correo%20eeuu4148%40gmail.com%2C%20vence%20el%20*20%2F04%2F2026*%2C%20quer%C3%ADa%20saber%20si%20deseas%20*realizar%20la%20renovaci%C3%B3n*%2C%20tiene%20un%20costo%20de%20*%24%207%2C900*.%0A%0A*PARA%20PAGOS%20POR%20NEQUI%20SOLICITAR%20EL%20QR%20POR%20FAVOR*
[2026-04-19 18:03:00.803] ✉️ Enviando…
[2026-04-19 18:03:07.398] ↩️ Enviado (Enter)
[2026-04-19 18:03:07.399] ⏳ Pausa post-envío: 12s…
[2026-04-19 18:03:19.408] 
✅ Finalizado. Enviados: 34. Omitidos: 0.
[2026-04-19 18:03:19.408] ℹ️ Navegador dejado abierto para revisión manual.
[2026-04-20 12:56:44.183] 📨 Enviaré 44 mensaje(s).
[2026-04-20 12:56:44.183] 🚀 Lanzando script de navegador: C:\Users\Santiago\medplay\scripts\start-edge-wa.bat
[2026-04-20 12:56:44.191] ⏳ Esperando CDP…
[2026-04-20 12:56:47.517] 🟡 Preparando WhatsApp Web…
[2026-04-20 13:01:48.388] 📨 Enviaré 44 mensaje(s).
[2026-04-20 13:01:48.388] 🚀 Lanzando script de navegador: C:\Users\Santiago\medplay\scripts\start-edge-wa.bat
[2026-04-20 13:01:48.402] ⏳ Esperando CDP…
[2026-04-20 13:01:51.467] 🟡 Preparando WhatsApp Web…
[2026-04-20 13:02:01.526] ✅ WhatsApp Web listo.
[2026-04-20 13:02:01.528] 
[1/44] → 573245704900
[2026-04-20 13:02:01.528] 🔁 Abriendo chat (intento 1/3) con: https://web.whatsapp.com/send?phone=573245704900&text=Hola%20%2B57%2C%20te%20escribimos%20de%20MEDPLAY.%0A%0A%E2%80%A2%20Tu%20MAX%20(pantalla%202)%2C%20con%20el%20correo%20medplay93%2Bcueyp%40gmail.com%2C%20vence%20el%20*21%2F04%2F2026*%2C%20quer%C3%ADa%20saber%20si%20deseas%20*realizar%20la%20renovaci%C3%B3n*%2C%20tiene%20un%20costo%20de%20*%24%207%2C900*.%0A%0A*PARA%20PAGOS%20POR%20NEQUI%20SOLICITAR%20EL%20QR%20POR%20FAVOR*
[2026-04-20 13:02:09.328] ✉️ Enviando…
[2026-04-20 13:02:09.893] ↩️ Enviado (Enter)
[2026-04-20 13:02:09.893] ⏳ Pausa post-envío: 12s…
[2026-04-20 13:02:21.897] 
[2/44] → 573102934536
[2026-04-20 13:02:21.898] 🔁 Abriendo chat (intento 1/3) con: https://web.whatsapp.com/send?phone=573102934536&text=Hola%20Yanpool%2C%20te%20escribimos%20de%20MEDPLAY.%0A%0A%E2%80%A2%20Tu%20Crunchyroll%20(pantalla%206)%2C%20con%20el%20correo%20theobaldzevallos76%40hotmail.com%2C%20vence%20el%20*18%2F04%2F2026*%2C%20quer%C3%ADa%20saber%20si%20deseas%20*realizar%20la%20renovaci%C3%B3n*%2C%20tiene%20un%20costo%20de%20*%24%206%2C900*.%0A%0A*PARA%20PAGOS%20POR%20NEQUI%20SOLICITAR%20EL%20QR%20POR%20FAVOR*
[2026-04-20 13:02:33.761] ✉️ Enviando…
[2026-04-20 13:02:34.018] ↩️ Enviado (Enter)
[2026-04-20 13:02:34.021] ⏳ Pausa post-envío: 12s…
[2026-04-20 13:02:46.037] 
[3/44] → 573217449630
[2026-04-20 13:02:46.038] 🔁 Abriendo chat (intento 1/3) con: https://web.whatsapp.com/send?phone=573217449630&text=Hola%20Santhizz%2C%20te%20escribimos%20de%20MEDPLAY.%0A%0A%E2%80%A2%20Tu%20Crunchyroll%20(pantalla%206)%2C%20con%20el%20correo%20shantellehoneywell1578%40hotmail.com%2C%20vence%20el%20*18%2F04%2F2026*%2C%20quer%C3%ADa%20saber%20si%20deseas%20*realizar%20la%20renovaci%C3%B3n*%2C%20tiene%20un%20costo%20de%20*%24%206%2C900*.%0A%0A*PARA%20PAGOS%20POR%20NEQUI%20SOLICITAR%20EL%20QR%20POR%20FAVOR*
[2026-04-20 13:02:55.138] ✉️ Enviando…
[2026-04-20 13:02:55.380] ↩️ Enviado (Enter)
[2026-04-20 13:02:55.382] ⏳ Pausa post-envío: 12s…
[2026-04-20 13:03:07.387] 
[4/44] → 573103855243
[2026-04-20 13:03:07.394] 🔁 Abriendo chat (intento 1/3) con: https://web.whatsapp.com/send?phone=573103855243&text=Hola%20%2B57%2C%20te%20escribimos%20de%20MEDPLAY.%0A%0A%E2%80%A2%20Tu%20Crunchyroll%20(pantalla%206)%2C%20con%20el%20correo%20springestelle7814%40hotmail.com%2C%20vence%20el%20*18%2F04%2F2026*%2C%20quer%C3%ADa%20saber%20si%20deseas%20*realizar%20la%20renovaci%C3%B3n*%2C%20tiene%20un%20costo%20de%20*%24%206%2C900*.%0A%0A*PARA%20PAGOS%20POR%20NEQUI%20SOLICITAR%20EL%20QR%20POR%20FAVOR*
[2026-04-20 13:03:19.963] ✉️ Enviando…
[2026-04-20 13:03:20.220] ↩️ Enviado (Enter)
[2026-04-20 13:03:20.223] ⏳ Pausa post-envío: 12s…
[2026-04-20 13:03:32.240] 
[5/44] → 573136300437
[2026-04-20 13:03:32.244] 🔁 Abriendo chat (intento 1/3) con: https://web.whatsapp.com/send?phone=573136300437&text=Hola%20%2B57%2C%20te%20escribimos%20de%20MEDPLAY.%0A%0A%E2%80%A2%20Tu%20Crunchyroll%20(pantalla%201)%2C%20con%20el%20correo%20esmeraldagraboski587%40hotmail.com%2C%20vence%20el%20*19%2F04%2F2026*%2C%20quer%C3%ADa%20saber%20si%20deseas%20*realizar%20la%20renovaci%C3%B3n*%2C%20tiene%20un%20costo%20de%20*%24%206%2C900*.%0A%0A*PARA%20PAGOS%20POR%20NEQUI%20SOLICITAR%20EL%20QR%20POR%20FAVOR*
[2026-04-20 13:03:41.557] ✉️ Enviando…
[2026-04-20 13:03:41.768] ↩️ Enviado (Enter)
[2026-04-20 13:03:41.768] ⏳ Pausa post-envío: 12s…
[2026-04-20 13:03:53.785] 
[6/44] → 573187173138
[2026-04-20 13:03:53.791] 🔁 Abriendo chat (intento 1/3) con: https://web.whatsapp.com/send?phone=573187173138&text=Hola%20Ronaldo%2C%20te%20escribimos%20de%20MEDPLAY.%0A%0A%E2%80%A2%20Tu%20Crunchyroll%20(pantalla%204)%2C%20con%20el%20correo%20esmeraldagraboski587%40hotmail.com%2C%20vence%20el%20*19%2F04%2F2026*%2C%20quer%C3%ADa%20saber%20si%20deseas%20*realizar%20la%20renovaci%C3%B3n*%2C%20tiene%20un%20costo%20de%20*%24%206%2C900*.%0A%0A*PARA%20PAGOS%20POR%20NEQUI%20SOLICITAR%20EL%20QR%20POR%20FAVOR*
[2026-04-20 13:04:03.087] ✉️ Enviando…
[2026-04-20 13:04:03.305] ↩️ Enviado (Enter)
[2026-04-20 13:04:03.307] ⏳ Pausa post-envío: 12s…
[2026-04-20 13:04:15.319] 
[7/44] → 573122504093
[2026-04-20 13:04:15.326] 🔁 Abriendo chat (intento 1/3) con: https://web.whatsapp.com/send?phone=573122504093&text=Hola%20Daniela%2C%20te%20escribimos%20de%20MEDPLAY.%0A%0A%E2%80%A2%20Tu%20Crunchyroll%20(pantalla%205)%2C%20con%20el%20correo%20esmeraldagraboski587%40hotmail.com%2C%20vence%20el%20*19%2F04%2F2026*%2C%20quer%C3%ADa%20saber%20si%20deseas%20*realizar%20la%20renovaci%C3%B3n*%2C%20tiene%20un%20costo%20de%20*%24%206%2C900*.%0A%0A*PARA%20PAGOS%20POR%20NEQUI%20SOLICITAR%20EL%20QR%20POR%20FAVOR*
[2026-04-20 13:04:24.793] ✉️ Enviando…
[2026-04-20 13:04:25.024] ↩️ Enviado (Enter)
[2026-04-20 13:04:25.026] ⏳ Pausa post-envío: 12s…
[2026-04-20 13:04:37.030] 
[8/44] → 5219624501225
[2026-04-20 13:04:37.031] 🔁 Abriendo chat (intento 1/3) con: https://web.whatsapp.com/send?phone=5219624501225&text=Hola%20taporojas%2C%20te%20escribimos%20de%20MEDPLAY.%0A%0A%E2%80%A2%20Tu%20Crunchyroll%20(pantalla%204)%2C%20con%20el%20correo%20frazierurtiaga8172%40hotmail.com%2C%20vence%20el%20*19%2F04%2F2026*%2C%20quer%C3%ADa%20saber%20si%20deseas%20*realizar%20la%20renovaci%C3%B3n*%2C%20tiene%20un%20costo%20de%20*%24%206%2C900*.%0A%0A*PARA%20PAGOS%20POR%20NEQUI%20SOLICITAR%20EL%20QR%20POR%20FAVOR*
[2026-04-20 13:04:46.899] ✉️ Enviando…
[2026-04-20 13:04:47.150] ↩️ Enviado (Enter)
[2026-04-20 13:04:47.153] ⏳ Pausa post-envío: 12s…
[2026-04-20 13:04:59.165] 
[9/44] → 573022453404
[2026-04-20 13:04:59.172] 🔁 Abriendo chat (intento 1/3) con: https://web.whatsapp.com/send?phone=573022453404&text=Hola%20Diego%2C%20te%20escribimos%20de%20MEDPLAY.%0A%0A%E2%80%A2%20Tu%20Crunchyroll%20(pantalla%201)%2C%20con%20el%20correo%20frazierurtiaga8172%40hotmail.com%2C%20vence%20el%20*19%2F04%2F2026*%2C%20quer%C3%ADa%20saber%20si%20deseas%20*realizar%20la%20renovaci%C3%B3n*%2C%20tiene%20un%20costo%20de%20*%24%206%2C900*.%0A%0A*PARA%20PAGOS%20POR%20NEQUI%20SOLICITAR%20EL%20QR%20POR%20FAVOR*
[2026-04-20 13:05:09.681] ✉️ Enviando…
[2026-04-20 13:05:09.913] ↩️ Enviado (Enter)
[2026-04-20 13:05:09.914] ⏳ Pausa post-envío: 12s…
[2026-04-20 13:05:21.914] 
[10/44] → 573502816735
[2026-04-20 13:05:21.921] 🔁 Abriendo chat (intento 1/3) con: https://web.whatsapp.com/send?phone=573502816735&text=Hola%2C%20te%20escribimos%20de%20MEDPLAY.%0A%0A%E2%80%A2%20Tu%20Crunchyroll%20(pantalla%202)%2C%20con%20el%20correo%20frazierurtiaga8172%40hotmail.com%2C%20vence%20el%20*19%2F04%2F2026*%2C%20quer%C3%ADa%20saber%20si%20deseas%20*realizar%20la%20renovaci%C3%B3n*%2C%20tiene%20un%20costo%20de%20*%24%206%2C900*.%0A%0A*PARA%20PAGOS%20POR%20NEQUI%20SOLICITAR%20EL%20QR%20POR%20FAVOR*
[2026-04-20 13:05:31.546] ✉️ Enviando…
[2026-04-20 13:05:31.770] ↩️ Enviado (Enter)
[2026-04-20 13:05:31.770] ⏳ Pausa post-envío: 12s…
[2026-04-20 13:05:43.785] 
[11/44] → 573042520572
[2026-04-20 13:05:43.792] 🔁 Abriendo chat (intento 1/3) con: https://web.whatsapp.com/send?phone=573042520572&text=Hola%20Betsabe%2C%20te%20escribimos%20de%20MEDPLAY.%0A%0A%E2%80%A2%20Tu%20Crunchyroll%20(pantalla%203)%2C%20con%20el%20correo%20frazierurtiaga8172%40hotmail.com%2C%20vence%20el%20*19%2F04%2F2026*%2C%20quer%C3%ADa%20saber%20si%20deseas%20*realizar%20la%20renovaci%C3%B3n*%2C%20tiene%20un%20costo%20de%20*%24%206%2C900*.%0A%0A*PARA%20PAGOS%20POR%20NEQUI%20SOLICITAR%20EL%20QR%20POR%20FAVOR*
[2026-04-20 13:05:52.774] ✉️ Enviando…
[2026-04-20 13:05:53.259] ↩️ Enviado (Enter)
[2026-04-20 13:05:53.259] ⏳ Pausa post-envío: 12s…
[2026-04-20 13:06:05.261] 
[12/44] → 573104944413
[2026-04-20 13:06:05.261] 🔁 Abriendo chat (intento 1/3) con: https://web.whatsapp.com/send?phone=573104944413&text=Hola%20%2B57%2C%20te%20escribimos%20de%20MEDPLAY.%0A%0A%E2%80%A2%20Tu%20Crunchyroll%20(pantalla%205)%2C%20con%20el%20correo%20frazierurtiaga8172%40hotmail.com%2C%20vence%20el%20*19%2F04%2F2026*%2C%20quer%C3%ADa%20saber%20si%20deseas%20*realizar%20la%20renovaci%C3%B3n*%2C%20tiene%20un%20costo%20de%20*%24%206%2C900*.%0A%0A*PARA%20PAGOS%20POR%20NEQUI%20SOLICITAR%20EL%20QR%20POR%20FAVOR*
[2026-04-20 13:06:17.188] ✉️ Enviando…
[2026-04-20 13:06:17.436] ↩️ Enviado (Enter)
[2026-04-20 13:06:17.436] ⏳ Pausa post-envío: 12s…
[2026-04-20 13:06:29.437] 
[13/44] → 573008604341
[2026-04-20 13:06:29.443] 🔁 Abriendo chat (intento 1/3) con: https://web.whatsapp.com/send?phone=573008604341&text=Hola%20Mateo%2C%20te%20escribimos%20de%20MEDPLAY.%0A%0A%E2%80%A2%20Tu%20Crunchyroll%20(pantalla%204)%2C%20con%20el%20correo%20florinedoane1582%40hotmail.com%2C%20vence%20el%20*19%2F04%2F2026*%2C%20quer%C3%ADa%20saber%20si%20deseas%20*realizar%20la%20renovaci%C3%B3n*%2C%20tiene%20un%20costo%20de%20*%24%203%2C900*.%0A%0A*PARA%20PAGOS%20POR%20NEQUI%20SOLICITAR%20EL%20QR%20POR%20FAVOR*
[2026-04-20 13:06:41.643] ✉️ Enviando…
[2026-04-20 13:06:41.876] ↩️ Enviado (Enter)
[2026-04-20 13:06:41.877] ⏳ Pausa post-envío: 12s…
[2026-04-20 13:06:53.882] 
[14/44] → 573193218642
[2026-04-20 13:06:53.882] 🔁 Abriendo chat (intento 1/3) con: https://web.whatsapp.com/send?phone=573193218642&text=Hola%20VG%2C%20te%20escribimos%20de%20MEDPLAY.%0A%0A%E2%80%A2%20Tu%20VIX%20(pantalla%204)%2C%20con%20el%20correo%20medplay93%2B73ico%40gmail.com%2C%20vence%20el%20*19%2F04%2F2026*%2C%20quer%C3%ADa%20saber%20si%20deseas%20*realizar%20la%20renovaci%C3%B3n*%2C%20tiene%20un%20costo%20de%20*%24%203%2C900*.%0A%0A*PARA%20PAGOS%20POR%20NEQUI%20SOLICITAR%20EL%20QR%20POR%20FAVOR*
[2026-04-20 13:07:03.461] ✉️ Enviando…
[2026-04-20 13:07:03.707] ↩️ Enviado (Enter)
[2026-04-20 13:07:03.707] ⏳ Pausa post-envío: 12s…
[2026-04-20 13:07:15.714] 
[15/44] → 573012823773
[2026-04-20 13:07:15.715] 🔁 Abriendo chat (intento 1/3) con: https://web.whatsapp.com/send?phone=573012823773&text=Hola%20Sara%2C%20te%20escribimos%20de%20MEDPLAY.%0A%0A%E2%80%A2%20Tu%20Netflix%20(pantalla%205)%2C%20con%20el%20correo%20medplay93%40gmail.com%2C%20vence%20el%20*19%2F04%2F2026*%2C%20quer%C3%ADa%20saber%20si%20deseas%20*realizar%20la%20renovaci%C3%B3n*%2C%20tiene%20un%20costo%20de%20*%24%2014%2C900*.%0A%E2%80%A2%20Tu%20Youtube%2C%20con%20el%20correo%20sara.castrillon666%40gmail.com%2C%20vence%20el%20*19%2F04%2F2026*%2C%20quer%C3%ADa%20saber%20si%20deseas%20*realizar%20la%20renovaci%C3%B3n*%2C%20tiene%20un%20costo%20de%20*%24%207%2C900*.%0A%0A*PARA%20PAGOS%20POR%20NEQUI%20SOLICITAR%20EL%20QR%20POR%20FAVOR*
[2026-04-20 13:07:25.461] ✉️ Enviando…
[2026-04-20 13:07:25.729] ↩️ Enviado (Enter)
[2026-04-20 13:07:25.729] ⏳ Pausa post-envío: 12s…
[2026-04-20 13:07:37.745] 
[16/44] → 573122756404
[2026-04-20 13:07:37.752] 🔁 Abriendo chat (intento 1/3) con: https://web.whatsapp.com/send?phone=573122756404&text=Hola%20Stepha%2C%20te%20escribimos%20de%20MEDPLAY.%0A%0A%E2%80%A2%20Tu%20Disney%20(pantalla%201)%2C%20con%20el%20correo%20medplay93%2Bnv2%40gmail.com%2C%20vence%20el%20*19%2F04%2F2026*%2C%20quer%C3%ADa%20saber%20si%20deseas%20*realizar%20la%20renovaci%C3%B3n*%2C%20tiene%20un%20costo%20de%20*%24%207%2C900*.%0A%0A*PARA%20PAGOS%20POR%20NEQUI%20SOLICITAR%20EL%20QR%20POR%20FAVOR*
[2026-04-20 13:07:47.930] ✉️ Enviando…
[2026-04-20 13:07:48.184] ↩️ Enviado (Enter)
[2026-04-20 13:07:48.184] ⏳ Pausa post-envío: 12s…
[2026-04-20 13:08:00.197] 
[17/44] → 573232263456
[2026-04-20 13:08:00.198] 🔁 Abriendo chat (intento 1/3) con: https://web.whatsapp.com/send?phone=573232263456&text=Hola%20%2B57%2C%20te%20escribimos%20de%20MEDPLAY.%0A%0A%E2%80%A2%20Tu%20Disney%20Premium%20(pantalla%204)%2C%20con%20el%20correo%20medplay93%2Bcnvl%40gmail.com%2C%20vence%20el%20*20%2F04%2F2026*%2C%20quer%C3%ADa%20saber%20si%20deseas%20*realizar%20la%20renovaci%C3%B3n*%2C%20tiene%20un%20costo%20de%20*%24%2012%2C900*.%0A%0A*PARA%20PAGOS%20POR%20NEQUI%20SOLICITAR%20EL%20QR%20POR%20FAVOR*
[2026-04-20 13:08:13.666] ✉️ Enviando…
[2026-04-20 13:08:13.947] ↩️ Enviado (Enter)
[2026-04-20 13:08:13.948] ⏳ Pausa post-envío: 12s…
[2026-04-20 13:08:25.952] 
[18/44] → 573012465155
[2026-04-20 13:08:25.959] 🔁 Abriendo chat (intento 1/3) con: https://web.whatsapp.com/send?phone=573012465155&text=Hola%20Ronald%2C%20te%20escribimos%20de%20MEDPLAY.%0A%0A%E2%80%A2%20Tu%20Netflix%20(pantalla%201)%2C%20con%20el%20correo%20xinomix11%40outlook.com%2C%20vence%20el%20*20%2F04%2F2026*%2C%20quer%C3%ADa%20saber%20si%20deseas%20*realizar%20la%20renovaci%C3%B3n*%2C%20tiene%20un%20costo%20de%20*%24%2014%2C900*.%0A%E2%80%A2%20Tu%20Netflix%20(pantalla%204)%2C%20con%20el%20correo%20medplay93%40gmail.com%2C%20vence%20el%20*21%2F04%2F2026*%2C%20quer%C3%ADa%20saber%20si%20deseas%20*realizar%20la%20renovaci%C3%B3n*%2C%20tiene%20un%20costo%20de%20*%24%2014%2C900*.%0A%0A*PARA%20PAGOS%20POR%20NEQUI%20SOLICITAR%20EL%20QR%20POR%20FAVOR*
[2026-04-20 13:08:33.232] ✉️ Enviando…
[2026-04-20 13:08:33.917] ↩️ Enviado (Enter)
[2026-04-20 13:08:33.918] ⏳ Pausa post-envío: 12s…
[2026-04-20 13:08:45.925] 
[19/44] → 573226354145
[2026-04-20 13:08:45.933] 🔁 Abriendo chat (intento 1/3) con: https://web.whatsapp.com/send?phone=573226354145&text=Hola%2C%20te%20escribimos%20de%20MEDPLAY.%0A%0A%E2%80%A2%20Tu%20Crunchyroll%20(pantalla%201)%2C%20con%20el%20correo%20florinedoane1582%40hotmail.com%2C%20vence%20el%20*21%2F04%2F2026*%2C%20quer%C3%ADa%20saber%20si%20deseas%20*realizar%20la%20renovaci%C3%B3n*%2C%20tiene%20un%20costo%20de%20*%24%206%2C900*.%0A%0A*PARA%20PAGOS%20POR%20NEQUI%20SOLICITAR%20EL%20QR%20POR%20FAVOR*
[2026-04-20 13:08:56.041] ✉️ Enviando…
[2026-04-20 13:08:56.283] ↩️ Enviado (Enter)
[2026-04-20 13:08:56.284] ⏳ Pausa post-envío: 12s…
[2026-04-20 13:09:08.291] 
[20/44] → 573158436608
[2026-04-20 13:09:08.298] 🔁 Abriendo chat (intento 1/3) con: https://web.whatsapp.com/send?phone=573158436608&text=Hola%2C%20te%20escribimos%20de%20MEDPLAY.%0A%0A%E2%80%A2%20Tu%20Amazon%20(pantalla%205)%2C%20con%20el%20correo%20keirenhgg17890%40hotmail.com%2C%20vence%20el%20*21%2F04%2F2026*%2C%20quer%C3%ADa%20saber%20si%20deseas%20*realizar%20la%20renovaci%C3%B3n*%2C%20tiene%20un%20costo%20de%20*%24%207%2C900*.%0A%0A*PARA%20PAGOS%20POR%20NEQUI%20SOLICITAR%20EL%20QR%20POR%20FAVOR*
[2026-04-20 13:09:16.817] ✉️ Enviando…
[2026-04-20 13:09:17.534] ↩️ Enviado (Enter)
[2026-04-20 13:09:17.537] ⏳ Pausa post-envío: 12s…
[2026-04-20 13:09:29.546] 
[21/44] → 573237258479
[2026-04-20 13:09:29.547] 🔁 Abriendo chat (intento 1/3) con: https://web.whatsapp.com/send?phone=573237258479&text=Hola%20Dai%2C%20te%20escribimos%20de%20MEDPLAY.%0A%0A%E2%80%A2%20Tu%20VIX%20(pantalla%201)%2C%20con%20el%20correo%20medplay93%2Bqa8eh%40gmail.com%2C%20vence%20el%20*21%2F04%2F2026*%2C%20quer%C3%ADa%20saber%20si%20deseas%20*realizar%20la%20renovaci%C3%B3n*%2C%20tiene%20un%20costo%20de%20*%24%203%2C900*.%0A%0A*PARA%20PAGOS%20POR%20NEQUI%20SOLICITAR%20EL%20QR%20POR%20FAVOR*
[2026-04-20 13:09:35.888] ✉️ Enviando…
[2026-04-20 13:09:36.598] ↩️ Enviado (Enter)
[2026-04-20 13:09:36.598] ⏳ Pausa post-envío: 12s…
[2026-04-20 13:09:48.605] 
[22/44] → 573136201571
[2026-04-20 13:09:48.607] 🔁 Abriendo chat (intento 1/3) con: https://web.whatsapp.com/send?phone=573136201571&text=Hola%20%2B57%2C%20te%20escribimos%20de%20MEDPLAY.%0A%0A%E2%80%A2%20Tu%20Disney%20(pantalla%204)%2C%20con%20el%20correo%20medplay93%2Bdis5%40gmail.com%2C%20vence%20el%20*21%2F04%2F2026*%2C%20quer%C3%ADa%20saber%20si%20deseas%20*realizar%20la%20renovaci%C3%B3n*%2C%20tiene%20un%20costo%20de%20*%24%207%2C900*.%0A%0A*PARA%20PAGOS%20POR%20NEQUI%20SOLICITAR%20EL%20QR%20POR%20FAVOR*
[2026-04-20 13:10:00.633] ✉️ Enviando…
[2026-04-20 13:10:00.899] ↩️ Enviado (Enter)
[2026-04-20 13:10:00.901] ⏳ Pausa post-envío: 12s…
[2026-04-20 13:10:12.908] 
[23/44] → 573145477780
[2026-04-20 13:10:12.917] 🔁 Abriendo chat (intento 1/3) con: https://web.whatsapp.com/send?phone=573145477780&text=Hola%20%2B57%2C%20te%20escribimos%20de%20MEDPLAY.%0A%0A%E2%80%A2%20Tu%20VIX%20(pantalla%205)%2C%20con%20el%20correo%20medplay93%2B73ico%40gmail.com%2C%20vence%20el%20*21%2F04%2F2026*%2C%20quer%C3%ADa%20saber%20si%20deseas%20*realizar%20la%20renovaci%C3%B3n*%2C%20tiene%20un%20costo%20de%20*%24%203%2C900*.%0A%0A*PARA%20PAGOS%20POR%20NEQUI%20SOLICITAR%20EL%20QR%20POR%20FAVOR*
[2026-04-20 13:10:22.885] ✉️ Enviando…
[2026-04-20 13:10:23.187] ↩️ Enviado (Enter)
[2026-04-20 13:10:23.188] ⏳ Pausa post-envío: 12s…
[2026-04-20 13:10:35.189] 
[24/44] → 573112369662
[2026-04-20 13:10:35.190] 🔁 Abriendo chat (intento 1/3) con: https://web.whatsapp.com/send?phone=573112369662&text=Hola%20%2B57%2C%20te%20escribimos%20de%20MEDPLAY.%0A%0A%E2%80%A2%20Tu%20Crunchyroll%20(pantalla%203)%2C%20con%20el%20correo%20anjalinebaugh979%40hotmail.com%2C%20vence%20el%20*21%2F04%2F2026*%2C%20quer%C3%ADa%20saber%20si%20deseas%20*realizar%20la%20renovaci%C3%B3n*%2C%20tiene%20un%20costo%20de%20*%24%204%2C900*.%0A%0A*PARA%20PAGOS%20POR%20NEQUI%20SOLICITAR%20EL%20QR%20POR%20FAVOR*
[2026-04-20 13:10:43.792] ✉️ Enviando…
[2026-04-20 13:10:44.211] ↩️ Enviado (Enter)
[2026-04-20 13:10:44.211] ⏳ Pausa post-envío: 12s…
[2026-04-20 13:10:56.213] 
[25/44] → 573202781137
[2026-04-20 13:10:56.220] 🔁 Abriendo chat (intento 1/3) con: https://web.whatsapp.com/send?phone=573202781137&text=Hola%20Mathias%2C%20te%20escribimos%20de%20MEDPLAY.%0A%0A%E2%80%A2%20Tu%20Spotify%2C%20con%20el%20correo%20regalogarantia%40gmail.com%2C%20vence%20el%20*19%2F04%2F2026*%2C%20quer%C3%ADa%20saber%20si%20deseas%20*realizar%20la%20renovaci%C3%B3n*%2C%20tiene%20un%20costo%20de%20*%24%206%2C000*.%0A%0A*PARA%20PAGOS%20POR%20NEQUI%20SOLICITAR%20EL%20QR%20POR%20FAVOR*
[2026-04-20 13:11:02.594] ✉️ Enviando…
[2026-04-20 13:11:03.248] ↩️ Enviado (Enter)
[2026-04-20 13:11:03.248] ⏳ Pausa post-envío: 12s…
[2026-04-20 13:11:15.260] 
[26/44] → 573105577985
[2026-04-20 13:11:15.267] 🔁 Abriendo chat (intento 1/3) con: https://web.whatsapp.com/send?phone=573105577985&text=Hola%20Julkeled%2C%20te%20escribimos%20de%20MEDPLAY.%0A%0A%E2%80%A2%20Tu%20Youtube%2C%20con%20el%20correo%20julkeled%40gmail.com%2C%20vence%20el%20*19%2F04%2F2026*%2C%20quer%C3%ADa%20saber%20si%20deseas%20*realizar%20la%20renovaci%C3%B3n*%2C%20tiene%20un%20costo%20de%20*%24%207%2C900*.%0A%0A*PARA%20PAGOS%20POR%20NEQUI%20SOLICITAR%20EL%20QR%20POR%20FAVOR*
[2026-04-20 13:11:21.610] ✉️ Enviando…
[2026-04-20 13:11:22.656] ↩️ Enviado (Enter)
[2026-04-20 13:11:22.656] ⏳ Pausa post-envío: 12s…
[2026-04-20 13:11:34.661] 
[27/44] → 573106351302
[2026-04-20 13:11:34.662] 🔁 Abriendo chat (intento 1/3) con: https://web.whatsapp.com/send?phone=573106351302&text=Hola%20Luis%2C%20te%20escribimos%20de%20MEDPLAY.%0A%0A%E2%80%A2%20Tu%20Youtube%2C%20con%20el%20correo%20luiseduardonovoar%40gmail.com%2C%20vence%20el%20*19%2F04%2F2026*%2C%20quer%C3%ADa%20saber%20si%20deseas%20*realizar%20la%20renovaci%C3%B3n*%2C%20tiene%20un%20costo%20de%20*%24%207%2C900*.%0A%0A*PARA%20PAGOS%20POR%20NEQUI%20SOLICITAR%20EL%20QR%20POR%20FAVOR*
[2026-04-20 13:11:41.011] ✉️ Enviando…
[2026-04-20 13:11:52.172] ↩️ Enviado (Enter)
[2026-04-20 13:11:52.172] ⏳ Pausa post-envío: 12s…
[2026-04-20 13:12:04.180] 
[28/44] → 573134656213
[2026-04-20 13:12:04.188] 🔁 Abriendo chat (intento 1/3) con: https://web.whatsapp.com/send?phone=573134656213&text=Hola%20David%2C%20te%20escribimos%20de%20MEDPLAY.%0A%0A%E2%80%A2%20Tu%20Youtube%2C%20con%20el%20correo%20davidricardoalonso%40gmail.com%2C%20vence%20el%20*19%2F04%2F2026*%2C%20quer%C3%ADa%20saber%20si%20deseas%20*realizar%20la%20renovaci%C3%B3n*%2C%20tiene%20un%20costo%20de%20*%24%207%2C900*.%0A%0A*PARA%20PAGOS%20POR%20NEQUI%20SOLICITAR%20EL%20QR%20POR%20FAVOR*
[2026-04-20 13:12:16.319] ✉️ Enviando…
[2026-04-20 13:12:16.651] ↩️ Enviado (Enter)
[2026-04-20 13:12:16.652] ⏳ Pausa post-envío: 12s…
[2026-04-20 13:12:28.664] 
[29/44] → 573185241401
[2026-04-20 13:12:28.669] 🔁 Abriendo chat (intento 1/3) con: https://web.whatsapp.com/send?phone=573185241401&text=Hola%20Victor%2C%20te%20escribimos%20de%20MEDPLAY.%0A%0A%E2%80%A2%20Tu%20Youtube%2C%20con%20el%20correo%20alannasepulveda0%40gmail.com%2C%20vence%20el%20*19%2F04%2F2026*%2C%20quer%C3%ADa%20saber%20si%20deseas%20*realizar%20la%20renovaci%C3%B3n*%2C%20tiene%20un%20costo%20de%20*%24%207%2C900*.%0A%0A*PARA%20PAGOS%20POR%20NEQUI%20SOLICITAR%20EL%20QR%20POR%20FAVOR*
[2026-04-20 13:12:38.265] ✉️ Enviando…
[2026-04-20 13:12:38.506] ↩️ Enviado (Enter)
[2026-04-20 13:12:38.507] ⏳ Pausa post-envío: 12s…
[2026-04-20 13:12:50.515] 
[30/44] → 573003366301
[2026-04-20 13:12:50.522] 🔁 Abriendo chat (intento 1/3) con: https://web.whatsapp.com/send?phone=573003366301&text=Hola%20Juan%2C%20te%20escribimos%20de%20MEDPLAY.%0A%0A%E2%80%A2%20Tu%20Youtube%2C%20con%20el%20correo%20juancpolo2%40gmail.com%2C%20vence%20el%20*19%2F04%2F2026*%2C%20quer%C3%ADa%20saber%20si%20deseas%20*realizar%20la%20renovaci%C3%B3n*%2C%20tiene%20un%20costo%20de%20*%24%207%2C900*.%0A%0A*PARA%20PAGOS%20POR%20NEQUI%20SOLICITAR%20EL%20QR%20POR%20FAVOR*
[2026-04-20 13:12:59.628] ✉️ Enviando…
[2026-04-20 13:12:59.845] ↩️ Enviado (Enter)
[2026-04-20 13:12:59.846] ⏳ Pausa post-envío: 12s…
[2026-04-20 13:13:11.855] 
[31/44] → 573227684931
[2026-04-20 13:13:11.862] 🔁 Abriendo chat (intento 1/3) con: https://web.whatsapp.com/send?phone=573227684931&text=Hola%20Jose%2C%20te%20escribimos%20de%20MEDPLAY.%0A%0A%E2%80%A2%20Tu%20Disney%20Premium%2C%20con%20el%20correo%20medplay93%40gmail.com%2C%20vence%20el%20*19%2F04%2F2026*%2C%20quer%C3%ADa%20saber%20si%20deseas%20*realizar%20la%20renovaci%C3%B3n*.%0A%0A*PARA%20PAGOS%20POR%20NEQUI%20SOLICITAR%20EL%20QR%20POR%20FAVOR*
[2026-04-20 13:13:21.357] ✉️ Enviando…
[2026-04-20 13:13:21.610] ↩️ Enviado (Enter)
[2026-04-20 13:13:21.611] ⏳ Pausa post-envío: 12s…
[2026-04-20 13:13:33.629] 
[32/44] → 573203077063
[2026-04-20 13:13:33.635] 🔁 Abriendo chat (intento 1/3) con: https://web.whatsapp.com/send?phone=573203077063&text=Hola%20Tequierocarlota%2C%20te%20escribimos%20de%20MEDPLAY.%0A%0A%E2%80%A2%20Tu%20Youtube%2C%20con%20el%20correo%20tequierocarlota247%40gmail.com%2C%20vence%20el%20*20%2F04%2F2026*%2C%20quer%C3%ADa%20saber%20si%20deseas%20*realizar%20la%20renovaci%C3%B3n*%2C%20tiene%20un%20costo%20de%20*%24%207%2C900*.%0A%0A*PARA%20PAGOS%20POR%20NEQUI%20SOLICITAR%20EL%20QR%20POR%20FAVOR*
[2026-04-20 13:13:45.589] ✉️ Enviando…
[2026-04-20 13:13:45.871] ↩️ Enviado (Enter)
[2026-04-20 13:13:45.871] ⏳ Pausa post-envío: 12s…
[2026-04-20 13:13:57.884] 
[33/44] → 573004671758
[2026-04-20 13:13:57.891] 🔁 Abriendo chat (intento 1/3) con: https://web.whatsapp.com/send?phone=573004671758&text=Hola%20%2B57%2C%20te%20escribimos%20de%20MEDPLAY.%0A%0A%E2%80%A2%20Tu%20Youtube%2C%20con%20el%20correo%20uu395539%40gmail.com%2C%20vence%20el%20*20%2F04%2F2026*%2C%20quer%C3%ADa%20saber%20si%20deseas%20*realizar%20la%20renovaci%C3%B3n*%2C%20tiene%20un%20costo%20de%20*%24%207%2C900*.%0A%0A*PARA%20PAGOS%20POR%20NEQUI%20SOLICITAR%20EL%20QR%20POR%20FAVOR*
[2026-04-20 13:14:08.292] ✉️ Enviando…
[2026-04-20 13:14:08.556] ↩️ Enviado (Enter)
[2026-04-20 13:14:08.557] ⏳ Pausa post-envío: 12s…
[2026-04-20 13:14:20.567] 
[34/44] → 573144408756
[2026-04-20 13:14:20.569] 🔁 Abriendo chat (intento 1/3) con: https://web.whatsapp.com/send?phone=573144408756&text=Hola%20Milpermos%2C%20te%20escribimos%20de%20MEDPLAY.%0A%0A%E2%80%A2%20Tu%20Youtube%2C%20con%20el%20correo%20milpermos17%40gmail.com%2C%20vence%20el%20*20%2F04%2F2026*%2C%20quer%C3%ADa%20saber%20si%20deseas%20*realizar%20la%20renovaci%C3%B3n*%2C%20tiene%20un%20costo%20de%20*%24%207%2C900*.%0A%0A*PARA%20PAGOS%20POR%20NEQUI%20SOLICITAR%20EL%20QR%20POR%20FAVOR*
[2026-04-20 13:14:30.837] ✉️ Enviando…
[2026-04-20 13:14:31.087] ↩️ Enviado (Enter)
[2026-04-20 13:14:31.088] ⏳ Pausa post-envío: 12s…
[2026-04-20 13:14:43.088] 
[35/44] → 573193164039
[2026-04-20 13:14:43.090] 🔁 Abriendo chat (intento 1/3) con: https://web.whatsapp.com/send?phone=573193164039&text=Hola%20Viviana%2C%20te%20escribimos%20de%20MEDPLAY.%0A%0A%E2%80%A2%20Tu%20Youtube%2C%20con%20el%20correo%20paulabb8lukipuki%40gmail.com%2C%20vence%20el%20*20%2F04%2F2026*%2C%20quer%C3%ADa%20saber%20si%20deseas%20*realizar%20la%20renovaci%C3%B3n*%2C%20tiene%20un%20costo%20de%20*%24%207%2C900*.%0A%0A*PARA%20PAGOS%20POR%20NEQUI%20SOLICITAR%20EL%20QR%20POR%20FAVOR*
[2026-04-20 13:14:52.909] ✉️ Enviando…
[2026-04-20 13:14:53.179] ↩️ Enviado (Enter)
[2026-04-20 13:14:53.181] ⏳ Pausa post-envío: 12s…
[2026-04-20 13:15:05.183] 
[36/44] → 573163476684
[2026-04-20 13:15:05.190] 🔁 Abriendo chat (intento 1/3) con: https://web.whatsapp.com/send?phone=573163476684&text=Hola%2C%20te%20escribimos%20de%20MEDPLAY.%0A%0A%E2%80%A2%20Tu%20Youtube%2C%20con%20el%20correo%20Colmenesc%40gmail.com%2C%20vence%20el%20*20%2F04%2F2026*%2C%20quer%C3%ADa%20saber%20si%20deseas%20*realizar%20la%20renovaci%C3%B3n*%2C%20tiene%20un%20costo%20de%20*%24%207%2C900*.%0A%0A*PARA%20PAGOS%20POR%20NEQUI%20SOLICITAR%20EL%20QR%20POR%20FAVOR*
[2026-04-20 13:15:14.484] ✉️ Enviando…
[2026-04-20 13:15:14.719] ↩️ Enviado (Enter)
[2026-04-20 13:15:14.720] ⏳ Pausa post-envío: 12s…
[2026-04-20 13:15:26.729] 
[37/44] → 573107057689
[2026-04-20 13:15:26.730] 🔁 Abriendo chat (intento 1/3) con: https://web.whatsapp.com/send?phone=573107057689&text=Hola%20Marlyn%2C%20te%20escribimos%20de%20MEDPLAY.%0A%0A%E2%80%A2%20Tu%20Youtube%2C%20con%20el%20correo%20marlynjohana07%40gmail.com%2C%20vence%20el%20*20%2F04%2F2026*%2C%20quer%C3%ADa%20saber%20si%20deseas%20*realizar%20la%20renovaci%C3%B3n*%2C%20tiene%20un%20costo%20de%20*%24%207%2C900*.%0A%0A*PARA%20PAGOS%20POR%20NEQUI%20SOLICITAR%20EL%20QR%20POR%20FAVOR*
[2026-04-20 13:15:36.723] ✉️ Enviando…
[2026-04-20 13:15:36.947] ↩️ Enviado (Enter)
[2026-04-20 13:15:36.947] ⏳ Pausa post-envío: 12s…
[2026-04-20 13:15:48.963] 
[38/44] → 573183444317
[2026-04-20 13:15:48.965] 🔁 Abriendo chat (intento 1/3) con: https://web.whatsapp.com/send?phone=573183444317&text=Hola%20Rosa%2C%20te%20escribimos%20de%20MEDPLAY.%0A%0A%E2%80%A2%20Tu%20Youtube%2C%20con%20el%20correo%20eeuu4148%40gmail.com%2C%20vence%20el%20*20%2F04%2F2026*%2C%20quer%C3%ADa%20saber%20si%20deseas%20*realizar%20la%20renovaci%C3%B3n*%2C%20tiene%20un%20costo%20de%20*%24%207%2C900*.%0A%0A*PARA%20PAGOS%20POR%20NEQUI%20SOLICITAR%20EL%20QR%20POR%20FAVOR*
[2026-04-20 13:16:00.946] ✉️ Enviando…
[2026-04-20 13:16:01.215] ↩️ Enviado (Enter)
[2026-04-20 13:16:01.215] ⏳ Pausa post-envío: 12s…
[2026-04-20 13:16:13.219] 
[39/44] → 573228771112
[2026-04-20 13:16:13.220] 🔁 Abriendo chat (intento 1/3) con: https://web.whatsapp.com/send?phone=573228771112&text=Hola%20%2B57%2C%20te%20escribimos%20de%20MEDPLAY.%0A%0A%E2%80%A2%20Tu%20Youtube%2C%20con%20el%20correo%20llanomio03%40gmail.com%2C%20vence%20el%20*21%2F04%2F2026*%2C%20quer%C3%ADa%20saber%20si%20deseas%20*realizar%20la%20renovaci%C3%B3n*%2C%20tiene%20un%20costo%20de%20*%24%207%2C900*.%0A%0A*PARA%20PAGOS%20POR%20NEQUI%20SOLICITAR%20EL%20QR%20POR%20FAVOR*
[2026-04-20 13:16:23.612] ✉️ Enviando…
[2026-04-20 13:16:23.860] ↩️ Enviado (Enter)
[2026-04-20 13:16:23.861] ⏳ Pausa post-envío: 12s…
[2026-04-20 13:16:35.863] 
[40/44] → 573204347361
[2026-04-20 13:16:35.869] 🔁 Abriendo chat (intento 1/3) con: https://web.whatsapp.com/send?phone=573204347361&text=Hola%2C%20te%20escribimos%20de%20MEDPLAY.%0A%0A%E2%80%A2%20Tu%20Youtube%2C%20con%20el%20correo%20auroraarciniegas6%40gmail.com%2C%20vence%20el%20*21%2F04%2F2026*%2C%20quer%C3%ADa%20saber%20si%20deseas%20*realizar%20la%20renovaci%C3%B3n*%2C%20tiene%20un%20costo%20de%20*%24%207%2C900*.%0A%0A*PARA%20PAGOS%20POR%20NEQUI%20SOLICITAR%20EL%20QR%20POR%20FAVOR*
[2026-04-20 13:16:45.245] ✉️ Enviando…
[2026-04-20 13:16:45.463] ↩️ Enviado (Enter)
[2026-04-20 13:16:45.463] ⏳ Pausa post-envío: 12s…
[2026-04-20 13:16:57.468] 
[41/44] → 573023163030
[2026-04-20 13:16:57.475] 🔁 Abriendo chat (intento 1/3) con: https://web.whatsapp.com/send?phone=573023163030&text=Hola%2C%20te%20escribimos%20de%20MEDPLAY.%0A%0A%E2%80%A2%20Tu%20Youtube%2C%20con%20el%20correo%20luisospinopinto01%40gmail.com%2C%20vence%20el%20*21%2F04%2F2026*%2C%20quer%C3%ADa%20saber%20si%20deseas%20*realizar%20la%20renovaci%C3%B3n*%2C%20tiene%20un%20costo%20de%20*%24%207%2C900*.%0A%0A*PARA%20PAGOS%20POR%20NEQUI%20SOLICITAR%20EL%20QR%20POR%20FAVOR*
[2026-04-20 13:17:07.028] ✉️ Enviando…
[2026-04-20 13:17:07.256] ↩️ Enviado (Enter)
[2026-04-20 13:17:07.256] ⏳ Pausa post-envío: 12s…
[2026-04-20 13:17:19.271] 
[42/44] → 573143826694
[2026-04-20 13:17:19.278] 🔁 Abriendo chat (intento 1/3) con: https://web.whatsapp.com/send?phone=573143826694&text=Hola%2C%20te%20escribimos%20de%20MEDPLAY.%0A%0A%E2%80%A2%20Tu%20Youtube%2C%20con%20el%20correo%20alanpc2018%40gmail.com%2C%20vence%20el%20*21%2F04%2F2026*%2C%20quer%C3%ADa%20saber%20si%20deseas%20*realizar%20la%20renovaci%C3%B3n*%2C%20tiene%20un%20costo%20de%20*%24%207%2C900*.%0A%0A*PARA%20PAGOS%20POR%20NEQUI%20SOLICITAR%20EL%20QR%20POR%20FAVOR*
[2026-04-20 13:17:29.019] ✉️ Enviando…
[2026-04-20 13:17:29.229] ↩️ Enviado (Enter)
[2026-04-20 13:17:29.229] ⏳ Pausa post-envío: 12s…
[2026-04-20 13:17:41.241] 
[43/44] → 573017131976
[2026-04-20 13:17:41.250] 🔁 Abriendo chat (intento 1/3) con: https://web.whatsapp.com/send?phone=573017131976&text=Hola%2C%20te%20escribimos%20de%20MEDPLAY.%0A%0A%E2%80%A2%20Tu%20Youtube%2C%20con%20el%20correo%20leiivasquez922%40gmail.com%2C%20vence%20el%20*21%2F04%2F2026*%2C%20quer%C3%ADa%20saber%20si%20deseas%20*realizar%20la%20renovaci%C3%B3n*%2C%20tiene%20un%20costo%20de%20*%24%207%2C900*.%0A%0A*PARA%20PAGOS%20POR%20NEQUI%20SOLICITAR%20EL%20QR%20POR%20FAVOR*
[2026-04-20 13:17:53.254] ✉️ Enviando…
[2026-04-20 13:17:53.481] ↩️ Enviado (Enter)
[2026-04-20 13:17:53.482] ⏳ Pausa post-envío: 12s…
[2026-04-20 13:18:05.496] 
[44/44] → 573507031033
[2026-04-20 13:18:05.503] 🔁 Abriendo chat (intento 1/3) con: https://web.whatsapp.com/send?phone=573507031033&text=Hola%2C%20te%20escribimos%20de%20MEDPLAY.%0A%0A%E2%80%A2%20Tu%20Youtube%2C%20con%20el%20correo%20matiashohner%40gmail.com%2C%20vence%20el%20*21%2F04%2F2026*%2C%20quer%C3%ADa%20saber%20si%20deseas%20*realizar%20la%20renovaci%C3%B3n*%2C%20tiene%20un%20costo%20de%20*%24%207%2C900*.%0A%0A*PARA%20PAGOS%20POR%20NEQUI%20SOLICITAR%20EL%20QR%20POR%20FAVOR*
[2026-04-20 13:18:15.193] ✉️ Enviando…
[2026-04-20 13:18:15.447] ↩️ Enviado (Enter)
[2026-04-20 13:18:15.448] ⏳ Pausa post-envío: 12s…
[2026-04-20 13:18:27.453] 
✅ Finalizado. Enviados: 44. Omitidos: 0.
[2026-04-20 13:18:27.460] ℹ️ Navegador dejado abierto para revisión manual.
[2026-04-21 13:57:18.883] 📨 Enviaré 29 mensaje(s).
[2026-04-21 13:57:18.884] 🚀 Lanzando script de navegador: C:\Users\Santiago\medplay\scripts\start-edge-wa.bat
[2026-04-21 13:57:18.897] ⏳ Esperando CDP…
[2026-04-21 13:57:22.891] 🟡 Preparando WhatsApp Web…
[2026-04-21 13:57:39.459] ✅ WhatsApp Web listo.
[2026-04-21 13:57:39.459] 
[1/29] → 573008604341
[2026-04-21 13:57:39.459] 🔁 Abriendo chat (intento 1/3) con: https://web.whatsapp.com/send?phone=573008604341&text=Hola%20Mateo%2C%20te%20escribimos%20de%20MEDPLAY.%0A%0A%E2%80%A2%20Tu%20Crunchyroll%20(pantalla%204)%2C%20con%20el%20correo%20florinedoane1582%40hotmail.com%2C%20vence%20el%20*19%2F04%2F2026*%2C%20quer%C3%ADa%20saber%20si%20deseas%20*realizar%20la%20renovaci%C3%B3n*%2C%20tiene%20un%20costo%20de%20*%24%203%2C900*.%0A%E2%80%A2%20Tu%20Youtube%2C%20con%20el%20correo%20nunezmateo610%40gmail.com%2C%20vence%20el%20*22%2F04%2F2026*%2C%20quer%C3%ADa%20saber%20si%20deseas%20*realizar%20la%20renovaci%C3%B3n*%2C%20tiene%20un%20costo%20de%20*%24%207%2C900*.%0A%0A*PARA%20PAGOS%20POR%20NEQUI%20SOLICITAR%20EL%20QR%20POR%20FAVOR*
[2026-04-21 13:57:42.650] ✉️ Enviando…
[2026-04-21 13:57:47.091] ↩️ Enviado (Enter)
[2026-04-21 13:57:47.091] ⏳ Pausa post-envío: 12s…
[2026-04-21 13:57:59.101] 
[2/29] → 573012465155
[2026-04-21 13:57:59.101] 🔁 Abriendo chat (intento 1/3) con: https://web.whatsapp.com/send?phone=573012465155&text=Hola%20Ronald%2C%20te%20escribimos%20de%20MEDPLAY.%0A%0A%E2%80%A2%20Tu%20Netflix%20(pantalla%204)%2C%20con%20el%20correo%20medplay93%40gmail.com%2C%20vence%20el%20*21%2F04%2F2026*%2C%20quer%C3%ADa%20saber%20si%20deseas%20*realizar%20la%20renovaci%C3%B3n*%2C%20tiene%20un%20costo%20de%20*%24%2014%2C900*.%0A%0A*PARA%20PAGOS%20POR%20NEQUI%20SOLICITAR%20EL%20QR%20POR%20FAVOR*
[2026-04-21 13:58:02.209] ✉️ Enviando…
[2026-04-21 13:58:05.414] ↩️ Enviado (Enter)
[2026-04-21 13:58:05.415] ⏳ Pausa post-envío: 12s…
[2026-04-21 13:58:17.429] 
[3/29] → 573226354145
[2026-04-21 13:58:17.430] 🔁 Abriendo chat (intento 1/3) con: https://web.whatsapp.com/send?phone=573226354145&text=Hola%2C%20te%20escribimos%20de%20MEDPLAY.%0A%0A%E2%80%A2%20Tu%20Crunchyroll%20(pantalla%201)%2C%20con%20el%20correo%20florinedoane1582%40hotmail.com%2C%20vence%20el%20*21%2F04%2F2026*%2C%20quer%C3%ADa%20saber%20si%20deseas%20*realizar%20la%20renovaci%C3%B3n*%2C%20tiene%20un%20costo%20de%20*%24%206%2C900*.%0A%0A*PARA%20PAGOS%20POR%20NEQUI%20SOLICITAR%20EL%20QR%20POR%20FAVOR*
[2026-04-21 13:58:26.350] ✉️ Enviando…
[2026-04-21 13:58:26.638] ↩️ Enviado (Enter)
[2026-04-21 13:58:26.639] ⏳ Pausa post-envío: 12s…
[2026-04-21 13:58:38.642] 
[4/29] → 573158436608
[2026-04-21 13:58:38.642] 🔁 Abriendo chat (intento 1/3) con: https://web.whatsapp.com/send?phone=573158436608&text=Hola%2C%20te%20escribimos%20de%20MEDPLAY.%0A%0A%E2%80%A2%20Tu%20Amazon%20(pantalla%205)%2C%20con%20el%20correo%20keirenhgg17890%40hotmail.com%2C%20vence%20el%20*21%2F04%2F2026*%2C%20quer%C3%ADa%20saber%20si%20deseas%20*realizar%20la%20renovaci%C3%B3n*%2C%20tiene%20un%20costo%20de%20*%24%207%2C900*.%0A%0A*PARA%20PAGOS%20POR%20NEQUI%20SOLICITAR%20EL%20QR%20POR%20FAVOR*
[2026-04-21 13:58:41.543] ✉️ Enviando…
[2026-04-21 13:58:45.174] ↩️ Enviado (Enter)
[2026-04-21 13:58:45.174] ⏳ Pausa post-envío: 12s…
[2026-04-21 13:58:57.182] 
[5/29] → 573237258479
[2026-04-21 13:58:57.184] 🔁 Abriendo chat (intento 1/3) con: https://web.whatsapp.com/send?phone=573237258479&text=Hola%20Dai%2C%20te%20escribimos%20de%20MEDPLAY.%0A%0A%E2%80%A2%20Tu%20VIX%20(pantalla%201)%2C%20con%20el%20correo%20medplay93%2Bqa8eh%40gmail.com%2C%20vence%20el%20*21%2F04%2F2026*%2C%20quer%C3%ADa%20saber%20si%20deseas%20*realizar%20la%20renovaci%C3%B3n*%2C%20tiene%20un%20costo%20de%20*%24%203%2C900*.%0A%0A*PARA%20PAGOS%20POR%20NEQUI%20SOLICITAR%20EL%20QR%20POR%20FAVOR*
[2026-04-21 13:59:00.486] ✉️ Enviando…
[2026-04-21 13:59:04.001] ↩️ Enviado (Enter)
[2026-04-21 13:59:04.002] ⏳ Pausa post-envío: 12s…
[2026-04-21 13:59:16.009] 
[6/29] → 573136201571
[2026-04-21 13:59:16.010] 🔁 Abriendo chat (intento 1/3) con: https://web.whatsapp.com/send?phone=573136201571&text=Hola%20%2B57%2C%20te%20escribimos%20de%20MEDPLAY.%0A%0A%E2%80%A2%20Tu%20Disney%20(pantalla%204)%2C%20con%20el%20correo%20medplay93%2Bdis5%40gmail.com%2C%20vence%20el%20*21%2F04%2F2026*%2C%20quer%C3%ADa%20saber%20si%20deseas%20*realizar%20la%20renovaci%C3%B3n*%2C%20tiene%20un%20costo%20de%20*%24%207%2C900*.%0A%0A*PARA%20PAGOS%20POR%20NEQUI%20SOLICITAR%20EL%20QR%20POR%20FAVOR*
[2026-04-21 13:59:25.526] ✉️ Enviando…
[2026-04-21 13:59:25.842] ↩️ Enviado (Enter)
[2026-04-21 13:59:25.842] ⏳ Pausa post-envío: 12s…
[2026-04-21 13:59:37.846] 
[7/29] → 573145477780
[2026-04-21 13:59:37.847] 🔁 Abriendo chat (intento 1/3) con: https://web.whatsapp.com/send?phone=573145477780&text=Hola%20%2B57%2C%20te%20escribimos%20de%20MEDPLAY.%0A%0A%E2%80%A2%20Tu%20VIX%20(pantalla%205)%2C%20con%20el%20correo%20medplay93%2B73ico%40gmail.com%2C%20vence%20el%20*21%2F04%2F2026*%2C%20quer%C3%ADa%20saber%20si%20deseas%20*realizar%20la%20renovaci%C3%B3n*%2C%20tiene%20un%20costo%20de%20*%24%203%2C900*.%0A%0A*PARA%20PAGOS%20POR%20NEQUI%20SOLICITAR%20EL%20QR%20POR%20FAVOR*
[2026-04-21 13:59:46.620] ✉️ Enviando…
[2026-04-21 13:59:46.945] ↩️ Enviado (Enter)
[2026-04-21 13:59:46.946] ⏳ Pausa post-envío: 12s…
[2026-04-21 13:59:58.962] 
[8/29] → 573112369662
[2026-04-21 13:59:58.962] 🔁 Abriendo chat (intento 1/3) con: https://web.whatsapp.com/send?phone=573112369662&text=Hola%20%2B57%2C%20te%20escribimos%20de%20MEDPLAY.%0A%0A%E2%80%A2%20Tu%20Crunchyroll%20(pantalla%203)%2C%20con%20el%20correo%20anjalinebaugh979%40hotmail.com%2C%20vence%20el%20*21%2F04%2F2026*%2C%20quer%C3%ADa%20saber%20si%20deseas%20*realizar%20la%20renovaci%C3%B3n*%2C%20tiene%20un%20costo%20de%20*%24%204%2C900*.%0A%0A*PARA%20PAGOS%20POR%20NEQUI%20SOLICITAR%20EL%20QR%20POR%20FAVOR*
[2026-04-21 14:00:07.707] ✉️ Enviando…
[2026-04-21 14:00:07.975] ↩️ Enviado (Enter)
[2026-04-21 14:00:07.975] ⏳ Pausa post-envío: 12s…
[2026-04-21 14:00:19.985] 
[9/29] → 573233705610
[2026-04-21 14:00:19.988] 🔁 Abriendo chat (intento 1/3) con: https://web.whatsapp.com/send?phone=573233705610&text=Hola%20%2B57%2C%20te%20escribimos%20de%20MEDPLAY.%0A%0A%E2%80%A2%20Tu%20Crunchyroll%20(pantalla%205)%2C%20con%20el%20correo%20florinedoane1582%40hotmail.com%2C%20vence%20el%20*22%2F04%2F2026*%2C%20quer%C3%ADa%20saber%20si%20deseas%20*realizar%20la%20renovaci%C3%B3n*%2C%20tiene%20un%20costo%20de%20*%24%206%2C900*.%0A%0A*PARA%20PAGOS%20POR%20NEQUI%20SOLICITAR%20EL%20QR%20POR%20FAVOR*
[2026-04-21 14:00:29.225] ✉️ Enviando…
[2026-04-21 14:00:29.460] ↩️ Enviado (Enter)
[2026-04-21 14:00:29.460] ⏳ Pausa post-envío: 12s…
[2026-04-21 14:00:41.471] 
[10/29] → 573213088307
[2026-04-21 14:00:41.472] 🔁 Abriendo chat (intento 1/3) con: https://web.whatsapp.com/send?phone=573213088307&text=Hola%20Julian%2C%20te%20escribimos%20de%20MEDPLAY.%0A%0A%E2%80%A2%20Tu%20Disney%20(pantalla%205)%2C%20con%20el%20correo%20medplay93%2Bdis5%40gmail.com%2C%20vence%20el%20*22%2F04%2F2026*%2C%20quer%C3%ADa%20saber%20si%20deseas%20*realizar%20la%20renovaci%C3%B3n*%2C%20tiene%20un%20costo%20de%20*%24%207%2C900*.%0A%0A*PARA%20PAGOS%20POR%20NEQUI%20SOLICITAR%20EL%20QR%20POR%20FAVOR*
[2026-04-21 14:00:50.403] ✉️ Enviando…
[2026-04-21 14:00:50.718] ↩️ Enviado (Enter)
[2026-04-21 14:00:50.718] ⏳ Pausa post-envío: 12s…
[2026-04-21 14:01:02.728] 
[11/29] → 573247909781
[2026-04-21 14:01:02.730] 🔁 Abriendo chat (intento 1/3) con: https://web.whatsapp.com/send?phone=573247909781&text=Hola%20%2B57%2C%20te%20escribimos%20de%20MEDPLAY.%0A%0A%E2%80%A2%20Tu%20Plataforma%20(pantalla%203)%2C%20con%20el%20correo%20medplayxx2203%40yopmail.com%2C%20vence%20el%20*22%2F04%2F2026*%2C%20quer%C3%ADa%20saber%20si%20deseas%20*realizar%20la%20renovaci%C3%B3n*%2C%20tiene%20un%20costo%20de%20*%24%205%2C900*.%0A%0A*PARA%20PAGOS%20POR%20NEQUI%20SOLICITAR%20EL%20QR%20POR%20FAVOR*
[2026-04-21 14:01:11.530] ✉️ Enviando…
[2026-04-21 14:01:11.767] ↩️ Enviado (Enter)
[2026-04-21 14:01:11.767] ⏳ Pausa post-envío: 12s…
[2026-04-21 14:01:23.774] 
[12/29] → 573503939269
[2026-04-21 14:01:23.775] 🔁 Abriendo chat (intento 1/3) con: https://web.whatsapp.com/send?phone=573503939269&text=Hola%20F.Parra%2C%20te%20escribimos%20de%20MEDPLAY.%0A%0A%E2%80%A2%20Tu%20Crunchyroll%20(pantalla%201)%2C%20con%20el%20correo%20medolayplanatt%40gmail.com%2C%20vence%20el%20*22%2F04%2F2026*%2C%20quer%C3%ADa%20saber%20si%20deseas%20*realizar%20la%20renovaci%C3%B3n*%2C%20tiene%20un%20costo%20de%20*%24%204%2C900*.%0A%0A*PARA%20PAGOS%20POR%20NEQUI%20SOLICITAR%20EL%20QR%20POR%20FAVOR*
[2026-04-21 14:01:32.341] ✉️ Enviando…
[2026-04-21 14:01:32.591] ↩️ Enviado (Enter)
[2026-04-21 14:01:32.592] ⏳ Pausa post-envío: 12s…
[2026-04-21 14:01:44.593] 
[13/29] → 573215789905
[2026-04-21 14:01:44.594] 🔁 Abriendo chat (intento 1/3) con: https://web.whatsapp.com/send?phone=573215789905&text=Hola%20Deimer%2C%20te%20escribimos%20de%20MEDPLAY.%0A%0A%E2%80%A2%20Tu%20Crunchyroll%20(pantalla%202)%2C%20con%20el%20correo%20florinedoane1582%40hotmail.com%2C%20vence%20el%20*22%2F04%2F2026*%2C%20quer%C3%ADa%20saber%20si%20deseas%20*realizar%20la%20renovaci%C3%B3n*%2C%20tiene%20un%20costo%20de%20*%24%204%2C900*.%0A%0A*PARA%20PAGOS%20POR%20NEQUI%20SOLICITAR%20EL%20QR%20POR%20FAVOR*
[2026-04-21 14:01:47.614] ✉️ Enviando…
[2026-04-21 14:01:50.996] ↩️ Enviado (Enter)
[2026-04-21 14:01:50.996] ⏳ Pausa post-envío: 12s…
[2026-04-21 14:02:03.008] 
[14/29] → 573113372054
[2026-04-21 14:02:03.009] 🔁 Abriendo chat (intento 1/3) con: https://web.whatsapp.com/send?phone=573113372054&text=Hola%20Laura%2C%20te%20escribimos%20de%20MEDPLAY.%0A%0A%E2%80%A2%20Tu%20MAX%20(pantalla%201)%2C%20con%20el%20correo%20medplay93%2Bcueyp%40gmail.com%2C%20vence%20el%20*22%2F04%2F2026*%2C%20quer%C3%ADa%20saber%20si%20deseas%20*realizar%20la%20renovaci%C3%B3n*%2C%20tiene%20un%20costo%20de%20*%24%207%2C900*.%0A%0A*PARA%20PAGOS%20POR%20NEQUI%20SOLICITAR%20EL%20QR%20POR%20FAVOR*
[2026-04-21 14:02:06.358] ✉️ Enviando…
[2026-04-21 14:02:10.199] ↩️ Enviado (Enter)
[2026-04-21 14:02:10.200] ⏳ Pausa post-envío: 12s…
[2026-04-21 14:02:22.214] 
[15/29] → 573023081524
[2026-04-21 14:02:22.215] 🔁 Abriendo chat (intento 1/3) con: https://web.whatsapp.com/send?phone=573023081524&text=Hola%20Edinson%2C%20te%20escribimos%20de%20MEDPLAY.%0A%0A%E2%80%A2%20Tu%20Netflix%20(pantalla%203)%2C%20con%20el%20correo%20rochellemavis626181991%2B5%40hotmail.com%2C%20vence%20el%20*22%2F04%2F2026*%2C%20quer%C3%ADa%20saber%20si%20deseas%20*realizar%20la%20renovaci%C3%B3n*%2C%20tiene%20un%20costo%20de%20*%24%2014%2C900*.%0A%0A*PARA%20PAGOS%20POR%20NEQUI%20SOLICITAR%20EL%20QR%20POR%20FAVOR*
[2026-04-21 14:02:31.193] ✉️ Enviando…
[2026-04-21 14:02:31.505] ↩️ Enviado (Enter)
[2026-04-21 14:02:31.506] ⏳ Pausa post-envío: 12s…
[2026-04-21 14:02:43.509] 
[16/29] → 573135407993
[2026-04-21 14:02:43.509] 🔁 Abriendo chat (intento 1/3) con: https://web.whatsapp.com/send?phone=573135407993&text=Hola%20Espaciosclimatizados%2C%20te%20escribimos%20de%20MEDPLAY.%0A%0A%E2%80%A2%20Tu%20Amazon%20(pantalla%206)%2C%20con%20el%20correo%20keirenhgg17890%40hotmail.com%2C%20vence%20el%20*22%2F04%2F2026*%2C%20quer%C3%ADa%20saber%20si%20deseas%20*realizar%20la%20renovaci%C3%B3n*%2C%20tiene%20un%20costo%20de%20*%24%207%2C900*.%0A%0A*PARA%20PAGOS%20POR%20NEQUI%20SOLICITAR%20EL%20QR%20POR%20FAVOR*
[2026-04-21 14:02:46.922] ✉️ Enviando…
[2026-04-21 14:02:49.833] ↩️ Enviado (Enter)
[2026-04-21 14:02:49.834] ⏳ Pausa post-envío: 12s…
[2026-04-21 14:03:01.839] 
[17/29] → 573228771112
[2026-04-21 14:03:01.845] 🔁 Abriendo chat (intento 1/3) con: https://web.whatsapp.com/send?phone=573228771112&text=Hola%20%2B57%2C%20te%20escribimos%20de%20MEDPLAY.%0A%0A%E2%80%A2%20Tu%20Youtube%2C%20con%20el%20correo%20llanomio03%40gmail.com%2C%20vence%20el%20*21%2F04%2F2026*%2C%20quer%C3%ADa%20saber%20si%20deseas%20*realizar%20la%20renovaci%C3%B3n*%2C%20tiene%20un%20costo%20de%20*%24%207%2C900*.%0A%0A*PARA%20PAGOS%20POR%20NEQUI%20SOLICITAR%20EL%20QR%20POR%20FAVOR*
[2026-04-21 14:03:12.079] ✉️ Enviando…
[2026-04-21 14:03:12.463] ↩️ Enviado (Enter)
[2026-04-21 14:03:12.467] ⏳ Pausa post-envío: 12s…
[2026-04-21 14:03:24.470] 
[18/29] → 573204347361
[2026-04-21 14:03:24.470] 🔁 Abriendo chat (intento 1/3) con: https://web.whatsapp.com/send?phone=573204347361&text=Hola%2C%20te%20escribimos%20de%20MEDPLAY.%0A%0A%E2%80%A2%20Tu%20Youtube%2C%20con%20el%20correo%20auroraarciniegas6%40gmail.com%2C%20vence%20el%20*21%2F04%2F2026*%2C%20quer%C3%ADa%20saber%20si%20deseas%20*realizar%20la%20renovaci%C3%B3n*%2C%20tiene%20un%20costo%20de%20*%24%207%2C900*.%0A%0A*PARA%20PAGOS%20POR%20NEQUI%20SOLICITAR%20EL%20QR%20POR%20FAVOR*
[2026-04-21 14:03:33.631] ✉️ Enviando…
[2026-04-21 14:03:33.922] ↩️ Enviado (Enter)
[2026-04-21 14:03:33.922] ⏳ Pausa post-envío: 12s…
[2026-04-21 14:03:45.936] 
[19/29] → 573023163030
[2026-04-21 14:03:45.936] 🔁 Abriendo chat (intento 1/3) con: https://web.whatsapp.com/send?phone=573023163030&text=Hola%2C%20te%20escribimos%20de%20MEDPLAY.%0A%0A%E2%80%A2%20Tu%20Youtube%2C%20con%20el%20correo%20luisospinopinto01%40gmail.com%2C%20vence%20el%20*21%2F04%2F2026*%2C%20quer%C3%ADa%20saber%20si%20deseas%20*realizar%20la%20renovaci%C3%B3n*%2C%20tiene%20un%20costo%20de%20*%24%207%2C900*.%0A%0A*PARA%20PAGOS%20POR%20NEQUI%20SOLICITAR%20EL%20QR%20POR%20FAVOR*
[2026-04-21 14:03:49.286] ✉️ Enviando…
[2026-04-21 14:03:52.583] ↩️ Enviado (Enter)
[2026-04-21 14:03:52.583] ⏳ Pausa post-envío: 12s…
[2026-04-21 14:04:04.586] 
[20/29] → 573143826694
[2026-04-21 14:04:04.587] 🔁 Abriendo chat (intento 1/3) con: https://web.whatsapp.com/send?phone=573143826694&text=Hola%2C%20te%20escribimos%20de%20MEDPLAY.%0A%0A%E2%80%A2%20Tu%20Youtube%2C%20con%20el%20correo%20alanpc2018%40gmail.com%2C%20vence%20el%20*21%2F04%2F2026*%2C%20quer%C3%ADa%20saber%20si%20deseas%20*realizar%20la%20renovaci%C3%B3n*%2C%20tiene%20un%20costo%20de%20*%24%207%2C900*.%0A%0A*PARA%20PAGOS%20POR%20NEQUI%20SOLICITAR%20EL%20QR%20POR%20FAVOR*
[2026-04-21 14:04:14.353] ✉️ Enviando…
[2026-04-21 14:04:14.686] ↩️ Enviado (Enter)
[2026-04-21 14:04:14.686] ⏳ Pausa post-envío: 12s…
[2026-04-21 14:04:26.688] 
[21/29] → 573017131976
[2026-04-21 14:04:26.689] 🔁 Abriendo chat (intento 1/3) con: https://web.whatsapp.com/send?phone=573017131976&text=Hola%2C%20te%20escribimos%20de%20MEDPLAY.%0A%0A%E2%80%A2%20Tu%20Youtube%2C%20con%20el%20correo%20leiivasquez922%40gmail.com%2C%20vence%20el%20*21%2F04%2F2026*%2C%20quer%C3%ADa%20saber%20si%20deseas%20*realizar%20la%20renovaci%C3%B3n*%2C%20tiene%20un%20costo%20de%20*%24%207%2C900*.%0A%0A*PARA%20PAGOS%20POR%20NEQUI%20SOLICITAR%20EL%20QR%20POR%20FAVOR*
[2026-04-21 14:04:33.314] ✉️ Enviando…
[2026-04-21 14:04:33.827] ↩️ Enviado (Enter)
[2026-04-21 14:04:33.828] ⏳ Pausa post-envío: 12s…
[2026-04-21 14:04:45.839] 
[22/29] → 573507031033
[2026-04-21 14:04:45.839] 🔁 Abriendo chat (intento 1/3) con: https://web.whatsapp.com/send?phone=573507031033&text=Hola%2C%20te%20escribimos%20de%20MEDPLAY.%0A%0A%E2%80%A2%20Tu%20Youtube%2C%20con%20el%20correo%20matiashohner%40gmail.com%2C%20vence%20el%20*21%2F04%2F2026*%2C%20quer%C3%ADa%20saber%20si%20deseas%20*realizar%20la%20renovaci%C3%B3n*%2C%20tiene%20un%20costo%20de%20*%24%207%2C900*.%0A%0A*PARA%20PAGOS%20POR%20NEQUI%20SOLICITAR%20EL%20QR%20POR%20FAVOR*
[2026-04-21 14:04:53.075] ✉️ Enviando…
[2026-04-21 14:04:53.551] ↩️ Enviado (Enter)
[2026-04-21 14:04:53.551] ⏳ Pausa post-envío: 12s…
[2026-04-21 14:05:05.556] 
[23/29] → 573043986958
[2026-04-21 14:05:05.557] 🔁 Abriendo chat (intento 1/3) con: https://web.whatsapp.com/send?phone=573043986958&text=Hola%2C%20te%20escribimos%20de%20MEDPLAY.%0A%0A%E2%80%A2%20Tu%20Youtube%2C%20con%20el%20correo%20villanuevasebas2106%40gmail.com%2C%20vence%20el%20*22%2F04%2F2026*%2C%20quer%C3%ADa%20saber%20si%20deseas%20*realizar%20la%20renovaci%C3%B3n*%2C%20tiene%20un%20costo%20de%20*%24%207%2C900*.%0A%0A*PARA%20PAGOS%20POR%20NEQUI%20SOLICITAR%20EL%20QR%20POR%20FAVOR*
[2026-04-21 14:05:15.452] ✉️ Enviando…
[2026-04-21 14:05:16.068] ↩️ Enviado (Enter)
[2026-04-21 14:05:16.068] ⏳ Pausa post-envío: 12s…
[2026-04-21 14:05:28.070] 
[24/29] → 573248803899
[2026-04-21 14:05:28.071] 🔁 Abriendo chat (intento 1/3) con: https://web.whatsapp.com/send?phone=573248803899&text=Hola%20Juan%2C%20te%20escribimos%20de%20MEDPLAY.%0A%0A%E2%80%A2%20Tu%20Youtube%2C%20con%20el%20correo%20juanklerma.m%40gmail.com%2C%20vence%20el%20*22%2F04%2F2026*%2C%20quer%C3%ADa%20saber%20si%20deseas%20*realizar%20la%20renovaci%C3%B3n*%2C%20tiene%20un%20costo%20de%20*%24%207%2C900*.%0A%0A*PARA%20PAGOS%20POR%20NEQUI%20SOLICITAR%20EL%20QR%20POR%20FAVOR*
[2026-04-21 14:05:37.264] ✉️ Enviando…
[2026-04-21 14:05:37.505] ↩️ Enviado (Enter)
[2026-04-21 14:05:37.506] ⏳ Pausa post-envío: 12s…
[2026-04-21 14:05:49.522] 
[25/29] → 573104598186
[2026-04-21 14:05:49.522] 🔁 Abriendo chat (intento 1/3) con: https://web.whatsapp.com/send?phone=573104598186&text=Hola%20%2B57%2C%20te%20escribimos%20de%20MEDPLAY.%0A%0A%E2%80%A2%20Tu%20Youtube%2C%20con%20el%20correo%20joinermolina2002%40gmail.com%2C%20vence%20el%20*22%2F04%2F2026*%2C%20quer%C3%ADa%20saber%20si%20deseas%20*realizar%20la%20renovaci%C3%B3n*%2C%20tiene%20un%20costo%20de%20*%24%207%2C900*.%0A%E2%80%A2%20Tu%20Youtube%2C%20con%20el%20correo%20antonellarodriguezjp%40gmail.com%2C%20vence%20el%20*22%2F04%2F2026*%2C%20quer%C3%ADa%20saber%20si%20deseas%20*realizar%20la%20renovaci%C3%B3n*%2C%20tiene%20un%20costo%20de%20*%24%207%2C900*.%0A%0A*PARA%20PAGOS%20POR%20NEQUI%20SOLICITAR%20EL%20QR%20POR%20FAVOR*
[2026-04-21 14:05:52.702] ✉️ Enviando…
[2026-04-21 14:05:54.824] ↩️ Enviado (Enter)
[2026-04-21 14:05:54.824] ⏳ Pausa post-envío: 12s…
[2026-04-21 14:06:06.830] 
[26/29] → 573206168369
[2026-04-21 14:06:06.833] 🔁 Abriendo chat (intento 1/3) con: https://web.whatsapp.com/send?phone=573206168369&text=Hola%20Johnny%2C%20te%20escribimos%20de%20MEDPLAY.%0A%0A%E2%80%A2%20Tu%20Youtube%2C%20con%20el%20correo%20johnnycaipe%40gmail.com%2C%20vence%20el%20*22%2F04%2F2026*%2C%20quer%C3%ADa%20saber%20si%20deseas%20*realizar%20la%20renovaci%C3%B3n*%2C%20tiene%20un%20costo%20de%20*%24%207%2C900*.%0A%0A*PARA%20PAGOS%20POR%20NEQUI%20SOLICITAR%20EL%20QR%20POR%20FAVOR*
[2026-04-21 14:06:13.898] ✉️ Enviando…
[2026-04-21 14:06:14.458] ↩️ Enviado (Enter)
[2026-04-21 14:06:14.458] ⏳ Pausa post-envío: 12s…
[2026-04-21 14:06:26.459] 
[27/29] → 573209852109
[2026-04-21 14:06:26.461] 🔁 Abriendo chat (intento 1/3) con: https://web.whatsapp.com/send?phone=573209852109&text=Hola%20%2B57%2C%20te%20escribimos%20de%20MEDPLAY.%0A%0A%E2%80%A2%20Tu%20Youtube%2C%20con%20el%20correo%20bosrmartiion%40gmail.com%2C%20vence%20el%20*22%2F04%2F2026*%2C%20quer%C3%ADa%20saber%20si%20deseas%20*realizar%20la%20renovaci%C3%B3n*%2C%20tiene%20un%20costo%20de%20*%24%207%2C900*.%0A%0A*PARA%20PAGOS%20POR%20NEQUI%20SOLICITAR%20EL%20QR%20POR%20FAVOR*
[2026-04-21 14:06:36.220] ✉️ Enviando…
[2026-04-21 14:06:36.503] ↩️ Enviado (Enter)
[2026-04-21 14:06:36.504] ⏳ Pausa post-envío: 12s…
[2026-04-21 14:06:48.510] 
[28/29] → 573112689315
[2026-04-21 14:06:48.511] 🔁 Abriendo chat (intento 1/3) con: https://web.whatsapp.com/send?phone=573112689315&text=Hola%20Sofia%2C%20te%20escribimos%20de%20MEDPLAY.%0A%0A%E2%80%A2%20Tu%20Youtube%2C%20con%20el%20correo%20tuhistoriaencancion87%40gmail.com%2C%20vence%20el%20*22%2F04%2F2026*%2C%20quer%C3%ADa%20saber%20si%20deseas%20*realizar%20la%20renovaci%C3%B3n*%2C%20tiene%20un%20costo%20de%20*%24%207%2C900*.%0A%0A*PARA%20PAGOS%20POR%20NEQUI%20SOLICITAR%20EL%20QR%20POR%20FAVOR*
[2026-04-21 14:06:51.477] ✉️ Enviando…
[2026-04-21 14:06:53.663] ↩️ Enviado (Enter)
[2026-04-21 14:06:53.664] ⏳ Pausa post-envío: 12s…
[2026-04-21 14:07:05.665] 
[29/29] → 573245704900
[2026-04-21 14:07:05.665] 🔁 Abriendo chat (intento 1/3) con: https://web.whatsapp.com/send?phone=573245704900&text=Hola%20%2B57%2C%20te%20escribimos%20de%20MEDPLAY.%0A%0A%E2%80%A2%20Tu%20Disney%2C%20con%20el%20correo%20medplay93%2Bki9%40gmail.com%2C%20vence%20el%20*22%2F04%2F2026*%2C%20quer%C3%ADa%20saber%20si%20deseas%20*realizar%20la%20renovaci%C3%B3n*%2C%20tiene%20un%20costo%20de%20*%24%2020%2C900*.%0A%0A*PARA%20PAGOS%20POR%20NEQUI%20SOLICITAR%20EL%20QR%20POR%20FAVOR*
[2026-04-21 14:07:08.826] ✉️ Enviando…
[2026-04-21 14:07:11.075] ↩️ Enviado (Enter)
[2026-04-21 14:07:11.076] ⏳ Pausa post-envío: 12s…
[2026-04-21 14:07:23.086] 
✅ Finalizado. Enviados: 29. Omitidos: 0.
[2026-04-21 14:07:23.087] ℹ️ Navegador dejado abierto para revisión manual.
[2026-04-22 12:24:55.215] 📨 Enviaré 40 mensaje(s).
[2026-04-22 12:24:55.216] 🚀 Lanzando script de navegador: C:\Users\Santiago\medplay\scripts\start-edge-wa.bat
[2026-04-22 12:24:55.228] ⏳ Esperando CDP…
[2026-04-22 12:24:59.450] 🟡 Preparando WhatsApp Web…
[2026-04-22 12:25:17.212] 📨 Enviaré 40 mensaje(s).
[2026-04-22 12:25:17.212] 🚀 Lanzando script de navegador: C:\Users\Santiago\medplay\scripts\start-edge-wa.bat
[2026-04-22 12:25:17.222] ⏳ Esperando CDP…
[2026-04-22 12:25:21.211] 🟡 Preparando WhatsApp Web…
[2026-04-22 12:26:05.049] ✅ WhatsApp Web listo.
[2026-04-22 12:26:05.051] 
[1/40] → 573008604341
[2026-04-22 12:26:05.051] 🔁 Abriendo chat (intento 1/3) con: https://web.whatsapp.com/send?phone=573008604341&text=Hola%20Mateo%2C%20te%20escribimos%20de%20MEDPLAY.%0A%0A%E2%80%A2%20Tu%20Crunchyroll%20(pantalla%204)%2C%20con%20el%20correo%20florinedoane1582%40hotmail.com%2C%20vence%20el%20*19%2F04%2F2026*%2C%20quer%C3%ADa%20saber%20si%20deseas%20*realizar%20la%20renovaci%C3%B3n*%2C%20tiene%20un%20costo%20de%20*%24%203%2C900*.%0A%E2%80%A2%20Tu%20Youtube%2C%20con%20el%20correo%20nunezmateo610%40gmail.com%2C%20vence%20el%20*22%2F04%2F2026*%2C%20quer%C3%ADa%20saber%20si%20deseas%20*realizar%20la%20renovaci%C3%B3n*%2C%20tiene%20un%20costo%20de%20*%24%207%2C900*.%0A%0A*PARA%20PAGOS%20POR%20NEQUI%20SOLICITAR%20EL%20QR%20POR%20FAVOR*
[2026-04-22 12:26:10.874] ✉️ Enviando…
[2026-04-22 12:26:28.290] ↩️ Enviado (Enter)
[2026-04-22 12:26:28.290] ⏳ Pausa post-envío: 12s…
[2026-04-22 12:26:40.293] 
[2/40] → 573012465155
[2026-04-22 12:26:40.294] 🔁 Abriendo chat (intento 1/3) con: https://web.whatsapp.com/send?phone=573012465155&text=Hola%20Ronald%2C%20te%20escribimos%20de%20MEDPLAY.%0A%0A%E2%80%A2%20Tu%20Netflix%20(pantalla%204)%2C%20con%20el%20correo%20medplay93%40gmail.com%2C%20vence%20el%20*21%2F04%2F2026*%2C%20quer%C3%ADa%20saber%20si%20deseas%20*realizar%20la%20renovaci%C3%B3n*%2C%20tiene%20un%20costo%20de%20*%24%2014%2C900*.%0A%0A*PARA%20PAGOS%20POR%20NEQUI%20SOLICITAR%20EL%20QR%20POR%20FAVOR*
[2026-04-22 12:26:43.841] ✉️ Enviando…
[2026-04-22 12:26:48.168] ↩️ Enviado (Enter)
[2026-04-22 12:26:48.168] ⏳ Pausa post-envío: 12s…
[2026-04-22 12:27:00.169] 
[3/40] → 573226354145
[2026-04-22 12:27:00.169] 🔁 Abriendo chat (intento 1/3) con: https://web.whatsapp.com/send?phone=573226354145&text=Hola%2C%20te%20escribimos%20de%20MEDPLAY.%0A%0A%E2%80%A2%20Tu%20Crunchyroll%20(pantalla%201)%2C%20con%20el%20correo%20florinedoane1582%40hotmail.com%2C%20vence%20el%20*21%2F04%2F2026*%2C%20quer%C3%ADa%20saber%20si%20deseas%20*realizar%20la%20renovaci%C3%B3n*%2C%20tiene%20un%20costo%20de%20*%24%206%2C900*.%0A%0A*PARA%20PAGOS%20POR%20NEQUI%20SOLICITAR%20EL%20QR%20POR%20FAVOR*
[2026-04-22 12:27:03.671] ✉️ Enviando…
[2026-04-22 12:27:07.229] ↩️ Enviado (Enter)
[2026-04-22 12:27:07.229] ⏳ Pausa post-envío: 12s…
[2026-04-22 12:27:19.238] 
[4/40] → 573158436608
[2026-04-22 12:27:19.239] 🔁 Abriendo chat (intento 1/3) con: https://web.whatsapp.com/send?phone=573158436608&text=Hola%2C%20te%20escribimos%20de%20MEDPLAY.%0A%0A%E2%80%A2%20Tu%20Amazon%20(pantalla%205)%2C%20con%20el%20correo%20keirenhgg17890%40hotmail.com%2C%20vence%20el%20*21%2F04%2F2026*%2C%20quer%C3%ADa%20saber%20si%20deseas%20*realizar%20la%20renovaci%C3%B3n*%2C%20tiene%20un%20costo%20de%20*%24%207%2C900*.%0A%0A*PARA%20PAGOS%20POR%20NEQUI%20SOLICITAR%20EL%20QR%20POR%20FAVOR*
[2026-04-22 12:27:22.260] ✉️ Enviando…
[2026-04-22 12:27:25.752] ↩️ Enviado (Enter)
[2026-04-22 12:27:25.753] ⏳ Pausa post-envío: 12s…
[2026-04-22 12:27:37.765] 
[5/40] → 573237258479
[2026-04-22 12:27:37.766] 🔁 Abriendo chat (intento 1/3) con: https://web.whatsapp.com/send?phone=573237258479&text=Hola%20Dai%2C%20te%20escribimos%20de%20MEDPLAY.%0A%0A%E2%80%A2%20Tu%20VIX%20(pantalla%201)%2C%20con%20el%20correo%20medplay93%2Bqa8eh%40gmail.com%2C%20vence%20el%20*21%2F04%2F2026*%2C%20quer%C3%ADa%20saber%20si%20deseas%20*realizar%20la%20renovaci%C3%B3n*%2C%20tiene%20un%20costo%20de%20*%24%203%2C900*.%0A%0A*PARA%20PAGOS%20POR%20NEQUI%20SOLICITAR%20EL%20QR%20POR%20FAVOR*
[2026-04-22 12:27:40.905] ✉️ Enviando…
[2026-04-22 12:27:44.274] ↩️ Enviado (Enter)
[2026-04-22 12:27:44.275] ⏳ Pausa post-envío: 12s…
[2026-04-22 12:27:56.290] 
[6/40] → 573136201571
[2026-04-22 12:27:56.290] 🔁 Abriendo chat (intento 1/3) con: https://web.whatsapp.com/send?phone=573136201571&text=Hola%20%2B57%2C%20te%20escribimos%20de%20MEDPLAY.%0A%0A%E2%80%A2%20Tu%20Disney%20(pantalla%204)%2C%20con%20el%20correo%20medplay93%2Bdis5%40gmail.com%2C%20vence%20el%20*21%2F04%2F2026*%2C%20quer%C3%ADa%20saber%20si%20deseas%20*realizar%20la%20renovaci%C3%B3n*%2C%20tiene%20un%20costo%20de%20*%24%207%2C900*.%0A%0A*PARA%20PAGOS%20POR%20NEQUI%20SOLICITAR%20EL%20QR%20POR%20FAVOR*
[2026-04-22 12:28:00.056] ✉️ Enviando…
[2026-04-22 12:28:02.128] ↩️ Enviado (Enter)
[2026-04-22 12:28:02.128] ⏳ Pausa post-envío: 12s…
[2026-04-22 12:28:14.131] 
[7/40] → 573145477780
[2026-04-22 12:28:14.132] 🔁 Abriendo chat (intento 1/3) con: https://web.whatsapp.com/send?phone=573145477780&text=Hola%20%2B57%2C%20te%20escribimos%20de%20MEDPLAY.%0A%0A%E2%80%A2%20Tu%20VIX%20(pantalla%205)%2C%20con%20el%20correo%20medplay93%2B73ico%40gmail.com%2C%20vence%20el%20*21%2F04%2F2026*%2C%20quer%C3%ADa%20saber%20si%20deseas%20*realizar%20la%20renovaci%C3%B3n*%2C%20tiene%20un%20costo%20de%20*%24%203%2C900*.%0A%0A*PARA%20PAGOS%20POR%20NEQUI%20SOLICITAR%20EL%20QR%20POR%20FAVOR*
[2026-04-22 12:28:17.697] ✉️ Enviando…
[2026-04-22 12:28:21.201] ↩️ Enviado (Enter)
[2026-04-22 12:28:21.202] ⏳ Pausa post-envío: 12s…
[2026-04-22 12:28:33.214] 
[8/40] → 573112369662
[2026-04-22 12:28:33.215] 🔁 Abriendo chat (intento 1/3) con: https://web.whatsapp.com/send?phone=573112369662&text=Hola%20%2B57%2C%20te%20escribimos%20de%20MEDPLAY.%0A%0A%E2%80%A2%20Tu%20Crunchyroll%20(pantalla%203)%2C%20con%20el%20correo%20anjalinebaugh979%40hotmail.com%2C%20vence%20el%20*21%2F04%2F2026*%2C%20quer%C3%ADa%20saber%20si%20deseas%20*realizar%20la%20renovaci%C3%B3n*%2C%20tiene%20un%20costo%20de%20*%24%204%2C900*.%0A%0A*PARA%20PAGOS%20POR%20NEQUI%20SOLICITAR%20EL%20QR%20POR%20FAVOR*
[2026-04-22 12:28:37.216] ✉️ Enviando…
[2026-04-22 12:28:40.423] ↩️ Enviado (Enter)
[2026-04-22 12:28:40.424] ⏳ Pausa post-envío: 12s…
[2026-04-22 12:28:52.424] 
[9/40] → 573233705610
[2026-04-22 12:28:52.425] 🔁 Abriendo chat (intento 1/3) con: https://web.whatsapp.com/send?phone=573233705610&text=Hola%20%2B57%2C%20te%20escribimos%20de%20MEDPLAY.%0A%0A%E2%80%A2%20Tu%20Crunchyroll%20(pantalla%205)%2C%20con%20el%20correo%20florinedoane1582%40hotmail.com%2C%20vence%20el%20*22%2F04%2F2026*%2C%20quer%C3%ADa%20saber%20si%20deseas%20*realizar%20la%20renovaci%C3%B3n*%2C%20tiene%20un%20costo%20de%20*%24%206%2C900*.%0A%0A*PARA%20PAGOS%20POR%20NEQUI%20SOLICITAR%20EL%20QR%20POR%20FAVOR*
[2026-04-22 12:29:02.268] ✉️ Enviando…
[2026-04-22 12:29:03.544] ↩️ Enviado (Enter)
[2026-04-22 12:29:03.544] ⏳ Pausa post-envío: 12s…
[2026-04-22 12:29:15.546] 
[10/40] → 573213088307
[2026-04-22 12:29:15.548] 🔁 Abriendo chat (intento 1/3) con: https://web.whatsapp.com/send?phone=573213088307&text=Hola%20Julian%2C%20te%20escribimos%20de%20MEDPLAY.%0A%0A%E2%80%A2%20Tu%20Disney%20(pantalla%205)%2C%20con%20el%20correo%20medplay93%2Bdis5%40gmail.com%2C%20vence%20el%20*22%2F04%2F2026*%2C%20quer%C3%ADa%20saber%20si%20deseas%20*realizar%20la%20renovaci%C3%B3n*%2C%20tiene%20un%20costo%20de%20*%24%207%2C900*.%0A%0A*PARA%20PAGOS%20POR%20NEQUI%20SOLICITAR%20EL%20QR%20POR%20FAVOR*
[2026-04-22 12:29:18.643] ✉️ Enviando…
[2026-04-22 12:29:22.521] ↩️ Enviado (Enter)
[2026-04-22 12:29:22.521] ⏳ Pausa post-envío: 12s…
[2026-04-22 12:29:34.535] 
[11/40] → 573247909781
[2026-04-22 12:29:34.536] 🔁 Abriendo chat (intento 1/3) con: https://web.whatsapp.com/send?phone=573247909781&text=Hola%20%2B57%2C%20te%20escribimos%20de%20MEDPLAY.%0A%0A%E2%80%A2%20Tu%20Plataforma%20(pantalla%203)%2C%20con%20el%20correo%20medplayxx2203%40yopmail.com%2C%20vence%20el%20*22%2F04%2F2026*%2C%20quer%C3%ADa%20saber%20si%20deseas%20*realizar%20la%20renovaci%C3%B3n*%2C%20tiene%20un%20costo%20de%20*%24%205%2C900*.%0A%0A*PARA%20PAGOS%20POR%20NEQUI%20SOLICITAR%20EL%20QR%20POR%20FAVOR*
[2026-04-22 12:29:37.688] ✉️ Enviando…
[2026-04-22 12:29:42.160] ↩️ Enviado (Enter)
[2026-04-22 12:29:42.160] ⏳ Pausa post-envío: 12s…
[2026-04-22 12:29:54.164] 
[12/40] → 573503939269
[2026-04-22 12:29:54.165] 🔁 Abriendo chat (intento 1/3) con: https://web.whatsapp.com/send?phone=573503939269&text=Hola%20F.Parra%2C%20te%20escribimos%20de%20MEDPLAY.%0A%0A%E2%80%A2%20Tu%20Crunchyroll%20(pantalla%201)%2C%20con%20el%20correo%20medolayplanatt%40gmail.com%2C%20vence%20el%20*22%2F04%2F2026*%2C%20quer%C3%ADa%20saber%20si%20deseas%20*realizar%20la%20renovaci%C3%B3n*%2C%20tiene%20un%20costo%20de%20*%24%204%2C900*.%0A%0A*PARA%20PAGOS%20POR%20NEQUI%20SOLICITAR%20EL%20QR%20POR%20FAVOR*
[2026-04-22 12:29:57.976] ✉️ Enviando…
[2026-04-22 12:30:01.413] ↩️ Enviado (Enter)
[2026-04-22 12:30:01.413] ⏳ Pausa post-envío: 12s…
[2026-04-22 12:30:13.426] 
[13/40] → 573215789905
[2026-04-22 12:30:13.426] 🔁 Abriendo chat (intento 1/3) con: https://web.whatsapp.com/send?phone=573215789905&text=Hola%20Deimer%2C%20te%20escribimos%20de%20MEDPLAY.%0A%0A%E2%80%A2%20Tu%20Crunchyroll%20(pantalla%202)%2C%20con%20el%20correo%20florinedoane1582%40hotmail.com%2C%20vence%20el%20*22%2F04%2F2026*%2C%20quer%C3%ADa%20saber%20si%20deseas%20*realizar%20la%20renovaci%C3%B3n*%2C%20tiene%20un%20costo%20de%20*%24%204%2C900*.%0A%0A*PARA%20PAGOS%20POR%20NEQUI%20SOLICITAR%20EL%20QR%20POR%20FAVOR*
[2026-04-22 12:30:17.126] ✉️ Enviando…
[2026-04-22 12:30:21.198] ↩️ Enviado (Enter)
[2026-04-22 12:30:21.199] ⏳ Pausa post-envío: 12s…
[2026-04-22 12:30:33.203] 
[14/40] → 573113372054
[2026-04-22 12:30:33.204] 🔁 Abriendo chat (intento 1/3) con: https://web.whatsapp.com/send?phone=573113372054&text=Hola%20Laura%2C%20te%20escribimos%20de%20MEDPLAY.%0A%0A%E2%80%A2%20Tu%20MAX%20(pantalla%201)%2C%20con%20el%20correo%20medplay93%2Bcueyp%40gmail.com%2C%20vence%20el%20*22%2F04%2F2026*%2C%20quer%C3%ADa%20saber%20si%20deseas%20*realizar%20la%20renovaci%C3%B3n*%2C%20tiene%20un%20costo%20de%20*%24%207%2C900*.%0A%0A*PARA%20PAGOS%20POR%20NEQUI%20SOLICITAR%20EL%20QR%20POR%20FAVOR*
[2026-04-22 12:30:36.126] ✉️ Enviando…
[2026-04-22 12:30:39.491] ↩️ Enviado (Enter)
[2026-04-22 12:30:39.492] ⏳ Pausa post-envío: 12s…
[2026-04-22 12:30:51.505] 
[15/40] → 573023081524
[2026-04-22 12:30:51.505] 🔁 Abriendo chat (intento 1/3) con: https://web.whatsapp.com/send?phone=573023081524&text=Hola%20Edinson%2C%20te%20escribimos%20de%20MEDPLAY.%0A%0A%E2%80%A2%20Tu%20Netflix%20(pantalla%203)%2C%20con%20el%20correo%20rochellemavis626181991%2B5%40hotmail.com%2C%20vence%20el%20*22%2F04%2F2026*%2C%20quer%C3%ADa%20saber%20si%20deseas%20*realizar%20la%20renovaci%C3%B3n*%2C%20tiene%20un%20costo%20de%20*%24%2014%2C900*.%0A%0A*PARA%20PAGOS%20POR%20NEQUI%20SOLICITAR%20EL%20QR%20POR%20FAVOR*
[2026-04-22 12:30:55.234] ✉️ Enviando…
[2026-04-22 12:30:58.372] ↩️ Enviado (Enter)
[2026-04-22 12:30:58.372] ⏳ Pausa post-envío: 12s…
[2026-04-22 12:31:10.380] 
[16/40] → 573135407993
[2026-04-22 12:31:10.380] 🔁 Abriendo chat (intento 1/3) con: https://web.whatsapp.com/send?phone=573135407993&text=Hola%20Espaciosclimatizados%2C%20te%20escribimos%20de%20MEDPLAY.%0A%0A%E2%80%A2%20Tu%20Amazon%20(pantalla%206)%2C%20con%20el%20correo%20keirenhgg17890%40hotmail.com%2C%20vence%20el%20*22%2F04%2F2026*%2C%20quer%C3%ADa%20saber%20si%20deseas%20*realizar%20la%20renovaci%C3%B3n*%2C%20tiene%20un%20costo%20de%20*%24%207%2C900*.%0A%0A*PARA%20PAGOS%20POR%20NEQUI%20SOLICITAR%20EL%20QR%20POR%20FAVOR*
[2026-04-22 12:31:20.220] ✉️ Enviando…
[2026-04-22 12:31:21.132] ↩️ Enviado (Enter)
[2026-04-22 12:31:21.132] ⏳ Pausa post-envío: 12s…
[2026-04-22 12:31:33.138] 
[17/40] → 573219444748
[2026-04-22 12:31:33.139] 🔁 Abriendo chat (intento 1/3) con: https://web.whatsapp.com/send?phone=573219444748&text=Hola%2C%20te%20escribimos%20de%20MEDPLAY.%0A%0A%E2%80%A2%20Tu%20Netflix%20(pantalla%204)%2C%20con%20el%20correo%20rochellemavis626181991%2B5%40hotmail.com%2C%20vence%20el%20*23%2F04%2F2026*%2C%20quer%C3%ADa%20saber%20si%20deseas%20*realizar%20la%20renovaci%C3%B3n*%2C%20tiene%20un%20costo%20de%20*%24%2014%2C900*.%0A%0A*PARA%20PAGOS%20POR%20NEQUI%20SOLICITAR%20EL%20QR%20POR%20FAVOR*
[2026-04-22 12:31:37.698] ✉️ Enviando…
[2026-04-22 12:31:41.138] ↩️ Enviado (Enter)
[2026-04-22 12:31:41.139] ⏳ Pausa post-envío: 12s…
[2026-04-22 12:31:53.141] 
[18/40] → 573022497046
[2026-04-22 12:31:53.142] 🔁 Abriendo chat (intento 1/3) con: https://web.whatsapp.com/send?phone=573022497046&text=Hola%20%2B57%2C%20te%20escribimos%20de%20MEDPLAY.%0A%0A%E2%80%A2%20Tu%20Netflix%20(pantalla%205)%2C%20con%20el%20correo%20rochellemavis626181991%2B5%40hotmail.com%2C%20vence%20el%20*23%2F04%2F2026*%2C%20quer%C3%ADa%20saber%20si%20deseas%20*realizar%20la%20renovaci%C3%B3n*%2C%20tiene%20un%20costo%20de%20*%24%2014%2C900*.%0A%0A*PARA%20PAGOS%20POR%20NEQUI%20SOLICITAR%20EL%20QR%20POR%20FAVOR*
[2026-04-22 12:31:57.799] ✉️ Enviando…
[2026-04-22 12:32:01.128] ↩️ Enviado (Enter)
[2026-04-22 12:32:01.128] ⏳ Pausa post-envío: 12s…
[2026-04-22 12:32:13.135] 
[19/40] → 573232425283
[2026-04-22 12:32:13.136] 🔁 Abriendo chat (intento 1/3) con: https://web.whatsapp.com/send?phone=573232425283&text=Hola%2C%20te%20escribimos%20de%20MEDPLAY.%0A%0A%E2%80%A2%20Tu%20MAX%20(pantalla%201)%2C%20con%20el%20correo%20medplay93%2Bgil%40gmail.com%2C%20vence%20el%20*23%2F04%2F2026*%2C%20quer%C3%ADa%20saber%20si%20deseas%20*realizar%20la%20renovaci%C3%B3n*%2C%20tiene%20un%20costo%20de%20*%24%206%2C900*.%0A%0A*PARA%20PAGOS%20POR%20NEQUI%20SOLICITAR%20EL%20QR%20POR%20FAVOR*
[2026-04-22 12:32:18.252] ✉️ Enviando…
[2026-04-22 12:32:21.763] ↩️ Enviado (Enter)
[2026-04-22 12:32:21.764] ⏳ Pausa post-envío: 12s…
[2026-04-22 12:32:33.772] 
[20/40] → 573133658509
[2026-04-22 12:32:33.772] 🔁 Abriendo chat (intento 1/3) con: https://web.whatsapp.com/send?phone=573133658509&text=Hola%20Liz%2C%20te%20escribimos%20de%20MEDPLAY.%0A%0A%E2%80%A2%20Tu%20Disney%20(pantalla%203)%2C%20con%20el%20correo%20medplay93%2Bnv2%40gmail.com%2C%20vence%20el%20*23%2F04%2F2026*%2C%20quer%C3%ADa%20saber%20si%20deseas%20*realizar%20la%20renovaci%C3%B3n*%2C%20tiene%20un%20costo%20de%20*%24%207%2C900*.%0A%0A*PARA%20PAGOS%20POR%20NEQUI%20SOLICITAR%20EL%20QR%20POR%20FAVOR*
[2026-04-22 12:32:38.465] ✉️ Enviando…
[2026-04-22 12:32:41.822] ↩️ Enviado (Enter)
[2026-04-22 12:32:41.823] ⏳ Pausa post-envío: 12s…
[2026-04-22 12:32:53.838] 
[21/40] → 573017876821
[2026-04-22 12:32:53.838] 🔁 Abriendo chat (intento 1/3) con: https://web.whatsapp.com/send?phone=573017876821&text=Hola%2C%20te%20escribimos%20de%20MEDPLAY.%0A%0A%E2%80%A2%20Tu%20Crunchyroll%20(pantalla%206)%2C%20con%20el%20correo%20florinedoane1582%40hotmail.com%2C%20vence%20el%20*23%2F04%2F2026*%2C%20quer%C3%ADa%20saber%20si%20deseas%20*realizar%20la%20renovaci%C3%B3n*%2C%20tiene%20un%20costo%20de%20*%24%206%2C900*.%0A%0A*PARA%20PAGOS%20POR%20NEQUI%20SOLICITAR%20EL%20QR%20POR%20FAVOR*
[2026-04-22 12:32:58.965] ✉️ Enviando…
[2026-04-22 12:33:02.466] ↩️ Enviado (Enter)
[2026-04-22 12:33:02.466] ⏳ Pausa post-envío: 12s…
[2026-04-22 12:33:14.483] 
[22/40] → 573228771112
[2026-04-22 12:33:14.485] 🔁 Abriendo chat (intento 1/3) con: https://web.whatsapp.com/send?phone=573228771112&text=Hola%20%2B57%2C%20te%20escribimos%20de%20MEDPLAY.%0A%0A%E2%80%A2%20Tu%20Youtube%2C%20con%20el%20correo%20llanomio03%40gmail.com%2C%20vence%20el%20*21%2F04%2F2026*%2C%20quer%C3%ADa%20saber%20si%20deseas%20*realizar%20la%20renovaci%C3%B3n*%2C%20tiene%20un%20costo%20de%20*%24%207%2C900*.%0A%0A*PARA%20PAGOS%20POR%20NEQUI%20SOLICITAR%20EL%20QR%20POR%20FAVOR*
[2026-04-22 12:33:18.961] ✉️ Enviando…
[2026-04-22 12:33:22.265] ↩️ Enviado (Enter)
[2026-04-22 12:33:22.266] ⏳ Pausa post-envío: 12s…
[2026-04-22 12:33:34.267] 
[23/40] → 573204347361
[2026-04-22 12:33:34.268] 🔁 Abriendo chat (intento 1/3) con: https://web.whatsapp.com/send?phone=573204347361&text=Hola%2C%20te%20escribimos%20de%20MEDPLAY.%0A%0A%E2%80%A2%20Tu%20Youtube%2C%20con%20el%20correo%20auroraarciniegas6%40gmail.com%2C%20vence%20el%20*21%2F04%2F2026*%2C%20quer%C3%ADa%20saber%20si%20deseas%20*realizar%20la%20renovaci%C3%B3n*%2C%20tiene%20un%20costo%20de%20*%24%207%2C900*.%0A%0A*PARA%20PAGOS%20POR%20NEQUI%20SOLICITAR%20EL%20QR%20POR%20FAVOR*
[2026-04-22 12:33:39.684] ✉️ Enviando…
[2026-04-22 12:33:44.041] ↩️ Enviado (Enter)
[2026-04-22 12:33:44.041] ⏳ Pausa post-envío: 12s…
[2026-04-22 12:33:56.045] 
[24/40] → 573023163030
[2026-04-22 12:33:56.046] 🔁 Abriendo chat (intento 1/3) con: https://web.whatsapp.com/send?phone=573023163030&text=Hola%2C%20te%20escribimos%20de%20MEDPLAY.%0A%0A%E2%80%A2%20Tu%20Youtube%2C%20con%20el%20correo%20luisospinopinto01%40gmail.com%2C%20vence%20el%20*21%2F04%2F2026*%2C%20quer%C3%ADa%20saber%20si%20deseas%20*realizar%20la%20renovaci%C3%B3n*%2C%20tiene%20un%20costo%20de%20*%24%207%2C900*.%0A%0A*PARA%20PAGOS%20POR%20NEQUI%20SOLICITAR%20EL%20QR%20POR%20FAVOR*
[2026-04-22 12:34:00.814] ✉️ Enviando…
[2026-04-22 12:34:04.230] ↩️ Enviado (Enter)
[2026-04-22 12:34:04.230] ⏳ Pausa post-envío: 12s…
[2026-04-22 12:34:16.245] 
[25/40] → 573143826694
[2026-04-22 12:34:16.245] 🔁 Abriendo chat (intento 1/3) con: https://web.whatsapp.com/send?phone=573143826694&text=Hola%2C%20te%20escribimos%20de%20MEDPLAY.%0A%0A%E2%80%A2%20Tu%20Youtube%2C%20con%20el%20correo%20alanpc2018%40gmail.com%2C%20vence%20el%20*21%2F04%2F2026*%2C%20quer%C3%ADa%20saber%20si%20deseas%20*realizar%20la%20renovaci%C3%B3n*%2C%20tiene%20un%20costo%20de%20*%24%207%2C900*.%0A%0A*PARA%20PAGOS%20POR%20NEQUI%20SOLICITAR%20EL%20QR%20POR%20FAVOR*
[2026-04-22 12:34:21.788] ✉️ Enviando…
[2026-04-22 12:34:28.169] ↩️ Enviado (Enter)
[2026-04-22 12:34:28.171] ⏳ Pausa post-envío: 12s…
[2026-04-22 12:34:40.173] 
[26/40] → 573017131976
[2026-04-22 12:34:40.174] 🔁 Abriendo chat (intento 1/3) con: https://web.whatsapp.com/send?phone=573017131976&text=Hola%2C%20te%20escribimos%20de%20MEDPLAY.%0A%0A%E2%80%A2%20Tu%20Youtube%2C%20con%20el%20correo%20leiivasquez922%40gmail.com%2C%20vence%20el%20*21%2F04%2F2026*%2C%20quer%C3%ADa%20saber%20si%20deseas%20*realizar%20la%20renovaci%C3%B3n*%2C%20tiene%20un%20costo%20de%20*%24%207%2C900*.%0A%0A*PARA%20PAGOS%20POR%20NEQUI%20SOLICITAR%20EL%20QR%20POR%20FAVOR*
[2026-04-22 12:34:47.420] ✉️ Enviando…
[2026-04-22 12:34:52.862] ↩️ Enviado (Enter)
[2026-04-22 12:34:52.862] ⏳ Pausa post-envío: 12s…
[2026-04-22 12:35:04.874] 
[27/40] → 573507031033
[2026-04-22 12:35:04.878] 🔁 Abriendo chat (intento 1/3) con: https://web.whatsapp.com/send?phone=573507031033&text=Hola%2C%20te%20escribimos%20de%20MEDPLAY.%0A%0A%E2%80%A2%20Tu%20Youtube%2C%20con%20el%20correo%20matiashohner%40gmail.com%2C%20vence%20el%20*21%2F04%2F2026*%2C%20quer%C3%ADa%20saber%20si%20deseas%20*realizar%20la%20renovaci%C3%B3n*%2C%20tiene%20un%20costo%20de%20*%24%207%2C900*.%0A%0A*PARA%20PAGOS%20POR%20NEQUI%20SOLICITAR%20EL%20QR%20POR%20FAVOR*
[2026-04-22 12:35:09.701] ✉️ Enviando…
[2026-04-22 12:35:17.224] ↩️ Enviado (Enter)
[2026-04-22 12:35:17.225] ⏳ Pausa post-envío: 12s…
[2026-04-22 12:35:29.226] 
[28/40] → 573043986958
[2026-04-22 12:35:29.227] 🔁 Abriendo chat (intento 1/3) con: https://web.whatsapp.com/send?phone=573043986958&text=Hola%2C%20te%20escribimos%20de%20MEDPLAY.%0A%0A%E2%80%A2%20Tu%20Youtube%2C%20con%20el%20correo%20villanuevasebas2106%40gmail.com%2C%20vence%20el%20*22%2F04%2F2026*%2C%20quer%C3%ADa%20saber%20si%20deseas%20*realizar%20la%20renovaci%C3%B3n*%2C%20tiene%20un%20costo%20de%20*%24%207%2C900*.%0A%0A*PARA%20PAGOS%20POR%20NEQUI%20SOLICITAR%20EL%20QR%20POR%20FAVOR*
[2026-04-22 12:35:34.529] ✉️ Enviando…
[2026-04-22 12:35:41.800] ↩️ Enviado (Enter)
[2026-04-22 12:35:41.801] ⏳ Pausa post-envío: 12s…
[2026-04-22 12:35:53.808] 
[29/40] → 573248803899
[2026-04-22 12:35:53.809] 🔁 Abriendo chat (intento 1/3) con: https://web.whatsapp.com/send?phone=573248803899&text=Hola%20Juan%2C%20te%20escribimos%20de%20MEDPLAY.%0A%0A%E2%80%A2%20Tu%20Youtube%2C%20con%20el%20correo%20juanklerma.m%40gmail.com%2C%20vence%20el%20*22%2F04%2F2026*%2C%20quer%C3%ADa%20saber%20si%20deseas%20*realizar%20la%20renovaci%C3%B3n*%2C%20tiene%20un%20costo%20de%20*%24%207%2C900*.%0A%0A*PARA%20PAGOS%20POR%20NEQUI%20SOLICITAR%20EL%20QR%20POR%20FAVOR*
[2026-04-22 12:35:58.684] ✉️ Enviando…
[2026-04-22 12:36:05.745] ↩️ Enviado (Enter)
[2026-04-22 12:36:05.746] ⏳ Pausa post-envío: 12s…
[2026-04-22 12:36:17.758] 
[30/40] → 573104598186
[2026-04-22 12:36:17.762] 🔁 Abriendo chat (intento 1/3) con: https://web.whatsapp.com/send?phone=573104598186&text=Hola%20%2B57%2C%20te%20escribimos%20de%20MEDPLAY.%0A%0A%E2%80%A2%20Tu%20Youtube%2C%20con%20el%20correo%20joinermolina2002%40gmail.com%2C%20vence%20el%20*22%2F04%2F2026*%2C%20quer%C3%ADa%20saber%20si%20deseas%20*realizar%20la%20renovaci%C3%B3n*%2C%20tiene%20un%20costo%20de%20*%24%207%2C900*.%0A%E2%80%A2%20Tu%20Youtube%2C%20con%20el%20correo%20antonellarodriguezjp%40gmail.com%2C%20vence%20el%20*22%2F04%2F2026*%2C%20quer%C3%ADa%20saber%20si%20deseas%20*realizar%20la%20renovaci%C3%B3n*%2C%20tiene%20un%20costo%20de%20*%24%207%2C900*.%0A%0A*PARA%20PAGOS%20POR%20NEQUI%20SOLICITAR%20EL%20QR%20POR%20FAVOR*
[2026-04-22 12:36:22.677] ✉️ Enviando…
[2026-04-22 12:36:29.893] ↩️ Enviado (Enter)
[2026-04-22 12:36:29.893] ⏳ Pausa post-envío: 12s…
[2026-04-22 12:36:41.895] 
[31/40] → 573206168369
[2026-04-22 12:36:41.898] 🔁 Abriendo chat (intento 1/3) con: https://web.whatsapp.com/send?phone=573206168369&text=Hola%20Johnny%2C%20te%20escribimos%20de%20MEDPLAY.%0A%0A%E2%80%A2%20Tu%20Youtube%2C%20con%20el%20correo%20johnnycaipe%40gmail.com%2C%20vence%20el%20*22%2F04%2F2026*%2C%20quer%C3%ADa%20saber%20si%20deseas%20*realizar%20la%20renovaci%C3%B3n*%2C%20tiene%20un%20costo%20de%20*%24%207%2C900*.%0A%0A*PARA%20PAGOS%20POR%20NEQUI%20SOLICITAR%20EL%20QR%20POR%20FAVOR*
[2026-04-22 12:36:49.046] ✉️ Enviando…
[2026-04-22 12:36:56.742] ↩️ Enviado (Enter)
[2026-04-22 12:36:56.743] ⏳ Pausa post-envío: 12s…
[2026-04-22 12:37:08.744] 
[32/40] → 573209852109
[2026-04-22 12:37:08.745] 🔁 Abriendo chat (intento 1/3) con: https://web.whatsapp.com/send?phone=573209852109&text=Hola%20%2B57%2C%20te%20escribimos%20de%20MEDPLAY.%0A%0A%E2%80%A2%20Tu%20Youtube%2C%20con%20el%20correo%20bosrmartiion%40gmail.com%2C%20vence%20el%20*22%2F04%2F2026*%2C%20quer%C3%ADa%20saber%20si%20deseas%20*realizar%20la%20renovaci%C3%B3n*%2C%20tiene%20un%20costo%20de%20*%24%207%2C900*.%0A%0A*PARA%20PAGOS%20POR%20NEQUI%20SOLICITAR%20EL%20QR%20POR%20FAVOR*
[2026-04-22 12:37:15.853] ✉️ Enviando…
[2026-04-22 12:37:20.262] ↩️ Enviado (Enter)
[2026-04-22 12:37:20.263] ⏳ Pausa post-envío: 12s…
[2026-04-22 12:37:32.266] 
[33/40] → 573112689315
[2026-04-22 12:37:32.271] 🔁 Abriendo chat (intento 1/3) con: https://web.whatsapp.com/send?phone=573112689315&text=Hola%20Sofia%2C%20te%20escribimos%20de%20MEDPLAY.%0A%0A%E2%80%A2%20Tu%20Youtube%2C%20con%20el%20correo%20tuhistoriaencancion87%40gmail.com%2C%20vence%20el%20*22%2F04%2F2026*%2C%20quer%C3%ADa%20saber%20si%20deseas%20*realizar%20la%20renovaci%C3%B3n*%2C%20tiene%20un%20costo%20de%20*%24%207%2C900*.%0A%0A*PARA%20PAGOS%20POR%20NEQUI%20SOLICITAR%20EL%20QR%20POR%20FAVOR*
[2026-04-22 12:37:40.142] ✉️ Enviando…
[2026-04-22 12:37:43.712] ↩️ Enviado (Enter)
[2026-04-22 12:37:43.713] ⏳ Pausa post-envío: 12s…
[2026-04-22 12:37:55.722] 
[34/40] → 573245704900
[2026-04-22 12:37:55.723] 🔁 Abriendo chat (intento 1/3) con: https://web.whatsapp.com/send?phone=573245704900&text=Hola%20%2B57%2C%20te%20escribimos%20de%20MEDPLAY.%0A%0A%E2%80%A2%20Tu%20Disney%2C%20con%20el%20correo%20medplay93%2Bki9%40gmail.com%2C%20vence%20el%20*22%2F04%2F2026*%2C%20quer%C3%ADa%20saber%20si%20deseas%20*realizar%20la%20renovaci%C3%B3n*%2C%20tiene%20un%20costo%20de%20*%24%2020%2C900*.%0A%0A*PARA%20PAGOS%20POR%20NEQUI%20SOLICITAR%20EL%20QR%20POR%20FAVOR*
[2026-04-22 12:37:59.333] ✉️ Enviando…
[2026-04-22 12:38:04.254] ↩️ Enviado (Enter)
[2026-04-22 12:38:04.254] ⏳ Pausa post-envío: 12s…
[2026-04-22 12:38:16.263] 
[35/40] → 573209979822
[2026-04-22 12:38:16.263] 🔁 Abriendo chat (intento 1/3) con: https://web.whatsapp.com/send?phone=573209979822&text=Hola%2C%20te%20escribimos%20de%20MEDPLAY.%0A%0A%E2%80%A2%20Tu%20Youtube%2C%20con%20el%20correo%20juannicolasf96%40gmail.com%2C%20vence%20el%20*23%2F04%2F2026*%2C%20quer%C3%ADa%20saber%20si%20deseas%20*realizar%20la%20renovaci%C3%B3n*%2C%20tiene%20un%20costo%20de%20*%24%207%2C900*.%0A%0A*PARA%20PAGOS%20POR%20NEQUI%20SOLICITAR%20EL%20QR%20POR%20FAVOR*
[2026-04-22 12:38:21.250] ✉️ Enviando…
[2026-04-22 12:38:26.855] ↩️ Enviado (Enter)
[2026-04-22 12:38:26.855] ⏳ Pausa post-envío: 12s…
[2026-04-22 12:38:38.865] 
[36/40] → 573012650366
[2026-04-22 12:38:38.866] 🔁 Abriendo chat (intento 1/3) con: https://web.whatsapp.com/send?phone=573012650366&text=Hola%2C%20te%20escribimos%20de%20MEDPLAY.%0A%0A%E2%80%A2%20Tu%20Youtube%2C%20con%20el%20correo%20sharoncai1616%40gmail.com%2C%20vence%20el%20*23%2F04%2F2026*%2C%20quer%C3%ADa%20saber%20si%20deseas%20*realizar%20la%20renovaci%C3%B3n*%2C%20tiene%20un%20costo%20de%20*%24%207%2C900*.%0A%0A*PARA%20PAGOS%20POR%20NEQUI%20SOLICITAR%20EL%20QR%20POR%20FAVOR*
[2026-04-22 12:38:43.522] ✉️ Enviando…
[2026-04-22 12:38:48.077] ↩️ Enviado (Enter)
[2026-04-22 12:38:48.077] ⏳ Pausa post-envío: 12s…
[2026-04-22 12:39:00.094] 
[37/40] → 573117246008
[2026-04-22 12:39:00.094] 🔁 Abriendo chat (intento 1/3) con: https://web.whatsapp.com/send?phone=573117246008&text=Hola%2C%20te%20escribimos%20de%20MEDPLAY.%0A%0A%E2%80%A2%20Tu%20Youtube%2C%20con%20el%20correo%20marceyoutube40%40gmail.com%2C%20vence%20el%20*23%2F04%2F2026*%2C%20quer%C3%ADa%20saber%20si%20deseas%20*realizar%20la%20renovaci%C3%B3n*%2C%20tiene%20un%20costo%20de%20*%24%207%2C900*.%0A%0A*PARA%20PAGOS%20POR%20NEQUI%20SOLICITAR%20EL%20QR%20POR%20FAVOR*
[2026-04-22 12:39:05.703] ✉️ Enviando…
[2026-04-22 12:39:09.991] ↩️ Enviado (Enter)
[2026-04-22 12:39:09.992] ⏳ Pausa post-envío: 12s…
[2026-04-22 12:39:22.007] 
[38/40] → 573003245462
[2026-04-22 12:39:22.007] 🔁 Abriendo chat (intento 1/3) con: https://web.whatsapp.com/send?phone=573003245462&text=Hola%20Eimy%2C%20te%20escribimos%20de%20MEDPLAY.%0A%0A%E2%80%A2%20Tu%20Youtube%2C%20con%20el%20correo%20wilsonarangogarzon%40gmail.com%2C%20vence%20el%20*23%2F04%2F2026*%2C%20quer%C3%ADa%20saber%20si%20deseas%20*realizar%20la%20renovaci%C3%B3n*%2C%20tiene%20un%20costo%20de%20*%24%207%2C900*.%0A%0A*PARA%20PAGOS%20POR%20NEQUI%20SOLICITAR%20EL%20QR%20POR%20FAVOR*
[2026-04-22 12:39:26.892] ✉️ Enviando…
[2026-04-22 12:39:30.390] ↩️ Enviado (Enter)
[2026-04-22 12:39:30.390] ⏳ Pausa post-envío: 12s…
[2026-04-22 12:39:42.394] 
[39/40] → 573115299152
[2026-04-22 12:39:42.395] 🔁 Abriendo chat (intento 1/3) con: https://web.whatsapp.com/send?phone=573115299152&text=Hola%20Natalia%2C%20te%20escribimos%20de%20MEDPLAY.%0A%0A%E2%80%A2%20Tu%20Spotify%2C%20con%20el%20correo%20spotify%40gmail.com%2C%20vence%20el%20*23%2F04%2F2026*%2C%20quer%C3%ADa%20saber%20si%20deseas%20*realizar%20la%20renovaci%C3%B3n*%2C%20tiene%20un%20costo%20de%20*%24%2012%2C900*.%0A%0A*PARA%20PAGOS%20POR%20NEQUI%20SOLICITAR%20EL%20QR%20POR%20FAVOR*
[2026-04-22 12:39:46.974] ✉️ Enviando…
[2026-04-22 12:39:50.476] ↩️ Enviado (Enter)
[2026-04-22 12:39:50.476] ⏳ Pausa post-envío: 12s…
[2026-04-22 12:40:02.485] 
[40/40] → 573224153940
[2026-04-22 12:40:02.485] 🔁 Abriendo chat (intento 1/3) con: https://web.whatsapp.com/send?phone=573224153940&text=Hola%20Sarah%2C%20te%20escribimos%20de%20MEDPLAY.%0A%0A%E2%80%A2%20Tu%20Spotify%2C%20con%20el%20correo%20spotify%40gmail.com%2C%20vence%20el%20*23%2F04%2F2026*%2C%20quer%C3%ADa%20saber%20si%20deseas%20*realizar%20la%20renovaci%C3%B3n*%2C%20tiene%20un%20costo%20de%20*%24%2012%2C900*.%0A%0A*PARA%20PAGOS%20POR%20NEQUI%20SOLICITAR%20EL%20QR%20POR%20FAVOR*
[2026-04-22 12:40:07.331] ✉️ Enviando…
[2026-04-22 12:40:10.847] ↩️ Enviado (Enter)
[2026-04-22 12:40:10.848] ⏳ Pausa post-envío: 12s…
[2026-04-22 12:40:22.848] 
✅ Finalizado. Enviados: 40. Omitidos: 0.
[2026-04-22 12:40:22.850] ℹ️ Navegador dejado abierto para revisión manual.
[2026-04-23 13:10:42.194] 📨 Enviaré 50 mensaje(s).
[2026-04-23 13:10:42.195] 🚀 Lanzando script de navegador: C:\Users\Santiago\medplay\scripts\start-edge-wa.bat
[2026-04-23 13:10:42.208] ⏳ Esperando CDP…
[2026-04-23 13:10:46.815] 🟡 Preparando WhatsApp Web…
[2026-04-23 13:11:09.073] ✅ WhatsApp Web listo.
[2026-04-23 13:11:09.074] 
[1/50] → 573008604341
[2026-04-23 13:11:09.075] 🔁 Abriendo chat (intento 1/3) con: https://web.whatsapp.com/send?phone=573008604341&text=Hola%20Mateo%2C%20te%20escribimos%20de%20MEDPLAY.%0A%0A%E2%80%A2%20Tu%20Crunchyroll%20(pantalla%204)%2C%20con%20el%20correo%20florinedoane1582%40hotmail.com%2C%20vence%20el%20*19%2F04%2F2026*%2C%20quer%C3%ADa%20saber%20si%20deseas%20*realizar%20la%20renovaci%C3%B3n*%2C%20tiene%20un%20costo%20de%20*%24%203%2C900*.%0A%E2%80%A2%20Tu%20Youtube%2C%20con%20el%20correo%20nunezmateo610%40gmail.com%2C%20vence%20el%20*22%2F04%2F2026*%2C%20quer%C3%ADa%20saber%20si%20deseas%20*realizar%20la%20renovaci%C3%B3n*%2C%20tiene%20un%20costo%20de%20*%24%207%2C900*.%0A%0A*PARA%20PAGOS%20POR%20NEQUI%20SOLICITAR%20EL%20QR%20POR%20FAVOR*
[2026-04-23 13:11:27.489] ✉️ Enviando…
[2026-04-23 13:11:38.542] ↩️ Enviado (Enter)
[2026-04-23 13:11:38.543] ⏳ Pausa post-envío: 12s…
[2026-04-23 13:11:50.549] 
[2/50] → 573012465155
[2026-04-23 13:11:50.549] 🔁 Abriendo chat (intento 1/3) con: https://web.whatsapp.com/send?phone=573012465155&text=Hola%20Ronald%2C%20te%20escribimos%20de%20MEDPLAY.%0A%0A%E2%80%A2%20Tu%20Netflix%20(pantalla%204)%2C%20con%20el%20correo%20medplay93%40gmail.com%2C%20vence%20el%20*21%2F04%2F2026*%2C%20quer%C3%ADa%20saber%20si%20deseas%20*realizar%20la%20renovaci%C3%B3n*%2C%20tiene%20un%20costo%20de%20*%24%2014%2C900*.%0A%0A*PARA%20PAGOS%20POR%20NEQUI%20SOLICITAR%20EL%20QR%20POR%20FAVOR*
[2026-04-23 13:11:58.973] ✉️ Enviando…
[2026-04-23 13:12:12.773] ↩️ Enviado (Enter)
[2026-04-23 13:12:12.774] ⏳ Pausa post-envío: 12s…
[2026-04-23 13:12:24.785] 
[3/50] → 573226354145
[2026-04-23 13:12:24.786] 🔁 Abriendo chat (intento 1/3) con: https://web.whatsapp.com/send?phone=573226354145&text=Hola%2C%20te%20escribimos%20de%20MEDPLAY.%0A%0A%E2%80%A2%20Tu%20Crunchyroll%20(pantalla%201)%2C%20con%20el%20correo%20florinedoane1582%40hotmail.com%2C%20vence%20el%20*21%2F04%2F2026*%2C%20quer%C3%ADa%20saber%20si%20deseas%20*realizar%20la%20renovaci%C3%B3n*%2C%20tiene%20un%20costo%20de%20*%24%206%2C900*.%0A%0A*PARA%20PAGOS%20POR%20NEQUI%20SOLICITAR%20EL%20QR%20POR%20FAVOR*
[2026-04-23 13:12:29.896] ✉️ Enviando…
[2026-04-23 13:12:33.206] ↩️ Enviado (Enter)
[2026-04-23 13:12:33.206] ⏳ Pausa post-envío: 12s…
[2026-04-23 13:12:45.209] 
[4/50] → 573158436608
[2026-04-23 13:12:45.209] 🔁 Abriendo chat (intento 1/3) con: https://web.whatsapp.com/send?phone=573158436608&text=Hola%2C%20te%20escribimos%20de%20MEDPLAY.%0A%0A%E2%80%A2%20Tu%20Amazon%20(pantalla%205)%2C%20con%20el%20correo%20keirenhgg17890%40hotmail.com%2C%20vence%20el%20*21%2F04%2F2026*%2C%20quer%C3%ADa%20saber%20si%20deseas%20*realizar%20la%20renovaci%C3%B3n*%2C%20tiene%20un%20costo%20de%20*%24%207%2C900*.%0A%0A*PARA%20PAGOS%20POR%20NEQUI%20SOLICITAR%20EL%20QR%20POR%20FAVOR*
[2026-04-23 13:12:50.327] ✉️ Enviando…
[2026-04-23 13:12:54.957] ↩️ Enviado (Enter)
[2026-04-23 13:12:54.957] ⏳ Pausa post-envío: 12s…
[2026-04-23 13:13:06.967] 
[5/50] → 573237258479
[2026-04-23 13:13:06.970] 🔁 Abriendo chat (intento 1/3) con: https://web.whatsapp.com/send?phone=573237258479&text=Hola%20Dai%2C%20te%20escribimos%20de%20MEDPLAY.%0A%0A%E2%80%A2%20Tu%20VIX%20(pantalla%201)%2C%20con%20el%20correo%20medplay93%2Bqa8eh%40gmail.com%2C%20vence%20el%20*21%2F04%2F2026*%2C%20quer%C3%ADa%20saber%20si%20deseas%20*realizar%20la%20renovaci%C3%B3n*%2C%20tiene%20un%20costo%20de%20*%24%203%2C900*.%0A%0A*PARA%20PAGOS%20POR%20NEQUI%20SOLICITAR%20EL%20QR%20POR%20FAVOR*
[2026-04-23 13:13:11.279] ✉️ Enviando…
[2026-04-23 13:13:15.520] ↩️ Enviado (Enter)
[2026-04-23 13:13:15.520] ⏳ Pausa post-envío: 12s…
[2026-04-23 13:13:27.521] 
[6/50] → 573136201571
[2026-04-23 13:13:27.524] 🔁 Abriendo chat (intento 1/3) con: https://web.whatsapp.com/send?phone=573136201571&text=Hola%20%2B57%2C%20te%20escribimos%20de%20MEDPLAY.%0A%0A%E2%80%A2%20Tu%20Disney%20(pantalla%204)%2C%20con%20el%20correo%20medplay93%2Bdis5%40gmail.com%2C%20vence%20el%20*21%2F04%2F2026*%2C%20quer%C3%ADa%20saber%20si%20deseas%20*realizar%20la%20renovaci%C3%B3n*%2C%20tiene%20un%20costo%20de%20*%24%207%2C900*.%0A%0A*PARA%20PAGOS%20POR%20NEQUI%20SOLICITAR%20EL%20QR%20POR%20FAVOR*
[2026-04-23 13:13:31.826] ✉️ Enviando…
[2026-04-23 13:13:35.984] ↩️ Enviado (Enter)
[2026-04-23 13:13:35.984] ⏳ Pausa post-envío: 12s…
[2026-04-23 13:13:47.989] 
[7/50] → 573145477780
[2026-04-23 13:13:47.990] 🔁 Abriendo chat (intento 1/3) con: https://web.whatsapp.com/send?phone=573145477780&text=Hola%20%2B57%2C%20te%20escribimos%20de%20MEDPLAY.%0A%0A%E2%80%A2%20Tu%20VIX%20(pantalla%205)%2C%20con%20el%20correo%20medplay93%2B73ico%40gmail.com%2C%20vence%20el%20*21%2F04%2F2026*%2C%20quer%C3%ADa%20saber%20si%20deseas%20*realizar%20la%20renovaci%C3%B3n*%2C%20tiene%20un%20costo%20de%20*%24%203%2C900*.%0A%0A*PARA%20PAGOS%20POR%20NEQUI%20SOLICITAR%20EL%20QR%20POR%20FAVOR*
[2026-04-23 13:13:52.395] ✉️ Enviando…
[2026-04-23 13:13:56.700] ↩️ Enviado (Enter)
[2026-04-23 13:13:56.701] ⏳ Pausa post-envío: 12s…
[2026-04-23 13:14:08.713] 
[8/50] → 573112369662
[2026-04-23 13:14:08.714] 🔁 Abriendo chat (intento 1/3) con: https://web.whatsapp.com/send?phone=573112369662&text=Hola%20%2B57%2C%20te%20escribimos%20de%20MEDPLAY.%0A%0A%E2%80%A2%20Tu%20Crunchyroll%20(pantalla%203)%2C%20con%20el%20correo%20anjalinebaugh979%40hotmail.com%2C%20vence%20el%20*21%2F04%2F2026*%2C%20quer%C3%ADa%20saber%20si%20deseas%20*realizar%20la%20renovaci%C3%B3n*%2C%20tiene%20un%20costo%20de%20*%24%204%2C900*.%0A%0A*PARA%20PAGOS%20POR%20NEQUI%20SOLICITAR%20EL%20QR%20POR%20FAVOR*
[2026-04-23 13:14:12.785] ✉️ Enviando…
[2026-04-23 13:14:18.588] ↩️ Enviado (Enter)
[2026-04-23 13:14:18.588] ⏳ Pausa post-envío: 12s…
[2026-04-23 13:14:30.601] 
[9/50] → 573233705610
[2026-04-23 13:14:30.602] 🔁 Abriendo chat (intento 1/3) con: https://web.whatsapp.com/send?phone=573233705610&text=Hola%20%2B57%2C%20te%20escribimos%20de%20MEDPLAY.%0A%0A%E2%80%A2%20Tu%20Crunchyroll%20(pantalla%205)%2C%20con%20el%20correo%20florinedoane1582%40hotmail.com%2C%20vence%20el%20*22%2F04%2F2026*%2C%20quer%C3%ADa%20saber%20si%20deseas%20*realizar%20la%20renovaci%C3%B3n*%2C%20tiene%20un%20costo%20de%20*%24%206%2C900*.%0A%0A*PARA%20PAGOS%20POR%20NEQUI%20SOLICITAR%20EL%20QR%20POR%20FAVOR*
[2026-04-23 13:14:34.982] ✉️ Enviando…
[2026-04-23 13:14:38.347] ↩️ Enviado (Enter)
[2026-04-23 13:14:38.348] ⏳ Pausa post-envío: 12s…
[2026-04-23 13:14:50.353] 
[10/50] → 573213088307
[2026-04-23 13:14:50.354] 🔁 Abriendo chat (intento 1/3) con: https://web.whatsapp.com/send?phone=573213088307&text=Hola%20Julian%2C%20te%20escribimos%20de%20MEDPLAY.%0A%0A%E2%80%A2%20Tu%20Disney%20(pantalla%205)%2C%20con%20el%20correo%20medplay93%2Bdis5%40gmail.com%2C%20vence%20el%20*22%2F04%2F2026*%2C%20quer%C3%ADa%20saber%20si%20deseas%20*realizar%20la%20renovaci%C3%B3n*%2C%20tiene%20un%20costo%20de%20*%24%207%2C900*.%0A%0A*PARA%20PAGOS%20POR%20NEQUI%20SOLICITAR%20EL%20QR%20POR%20FAVOR*
[2026-04-23 13:14:55.404] ✉️ Enviando…
[2026-04-23 13:15:03.785] ↩️ Enviado (Enter)
[2026-04-23 13:15:03.785] ⏳ Pausa post-envío: 12s…
[2026-04-23 13:15:15.786] 
[11/50] → 573247909781
[2026-04-23 13:15:15.787] 🔁 Abriendo chat (intento 1/3) con: https://web.whatsapp.com/send?phone=573247909781&text=Hola%20%2B57%2C%20te%20escribimos%20de%20MEDPLAY.%0A%0A%E2%80%A2%20Tu%20Plataforma%20(pantalla%203)%2C%20con%20el%20correo%20medplayxx2203%40yopmail.com%2C%20vence%20el%20*22%2F04%2F2026*%2C%20quer%C3%ADa%20saber%20si%20deseas%20*realizar%20la%20renovaci%C3%B3n*%2C%20tiene%20un%20costo%20de%20*%24%205%2C900*.%0A%0A*PARA%20PAGOS%20POR%20NEQUI%20SOLICITAR%20EL%20QR%20POR%20FAVOR*
[2026-04-23 13:15:22.851] ✉️ Enviando…
[2026-04-23 13:15:27.447] ↩️ Enviado (Enter)
[2026-04-23 13:15:27.448] ⏳ Pausa post-envío: 12s…
[2026-04-23 13:15:39.453] 
[12/50] → 573503939269
[2026-04-23 13:15:39.459] 🔁 Abriendo chat (intento 1/3) con: https://web.whatsapp.com/send?phone=573503939269&text=Hola%20F.Parra%2C%20te%20escribimos%20de%20MEDPLAY.%0A%0A%E2%80%A2%20Tu%20Crunchyroll%20(pantalla%201)%2C%20con%20el%20correo%20medolayplanatt%40gmail.com%2C%20vence%20el%20*22%2F04%2F2026*%2C%20quer%C3%ADa%20saber%20si%20deseas%20*realizar%20la%20renovaci%C3%B3n*%2C%20tiene%20un%20costo%20de%20*%24%204%2C900*.%0A%0A*PARA%20PAGOS%20POR%20NEQUI%20SOLICITAR%20EL%20QR%20POR%20FAVOR*
[2026-04-23 13:15:44.371] ✉️ Enviando…
[2026-04-23 13:15:53.104] ↩️ Enviado (Enter)
[2026-04-23 13:15:53.105] ⏳ Pausa post-envío: 12s…
[2026-04-23 13:16:05.115] 
[13/50] → 573215789905
[2026-04-23 13:16:05.122] 🔁 Abriendo chat (intento 1/3) con: https://web.whatsapp.com/send?phone=573215789905&text=Hola%20Deimer%2C%20te%20escribimos%20de%20MEDPLAY.%0A%0A%E2%80%A2%20Tu%20Crunchyroll%20(pantalla%202)%2C%20con%20el%20correo%20florinedoane1582%40hotmail.com%2C%20vence%20el%20*22%2F04%2F2026*%2C%20quer%C3%ADa%20saber%20si%20deseas%20*realizar%20la%20renovaci%C3%B3n*%2C%20tiene%20un%20costo%20de%20*%24%204%2C900*.%0A%0A*PARA%20PAGOS%20POR%20NEQUI%20SOLICITAR%20EL%20QR%20POR%20FAVOR*
[2026-04-23 13:16:10.334] ✉️ Enviando…
[2026-04-23 13:16:19.027] ↩️ Enviado (Enter)
[2026-04-23 13:16:19.028] ⏳ Pausa post-envío: 12s…
[2026-04-23 13:16:31.040] 
[14/50] → 573113372054
[2026-04-23 13:16:31.041] 🔁 Abriendo chat (intento 1/3) con: https://web.whatsapp.com/send?phone=573113372054&text=Hola%20Laura%2C%20te%20escribimos%20de%20MEDPLAY.%0A%0A%E2%80%A2%20Tu%20MAX%20(pantalla%201)%2C%20con%20el%20correo%20medplay93%2Bcueyp%40gmail.com%2C%20vence%20el%20*22%2F04%2F2026*%2C%20quer%C3%ADa%20saber%20si%20deseas%20*realizar%20la%20renovaci%C3%B3n*%2C%20tiene%20un%20costo%20de%20*%24%207%2C900*.%0A%0A*PARA%20PAGOS%20POR%20NEQUI%20SOLICITAR%20EL%20QR%20POR%20FAVOR*
[2026-04-23 13:16:35.929] ✉️ Enviando…
[2026-04-23 13:16:44.859] ↩️ Enviado (Enter)
[2026-04-23 13:16:44.860] ⏳ Pausa post-envío: 12s…
[2026-04-23 13:16:56.863] 
[15/50] → 573023081524
[2026-04-23 13:16:56.864] 🔁 Abriendo chat (intento 1/3) con: https://web.whatsapp.com/send?phone=573023081524&text=Hola%20Edinson%2C%20te%20escribimos%20de%20MEDPLAY.%0A%0A%E2%80%A2%20Tu%20Netflix%20(pantalla%203)%2C%20con%20el%20correo%20rochellemavis626181991%2B5%40hotmail.com%2C%20vence%20el%20*22%2F04%2F2026*%2C%20quer%C3%ADa%20saber%20si%20deseas%20*realizar%20la%20renovaci%C3%B3n*%2C%20tiene%20un%20costo%20de%20*%24%2014%2C900*.%0A%0A*PARA%20PAGOS%20POR%20NEQUI%20SOLICITAR%20EL%20QR%20POR%20FAVOR*
[2026-04-23 13:17:04.011] ✉️ Enviando…
[2026-04-23 13:17:08.337] ↩️ Enviado (Enter)
[2026-04-23 13:17:08.337] ⏳ Pausa post-envío: 12s…
[2026-04-23 13:17:20.339] 
[16/50] → 573135407993
[2026-04-23 13:17:20.340] 🔁 Abriendo chat (intento 1/3) con: https://web.whatsapp.com/send?phone=573135407993&text=Hola%20Espaciosclimatizados%2C%20te%20escribimos%20de%20MEDPLAY.%0A%0A%E2%80%A2%20Tu%20Amazon%20(pantalla%206)%2C%20con%20el%20correo%20keirenhgg17890%40hotmail.com%2C%20vence%20el%20*22%2F04%2F2026*%2C%20quer%C3%ADa%20saber%20si%20deseas%20*realizar%20la%20renovaci%C3%B3n*%2C%20tiene%20un%20costo%20de%20*%24%207%2C900*.%0A%0A*PARA%20PAGOS%20POR%20NEQUI%20SOLICITAR%20EL%20QR%20POR%20FAVOR*
[2026-04-23 13:17:24.792] ✉️ Enviando…
[2026-04-23 13:17:32.005] ↩️ Enviado (Enter)
[2026-04-23 13:17:32.006] ⏳ Pausa post-envío: 12s…
[2026-04-23 13:17:44.020] 
[17/50] → 573219444748
[2026-04-23 13:17:44.021] 🔁 Abriendo chat (intento 1/3) con: https://web.whatsapp.com/send?phone=573219444748&text=Hola%2C%20te%20escribimos%20de%20MEDPLAY.%0A%0A%E2%80%A2%20Tu%20Netflix%20(pantalla%204)%2C%20con%20el%20correo%20rochellemavis626181991%2B5%40hotmail.com%2C%20vence%20el%20*23%2F04%2F2026*%2C%20quer%C3%ADa%20saber%20si%20deseas%20*realizar%20la%20renovaci%C3%B3n*%2C%20tiene%20un%20costo%20de%20*%24%2014%2C900*.%0A%0A*PARA%20PAGOS%20POR%20NEQUI%20SOLICITAR%20EL%20QR%20POR%20FAVOR*
[2026-04-23 13:17:48.968] ✉️ Enviando…
[2026-04-23 13:17:55.414] ↩️ Enviado (Enter)
[2026-04-23 13:17:55.415] ⏳ Pausa post-envío: 12s…
[2026-04-23 13:18:07.427] 
[18/50] → 573022497046
[2026-04-23 13:18:07.427] 🔁 Abriendo chat (intento 1/3) con: https://web.whatsapp.com/send?phone=573022497046&text=Hola%20%2B57%2C%20te%20escribimos%20de%20MEDPLAY.%0A%0A%E2%80%A2%20Tu%20Netflix%20(pantalla%205)%2C%20con%20el%20correo%20rochellemavis626181991%2B5%40hotmail.com%2C%20vence%20el%20*23%2F04%2F2026*%2C%20quer%C3%ADa%20saber%20si%20deseas%20*realizar%20la%20renovaci%C3%B3n*%2C%20tiene%20un%20costo%20de%20*%24%2014%2C900*.%0A%0A*PARA%20PAGOS%20POR%20NEQUI%20SOLICITAR%20EL%20QR%20POR%20FAVOR*
[2026-04-23 13:18:13.908] ✉️ Enviando…
[2026-04-23 13:18:22.630] ↩️ Enviado (Enter)
[2026-04-23 13:18:22.631] ⏳ Pausa post-envío: 12s…
[2026-04-23 13:18:34.633] 
[19/50] → 573232425283
[2026-04-23 13:18:34.633] 🔁 Abriendo chat (intento 1/3) con: https://web.whatsapp.com/send?phone=573232425283&text=Hola%2C%20te%20escribimos%20de%20MEDPLAY.%0A%0A%E2%80%A2%20Tu%20MAX%20(pantalla%201)%2C%20con%20el%20correo%20medplay93%2Bgil%40gmail.com%2C%20vence%20el%20*23%2F04%2F2026*%2C%20quer%C3%ADa%20saber%20si%20deseas%20*realizar%20la%20renovaci%C3%B3n*%2C%20tiene%20un%20costo%20de%20*%24%206%2C900*.%0A%0A*PARA%20PAGOS%20POR%20NEQUI%20SOLICITAR%20EL%20QR%20POR%20FAVOR*
[2026-04-23 13:18:39.611] ✉️ Enviando…
[2026-04-23 13:18:47.488] ↩️ Enviado (Enter)
[2026-04-23 13:18:47.489] ⏳ Pausa post-envío: 12s…
[2026-04-23 13:18:59.505] 
[20/50] → 573133658509
[2026-04-23 13:18:59.505] 🔁 Abriendo chat (intento 1/3) con: https://web.whatsapp.com/send?phone=573133658509&text=Hola%20Liz%2C%20te%20escribimos%20de%20MEDPLAY.%0A%0A%E2%80%A2%20Tu%20Disney%20(pantalla%203)%2C%20con%20el%20correo%20medplay93%2Bnv2%40gmail.com%2C%20vence%20el%20*23%2F04%2F2026*%2C%20quer%C3%ADa%20saber%20si%20deseas%20*realizar%20la%20renovaci%C3%B3n*%2C%20tiene%20un%20costo%20de%20*%24%207%2C900*.%0A%0A*PARA%20PAGOS%20POR%20NEQUI%20SOLICITAR%20EL%20QR%20POR%20FAVOR*
[2026-04-23 13:19:06.966] ✉️ Enviando…
[2026-04-23 13:19:12.429] ↩️ Enviado (Enter)
[2026-04-23 13:19:12.429] ⏳ Pausa post-envío: 12s…
[2026-04-23 13:19:24.442] 
[21/50] → 573017876821
[2026-04-23 13:19:24.443] 🔁 Abriendo chat (intento 1/3) con: https://web.whatsapp.com/send?phone=573017876821&text=Hola%2C%20te%20escribimos%20de%20MEDPLAY.%0A%0A%E2%80%A2%20Tu%20Crunchyroll%20(pantalla%206)%2C%20con%20el%20correo%20florinedoane1582%40hotmail.com%2C%20vence%20el%20*23%2F04%2F2026*%2C%20quer%C3%ADa%20saber%20si%20deseas%20*realizar%20la%20renovaci%C3%B3n*%2C%20tiene%20un%20costo%20de%20*%24%206%2C900*.%0A%0A*PARA%20PAGOS%20POR%20NEQUI%20SOLICITAR%20EL%20QR%20POR%20FAVOR*
[2026-04-23 13:19:29.259] ✉️ Enviando…
[2026-04-23 13:19:37.249] ↩️ Enviado (Enter)
[2026-04-23 13:19:37.250] ⏳ Pausa post-envío: 12s…
[2026-04-23 13:19:49.256] 
[22/50] → 573014063130
[2026-04-23 13:19:49.257] 🔁 Abriendo chat (intento 1/3) con: https://web.whatsapp.com/send?phone=573014063130&text=Hola%20Jose%2C%20te%20escribimos%20de%20MEDPLAY.%0A%0A%E2%80%A2%20Tu%20Netflix%20(pantalla%201)%2C%20con%20el%20correo%20medplay93%40gmail.com%2C%20vence%20el%20*24%2F04%2F2026*%2C%20quer%C3%ADa%20saber%20si%20deseas%20*realizar%20la%20renovaci%C3%B3n*%2C%20tiene%20un%20costo%20de%20*%24%2014%2C900*.%0A%0A*PARA%20PAGOS%20POR%20NEQUI%20SOLICITAR%20EL%20QR%20POR%20FAVOR*
[2026-04-23 13:19:53.704] ✉️ Enviando…
[2026-04-23 13:19:59.906] ↩️ Enviado (Enter)
[2026-04-23 13:19:59.907] ⏳ Pausa post-envío: 12s…
[2026-04-23 13:20:11.917] 
[23/50] → 573027993362
[2026-04-23 13:20:11.918] 🔁 Abriendo chat (intento 1/3) con: https://web.whatsapp.com/send?phone=573027993362&text=Hola%2C%20te%20escribimos%20de%20MEDPLAY.%0A%0A%E2%80%A2%20Tu%20Crunchyroll%20(pantalla%202)%2C%20con%20el%20correo%20foxfosfire%40gmail.com%2C%20vence%20el%20*24%2F04%2F2026*%2C%20quer%C3%ADa%20saber%20si%20deseas%20*realizar%20la%20renovaci%C3%B3n*%2C%20tiene%20un%20costo%20de%20*%24%206%2C900*.%0A%0A*PARA%20PAGOS%20POR%20NEQUI%20SOLICITAR%20EL%20QR%20POR%20FAVOR*
[2026-04-23 13:20:16.747] ✉️ Enviando…
[2026-04-23 13:20:24.557] ↩️ Enviado (Enter)
[2026-04-23 13:20:24.558] ⏳ Pausa post-envío: 12s…
[2026-04-23 13:20:36.568] 
[24/50] → 573212215871
[2026-04-23 13:20:36.569] 🔁 Abriendo chat (intento 1/3) con: https://web.whatsapp.com/send?phone=573212215871&text=Hola%2C%20te%20escribimos%20de%20MEDPLAY.%0A%0A%E2%80%A2%20Tu%20Crunchyroll%20(pantalla%202)%2C%20con%20el%20correo%20medolayplanatt%40gmail.com%2C%20vence%20el%20*24%2F04%2F2026*%2C%20quer%C3%ADa%20saber%20si%20deseas%20*realizar%20la%20renovaci%C3%B3n*%2C%20tiene%20un%20costo%20de%20*%24%206%2C900*.%0A%0A*PARA%20PAGOS%20POR%20NEQUI%20SOLICITAR%20EL%20QR%20POR%20FAVOR*
[2026-04-23 13:20:43.933] ✉️ Enviando…
[2026-04-23 13:20:47.946] ↩️ Enviado (Enter)
[2026-04-23 13:20:47.947] ⏳ Pausa post-envío: 12s…
[2026-04-23 13:20:59.951] 
[25/50] → 573132106433
[2026-04-23 13:20:59.951] 🔁 Abriendo chat (intento 1/3) con: https://web.whatsapp.com/send?phone=573132106433&text=Hola%20Rafael%2C%20te%20escribimos%20de%20MEDPLAY.%0A%0A%E2%80%A2%20Tu%20Disney%20Premium%20(pantalla%205)%2C%20con%20el%20correo%20medplay93%2Bcnvl%40gmail.com%2C%20vence%20el%20*24%2F04%2F2026*%2C%20quer%C3%ADa%20saber%20si%20deseas%20*realizar%20la%20renovaci%C3%B3n*%2C%20tiene%20un%20costo%20de%20*%24%2012%2C900*.%0A%0A*PARA%20PAGOS%20POR%20NEQUI%20SOLICITAR%20EL%20QR%20POR%20FAVOR*
[2026-04-23 13:21:06.813] ✉️ Enviando…
[2026-04-23 13:21:10.839] ↩️ Enviado (Enter)
[2026-04-23 13:21:10.839] ⏳ Pausa post-envío: 12s…
[2026-04-23 13:21:22.840] 
[26/50] → 573013579141
[2026-04-23 13:21:22.841] 🔁 Abriendo chat (intento 1/3) con: https://web.whatsapp.com/send?phone=573013579141&text=Hola%2C%20te%20escribimos%20de%20MEDPLAY.%0A%0A%E2%80%A2%20Tu%20Disney%20(pantalla%205)%2C%20con%20el%20correo%20medplay93%2Bnv2%40gmail.com%2C%20vence%20el%20*24%2F04%2F2026*%2C%20quer%C3%ADa%20saber%20si%20deseas%20*realizar%20la%20renovaci%C3%B3n*%2C%20tiene%20un%20costo%20de%20*%24%207%2C900*.%0A%0A*PARA%20PAGOS%20POR%20NEQUI%20SOLICITAR%20EL%20QR%20POR%20FAVOR*
[2026-04-23 13:21:30.144] ✉️ Enviando…
[2026-04-23 13:21:34.247] ↩️ Enviado (Enter)
[2026-04-23 13:21:34.248] ⏳ Pausa post-envío: 12s…
[2026-04-23 13:21:46.250] 
[27/50] → 573234826997
[2026-04-23 13:21:46.251] 🔁 Abriendo chat (intento 1/3) con: https://web.whatsapp.com/send?phone=573234826997&text=Hola%20Chapu%2C%20te%20escribimos%20de%20MEDPLAY.%0A%0A%E2%80%A2%20Tu%20Disney%2C%20con%20el%20correo%20medplay93%2Bplus2%40gmail.com%2C%20vence%20el%20*24%2F04%2F2026*%2C%20quer%C3%ADa%20saber%20si%20deseas%20*realizar%20la%20renovaci%C3%B3n*%2C%20tiene%20un%20costo%20de%20*%24%2020%2C900*.%0A%E2%80%A2%20Tu%20Disney%20Premium%2C%20con%20el%20correo%20medplay93%2Bzz2%40gmail.com%2C%20vence%20el%20*24%2F04%2F2026*%2C%20quer%C3%ADa%20saber%20si%20deseas%20*realizar%20la%20renovaci%C3%B3n*%2C%20tiene%20un%20costo%20de%20*%24%2028%2C900*.%0A%E2%80%A2%20Tu%20Disney%2C%20con%20el%20correo%20medplay93%2Bm5%40gmail.com%2C%20vence%20el%20*24%2F04%2F2026*%2C%20quer%C3%ADa%20saber%20si%20deseas%20*realizar%20la%20renovaci%C3%B3n*%2C%20tiene%20un%20costo%20de%20*%24%2020%2C900*.%0A%E2%80%A2%20Tu%20MAX%2C%20con%20el%20correo%20medplay93%2Bko9%40gmail.com%2C%20vence%20el%20*24%2F04%2F2026*%2C%20quer%C3%ADa%20saber%20si%20deseas%20*realizar%20la%20renovaci%C3%B3n*%2C%20tiene%20un%20costo%20de%20*%24%2022%2C900*.%0A%0A*PARA%20PAGOS%20POR%20NEQUI%20SOLICITAR%20EL%20QR%20POR%20FAVOR*
[2026-04-23 13:21:53.663] ✉️ Enviando…
[2026-04-23 13:22:04.420] ↩️ Enviado (Enter)
[2026-04-23 13:22:04.421] ⏳ Pausa post-envío: 12s…
[2026-04-23 13:22:16.426] 
[28/50] → 573228771112
[2026-04-23 13:22:16.429] 🔁 Abriendo chat (intento 1/3) con: https://web.whatsapp.com/send?phone=573228771112&text=Hola%20%2B57%2C%20te%20escribimos%20de%20MEDPLAY.%0A%0A%E2%80%A2%20Tu%20Youtube%2C%20con%20el%20correo%20llanomio03%40gmail.com%2C%20vence%20el%20*21%2F04%2F2026*%2C%20quer%C3%ADa%20saber%20si%20deseas%20*realizar%20la%20renovaci%C3%B3n*%2C%20tiene%20un%20costo%20de%20*%24%207%2C900*.%0A%0A*PARA%20PAGOS%20POR%20NEQUI%20SOLICITAR%20EL%20QR%20POR%20FAVOR*
[2026-04-23 13:22:21.369] ✉️ Enviando…
[2026-04-23 13:22:29.590] ↩️ Enviado (Enter)
[2026-04-23 13:22:29.591] ⏳ Pausa post-envío: 12s…
[2026-04-23 13:22:41.596] 
[29/50] → 573204347361
[2026-04-23 13:22:41.596] 🔁 Abriendo chat (intento 1/3) con: https://web.whatsapp.com/send?phone=573204347361&text=Hola%2C%20te%20escribimos%20de%20MEDPLAY.%0A%0A%E2%80%A2%20Tu%20Youtube%2C%20con%20el%20correo%20auroraarciniegas6%40gmail.com%2C%20vence%20el%20*21%2F04%2F2026*%2C%20quer%C3%ADa%20saber%20si%20deseas%20*realizar%20la%20renovaci%C3%B3n*%2C%20tiene%20un%20costo%20de%20*%24%207%2C900*.%0A%0A*PARA%20PAGOS%20POR%20NEQUI%20SOLICITAR%20EL%20QR%20POR%20FAVOR*
[2026-04-23 13:22:46.890] ✉️ Enviando…
[2026-04-23 13:22:54.919] ↩️ Enviado (Enter)
[2026-04-23 13:22:54.919] ⏳ Pausa post-envío: 12s…
[2026-04-23 13:23:06.920] 
[30/50] → 573023163030
[2026-04-23 13:23:06.921] 🔁 Abriendo chat (intento 1/3) con: https://web.whatsapp.com/send?phone=573023163030&text=Hola%2C%20te%20escribimos%20de%20MEDPLAY.%0A%0A%E2%80%A2%20Tu%20Youtube%2C%20con%20el%20correo%20luisospinopinto01%40gmail.com%2C%20vence%20el%20*21%2F04%2F2026*%2C%20quer%C3%ADa%20saber%20si%20deseas%20*realizar%20la%20renovaci%C3%B3n*%2C%20tiene%20un%20costo%20de%20*%24%207%2C900*.%0A%0A*PARA%20PAGOS%20POR%20NEQUI%20SOLICITAR%20EL%20QR%20POR%20FAVOR*
[2026-04-23 13:23:14.294] ✉️ Enviando…
[2026-04-23 13:23:19.226] ↩️ Enviado (Enter)
[2026-04-23 13:23:19.227] ⏳ Pausa post-envío: 12s…
[2026-04-23 13:23:31.238] 
[31/50] → 573143826694
[2026-04-23 13:23:31.240] 🔁 Abriendo chat (intento 1/3) con: https://web.whatsapp.com/send?phone=573143826694&text=Hola%2C%20te%20escribimos%20de%20MEDPLAY.%0A%0A%E2%80%A2%20Tu%20Youtube%2C%20con%20el%20correo%20alanpc2018%40gmail.com%2C%20vence%20el%20*21%2F04%2F2026*%2C%20quer%C3%ADa%20saber%20si%20deseas%20*realizar%20la%20renovaci%C3%B3n*%2C%20tiene%20un%20costo%20de%20*%24%207%2C900*.%0A%0A*PARA%20PAGOS%20POR%20NEQUI%20SOLICITAR%20EL%20QR%20POR%20FAVOR*
[2026-04-23 13:23:38.671] ✉️ Enviando…
[2026-04-23 13:23:44.325] ↩️ Enviado (Enter)
[2026-04-23 13:23:44.325] ⏳ Pausa post-envío: 12s…
[2026-04-23 13:23:56.339] 
[32/50] → 573017131976
[2026-04-23 13:23:56.340] 🔁 Abriendo chat (intento 1/3) con: https://web.whatsapp.com/send?phone=573017131976&text=Hola%2C%20te%20escribimos%20de%20MEDPLAY.%0A%0A%E2%80%A2%20Tu%20Youtube%2C%20con%20el%20correo%20leiivasquez922%40gmail.com%2C%20vence%20el%20*21%2F04%2F2026*%2C%20quer%C3%ADa%20saber%20si%20deseas%20*realizar%20la%20renovaci%C3%B3n*%2C%20tiene%20un%20costo%20de%20*%24%207%2C900*.%0A%0A*PARA%20PAGOS%20POR%20NEQUI%20SOLICITAR%20EL%20QR%20POR%20FAVOR*
[2026-04-23 13:24:01.301] ✉️ Enviando…
[2026-04-23 13:24:09.339] ↩️ Enviado (Enter)
[2026-04-23 13:24:09.339] ⏳ Pausa post-envío: 12s…
[2026-04-23 13:24:21.343] 
[33/50] → 573507031033
[2026-04-23 13:24:21.343] 🔁 Abriendo chat (intento 1/3) con: https://web.whatsapp.com/send?phone=573507031033&text=Hola%2C%20te%20escribimos%20de%20MEDPLAY.%0A%0A%E2%80%A2%20Tu%20Youtube%2C%20con%20el%20correo%20matiashohner%40gmail.com%2C%20vence%20el%20*21%2F04%2F2026*%2C%20quer%C3%ADa%20saber%20si%20deseas%20*realizar%20la%20renovaci%C3%B3n*%2C%20tiene%20un%20costo%20de%20*%24%207%2C900*.%0A%0A*PARA%20PAGOS%20POR%20NEQUI%20SOLICITAR%20EL%20QR%20POR%20FAVOR*
[2026-04-23 13:24:28.620] ✉️ Enviando…
[2026-04-23 13:24:32.656] ↩️ Enviado (Enter)
[2026-04-23 13:24:32.656] ⏳ Pausa post-envío: 12s…
[2026-04-23 13:24:44.660] 
[34/50] → 573043986958
[2026-04-23 13:24:44.661] 🔁 Abriendo chat (intento 1/3) con: https://web.whatsapp.com/send?phone=573043986958&text=Hola%2C%20te%20escribimos%20de%20MEDPLAY.%0A%0A%E2%80%A2%20Tu%20Youtube%2C%20con%20el%20correo%20villanuevasebas2106%40gmail.com%2C%20vence%20el%20*22%2F04%2F2026*%2C%20quer%C3%ADa%20saber%20si%20deseas%20*realizar%20la%20renovaci%C3%B3n*%2C%20tiene%20un%20costo%20de%20*%24%207%2C900*.%0A%0A*PARA%20PAGOS%20POR%20NEQUI%20SOLICITAR%20EL%20QR%20POR%20FAVOR*
[2026-04-23 13:24:51.863] ✉️ Enviando…
[2026-04-23 13:24:56.026] ↩️ Enviado (Enter)
[2026-04-23 13:24:56.026] ⏳ Pausa post-envío: 12s…
[2026-04-23 13:25:08.031] 
[35/50] → 573248803899
[2026-04-23 13:25:08.032] 🔁 Abriendo chat (intento 1/3) con: https://web.whatsapp.com/send?phone=573248803899&text=Hola%20Juan%2C%20te%20escribimos%20de%20MEDPLAY.%0A%0A%E2%80%A2%20Tu%20Youtube%2C%20con%20el%20correo%20juanklerma.m%40gmail.com%2C%20vence%20el%20*22%2F04%2F2026*%2C%20quer%C3%ADa%20saber%20si%20deseas%20*realizar%20la%20renovaci%C3%B3n*%2C%20tiene%20un%20costo%20de%20*%24%207%2C900*.%0A%0A*PARA%20PAGOS%20POR%20NEQUI%20SOLICITAR%20EL%20QR%20POR%20FAVOR*
[2026-04-23 13:25:14.838] ✉️ Enviando…
[2026-04-23 13:25:18.987] ↩️ Enviado (Enter)
[2026-04-23 13:25:18.988] ⏳ Pausa post-envío: 12s…
[2026-04-23 13:25:30.993] 
[36/50] → 573104598186
[2026-04-23 13:25:30.994] 🔁 Abriendo chat (intento 1/3) con: https://web.whatsapp.com/send?phone=573104598186&text=Hola%20%2B57%2C%20te%20escribimos%20de%20MEDPLAY.%0A%0A%E2%80%A2%20Tu%20Youtube%2C%20con%20el%20correo%20joinermolina2002%40gmail.com%2C%20vence%20el%20*22%2F04%2F2026*%2C%20quer%C3%ADa%20saber%20si%20deseas%20*realizar%20la%20renovaci%C3%B3n*%2C%20tiene%20un%20costo%20de%20*%24%207%2C900*.%0A%E2%80%A2%20Tu%20Youtube%2C%20con%20el%20correo%20antonellarodriguezjp%40gmail.com%2C%20vence%20el%20*22%2F04%2F2026*%2C%20quer%C3%ADa%20saber%20si%20deseas%20*realizar%20la%20renovaci%C3%B3n*%2C%20tiene%20un%20costo%20de%20*%24%207%2C900*.%0A%0A*PARA%20PAGOS%20POR%20NEQUI%20SOLICITAR%20EL%20QR%20POR%20FAVOR*
[2026-04-23 13:25:36.118] ✉️ Enviando…
[2026-04-23 13:25:43.359] ↩️ Enviado (Enter)
[2026-04-23 13:25:43.360] ⏳ Pausa post-envío: 12s…
[2026-04-23 13:25:55.374] 
[37/50] → 573206168369
[2026-04-23 13:25:55.375] 🔁 Abriendo chat (intento 1/3) con: https://web.whatsapp.com/send?phone=573206168369&text=Hola%20Johnny%2C%20te%20escribimos%20de%20MEDPLAY.%0A%0A%E2%80%A2%20Tu%20Youtube%2C%20con%20el%20correo%20johnnycaipe%40gmail.com%2C%20vence%20el%20*22%2F04%2F2026*%2C%20quer%C3%ADa%20saber%20si%20deseas%20*realizar%20la%20renovaci%C3%B3n*%2C%20tiene%20un%20costo%20de%20*%24%207%2C900*.%0A%0A*PARA%20PAGOS%20POR%20NEQUI%20SOLICITAR%20EL%20QR%20POR%20FAVOR*
[2026-04-23 13:26:02.542] ✉️ Enviando…
[2026-04-23 13:26:08.659] ↩️ Enviado (Enter)
[2026-04-23 13:26:08.660] ⏳ Pausa post-envío: 12s…
[2026-04-23 13:26:20.668] 
[38/50] → 573209852109
[2026-04-23 13:26:20.670] 🔁 Abriendo chat (intento 1/3) con: https://web.whatsapp.com/send?phone=573209852109&text=Hola%20%2B57%2C%20te%20escribimos%20de%20MEDPLAY.%0A%0A%E2%80%A2%20Tu%20Youtube%2C%20con%20el%20correo%20bosrmartiion%40gmail.com%2C%20vence%20el%20*22%2F04%2F2026*%2C%20quer%C3%ADa%20saber%20si%20deseas%20*realizar%20la%20renovaci%C3%B3n*%2C%20tiene%20un%20costo%20de%20*%24%207%2C900*.%0A%0A*PARA%20PAGOS%20POR%20NEQUI%20SOLICITAR%20EL%20QR%20POR%20FAVOR*
[2026-04-23 13:26:28.005] ✉️ Enviando…
[2026-04-23 13:26:34.219] ↩️ Enviado (Enter)
[2026-04-23 13:26:34.220] ⏳ Pausa post-envío: 12s…
[2026-04-23 13:26:46.236] 
[39/50] → 573112689315
[2026-04-23 13:26:46.237] 🔁 Abriendo chat (intento 1/3) con: https://web.whatsapp.com/send?phone=573112689315&text=Hola%20Sofia%2C%20te%20escribimos%20de%20MEDPLAY.%0A%0A%E2%80%A2%20Tu%20Youtube%2C%20con%20el%20correo%20tuhistoriaencancion87%40gmail.com%2C%20vence%20el%20*22%2F04%2F2026*%2C%20quer%C3%ADa%20saber%20si%20deseas%20*realizar%20la%20renovaci%C3%B3n*%2C%20tiene%20un%20costo%20de%20*%24%207%2C900*.%0A%0A*PARA%20PAGOS%20POR%20NEQUI%20SOLICITAR%20EL%20QR%20POR%20FAVOR*
[2026-04-23 13:26:53.411] ✉️ Enviando…
[2026-04-23 13:26:57.322] ↩️ Enviado (Enter)
[2026-04-23 13:26:57.322] ⏳ Pausa post-envío: 12s…
[2026-04-23 13:27:09.338] 
[40/50] → 573245704900
[2026-04-23 13:27:09.340] 🔁 Abriendo chat (intento 1/3) con: https://web.whatsapp.com/send?phone=573245704900&text=Hola%20%2B57%2C%20te%20escribimos%20de%20MEDPLAY.%0A%0A%E2%80%A2%20Tu%20Disney%2C%20con%20el%20correo%20medplay93%2Bki9%40gmail.com%2C%20vence%20el%20*22%2F04%2F2026*%2C%20quer%C3%ADa%20saber%20si%20deseas%20*realizar%20la%20renovaci%C3%B3n*%2C%20tiene%20un%20costo%20de%20*%24%2020%2C900*.%0A%0A*PARA%20PAGOS%20POR%20NEQUI%20SOLICITAR%20EL%20QR%20POR%20FAVOR*
[2026-04-23 13:27:13.973] ✉️ Enviando…
[2026-04-23 13:27:21.884] ↩️ Enviado (Enter)
[2026-04-23 13:27:21.885] ⏳ Pausa post-envío: 12s…
[2026-04-23 13:27:33.887] 
[41/50] → 573209979822
[2026-04-23 13:27:33.888] 🔁 Abriendo chat (intento 1/3) con: https://web.whatsapp.com/send?phone=573209979822&text=Hola%2C%20te%20escribimos%20de%20MEDPLAY.%0A%0A%E2%80%A2%20Tu%20Youtube%2C%20con%20el%20correo%20juannicolasf96%40gmail.com%2C%20vence%20el%20*23%2F04%2F2026*%2C%20quer%C3%ADa%20saber%20si%20deseas%20*realizar%20la%20renovaci%C3%B3n*%2C%20tiene%20un%20costo%20de%20*%24%207%2C900*.%0A%0A*PARA%20PAGOS%20POR%20NEQUI%20SOLICITAR%20EL%20QR%20POR%20FAVOR*
[2026-04-23 13:27:40.963] ✉️ Enviando…
[2026-04-23 13:27:46.018] ↩️ Enviado (Enter)
[2026-04-23 13:27:46.019] ⏳ Pausa post-envío: 12s…
[2026-04-23 13:27:58.023] 
[42/50] → 573012650366
[2026-04-23 13:27:58.024] 🔁 Abriendo chat (intento 1/3) con: https://web.whatsapp.com/send?phone=573012650366&text=Hola%2C%20te%20escribimos%20de%20MEDPLAY.%0A%0A%E2%80%A2%20Tu%20Youtube%2C%20con%20el%20correo%20sharoncai1616%40gmail.com%2C%20vence%20el%20*23%2F04%2F2026*%2C%20quer%C3%ADa%20saber%20si%20deseas%20*realizar%20la%20renovaci%C3%B3n*%2C%20tiene%20un%20costo%20de%20*%24%207%2C900*.%0A%0A*PARA%20PAGOS%20POR%20NEQUI%20SOLICITAR%20EL%20QR%20POR%20FAVOR*
[2026-04-23 13:28:05.573] ✉️ Enviando…
[2026-04-23 13:28:10.899] ↩️ Enviado (Enter)
[2026-04-23 13:28:10.900] ⏳ Pausa post-envío: 12s…
[2026-04-23 13:28:22.911] 
[43/50] → 573117246008
[2026-04-23 13:28:22.912] 🔁 Abriendo chat (intento 1/3) con: https://web.whatsapp.com/send?phone=573117246008&text=Hola%2C%20te%20escribimos%20de%20MEDPLAY.%0A%0A%E2%80%A2%20Tu%20Youtube%2C%20con%20el%20correo%20marceyoutube40%40gmail.com%2C%20vence%20el%20*23%2F04%2F2026*%2C%20quer%C3%ADa%20saber%20si%20deseas%20*realizar%20la%20renovaci%C3%B3n*%2C%20tiene%20un%20costo%20de%20*%24%207%2C900*.%0A%0A*PARA%20PAGOS%20POR%20NEQUI%20SOLICITAR%20EL%20QR%20POR%20FAVOR*
[2026-04-23 13:28:31.806] ✉️ Enviando…
[2026-04-23 13:28:38.812] ↩️ Enviado (Enter)
[2026-04-23 13:28:38.813] ⏳ Pausa post-envío: 12s…
[2026-04-23 13:28:50.814] 
[44/50] → 573003245462
[2026-04-23 13:28:50.814] 🔁 Abriendo chat (intento 1/3) con: https://web.whatsapp.com/send?phone=573003245462&text=Hola%20Eimy%2C%20te%20escribimos%20de%20MEDPLAY.%0A%0A%E2%80%A2%20Tu%20Youtube%2C%20con%20el%20correo%20wilsonarangogarzon%40gmail.com%2C%20vence%20el%20*23%2F04%2F2026*%2C%20quer%C3%ADa%20saber%20si%20deseas%20*realizar%20la%20renovaci%C3%B3n*%2C%20tiene%20un%20costo%20de%20*%24%207%2C900*.%0A%0A*PARA%20PAGOS%20POR%20NEQUI%20SOLICITAR%20EL%20QR%20POR%20FAVOR*
[2026-04-23 13:28:58.134] ✉️ Enviando…
[2026-04-23 13:29:02.850] ↩️ Enviado (Enter)
[2026-04-23 13:29:02.850] ⏳ Pausa post-envío: 12s…
[2026-04-23 13:29:14.851] 
[45/50] → 573115299152
[2026-04-23 13:29:14.851] 🔁 Abriendo chat (intento 1/3) con: https://web.whatsapp.com/send?phone=573115299152&text=Hola%20Natalia%2C%20te%20escribimos%20de%20MEDPLAY.%0A%0A%E2%80%A2%20Tu%20Spotify%2C%20con%20el%20correo%20spotify%40gmail.com%2C%20vence%20el%20*23%2F04%2F2026*%2C%20quer%C3%ADa%20saber%20si%20deseas%20*realizar%20la%20renovaci%C3%B3n*%2C%20tiene%20un%20costo%20de%20*%24%2012%2C900*.%0A%0A*PARA%20PAGOS%20POR%20NEQUI%20SOLICITAR%20EL%20QR%20POR%20FAVOR*
[2026-04-23 13:29:20.038] ✉️ Enviando…
[2026-04-23 13:29:27.236] ↩️ Enviado (Enter)
[2026-04-23 13:29:27.236] ⏳ Pausa post-envío: 12s…
[2026-04-23 13:29:39.249] 
[46/50] → 573224153940
[2026-04-23 13:29:39.250] 🔁 Abriendo chat (intento 1/3) con: https://web.whatsapp.com/send?phone=573224153940&text=Hola%20Sarah%2C%20te%20escribimos%20de%20MEDPLAY.%0A%0A%E2%80%A2%20Tu%20Spotify%2C%20con%20el%20correo%20spotify%40gmail.com%2C%20vence%20el%20*23%2F04%2F2026*%2C%20quer%C3%ADa%20saber%20si%20deseas%20*realizar%20la%20renovaci%C3%B3n*%2C%20tiene%20un%20costo%20de%20*%24%2012%2C900*.%0A%0A*PARA%20PAGOS%20POR%20NEQUI%20SOLICITAR%20EL%20QR%20POR%20FAVOR*
[2026-04-23 13:29:44.416] ✉️ Enviando…
[2026-04-23 13:29:54.344] ↩️ Enviado (Enter)
[2026-04-23 13:29:54.345] ⏳ Pausa post-envío: 12s…
[2026-04-23 13:30:06.351] 
[47/50] → 5219984085818
[2026-04-23 13:30:06.352] 🔁 Abriendo chat (intento 1/3) con: https://web.whatsapp.com/send?phone=5219984085818&text=Hola%2C%20te%20escribimos%20de%20MEDPLAY.%0A%0A%E2%80%A2%20Tu%20Youtube%2C%20con%20el%20correo%20gptcontrolchat%40gmail.com%2C%20vence%20el%20*24%2F04%2F2026*%2C%20quer%C3%ADa%20saber%20si%20deseas%20*realizar%20la%20renovaci%C3%B3n*%2C%20tiene%20un%20costo%20de%20*%24%207%2C900*.%0A%0A*PARA%20PAGOS%20POR%20NEQUI%20SOLICITAR%20EL%20QR%20POR%20FAVOR*
[2026-04-23 13:30:11.341] ✉️ Enviando…
[2026-04-23 13:30:21.932] ↩️ Enviado (Enter)
[2026-04-23 13:30:21.934] ⏳ Pausa post-envío: 12s…
[2026-04-23 13:30:33.940] 
[48/50] → 573169001551
[2026-04-23 13:30:33.942] 🔁 Abriendo chat (intento 1/3) con: https://web.whatsapp.com/send?phone=573169001551&text=Hola%2C%20te%20escribimos%20de%20MEDPLAY.%0A%0A%E2%80%A2%20Tu%20ChatGPT%2C%20con%20el%20correo%20spcompany5155%40gmail.com%2C%20vence%20el%20*24%2F04%2F2026*%2C%20quer%C3%ADa%20saber%20si%20deseas%20*realizar%20la%20renovaci%C3%B3n*%2C%20tiene%20un%20costo%20de%20*%24%2016%2C900*.%0A%0A*PARA%20PAGOS%20POR%20NEQUI%20SOLICITAR%20EL%20QR%20POR%20FAVOR*
[2026-04-23 13:30:41.233] ✉️ Enviando…
[2026-04-23 13:30:47.562] ↩️ Enviado (Enter)
[2026-04-23 13:30:47.562] ⏳ Pausa post-envío: 12s…
[2026-04-23 13:30:59.571] 
[49/50] → 573184317800
[2026-04-23 13:30:59.571] 🔁 Abriendo chat (intento 1/3) con: https://web.whatsapp.com/send?phone=573184317800&text=Hola%20%2B57%2C%20te%20escribimos%20de%20MEDPLAY.%0A%0A%E2%80%A2%20Tu%20Youtube%2C%20con%20el%20correo%20mgil00283%40gmail.com%2C%20vence%20el%20*24%2F04%2F2026*%2C%20quer%C3%ADa%20saber%20si%20deseas%20*realizar%20la%20renovaci%C3%B3n*%2C%20tiene%20un%20costo%20de%20*%24%207%2C900*.%0A%0A*PARA%20PAGOS%20POR%20NEQUI%20SOLICITAR%20EL%20QR%20POR%20FAVOR*
[2026-04-23 13:31:04.375] ✉️ Enviando…
[2026-04-23 13:31:12.853] ↩️ Enviado (Enter)
[2026-04-23 13:31:12.853] ⏳ Pausa post-envío: 12s…
[2026-04-23 13:31:24.866] 
[50/50] → 573242769514
[2026-04-23 13:31:24.867] 🔁 Abriendo chat (intento 1/3) con: https://web.whatsapp.com/send?phone=573242769514&text=Hola%20%2B57%2C%20te%20escribimos%20de%20MEDPLAY.%0A%0A%E2%80%A2%20Tu%20Youtube%2C%20con%20el%20correo%20mora41192%40gmail.com%2C%20vence%20el%20*24%2F04%2F2026*%2C%20quer%C3%ADa%20saber%20si%20deseas%20*realizar%20la%20renovaci%C3%B3n*%2C%20tiene%20un%20costo%20de%20*%24%207%2C900*.%0A%0A*PARA%20PAGOS%20POR%20NEQUI%20SOLICITAR%20EL%20QR%20POR%20FAVOR*
[2026-04-23 13:31:30.185] ✉️ Enviando…
[2026-04-23 13:31:38.078] ↩️ Enviado (Enter)
[2026-04-23 13:31:38.078] ⏳ Pausa post-envío: 12s…
[2026-04-23 13:31:50.081] 
✅ Finalizado. Enviados: 50. Omitidos: 0.
[2026-04-23 13:31:50.087] ℹ️ Navegador dejado abierto para revisión manual.
[2026-04-24 19:41:00.926] 📨 Enviaré 21 mensaje(s).
[2026-04-24 19:41:00.926] 🚀 Lanzando script de navegador: C:\Users\Santiago\medplay\scripts\start-edge-wa.bat
[2026-04-24 19:41:00.942] ⏳ Esperando CDP…
[2026-04-24 19:41:04.369] 🟡 Preparando WhatsApp Web…
[2026-04-24 19:41:24.515] ✅ WhatsApp Web listo.
[2026-04-24 19:41:24.518] 
[1/21] → 573207622972
[2026-04-24 19:41:24.519] 🔁 Abriendo chat (intento 1/3) con: https://web.whatsapp.com/send?phone=573207622972&text=Hola%20%2B57%2C%20te%20escribimos%20de%20MEDPLAY.%0A%0A%E2%80%A2%20Tu%20Disney%20(pantalla%203)%2C%20con%20el%20correo%20medplay93%2Bh5%40gmail.com%2C%20vence%20el%20*25%2F04%2F2026*%2C%20quer%C3%ADa%20saber%20si%20deseas%20*realizar%20la%20renovaci%C3%B3n*%2C%20tiene%20un%20costo%20de%20*%24%207%2C900*.%0A%0A*PARA%20PAGOS%20POR%20NEQUI%20SOLICITAR%20EL%20QR%20POR%20FAVOR*
[2026-04-24 19:41:31.789] ✉️ Enviando…
[2026-04-24 19:41:34.408] ↩️ Enviado (Enter)
[2026-04-24 19:41:34.409] ⏳ Pausa post-envío: 12s…
[2026-04-24 19:41:46.409] 
[2/21] → 573017876821
[2026-04-24 19:41:46.410] 🔁 Abriendo chat (intento 1/3) con: https://web.whatsapp.com/send?phone=573017876821&text=Hola%2C%20te%20escribimos%20de%20MEDPLAY.%0A%0A%E2%80%A2%20Tu%20Crunchyroll%20(pantalla%206)%2C%20con%20el%20correo%20florinedoane1582%40hotmail.com%2C%20vence%20el%20*23%2F04%2F2026*%2C%20quer%C3%ADa%20saber%20si%20deseas%20*realizar%20la%20renovaci%C3%B3n*%2C%20tiene%20un%20costo%20de%20*%24%206%2C900*.%0A%0A*PARA%20PAGOS%20POR%20NEQUI%20SOLICITAR%20EL%20QR%20POR%20FAVOR*
[2026-04-24 19:42:25.322] ✉️ Enviando…
[2026-04-24 19:42:38.940] ↩️ Enviado (Enter)
[2026-04-24 19:42:38.940] ⏳ Pausa post-envío: 12s…
[2026-04-24 19:42:50.956] 
[3/21] → 573027993362
[2026-04-24 19:42:50.963] 🔁 Abriendo chat (intento 1/3) con: https://web.whatsapp.com/send?phone=573027993362&text=Hola%2C%20te%20escribimos%20de%20MEDPLAY.%0A%0A%E2%80%A2%20Tu%20Crunchyroll%20(pantalla%202)%2C%20con%20el%20correo%20foxfosfire%40gmail.com%2C%20vence%20el%20*24%2F04%2F2026*%2C%20quer%C3%ADa%20saber%20si%20deseas%20*realizar%20la%20renovaci%C3%B3n*%2C%20tiene%20un%20costo%20de%20*%24%206%2C900*.%0A%0A*PARA%20PAGOS%20POR%20NEQUI%20SOLICITAR%20EL%20QR%20POR%20FAVOR*
[2026-04-24 19:42:57.470] ✉️ Enviando…
[2026-04-24 19:43:00.275] ↩️ Enviado (Enter)
[2026-04-24 19:43:00.275] ⏳ Pausa post-envío: 12s…
[2026-04-24 19:43:12.277] 
[4/21] → 573132106433
[2026-04-24 19:43:12.277] 🔁 Abriendo chat (intento 1/3) con: https://web.whatsapp.com/send?phone=573132106433&text=Hola%20Rafael%2C%20te%20escribimos%20de%20MEDPLAY.%0A%0A%E2%80%A2%20Tu%20Disney%20Premium%20(pantalla%205)%2C%20con%20el%20correo%20medplay93%2Bcnvl%40gmail.com%2C%20vence%20el%20*24%2F04%2F2026*%2C%20quer%C3%ADa%20saber%20si%20deseas%20*realizar%20la%20renovaci%C3%B3n*%2C%20tiene%20un%20costo%20de%20*%24%2012%2C900*.%0A%0A*PARA%20PAGOS%20POR%20NEQUI%20SOLICITAR%20EL%20QR%20POR%20FAVOR*
[2026-04-24 19:43:41.109] ✉️ Enviando…
[2026-04-24 19:43:52.000] ↩️ Enviado (Enter)
[2026-04-24 19:43:52.000] ⏳ Pausa post-envío: 12s…
[2026-04-24 19:44:04.003] 
[5/21] → 573013579141
[2026-04-24 19:44:04.004] 🔁 Abriendo chat (intento 1/3) con: https://web.whatsapp.com/send?phone=573013579141&text=Hola%2C%20te%20escribimos%20de%20MEDPLAY.%0A%0A%E2%80%A2%20Tu%20Disney%20(pantalla%205)%2C%20con%20el%20correo%20medplay93%2Bnv2%40gmail.com%2C%20vence%20el%20*24%2F04%2F2026*%2C%20quer%C3%ADa%20saber%20si%20deseas%20*realizar%20la%20renovaci%C3%B3n*%2C%20tiene%20un%20costo%20de%20*%24%207%2C900*.%0A%0A*PARA%20PAGOS%20POR%20NEQUI%20SOLICITAR%20EL%20QR%20POR%20FAVOR*
[2026-04-24 19:44:09.565] ✉️ Enviando…
[2026-04-24 19:44:12.503] ↩️ Enviado (Enter)
[2026-04-24 19:44:12.503] ⏳ Pausa post-envío: 12s…
[2026-04-24 19:44:24.506] 
[6/21] → 573167001828
[2026-04-24 19:44:24.514] 🔁 Abriendo chat (intento 1/3) con: https://web.whatsapp.com/send?phone=573167001828&text=Hola%20Carlos%2C%20te%20escribimos%20de%20MEDPLAY.%0A%0A%E2%80%A2%20Tu%20Disney%20(pantalla%206)%2C%20con%20el%20correo%20medplay93%2Bnv2%40gmail.com%2C%20vence%20el%20*25%2F04%2F2026*%2C%20quer%C3%ADa%20saber%20si%20deseas%20*realizar%20la%20renovaci%C3%B3n*%2C%20tiene%20un%20costo%20de%20*%24%207%2C900*.%0A%0A*PARA%20PAGOS%20POR%20NEQUI%20SOLICITAR%20EL%20QR%20POR%20FAVOR*
[2026-04-24 19:44:35.230] ✉️ Enviando…
[2026-04-24 19:44:35.476] ↩️ Enviado (Enter)
[2026-04-24 19:44:35.477] ⏳ Pausa post-envío: 12s…
[2026-04-24 19:44:47.481] 
[7/21] → 573177587616
[2026-04-24 19:44:47.484] 🔁 Abriendo chat (intento 1/3) con: https://web.whatsapp.com/send?phone=573177587616&text=Hola%20Juan%2C%20te%20escribimos%20de%20MEDPLAY.%0A%0A%E2%80%A2%20Tu%20Crunchyroll%20(pantalla%201)%2C%20con%20el%20correo%20samaradonaghue66%40hotmail.com%2C%20vence%20el%20*25%2F04%2F2026*%2C%20quer%C3%ADa%20saber%20si%20deseas%20*realizar%20la%20renovaci%C3%B3n*%2C%20tiene%20un%20costo%20de%20*%24%204%2C900*.%0A%0A*PARA%20PAGOS%20POR%20NEQUI%20SOLICITAR%20EL%20QR%20POR%20FAVOR*
[2026-04-24 19:44:51.339] ✉️ Enviando…
[2026-04-24 19:44:57.795] ↩️ Enviado (Enter)
[2026-04-24 19:44:57.796] ⏳ Pausa post-envío: 12s…
[2026-04-24 19:45:09.797] 
[8/21] → 573197987571
[2026-04-24 19:45:09.798] 🔁 Abriendo chat (intento 1/3) con: https://web.whatsapp.com/send?phone=573197987571&text=Hola%20Jhon%2C%20te%20escribimos%20de%20MEDPLAY.%0A%0A%E2%80%A2%20Tu%20Disney%20(pantalla%203)%2C%20con%20el%20correo%20medplay93%2Bh5%40gmail.com%2C%20vence%20el%20*25%2F04%2F2026*%2C%20quer%C3%ADa%20saber%20si%20deseas%20*realizar%20la%20renovaci%C3%B3n*%2C%20tiene%20un%20costo%20de%20*%24%207%2C900*.%0A%0A*PARA%20PAGOS%20POR%20NEQUI%20SOLICITAR%20EL%20QR%20POR%20FAVOR*
[2026-04-24 19:45:14.052] ✉️ Enviando…
[2026-04-24 19:45:16.727] ↩️ Enviado (Enter)
[2026-04-24 19:45:16.728] ⏳ Pausa post-envío: 12s…
[2026-04-24 19:45:28.737] 
[9/21] → 573212493525
[2026-04-24 19:45:28.740] 🔁 Abriendo chat (intento 1/3) con: https://web.whatsapp.com/send?phone=573212493525&text=Hola%20Juan%2C%20te%20escribimos%20de%20MEDPLAY.%0A%0A%E2%80%A2%20Tu%20Crunchyroll%20(pantalla%202)%2C%20con%20el%20correo%20samaradonaghue66%40hotmail.com%2C%20vence%20el%20*25%2F04%2F2026*%2C%20quer%C3%ADa%20saber%20si%20deseas%20*realizar%20la%20renovaci%C3%B3n*%2C%20tiene%20un%20costo%20de%20*%24%204%2C900*.%0A%0A*PARA%20PAGOS%20POR%20NEQUI%20SOLICITAR%20EL%20QR%20POR%20FAVOR*
[2026-04-24 19:45:36.353] ✉️ Enviando…
[2026-04-24 19:45:48.869] ↩️ Enviado (Enter)
[2026-04-24 19:45:48.869] ⏳ Pausa post-envío: 12s…
[2026-04-24 19:46:00.877] 
[10/21] → 573046493632
[2026-04-24 19:46:00.879] 🔁 Abriendo chat (intento 1/3) con: https://web.whatsapp.com/send?phone=573046493632&text=Hola%20%2B57%2C%20te%20escribimos%20de%20MEDPLAY.%0A%0A%E2%80%A2%20Tu%20Crunchyroll%20(pantalla%203)%2C%20con%20el%20correo%20samaradonaghue66%40hotmail.com%2C%20vence%20el%20*25%2F04%2F2026*%2C%20quer%C3%ADa%20saber%20si%20deseas%20*realizar%20la%20renovaci%C3%B3n*%2C%20tiene%20un%20costo%20de%20*%24%206%2C900*.%0A%0A*PARA%20PAGOS%20POR%20NEQUI%20SOLICITAR%20EL%20QR%20POR%20FAVOR*
[2026-04-24 19:46:09.281] ✉️ Enviando…
[2026-04-24 19:46:17.046] ↩️ Enviado (Enter)
[2026-04-24 19:46:17.046] ⏳ Pausa post-envío: 12s…
[2026-04-24 19:46:29.048] 
[11/21] → 573026317568
[2026-04-24 19:46:29.049] 🔁 Abriendo chat (intento 1/3) con: https://web.whatsapp.com/send?phone=573026317568&text=Hola%20Nicolas%2C%20te%20escribimos%20de%20MEDPLAY.%0A%0A%E2%80%A2%20Tu%20Crunchyroll%20(pantalla%204)%2C%20con%20el%20correo%20samaradonaghue66%40hotmail.com%2C%20vence%20el%20*25%2F04%2F2026*%2C%20quer%C3%ADa%20saber%20si%20deseas%20*realizar%20la%20renovaci%C3%B3n*%2C%20tiene%20un%20costo%20de%20*%24%204%2C900*.%0A%0A*PARA%20PAGOS%20POR%20NEQUI%20SOLICITAR%20EL%20QR%20POR%20FAVOR*
[2026-04-24 19:46:38.603] ✉️ Enviando…
[2026-04-24 19:46:42.441] ↩️ Enviado (Enter)
[2026-04-24 19:46:42.442] ⏳ Pausa post-envío: 12s…
[2026-04-24 19:46:54.443] 
[12/21] → 573143864441
[2026-04-24 19:46:54.444] 🔁 Abriendo chat (intento 1/3) con: https://web.whatsapp.com/send?phone=573143864441&text=Hola%20Edwin%2C%20te%20escribimos%20de%20MEDPLAY.%0A%0A%E2%80%A2%20Tu%20Crunchyroll%20(pantalla%205)%2C%20con%20el%20correo%20samaradonaghue66%40hotmail.com%2C%20vence%20el%20*25%2F04%2F2026*%2C%20quer%C3%ADa%20saber%20si%20deseas%20*realizar%20la%20renovaci%C3%B3n*%2C%20tiene%20un%20costo%20de%20*%24%204%2C900*.%0A%0A*PARA%20PAGOS%20POR%20NEQUI%20SOLICITAR%20EL%20QR%20POR%20FAVOR*
[2026-04-24 19:46:59.695] ✉️ Enviando…
[2026-04-24 19:47:02.762] ↩️ Enviado (Enter)
[2026-04-24 19:47:02.763] ⏳ Pausa post-envío: 12s…
[2026-04-24 19:47:14.774] 
[13/21] → 573154375223
[2026-04-24 19:47:14.775] 🔁 Abriendo chat (intento 1/3) con: https://web.whatsapp.com/send?phone=573154375223&text=Hola%20Linderman%2C%20te%20escribimos%20de%20MEDPLAY.%0A%0A%E2%80%A2%20Tu%20Crunchyroll%20(pantalla%201)%2C%20con%20el%20correo%20arveljaap86%40hotmail.com%2C%20vence%20el%20*25%2F04%2F2026*%2C%20quer%C3%ADa%20saber%20si%20deseas%20*realizar%20la%20renovaci%C3%B3n*%2C%20tiene%20un%20costo%20de%20*%24%204%2C900*.%0A%0A*PARA%20PAGOS%20POR%20NEQUI%20SOLICITAR%20EL%20QR%20POR%20FAVOR*
[2026-04-24 19:47:26.801] ✉️ Enviando…
[2026-04-24 19:47:27.092] ↩️ Enviado (Enter)
[2026-04-24 19:47:27.093] ⏳ Pausa post-envío: 12s…
[2026-04-24 19:47:39.102] 
[14/21] → 573137872584
[2026-04-24 19:47:39.103] 🔁 Abriendo chat (intento 1/3) con: https://web.whatsapp.com/send?phone=573137872584&text=Hola%20Jara%2C%20te%20escribimos%20de%20MEDPLAY.%0A%0A%E2%80%A2%20Tu%20Disney%20Premium%2C%20con%20el%20correo%20medplay93%2Bxc5%40gmail.com%2C%20vence%20el%20*25%2F04%2F2026*%2C%20quer%C3%ADa%20saber%20si%20deseas%20*realizar%20la%20renovaci%C3%B3n*%2C%20tiene%20un%20costo%20de%20*%24%2025%2C000*.%0A%0A*PARA%20PAGOS%20POR%20NEQUI%20SOLICITAR%20EL%20QR%20POR%20FAVOR*
[2026-04-24 19:47:52.683] ✉️ Enviando…
[2026-04-24 19:47:59.886] ↩️ Enviado (Enter)
[2026-04-24 19:47:59.887] ⏳ Pausa post-envío: 12s…
[2026-04-24 19:48:11.898] 
[15/21] → 573227277192
[2026-04-24 19:48:11.899] 🔁 Abriendo chat (intento 1/3) con: https://web.whatsapp.com/send?phone=573227277192&text=Hola%2C%20te%20escribimos%20de%20MEDPLAY.%0A%0A%E2%80%A2%20Tu%20Disney%20Premium%2C%20con%20el%20correo%20Medplay93%2BEstandar4%40gmail.com%2C%20vence%20el%20*25%2F04%2F2026*%2C%20quer%C3%ADa%20saber%20si%20deseas%20*realizar%20la%20renovaci%C3%B3n*%2C%20tiene%20un%20costo%20de%20*%24%2028%2C900*.%0A%0A*PARA%20PAGOS%20POR%20NEQUI%20SOLICITAR%20EL%20QR%20POR%20FAVOR*
[2026-04-24 19:48:36.085] ✉️ Enviando…
[2026-04-24 19:48:47.952] ↩️ Enviado (Enter)
[2026-04-24 19:48:47.952] ⏳ Pausa post-envío: 12s…
[2026-04-24 19:48:59.958] 
[16/21] → 573234826997
[2026-04-24 19:48:59.959] 🔁 Abriendo chat (intento 1/3) con: https://web.whatsapp.com/send?phone=573234826997&text=Hola%20Chapu%2C%20te%20escribimos%20de%20MEDPLAY.%0A%0A%E2%80%A2%20Tu%20Disney%2C%20con%20el%20correo%20medplay93%2Bplus2%40gmail.com%2C%20vence%20el%20*24%2F04%2F2026*%2C%20quer%C3%ADa%20saber%20si%20deseas%20*realizar%20la%20renovaci%C3%B3n*%2C%20tiene%20un%20costo%20de%20*%24%2020%2C900*.%0A%E2%80%A2%20Tu%20Disney%20Premium%2C%20con%20el%20correo%20medplay93%2Bzz2%40gmail.com%2C%20vence%20el%20*24%2F04%2F2026*%2C%20quer%C3%ADa%20saber%20si%20deseas%20*realizar%20la%20renovaci%C3%B3n*%2C%20tiene%20un%20costo%20de%20*%24%2028%2C900*.%0A%E2%80%A2%20Tu%20Disney%2C%20con%20el%20correo%20medplay93%2Bm5%40gmail.com%2C%20vence%20el%20*24%2F04%2F2026*%2C%20quer%C3%ADa%20saber%20si%20deseas%20*realizar%20la%20renovaci%C3%B3n*%2C%20tiene%20un%20costo%20de%20*%24%2020%2C900*.%0A%E2%80%A2%20Tu%20MAX%2C%20con%20el%20correo%20medplay93%2Bko9%40gmail.com%2C%20vence%20el%20*24%2F04%2F2026*%2C%20quer%C3%ADa%20saber%20si%20deseas%20*realizar%20la%20renovaci%C3%B3n*%2C%20tiene%20un%20costo%20de%20*%24%2022%2C900*.%0A%0A*PARA%20PAGOS%20POR%20NEQUI%20SOLICITAR%20EL%20QR%20POR%20FAVOR*
[2026-04-24 19:49:08.964] ✉️ Enviando…
[2026-04-24 19:49:19.425] ↩️ Enviado (Enter)
[2026-04-24 19:49:19.426] ⏳ Pausa post-envío: 12s…
[2026-04-24 19:49:31.432] 
[17/21] → 573206432719
[2026-04-24 19:49:31.441] 🔁 Abriendo chat (intento 1/3) con: https://web.whatsapp.com/send?phone=573206432719&text=Hola%20Isa%2C%20te%20escribimos%20de%20MEDPLAY.%0A%0A%E2%80%A2%20Tu%20Disney%20Premium%2C%20con%20el%20correo%20medplay93%2Bdis4%40gmail.com%2C%20vence%20el%20*25%2F04%2F2026*%2C%20quer%C3%ADa%20saber%20si%20deseas%20*realizar%20la%20renovaci%C3%B3n*%2C%20tiene%20un%20costo%20de%20*%24%2028%2C900*.%0A%0A*PARA%20PAGOS%20POR%20NEQUI%20SOLICITAR%20EL%20QR%20POR%20FAVOR*
[2026-04-24 19:49:37.027] ✉️ Enviando…
[2026-04-24 19:49:40.075] ↩️ Enviado (Enter)
[2026-04-24 19:49:40.076] ⏳ Pausa post-envío: 12s…
[2026-04-24 19:49:52.077] 
[18/21] → 5219984085818
[2026-04-24 19:49:52.078] 🔁 Abriendo chat (intento 1/3) con: https://web.whatsapp.com/send?phone=5219984085818&text=Hola%2C%20te%20escribimos%20de%20MEDPLAY.%0A%0A%E2%80%A2%20Tu%20Youtube%2C%20con%20el%20correo%20gptcontrolchat%40gmail.com%2C%20vence%20el%20*24%2F04%2F2026*%2C%20quer%C3%ADa%20saber%20si%20deseas%20*realizar%20la%20renovaci%C3%B3n*%2C%20tiene%20un%20costo%20de%20*%24%207%2C900*.%0A%0A*PARA%20PAGOS%20POR%20NEQUI%20SOLICITAR%20EL%20QR%20POR%20FAVOR*
[2026-04-24 19:49:59.198] ✉️ Enviando…
[2026-04-24 19:50:07.467] ↩️ Enviado (Enter)
[2026-04-24 19:50:07.468] ⏳ Pausa post-envío: 12s…
[2026-04-24 19:50:19.482] 
[19/21] → 573169001551
[2026-04-24 19:50:19.484] 🔁 Abriendo chat (intento 1/3) con: https://web.whatsapp.com/send?phone=573169001551&text=Hola%2C%20te%20escribimos%20de%20MEDPLAY.%0A%0A%E2%80%A2%20Tu%20ChatGPT%2C%20con%20el%20correo%20spcompany5155%40gmail.com%2C%20vence%20el%20*24%2F04%2F2026*%2C%20quer%C3%ADa%20saber%20si%20deseas%20*realizar%20la%20renovaci%C3%B3n*%2C%20tiene%20un%20costo%20de%20*%24%2016%2C900*.%0A%0A*PARA%20PAGOS%20POR%20NEQUI%20SOLICITAR%20EL%20QR%20POR%20FAVOR*
[2026-04-24 19:50:36.013] ✉️ Enviando…
[2026-04-24 19:50:36.899] ↩️ Enviado (Enter)
[2026-04-24 19:50:36.899] ⏳ Pausa post-envío: 12s…
[2026-04-24 19:50:48.911] 
[20/21] → 573184317800
[2026-04-24 19:50:48.916] 🔁 Abriendo chat (intento 1/3) con: https://web.whatsapp.com/send?phone=573184317800&text=Hola%20%2B57%2C%20te%20escribimos%20de%20MEDPLAY.%0A%0A%E2%80%A2%20Tu%20Youtube%2C%20con%20el%20correo%20mgil00283%40gmail.com%2C%20vence%20el%20*24%2F04%2F2026*%2C%20quer%C3%ADa%20saber%20si%20deseas%20*realizar%20la%20renovaci%C3%B3n*%2C%20tiene%20un%20costo%20de%20*%24%207%2C900*.%0A%0A*PARA%20PAGOS%20POR%20NEQUI%20SOLICITAR%20EL%20QR%20POR%20FAVOR*
[2026-04-24 19:51:02.795] ✉️ Enviando…
[2026-04-24 19:51:03.150] ↩️ Enviado (Enter)
[2026-04-24 19:51:03.150] ⏳ Pausa post-envío: 12s…
[2026-04-24 19:51:15.165] 
[21/21] → 573242769514
[2026-04-24 19:51:15.165] 🔁 Abriendo chat (intento 1/3) con: https://web.whatsapp.com/send?phone=573242769514&text=Hola%20%2B57%2C%20te%20escribimos%20de%20MEDPLAY.%0A%0A%E2%80%A2%20Tu%20Youtube%2C%20con%20el%20correo%20mora41192%40gmail.com%2C%20vence%20el%20*24%2F04%2F2026*%2C%20quer%C3%ADa%20saber%20si%20deseas%20*realizar%20la%20renovaci%C3%B3n*%2C%20tiene%20un%20costo%20de%20*%24%207%2C900*.%0A%0A*PARA%20PAGOS%20POR%20NEQUI%20SOLICITAR%20EL%20QR%20POR%20FAVOR*
[2026-04-24 19:51:29.517] ✉️ Enviando…
[2026-04-24 19:51:29.823] ↩️ Enviado (Enter)
[2026-04-24 19:51:29.824] ⏳ Pausa post-envío: 12s…
[2026-04-24 19:51:41.840] 
✅ Finalizado. Enviados: 21. Omitidos: 0.
[2026-04-24 19:51:41.841] ℹ️ Navegador dejado abierto para revisión manual.
[2026-04-25 16:22:03.521] 📨 Enviaré 38 mensaje(s).
[2026-04-25 16:22:03.522] 🚀 Lanzando script de navegador: C:\Users\Santiago\medplay\scripts\start-edge-wa.bat
[2026-04-25 16:22:03.530] ⏳ Esperando CDP…
[2026-04-25 16:22:06.605] 🟡 Preparando WhatsApp Web…
[2026-04-25 16:22:17.554] ✅ WhatsApp Web listo.
[2026-04-25 16:22:17.554] 
[1/38] → 573207622972
[2026-04-25 16:22:17.554] 🔁 Abriendo chat (intento 1/3) con: https://web.whatsapp.com/send?phone=573207622972&text=Hola%20%2B57%2C%20te%20escribimos%20de%20MEDPLAY.%0A%0A%E2%80%A2%20Tu%20Disney%20(pantalla%203)%2C%20con%20el%20correo%20medplay93%2Bh5%40gmail.com%2C%20vence%20el%20*25%2F04%2F2026*%2C%20quer%C3%ADa%20saber%20si%20deseas%20*realizar%20la%20renovaci%C3%B3n*%2C%20tiene%20un%20costo%20de%20*%24%207%2C900*.%0A%0A*PARA%20PAGOS%20POR%20NEQUI%20SOLICITAR%20EL%20QR%20POR%20FAVOR*
[2026-04-25 16:22:27.195] ✉️ Enviando…
[2026-04-25 16:22:37.388] ↩️ Enviado (Enter)
[2026-04-25 16:22:37.388] ⏳ Pausa post-envío: 12s…
[2026-04-25 16:22:49.401] 
[2/38] → 573017876821
[2026-04-25 16:22:49.401] 🔁 Abriendo chat (intento 1/3) con: https://web.whatsapp.com/send?phone=573017876821&text=Hola%2C%20te%20escribimos%20de%20MEDPLAY.%0A%0A%E2%80%A2%20Tu%20Crunchyroll%20(pantalla%206)%2C%20con%20el%20correo%20florinedoane1582%40hotmail.com%2C%20vence%20el%20*23%2F04%2F2026*%2C%20quer%C3%ADa%20saber%20si%20deseas%20*realizar%20la%20renovaci%C3%B3n*%2C%20tiene%20un%20costo%20de%20*%24%206%2C900*.%0A%0A*PARA%20PAGOS%20POR%20NEQUI%20SOLICITAR%20EL%20QR%20POR%20FAVOR*
[2026-04-25 16:22:55.443] ✉️ Enviando…
[2026-04-25 16:23:09.190] ↩️ Enviado (Enter)
[2026-04-25 16:23:09.190] ⏳ Pausa post-envío: 12s…
[2026-04-25 16:23:21.190] 
[3/38] → 573027993362
[2026-04-25 16:23:21.191] 🔁 Abriendo chat (intento 1/3) con: https://web.whatsapp.com/send?phone=573027993362&text=Hola%2C%20te%20escribimos%20de%20MEDPLAY.%0A%0A%E2%80%A2%20Tu%20Crunchyroll%20(pantalla%202)%2C%20con%20el%20correo%20foxfosfire%40gmail.com%2C%20vence%20el%20*24%2F04%2F2026*%2C%20quer%C3%ADa%20saber%20si%20deseas%20*realizar%20la%20renovaci%C3%B3n*%2C%20tiene%20un%20costo%20de%20*%24%206%2C900*.%0A%0A*PARA%20PAGOS%20POR%20NEQUI%20SOLICITAR%20EL%20QR%20POR%20FAVOR*
[2026-04-25 16:23:28.308] ✉️ Enviando…
[2026-04-25 16:23:41.997] ↩️ Enviado (Enter)
[2026-04-25 16:23:41.998] ⏳ Pausa post-envío: 12s…
[2026-04-25 16:23:54.011] 
[4/38] → 573013579141
[2026-04-25 16:23:54.012] 🔁 Abriendo chat (intento 1/3) con: https://web.whatsapp.com/send?phone=573013579141&text=Hola%2C%20te%20escribimos%20de%20MEDPLAY.%0A%0A%E2%80%A2%20Tu%20Disney%20(pantalla%205)%2C%20con%20el%20correo%20medplay93%2Bnv2%40gmail.com%2C%20vence%20el%20*24%2F04%2F2026*%2C%20quer%C3%ADa%20saber%20si%20deseas%20*realizar%20la%20renovaci%C3%B3n*%2C%20tiene%20un%20costo%20de%20*%24%207%2C900*.%0A%0A*PARA%20PAGOS%20POR%20NEQUI%20SOLICITAR%20EL%20QR%20POR%20FAVOR*
[2026-04-25 16:24:05.978] ✉️ Enviando…
[2026-04-25 16:24:06.229] ↩️ Enviado (Enter)
[2026-04-25 16:24:06.230] ⏳ Pausa post-envío: 12s…
[2026-04-25 16:24:18.238] 
[5/38] → 573167001828
[2026-04-25 16:24:18.239] 🔁 Abriendo chat (intento 1/3) con: https://web.whatsapp.com/send?phone=573167001828&text=Hola%20Carlos%2C%20te%20escribimos%20de%20MEDPLAY.%0A%0A%E2%80%A2%20Tu%20Disney%20(pantalla%206)%2C%20con%20el%20correo%20medplay93%2Bnv2%40gmail.com%2C%20vence%20el%20*25%2F04%2F2026*%2C%20quer%C3%ADa%20saber%20si%20deseas%20*realizar%20la%20renovaci%C3%B3n*%2C%20tiene%20un%20costo%20de%20*%24%207%2C900*.%0A%E2%80%A2%20Tu%20Youtube%2C%20con%20el%20correo%20a250176230%40gmail.com%2C%20vence%20el%20*26%2F04%2F2026*%2C%20quer%C3%ADa%20saber%20si%20deseas%20*realizar%20la%20renovaci%C3%B3n*%2C%20tiene%20un%20costo%20de%20*%24%207%2C900*.%0A%0A*PARA%20PAGOS%20POR%20NEQUI%20SOLICITAR%20EL%20QR%20POR%20FAVOR*
[2026-04-25 16:24:28.631] ✉️ Enviando…
[2026-04-25 16:24:28.854] ↩️ Enviado (Enter)
[2026-04-25 16:24:28.855] ⏳ Pausa post-envío: 12s…
[2026-04-25 16:24:40.861] 
[6/38] → 573177587616
[2026-04-25 16:24:40.861] 🔁 Abriendo chat (intento 1/3) con: https://web.whatsapp.com/send?phone=573177587616&text=Hola%20Juan%2C%20te%20escribimos%20de%20MEDPLAY.%0A%0A%E2%80%A2%20Tu%20Crunchyroll%20(pantalla%201)%2C%20con%20el%20correo%20samaradonaghue66%40hotmail.com%2C%20vence%20el%20*25%2F04%2F2026*%2C%20quer%C3%ADa%20saber%20si%20deseas%20*realizar%20la%20renovaci%C3%B3n*%2C%20tiene%20un%20costo%20de%20*%24%204%2C900*.%0A%0A*PARA%20PAGOS%20POR%20NEQUI%20SOLICITAR%20EL%20QR%20POR%20FAVOR*
[2026-04-25 16:24:50.714] ✉️ Enviando…
[2026-04-25 16:24:51.000] ↩️ Enviado (Enter)
[2026-04-25 16:24:51.001] ⏳ Pausa post-envío: 12s…
[2026-04-25 16:25:03.019] 
[7/38] → 573197987571
[2026-04-25 16:25:03.020] 🔁 Abriendo chat (intento 1/3) con: https://web.whatsapp.com/send?phone=573197987571&text=Hola%20Jhon%2C%20te%20escribimos%20de%20MEDPLAY.%0A%0A%E2%80%A2%20Tu%20Disney%20(pantalla%203)%2C%20con%20el%20correo%20medplay93%2Bh5%40gmail.com%2C%20vence%20el%20*25%2F04%2F2026*%2C%20quer%C3%ADa%20saber%20si%20deseas%20*realizar%20la%20renovaci%C3%B3n*%2C%20tiene%20un%20costo%20de%20*%24%207%2C900*.%0A%0A*PARA%20PAGOS%20POR%20NEQUI%20SOLICITAR%20EL%20QR%20POR%20FAVOR*
[2026-04-25 16:25:13.519] ✉️ Enviando…
[2026-04-25 16:25:13.764] ↩️ Enviado (Enter)
[2026-04-25 16:25:13.764] ⏳ Pausa post-envío: 12s…
[2026-04-25 16:25:25.775] 
[8/38] → 573212493525
[2026-04-25 16:25:25.775] 🔁 Abriendo chat (intento 1/3) con: https://web.whatsapp.com/send?phone=573212493525&text=Hola%20Juan%2C%20te%20escribimos%20de%20MEDPLAY.%0A%0A%E2%80%A2%20Tu%20Crunchyroll%20(pantalla%202)%2C%20con%20el%20correo%20samaradonaghue66%40hotmail.com%2C%20vence%20el%20*25%2F04%2F2026*%2C%20quer%C3%ADa%20saber%20si%20deseas%20*realizar%20la%20renovaci%C3%B3n*%2C%20tiene%20un%20costo%20de%20*%24%204%2C900*.%0A%0A*PARA%20PAGOS%20POR%20NEQUI%20SOLICITAR%20EL%20QR%20POR%20FAVOR*
[2026-04-25 16:25:31.219] ✉️ Enviando…
[2026-04-25 16:25:33.450] ↩️ Enviado (Enter)
[2026-04-25 16:25:33.451] ⏳ Pausa post-envío: 12s…
[2026-04-25 16:25:45.460] 
[9/38] → 573046493632
[2026-04-25 16:25:45.460] 🔁 Abriendo chat (intento 1/3) con: https://web.whatsapp.com/send?phone=573046493632&text=Hola%20%2B57%2C%20te%20escribimos%20de%20MEDPLAY.%0A%0A%E2%80%A2%20Tu%20Crunchyroll%20(pantalla%203)%2C%20con%20el%20correo%20samaradonaghue66%40hotmail.com%2C%20vence%20el%20*25%2F04%2F2026*%2C%20quer%C3%ADa%20saber%20si%20deseas%20*realizar%20la%20renovaci%C3%B3n*%2C%20tiene%20un%20costo%20de%20*%24%206%2C900*.%0A%0A*PARA%20PAGOS%20POR%20NEQUI%20SOLICITAR%20EL%20QR%20POR%20FAVOR*
[2026-04-25 16:25:54.057] ✉️ Enviando…
[2026-04-25 16:25:55.569] ↩️ Enviado (Enter)
[2026-04-25 16:25:55.569] ⏳ Pausa post-envío: 12s…
[2026-04-25 16:26:07.572] 
[10/38] → 573026317568
[2026-04-25 16:26:07.572] 🔁 Abriendo chat (intento 1/3) con: https://web.whatsapp.com/send?phone=573026317568&text=Hola%20Nicolas%2C%20te%20escribimos%20de%20MEDPLAY.%0A%0A%E2%80%A2%20Tu%20Crunchyroll%20(pantalla%204)%2C%20con%20el%20correo%20samaradonaghue66%40hotmail.com%2C%20vence%20el%20*25%2F04%2F2026*%2C%20quer%C3%ADa%20saber%20si%20deseas%20*realizar%20la%20renovaci%C3%B3n*%2C%20tiene%20un%20costo%20de%20*%24%204%2C900*.%0A%0A*PARA%20PAGOS%20POR%20NEQUI%20SOLICITAR%20EL%20QR%20POR%20FAVOR*
[2026-04-25 16:26:15.907] ✉️ Enviando…
[2026-04-25 16:26:17.313] ↩️ Enviado (Enter)
[2026-04-25 16:26:17.313] ⏳ Pausa post-envío: 12s…
[2026-04-25 16:26:29.317] 
[11/38] → 573154375223
[2026-04-25 16:26:29.319] 🔁 Abriendo chat (intento 1/3) con: https://web.whatsapp.com/send?phone=573154375223&text=Hola%20Linderman%2C%20te%20escribimos%20de%20MEDPLAY.%0A%0A%E2%80%A2%20Tu%20Crunchyroll%20(pantalla%201)%2C%20con%20el%20correo%20arveljaap86%40hotmail.com%2C%20vence%20el%20*25%2F04%2F2026*%2C%20quer%C3%ADa%20saber%20si%20deseas%20*realizar%20la%20renovaci%C3%B3n*%2C%20tiene%20un%20costo%20de%20*%24%204%2C900*.%0A%0A*PARA%20PAGOS%20POR%20NEQUI%20SOLICITAR%20EL%20QR%20POR%20FAVOR*
[2026-04-25 16:26:42.221] ✉️ Enviando…
[2026-04-25 16:26:42.445] ↩️ Enviado (Enter)
[2026-04-25 16:26:42.446] ⏳ Pausa post-envío: 12s…
[2026-04-25 16:26:54.448] 
[12/38] → 573226211403
[2026-04-25 16:26:54.449] 🔁 Abriendo chat (intento 1/3) con: https://web.whatsapp.com/send?phone=573226211403&text=Hola%20%2B57%2C%20te%20escribimos%20de%20MEDPLAY.%0A%0A%E2%80%A2%20Tu%20VIX%20(pantalla%206)%2C%20con%20el%20correo%20medplay93%2B73ico%40gmail.com%2C%20vence%20el%20*26%2F04%2F2026*%2C%20quer%C3%ADa%20saber%20si%20deseas%20*realizar%20la%20renovaci%C3%B3n*%2C%20tiene%20un%20costo%20de%20*%24%206%2C000*.%0A%0A*PARA%20PAGOS%20POR%20NEQUI%20SOLICITAR%20EL%20QR%20POR%20FAVOR*
[2026-04-25 16:27:07.528] ✉️ Enviando…
[2026-04-25 16:27:07.746] ↩️ Enviado (Enter)
[2026-04-25 16:27:07.747] ⏳ Pausa post-envío: 12s…
[2026-04-25 16:27:19.756] 
[13/38] → 573013273562
[2026-04-25 16:27:19.757] 🔁 Abriendo chat (intento 1/3) con: https://web.whatsapp.com/send?phone=573013273562&text=Hola%20%2B57%2C%20te%20escribimos%20de%20MEDPLAY.%0A%0A%E2%80%A2%20Tu%20Crunchyroll%20(pantalla%206)%2C%20con%20el%20correo%20samaradonaghue66%40hotmail.com%2C%20vence%20el%20*26%2F04%2F2026*%2C%20quer%C3%ADa%20saber%20si%20deseas%20*realizar%20la%20renovaci%C3%B3n*%2C%20tiene%20un%20costo%20de%20*%24%204%2C900*.%0A%0A*PARA%20PAGOS%20POR%20NEQUI%20SOLICITAR%20EL%20QR%20POR%20FAVOR*
[2026-04-25 16:27:31.649] ✉️ Enviando…
[2026-04-25 16:27:31.871] ↩️ Enviado (Enter)
[2026-04-25 16:27:31.872] ⏳ Pausa post-envío: 12s…
[2026-04-25 16:27:43.877] 
[14/38] → 573203471528
[2026-04-25 16:27:43.879] 🔁 Abriendo chat (intento 1/3) con: https://web.whatsapp.com/send?phone=573203471528&text=Hola%20%2B57%2C%20te%20escribimos%20de%20MEDPLAY.%0A%0A%E2%80%A2%20Tu%20Crunchyroll%20(pantalla%206)%2C%20con%20el%20correo%20vamoabesarnos%40gmail.com%2C%20vence%20el%20*26%2F04%2F2026*%2C%20quer%C3%ADa%20saber%20si%20deseas%20*realizar%20la%20renovaci%C3%B3n*%2C%20tiene%20un%20costo%20de%20*%24%204%2C900*.%0A%0A*PARA%20PAGOS%20POR%20NEQUI%20SOLICITAR%20EL%20QR%20POR%20FAVOR*
[2026-04-25 16:27:54.063] ✉️ Enviando…
[2026-04-25 16:27:54.285] ↩️ Enviado (Enter)
[2026-04-25 16:27:54.286] ⏳ Pausa post-envío: 12s…
[2026-04-25 16:28:06.296] 
[15/38] → 573233609216
[2026-04-25 16:28:06.298] 🔁 Abriendo chat (intento 1/3) con: https://web.whatsapp.com/send?phone=573233609216&text=Hola%20%2B57%2C%20te%20escribimos%20de%20MEDPLAY.%0A%0A%E2%80%A2%20Tu%20Crunchyroll%20(pantalla%201)%2C%20con%20el%20correo%20evelinewombacher42%40hotmail.com%2C%20vence%20el%20*26%2F04%2F2026*%2C%20quer%C3%ADa%20saber%20si%20deseas%20*realizar%20la%20renovaci%C3%B3n*%2C%20tiene%20un%20costo%20de%20*%24%204%2C900*.%0A%0A*PARA%20PAGOS%20POR%20NEQUI%20SOLICITAR%20EL%20QR%20POR%20FAVOR*
[2026-04-25 16:28:11.129] ✉️ Enviando…
[2026-04-25 16:28:20.504] ↩️ Enviado (Enter)
[2026-04-25 16:28:20.504] ⏳ Pausa post-envío: 12s…
[2026-04-25 16:28:32.511] 
[16/38] → 573223928089
[2026-04-25 16:28:32.513] 🔁 Abriendo chat (intento 1/3) con: https://web.whatsapp.com/send?phone=573223928089&text=Hola%20%2B57%2C%20te%20escribimos%20de%20MEDPLAY.%0A%0A%E2%80%A2%20Tu%20Crunchyroll%20(pantalla%202)%2C%20con%20el%20correo%20evelinewombacher42%40hotmail.com%2C%20vence%20el%20*26%2F04%2F2026*%2C%20quer%C3%ADa%20saber%20si%20deseas%20*realizar%20la%20renovaci%C3%B3n*%2C%20tiene%20un%20costo%20de%20*%24%204%2C900*.%0A%0A*PARA%20PAGOS%20POR%20NEQUI%20SOLICITAR%20EL%20QR%20POR%20FAVOR*
[2026-04-25 16:28:40.842] ✉️ Enviando…
[2026-04-25 16:28:41.551] ↩️ Enviado (Enter)
[2026-04-25 16:28:41.551] ⏳ Pausa post-envío: 12s…
[2026-04-25 16:28:53.554] 
[17/38] → 573227072961
[2026-04-25 16:28:53.555] 🔁 Abriendo chat (intento 1/3) con: https://web.whatsapp.com/send?phone=573227072961&text=Hola%20%2B57%2C%20te%20escribimos%20de%20MEDPLAY.%0A%0A%E2%80%A2%20Tu%20Crunchyroll%20(pantalla%203)%2C%20con%20el%20correo%20evelinewombacher42%40hotmail.com%2C%20vence%20el%20*26%2F04%2F2026*%2C%20quer%C3%ADa%20saber%20si%20deseas%20*realizar%20la%20renovaci%C3%B3n*%2C%20tiene%20un%20costo%20de%20*%24%204%2C900*.%0A%0A*PARA%20PAGOS%20POR%20NEQUI%20SOLICITAR%20EL%20QR%20POR%20FAVOR*
[2026-04-25 16:29:06.477] ✉️ Enviando…
[2026-04-25 16:29:06.705] ↩️ Enviado (Enter)
[2026-04-25 16:29:06.705] ⏳ Pausa post-envío: 12s…
[2026-04-25 16:29:18.710] 
[18/38] → 573207789638
[2026-04-25 16:29:18.710] 🔁 Abriendo chat (intento 1/3) con: https://web.whatsapp.com/send?phone=573207789638&text=Hola%20Yuli%2C%20te%20escribimos%20de%20MEDPLAY.%0A%0A%E2%80%A2%20Tu%20Crunchyroll%20(pantalla%204)%2C%20con%20el%20correo%20evelinewombacher42%40hotmail.com%2C%20vence%20el%20*26%2F04%2F2026*%2C%20quer%C3%ADa%20saber%20si%20deseas%20*realizar%20la%20renovaci%C3%B3n*%2C%20tiene%20un%20costo%20de%20*%24%204%2C900*.%0A%0A*PARA%20PAGOS%20POR%20NEQUI%20SOLICITAR%20EL%20QR%20POR%20FAVOR*
[2026-04-25 16:29:26.852] ✉️ Enviando…
[2026-04-25 16:29:30.829] ↩️ Enviado (Enter)
[2026-04-25 16:29:30.829] ⏳ Pausa post-envío: 12s…
[2026-04-25 16:29:42.833] 
[19/38] → 573025700732
[2026-04-25 16:29:42.833] 🔁 Abriendo chat (intento 1/3) con: https://web.whatsapp.com/send?phone=573025700732&text=Hola%20Elizabeth%2C%20te%20escribimos%20de%20MEDPLAY.%0A%0A%E2%80%A2%20Tu%20Crunchyroll%20(pantalla%205)%2C%20con%20el%20correo%20evelinewombacher42%40hotmail.com%2C%20vence%20el%20*26%2F04%2F2026*%2C%20quer%C3%ADa%20saber%20si%20deseas%20*realizar%20la%20renovaci%C3%B3n*%2C%20tiene%20un%20costo%20de%20*%24%204%2C900*.%0A%0A*PARA%20PAGOS%20POR%20NEQUI%20SOLICITAR%20EL%20QR%20POR%20FAVOR*
[2026-04-25 16:29:56.017] ✉️ Enviando…
[2026-04-25 16:29:56.235] ↩️ Enviado (Enter)
[2026-04-25 16:29:56.236] ⏳ Pausa post-envío: 12s…
[2026-04-25 16:30:08.244] 
[20/38] → 573106737198
[2026-04-25 16:30:08.245] 🔁 Abriendo chat (intento 1/3) con: https://web.whatsapp.com/send?phone=573106737198&text=Hola%20%2B57%2C%20te%20escribimos%20de%20MEDPLAY.%0A%0A%E2%80%A2%20Tu%20Crunchyroll%20(pantalla%202)%2C%20con%20el%20correo%20arveljaap86%40hotmail.com%2C%20vence%20el%20*26%2F04%2F2026*%2C%20quer%C3%ADa%20saber%20si%20deseas%20*realizar%20la%20renovaci%C3%B3n*%2C%20tiene%20un%20costo%20de%20*%24%204%2C900*.%0A%0A*PARA%20PAGOS%20POR%20NEQUI%20SOLICITAR%20EL%20QR%20POR%20FAVOR*
[2026-04-25 16:30:20.314] ✉️ Enviando…
[2026-04-25 16:30:20.602] ↩️ Enviado (Enter)
[2026-04-25 16:30:20.603] ⏳ Pausa post-envío: 12s…
[2026-04-25 16:30:32.618] 
[21/38] → 573026064341
[2026-04-25 16:30:32.618] 🔁 Abriendo chat (intento 1/3) con: https://web.whatsapp.com/send?phone=573026064341&text=Hola%20%2B57%2C%20te%20escribimos%20de%20MEDPLAY.%0A%0A%E2%80%A2%20Tu%20Crunchyroll%20(pantalla%202)%2C%20con%20el%20correo%20davinmordini041%40hotmail.com%2C%20vence%20el%20*26%2F04%2F2026*%2C%20quer%C3%ADa%20saber%20si%20deseas%20*realizar%20la%20renovaci%C3%B3n*%2C%20tiene%20un%20costo%20de%20*%24%204%2C900*.%0A%0A*PARA%20PAGOS%20POR%20NEQUI%20SOLICITAR%20EL%20QR%20POR%20FAVOR*
[2026-04-25 16:30:44.876] ✉️ Enviando…
[2026-04-25 16:30:45.107] ↩️ Enviado (Enter)
[2026-04-25 16:30:45.108] ⏳ Pausa post-envío: 12s…
[2026-04-25 16:30:57.125] 
[22/38] → 573157306507
[2026-04-25 16:30:57.125] 🔁 Abriendo chat (intento 1/3) con: https://web.whatsapp.com/send?phone=573157306507&text=Hola%20Sara%2C%20te%20escribimos%20de%20MEDPLAY.%0A%0A%E2%80%A2%20Tu%20Amazon%20(pantalla%203)%2C%20con%20el%20correo%20mxreya44%40gmail.com%2C%20vence%20el%20*26%2F04%2F2026*%2C%20quer%C3%ADa%20saber%20si%20deseas%20*realizar%20la%20renovaci%C3%B3n*%2C%20tiene%20un%20costo%20de%20*%24%207%2C900*.%0A%0A*PARA%20PAGOS%20POR%20NEQUI%20SOLICITAR%20EL%20QR%20POR%20FAVOR*
[2026-04-25 16:31:10.309] ✉️ Enviando…
[2026-04-25 16:31:10.570] ↩️ Enviado (Enter)
[2026-04-25 16:31:10.571] ⏳ Pausa post-envío: 12s…
[2026-04-25 16:31:22.586] 
[23/38] → 573136027492
[2026-04-25 16:31:22.587] 🔁 Abriendo chat (intento 1/3) con: https://web.whatsapp.com/send?phone=573136027492&text=Hola%20%2B57%2C%20te%20escribimos%20de%20MEDPLAY.%0A%0A%E2%80%A2%20Tu%20Disney%20(pantalla%204)%2C%20con%20el%20correo%20medplay93%2Bh5%40gmail.com%2C%20vence%20el%20*26%2F04%2F2026*%2C%20quer%C3%ADa%20saber%20si%20deseas%20*realizar%20la%20renovaci%C3%B3n*%2C%20tiene%20un%20costo%20de%20*%24%207%2C900*.%0A%0A*PARA%20PAGOS%20POR%20NEQUI%20SOLICITAR%20EL%20QR%20POR%20FAVOR*
[2026-04-25 16:31:32.466] ✉️ Enviando…
[2026-04-25 16:31:32.733] ↩️ Enviado (Enter)
[2026-04-25 16:31:32.733] ⏳ Pausa post-envío: 12s…
[2026-04-25 16:31:44.748] 
[24/38] → 573137872584
[2026-04-25 16:31:44.749] 🔁 Abriendo chat (intento 1/3) con: https://web.whatsapp.com/send?phone=573137872584&text=Hola%20Jara%2C%20te%20escribimos%20de%20MEDPLAY.%0A%0A%E2%80%A2%20Tu%20Disney%20Premium%2C%20con%20el%20correo%20medplay93%2Bxc5%40gmail.com%2C%20vence%20el%20*25%2F04%2F2026*%2C%20quer%C3%ADa%20saber%20si%20deseas%20*realizar%20la%20renovaci%C3%B3n*%2C%20tiene%20un%20costo%20de%20*%24%2025%2C000*.%0A%0A*PARA%20PAGOS%20POR%20NEQUI%20SOLICITAR%20EL%20QR%20POR%20FAVOR*
[2026-04-25 16:31:57.155] ✉️ Enviando…
[2026-04-25 16:31:57.447] ↩️ Enviado (Enter)
[2026-04-25 16:31:57.448] ⏳ Pausa post-envío: 12s…
[2026-04-25 16:32:09.464] 
[25/38] → 573227277192
[2026-04-25 16:32:09.465] 🔁 Abriendo chat (intento 1/3) con: https://web.whatsapp.com/send?phone=573227277192&text=Hola%2C%20te%20escribimos%20de%20MEDPLAY.%0A%0A%E2%80%A2%20Tu%20Disney%20Premium%2C%20con%20el%20correo%20Medplay93%2BEstandar4%40gmail.com%2C%20vence%20el%20*25%2F04%2F2026*%2C%20quer%C3%ADa%20saber%20si%20deseas%20*realizar%20la%20renovaci%C3%B3n*%2C%20tiene%20un%20costo%20de%20*%24%2028%2C900*.%0A%0A*PARA%20PAGOS%20POR%20NEQUI%20SOLICITAR%20EL%20QR%20POR%20FAVOR*
[2026-04-25 16:32:19.961] ✉️ Enviando…
[2026-04-25 16:32:20.242] ↩️ Enviado (Enter)
[2026-04-25 16:32:20.242] ⏳ Pausa post-envío: 12s…
[2026-04-25 16:32:32.249] 
[26/38] → 573206432719
[2026-04-25 16:32:32.250] 🔁 Abriendo chat (intento 1/3) con: https://web.whatsapp.com/send?phone=573206432719&text=Hola%20Isa%2C%20te%20escribimos%20de%20MEDPLAY.%0A%0A%E2%80%A2%20Tu%20Disney%20Premium%2C%20con%20el%20correo%20medplay93%2Bdis4%40gmail.com%2C%20vence%20el%20*25%2F04%2F2026*%2C%20quer%C3%ADa%20saber%20si%20deseas%20*realizar%20la%20renovaci%C3%B3n*%2C%20tiene%20un%20costo%20de%20*%24%2028%2C900*.%0A%E2%80%A2%20Tu%20Disney%2C%20con%20el%20correo%20pruebawe21%2Btt%40gmail.com%2C%20vence%20el%20*26%2F04%2F2026*%2C%20quer%C3%ADa%20saber%20si%20deseas%20*realizar%20la%20renovaci%C3%B3n*%2C%20tiene%20un%20costo%20de%20*%24%2020%2C000*.%0A%0A*PARA%20PAGOS%20POR%20NEQUI%20SOLICITAR%20EL%20QR%20POR%20FAVOR*
[2026-04-25 16:32:45.248] ✉️ Enviando…
[2026-04-25 16:32:45.512] ↩️ Enviado (Enter)
[2026-04-25 16:32:45.513] ⏳ Pausa post-envío: 12s…
[2026-04-25 16:32:57.518] 
[27/38] → 573107305775
[2026-04-25 16:32:57.519] 🔁 Abriendo chat (intento 1/3) con: https://web.whatsapp.com/send?phone=573107305775&text=Hola%20Alex%2C%20te%20escribimos%20de%20MEDPLAY.%0A%0A%E2%80%A2%20Tu%20ChatGPT%2C%20con%20el%20correo%20fabianlex17%40gmail.com%2C%20vence%20el%20*26%2F04%2F2026*%2C%20quer%C3%ADa%20saber%20si%20deseas%20*realizar%20la%20renovaci%C3%B3n*%2C%20tiene%20un%20costo%20de%20*%24%2016%2C900*.%0A%0A*PARA%20PAGOS%20POR%20NEQUI%20SOLICITAR%20EL%20QR%20POR%20FAVOR*
[2026-04-25 16:33:08.040] ✉️ Enviando…
[2026-04-25 16:33:08.301] ↩️ Enviado (Enter)
[2026-04-25 16:33:08.301] ⏳ Pausa post-envío: 12s…
[2026-04-25 16:33:20.321] 
[28/38] → 573158561506
[2026-04-25 16:33:20.322] 🔁 Abriendo chat (intento 1/3) con: https://web.whatsapp.com/send?phone=573158561506&text=Hola%20Yohanny%2C%20te%20escribimos%20de%20MEDPLAY.%0A%0A%E2%80%A2%20Tu%20Youtube%2C%20con%20el%20correo%20germanyohannyrojasjurado55%40gmail.com%2C%20vence%20el%20*26%2F04%2F2026*%2C%20quer%C3%ADa%20saber%20si%20deseas%20*realizar%20la%20renovaci%C3%B3n*%2C%20tiene%20un%20costo%20de%20*%24%207%2C900*.%0A%0A*PARA%20PAGOS%20POR%20NEQUI%20SOLICITAR%20EL%20QR%20POR%20FAVOR*
[2026-04-25 16:33:23.815] ✉️ Enviando…
[2026-04-25 16:33:31.753] ↩️ Enviado (Enter)
[2026-04-25 16:33:31.753] ⏳ Pausa post-envío: 12s…
[2026-04-25 16:33:43.755] 
[29/38] → 573006552669
[2026-04-25 16:33:43.756] 🔁 Abriendo chat (intento 1/3) con: https://web.whatsapp.com/send?phone=573006552669&text=Hola%20%2B57%2C%20te%20escribimos%20de%20MEDPLAY.%0A%0A%E2%80%A2%20Tu%20Youtube%2C%20con%20el%20correo%20acme2020sas%40gmail.com%2C%20vence%20el%20*26%2F04%2F2026*%2C%20quer%C3%ADa%20saber%20si%20deseas%20*realizar%20la%20renovaci%C3%B3n*%2C%20tiene%20un%20costo%20de%20*%24%207%2C900*.%0A%0A*PARA%20PAGOS%20POR%20NEQUI%20SOLICITAR%20EL%20QR%20POR%20FAVOR*
[2026-04-25 16:33:57.130] ✉️ Enviando…
[2026-04-25 16:33:57.422] ↩️ Enviado (Enter)
[2026-04-25 16:33:57.422] ⏳ Pausa post-envío: 12s…
[2026-04-25 16:34:09.436] 
[30/38] → 573103069546
[2026-04-25 16:34:09.440] 🔁 Abriendo chat (intento 1/3) con: https://web.whatsapp.com/send?phone=573103069546&text=Hola%20%2B57%2C%20te%20escribimos%20de%20MEDPLAY.%0A%0A%E2%80%A2%20Tu%20Youtube%2C%20con%20el%20correo%20ariasruben422%40gmail.com%2C%20vence%20el%20*26%2F04%2F2026*%2C%20quer%C3%ADa%20saber%20si%20deseas%20*realizar%20la%20renovaci%C3%B3n*%2C%20tiene%20un%20costo%20de%20*%24%207%2C900*.%0A%0A*PARA%20PAGOS%20POR%20NEQUI%20SOLICITAR%20EL%20QR%20POR%20FAVOR*
[2026-04-25 16:34:15.018] ✉️ Enviando…
[2026-04-25 16:34:17.401] ↩️ Enviado (Enter)
[2026-04-25 16:34:17.401] ⏳ Pausa post-envío: 12s…
[2026-04-25 16:34:29.410] 
[31/38] → 573228115789
[2026-04-25 16:34:29.412] 🔁 Abriendo chat (intento 1/3) con: https://web.whatsapp.com/send?phone=573228115789&text=Hola%20%2B57%2C%20te%20escribimos%20de%20MEDPLAY.%0A%0A%E2%80%A2%20Tu%20Youtube%2C%20con%20el%20correo%20gutierrezsoraya422%40gmail.com%2C%20vence%20el%20*26%2F04%2F2026*%2C%20quer%C3%ADa%20saber%20si%20deseas%20*realizar%20la%20renovaci%C3%B3n*%2C%20tiene%20un%20costo%20de%20*%24%205%2C900*.%0A%0A*PARA%20PAGOS%20POR%20NEQUI%20SOLICITAR%20EL%20QR%20POR%20FAVOR*
[2026-04-25 16:34:41.763] ✉️ Enviando…
[2026-04-25 16:34:42.116] ↩️ Enviado (Enter)
[2026-04-25 16:34:42.117] ⏳ Pausa post-envío: 12s…
[2026-04-25 16:34:54.119] 
[32/38] → 573137688695
[2026-04-25 16:34:54.120] 🔁 Abriendo chat (intento 1/3) con: https://web.whatsapp.com/send?phone=573137688695&text=Hola%20%2B57%2C%20te%20escribimos%20de%20MEDPLAY.%0A%0A%E2%80%A2%20Tu%20Youtube%2C%20con%20el%20correo%20juanka226335%40gmail.com%2C%20vence%20el%20*26%2F04%2F2026*%2C%20quer%C3%ADa%20saber%20si%20deseas%20*realizar%20la%20renovaci%C3%B3n*%2C%20tiene%20un%20costo%20de%20*%24%205%2C900*.%0A%0A*PARA%20PAGOS%20POR%20NEQUI%20SOLICITAR%20EL%20QR%20POR%20FAVOR*
[2026-04-25 16:35:04.234] ✉️ Enviando…
[2026-04-25 16:35:05.674] ↩️ Enviado (Enter)
[2026-04-25 16:35:05.675] ⏳ Pausa post-envío: 12s…
[2026-04-25 16:35:17.686] 
[33/38] → 573114170955
[2026-04-25 16:35:17.687] 🔁 Abriendo chat (intento 1/3) con: https://web.whatsapp.com/send?phone=573114170955&text=Hola%20%2B57%2C%20te%20escribimos%20de%20MEDPLAY.%0A%0A%E2%80%A2%20Tu%20Youtube%2C%20con%20el%20correo%20kedasaba7706%40gmail.com%2C%20vence%20el%20*26%2F04%2F2026*%2C%20quer%C3%ADa%20saber%20si%20deseas%20*realizar%20la%20renovaci%C3%B3n*%2C%20tiene%20un%20costo%20de%20*%24%207%2C900*.%0A%0A*PARA%20PAGOS%20POR%20NEQUI%20SOLICITAR%20EL%20QR%20POR%20FAVOR*
[2026-04-25 16:35:26.395] ✉️ Enviando…
[2026-04-25 16:35:26.934] ↩️ Enviado (Enter)
[2026-04-25 16:35:26.934] ⏳ Pausa post-envío: 12s…
[2026-04-25 16:35:38.947] 
[34/38] → 573115003937
[2026-04-25 16:35:38.947] 🔁 Abriendo chat (intento 1/3) con: https://web.whatsapp.com/send?phone=573115003937&text=Hola%20%2B57%2C%20te%20escribimos%20de%20MEDPLAY.%0A%0A%E2%80%A2%20Tu%20Youtube%2C%20con%20el%20correo%20anarositagomez7%40gmail.com%2C%20vence%20el%20*26%2F04%2F2026*%2C%20quer%C3%ADa%20saber%20si%20deseas%20*realizar%20la%20renovaci%C3%B3n*%2C%20tiene%20un%20costo%20de%20*%24%207%2C900*.%0A%0A*PARA%20PAGOS%20POR%20NEQUI%20SOLICITAR%20EL%20QR%20POR%20FAVOR*
[2026-04-25 16:35:52.540] ✉️ Enviando…
[2026-04-25 16:35:52.798] ↩️ Enviado (Enter)
[2026-04-25 16:35:52.798] ⏳ Pausa post-envío: 12s…
[2026-04-25 16:36:04.806] 
[35/38] → 573162974880
[2026-04-25 16:36:04.807] 🔁 Abriendo chat (intento 1/3) con: https://web.whatsapp.com/send?phone=573162974880&text=Hola%20%2B57%2C%20te%20escribimos%20de%20MEDPLAY.%0A%0A%E2%80%A2%20Tu%20Youtube%2C%20con%20el%20correo%2028416oscar%40gmail.com%2C%20vence%20el%20*26%2F04%2F2026*%2C%20quer%C3%ADa%20saber%20si%20deseas%20*realizar%20la%20renovaci%C3%B3n*%2C%20tiene%20un%20costo%20de%20*%24%205%2C900*.%0A%0A*PARA%20PAGOS%20POR%20NEQUI%20SOLICITAR%20EL%20QR%20POR%20FAVOR*
[2026-04-25 16:36:18.178] ✉️ Enviando…
[2026-04-25 16:36:18.384] ↩️ Enviado (Enter)
[2026-04-25 16:36:18.384] ⏳ Pausa post-envío: 12s…
[2026-04-25 16:36:30.400] 
[36/38] → 573132566419
[2026-04-25 16:36:30.401] 🔁 Abriendo chat (intento 1/3) con: https://web.whatsapp.com/send?phone=573132566419&text=Hola%20Andres%2C%20te%20escribimos%20de%20MEDPLAY.%0A%0A%E2%80%A2%20Tu%20Youtube%2C%20con%20el%20correo%20puertamorenoandresdamian%40gmail.com%2C%20vence%20el%20*26%2F04%2F2026*%2C%20quer%C3%ADa%20saber%20si%20deseas%20*realizar%20la%20renovaci%C3%B3n*%2C%20tiene%20un%20costo%20de%20*%24%207%2C900*.%0A%0A*PARA%20PAGOS%20POR%20NEQUI%20SOLICITAR%20EL%20QR%20POR%20FAVOR*
[2026-04-25 16:36:40.823] ✉️ Enviando…
[2026-04-25 16:36:42.231] ↩️ Enviado (Enter)
[2026-04-25 16:36:42.231] ⏳ Pausa post-envío: 12s…
[2026-04-25 16:36:54.234] 
[37/38] → 573192920021
[2026-04-25 16:36:54.237] 🔁 Abriendo chat (intento 1/3) con: https://web.whatsapp.com/send?phone=573192920021&text=Hola%20Daniel%2C%20te%20escribimos%20de%20MEDPLAY.%0A%0A%E2%80%A2%20Tu%20Youtube%2C%20con%20el%20correo%20tecnostore488%40gmail.com%2C%20vence%20el%20*26%2F04%2F2026*%2C%20quer%C3%ADa%20saber%20si%20deseas%20*realizar%20la%20renovaci%C3%B3n*%2C%20tiene%20un%20costo%20de%20*%24%207%2C900*.%0A%0A*PARA%20PAGOS%20POR%20NEQUI%20SOLICITAR%20EL%20QR%20POR%20FAVOR*
[2026-04-25 16:37:06.381] ✉️ Enviando…
[2026-04-25 16:37:06.690] ↩️ Enviado (Enter)
[2026-04-25 16:37:06.691] ⏳ Pausa post-envío: 12s…
[2026-04-25 16:37:18.706] 
[38/38] → 573113233819
[2026-04-25 16:37:18.707] 🔁 Abriendo chat (intento 1/3) con: https://web.whatsapp.com/send?phone=573113233819&text=Hola%20Larg%2C%20te%20escribimos%20de%20MEDPLAY.%0A%0A%E2%80%A2%20Tu%20Youtube%2C%20con%20el%20correo%20larg08838%40gmail.com%2C%20vence%20el%20*26%2F04%2F2026*%2C%20quer%C3%ADa%20saber%20si%20deseas%20*realizar%20la%20renovaci%C3%B3n*%2C%20tiene%20un%20costo%20de%20*%24%207%2C900*.%0A%E2%80%A2%20Tu%20Youtube%2C%20con%20el%20correo%20larg08837%40gmail.com%2C%20vence%20el%20*26%2F04%2F2026*%2C%20quer%C3%ADa%20saber%20si%20deseas%20*realizar%20la%20renovaci%C3%B3n*%2C%20tiene%20un%20costo%20de%20*%24%207%2C900*.%0A%0A*PARA%20PAGOS%20POR%20NEQUI%20SOLICITAR%20EL%20QR%20POR%20FAVOR*
[2026-04-25 16:37:22.501] ✉️ Enviando…
[2026-04-25 16:37:30.913] ↩️ Enviado (Enter)
[2026-04-25 16:37:30.914] ⏳ Pausa post-envío: 12s…
[2026-04-25 16:37:42.927] 
✅ Finalizado. Enviados: 38. Omitidos: 0.
[2026-04-25 16:37:42.928] ℹ️ Navegador dejado abierto para revisión manual.
[2026-04-27 02:50:31.499] 📨 Enviaré 50 mensaje(s).
[2026-04-27 02:50:31.500] 🚀 Lanzando script de navegador: C:\Users\Santiago\medplay\scripts\start-edge-wa.bat
[2026-04-27 02:50:31.516] ⏳ Esperando CDP…
[2026-04-27 02:50:34.881] 🟡 Preparando WhatsApp Web…
[2026-04-27 02:51:05.559] ✅ WhatsApp Web listo.
[2026-04-27 02:51:05.560] 
[1/50] → 573207622972
[2026-04-27 02:51:05.561] 🔁 Abriendo chat (intento 1/3) con: https://web.whatsapp.com/send?phone=573207622972&text=Hola%20%2B57%2C%20te%20escribimos%20de%20MEDPLAY.%0A%0A%E2%80%A2%20Tu%20Disney%20(pantalla%203)%2C%20con%20el%20correo%20medplay93%2Bh5%40gmail.com%2C%20vence%20el%20*25%2F04%2F2026*%2C%20quer%C3%ADa%20saber%20si%20deseas%20*realizar%20la%20renovaci%C3%B3n*%2C%20tiene%20un%20costo%20de%20*%24%207%2C900*.%0A%0A*PARA%20PAGOS%20POR%20NEQUI%20SOLICITAR%20EL%20QR%20POR%20FAVOR*
[2026-04-27 02:51:14.240] ✉️ Enviando…
[2026-04-27 02:51:28.317] ↩️ Enviado (Enter)
[2026-04-27 02:51:28.318] ⏳ Pausa post-envío: 12s…
[2026-04-27 02:51:40.342] 
[2/50] → 573017876821
[2026-04-27 02:51:40.342] 🔁 Abriendo chat (intento 1/3) con: https://web.whatsapp.com/send?phone=573017876821&text=Hola%2C%20te%20escribimos%20de%20MEDPLAY.%0A%0A%E2%80%A2%20Tu%20Crunchyroll%20(pantalla%206)%2C%20con%20el%20correo%20florinedoane1582%40hotmail.com%2C%20vence%20el%20*23%2F04%2F2026*%2C%20quer%C3%ADa%20saber%20si%20deseas%20*realizar%20la%20renovaci%C3%B3n*%2C%20tiene%20un%20costo%20de%20*%24%206%2C900*.%0A%0A*PARA%20PAGOS%20POR%20NEQUI%20SOLICITAR%20EL%20QR%20POR%20FAVOR*
[2026-04-27 02:52:22.642] ✉️ Enviando…
[2026-04-27 02:52:36.605] ↩️ Enviado (Enter)
[2026-04-27 02:52:36.606] ⏳ Pausa post-envío: 12s…
[2026-04-27 02:52:48.616] 
[3/50] → 573027993362
[2026-04-27 02:52:48.617] 🔁 Abriendo chat (intento 1/3) con: https://web.whatsapp.com/send?phone=573027993362&text=Hola%2C%20te%20escribimos%20de%20MEDPLAY.%0A%0A%E2%80%A2%20Tu%20Crunchyroll%20(pantalla%202)%2C%20con%20el%20correo%20foxfosfire%40gmail.com%2C%20vence%20el%20*24%2F04%2F2026*%2C%20quer%C3%ADa%20saber%20si%20deseas%20*realizar%20la%20renovaci%C3%B3n*%2C%20tiene%20un%20costo%20de%20*%24%206%2C900*.%0A%0A*PARA%20PAGOS%20POR%20NEQUI%20SOLICITAR%20EL%20QR%20POR%20FAVOR*
[2026-04-27 02:53:16.921] ✉️ Enviando…
[2026-04-27 02:53:31.059] ↩️ Enviado (Enter)
[2026-04-27 02:53:31.060] ⏳ Pausa post-envío: 12s…
[2026-04-27 02:53:43.069] 
[4/50] → 573013579141
[2026-04-27 02:53:43.070] 🔁 Abriendo chat (intento 1/3) con: https://web.whatsapp.com/send?phone=573013579141&text=Hola%2C%20te%20escribimos%20de%20MEDPLAY.%0A%0A%E2%80%A2%20Tu%20Disney%20(pantalla%205)%2C%20con%20el%20correo%20medplay93%2Bnv2%40gmail.com%2C%20vence%20el%20*24%2F04%2F2026*%2C%20quer%C3%ADa%20saber%20si%20deseas%20*realizar%20la%20renovaci%C3%B3n*%2C%20tiene%20un%20costo%20de%20*%24%207%2C900*.%0A%0A*PARA%20PAGOS%20POR%20NEQUI%20SOLICITAR%20EL%20QR%20POR%20FAVOR*
[2026-04-27 02:54:02.655] ✉️ Enviando…
[2026-04-27 02:54:16.220] ↩️ Enviado (Enter)
[2026-04-27 02:54:16.220] ⏳ Pausa post-envío: 12s…
[2026-04-27 02:54:28.223] 
[5/50] → 573167001828
[2026-04-27 02:54:28.224] 🔁 Abriendo chat (intento 1/3) con: https://web.whatsapp.com/send?phone=573167001828&text=Hola%20Carlos%2C%20te%20escribimos%20de%20MEDPLAY.%0A%0A%E2%80%A2%20Tu%20Disney%20(pantalla%206)%2C%20con%20el%20correo%20medplay93%2Bnv2%40gmail.com%2C%20vence%20el%20*25%2F04%2F2026*%2C%20quer%C3%ADa%20saber%20si%20deseas%20*realizar%20la%20renovaci%C3%B3n*%2C%20tiene%20un%20costo%20de%20*%24%207%2C900*.%0A%E2%80%A2%20Tu%20Youtube%2C%20con%20el%20correo%20a250176230%40gmail.com%2C%20vence%20el%20*26%2F04%2F2026*%2C%20quer%C3%ADa%20saber%20si%20deseas%20*realizar%20la%20renovaci%C3%B3n*%2C%20tiene%20un%20costo%20de%20*%24%207%2C900*.%0A%0A*PARA%20PAGOS%20POR%20NEQUI%20SOLICITAR%20EL%20QR%20POR%20FAVOR*
[2026-04-27 02:54:49.488] ✉️ Enviando…
[2026-04-27 02:55:02.761] ↩️ Enviado (Enter)
[2026-04-27 02:55:02.761] ⏳ Pausa post-envío: 12s…
[2026-04-27 02:55:14.767] 
[6/50] → 573177587616
[2026-04-27 02:55:14.768] 🔁 Abriendo chat (intento 1/3) con: https://web.whatsapp.com/send?phone=573177587616&text=Hola%20Juan%2C%20te%20escribimos%20de%20MEDPLAY.%0A%0A%E2%80%A2%20Tu%20Crunchyroll%20(pantalla%201)%2C%20con%20el%20correo%20samaradonaghue66%40hotmail.com%2C%20vence%20el%20*25%2F04%2F2026*%2C%20quer%C3%ADa%20saber%20si%20deseas%20*realizar%20la%20renovaci%C3%B3n*%2C%20tiene%20un%20costo%20de%20*%24%204%2C900*.%0A%0A*PARA%20PAGOS%20POR%20NEQUI%20SOLICITAR%20EL%20QR%20POR%20FAVOR*
[2026-04-27 02:55:46.833] ✉️ Enviando…
[2026-04-27 02:55:57.949] ↩️ Enviado (Enter)
[2026-04-27 02:55:57.950] ⏳ Pausa post-envío: 12s…
[2026-04-27 02:56:09.954] 
[7/50] → 573197987571
[2026-04-27 02:56:09.956] 🔁 Abriendo chat (intento 1/3) con: https://web.whatsapp.com/send?phone=573197987571&text=Hola%20Jhon%2C%20te%20escribimos%20de%20MEDPLAY.%0A%0A%E2%80%A2%20Tu%20Disney%20(pantalla%203)%2C%20con%20el%20correo%20medplay93%2Bh5%40gmail.com%2C%20vence%20el%20*25%2F04%2F2026*%2C%20quer%C3%ADa%20saber%20si%20deseas%20*realizar%20la%20renovaci%C3%B3n*%2C%20tiene%20un%20costo%20de%20*%24%207%2C900*.%0A%0A*PARA%20PAGOS%20POR%20NEQUI%20SOLICITAR%20EL%20QR%20POR%20FAVOR*
[2026-04-27 02:56:37.397] ✉️ Enviando…
[2026-04-27 02:56:48.293] ↩️ Enviado (Enter)
[2026-04-27 02:56:48.293] ⏳ Pausa post-envío: 12s…
[2026-04-27 02:57:00.300] 
[8/50] → 573212493525
[2026-04-27 02:57:00.301] 🔁 Abriendo chat (intento 1/3) con: https://web.whatsapp.com/send?phone=573212493525&text=Hola%20Juan%2C%20te%20escribimos%20de%20MEDPLAY.%0A%0A%E2%80%A2%20Tu%20Crunchyroll%20(pantalla%202)%2C%20con%20el%20correo%20samaradonaghue66%40hotmail.com%2C%20vence%20el%20*25%2F04%2F2026*%2C%20quer%C3%ADa%20saber%20si%20deseas%20*realizar%20la%20renovaci%C3%B3n*%2C%20tiene%20un%20costo%20de%20*%24%204%2C900*.%0A%0A*PARA%20PAGOS%20POR%20NEQUI%20SOLICITAR%20EL%20QR%20POR%20FAVOR*
[2026-04-27 02:57:25.544] ✉️ Enviando…
[2026-04-27 02:57:36.473] ↩️ Enviado (Enter)
[2026-04-27 02:57:36.473] ⏳ Pausa post-envío: 12s…
[2026-04-27 02:57:48.483] 
[9/50] → 573046493632
[2026-04-27 02:57:48.484] 🔁 Abriendo chat (intento 1/3) con: https://web.whatsapp.com/send?phone=573046493632&text=Hola%20%2B57%2C%20te%20escribimos%20de%20MEDPLAY.%0A%0A%E2%80%A2%20Tu%20Crunchyroll%20(pantalla%203)%2C%20con%20el%20correo%20samaradonaghue66%40hotmail.com%2C%20vence%20el%20*25%2F04%2F2026*%2C%20quer%C3%ADa%20saber%20si%20deseas%20*realizar%20la%20renovaci%C3%B3n*%2C%20tiene%20un%20costo%20de%20*%24%206%2C900*.%0A%0A*PARA%20PAGOS%20POR%20NEQUI%20SOLICITAR%20EL%20QR%20POR%20FAVOR*
[2026-04-27 02:58:13.977] ✉️ Enviando…
[2026-04-27 02:58:24.909] ↩️ Enviado (Enter)
[2026-04-27 02:58:24.909] ⏳ Pausa post-envío: 12s…
[2026-04-27 02:58:36.911] 
[10/50] → 573026317568
[2026-04-27 02:58:36.912] 🔁 Abriendo chat (intento 1/3) con: https://web.whatsapp.com/send?phone=573026317568&text=Hola%20Nicolas%2C%20te%20escribimos%20de%20MEDPLAY.%0A%0A%E2%80%A2%20Tu%20Crunchyroll%20(pantalla%204)%2C%20con%20el%20correo%20samaradonaghue66%40hotmail.com%2C%20vence%20el%20*25%2F04%2F2026*%2C%20quer%C3%ADa%20saber%20si%20deseas%20*realizar%20la%20renovaci%C3%B3n*%2C%20tiene%20un%20costo%20de%20*%24%204%2C900*.%0A%0A*PARA%20PAGOS%20POR%20NEQUI%20SOLICITAR%20EL%20QR%20POR%20FAVOR*
[2026-04-27 02:58:57.256] ✉️ Enviando…
[2026-04-27 02:59:08.313] ↩️ Enviado (Enter)
[2026-04-27 02:59:08.313] ⏳ Pausa post-envío: 12s…
[2026-04-27 02:59:20.317] 
[11/50] → 573154375223
[2026-04-27 02:59:20.317] 🔁 Abriendo chat (intento 1/3) con: https://web.whatsapp.com/send?phone=573154375223&text=Hola%20Linderman%2C%20te%20escribimos%20de%20MEDPLAY.%0A%0A%E2%80%A2%20Tu%20Crunchyroll%20(pantalla%201)%2C%20con%20el%20correo%20arveljaap86%40hotmail.com%2C%20vence%20el%20*25%2F04%2F2026*%2C%20quer%C3%ADa%20saber%20si%20deseas%20*realizar%20la%20renovaci%C3%B3n*%2C%20tiene%20un%20costo%20de%20*%24%204%2C900*.%0A%0A*PARA%20PAGOS%20POR%20NEQUI%20SOLICITAR%20EL%20QR%20POR%20FAVOR*
[2026-04-27 02:59:37.386] ✉️ Enviando…
[2026-04-27 02:59:48.331] ↩️ Enviado (Enter)
[2026-04-27 02:59:48.332] ⏳ Pausa post-envío: 12s…
[2026-04-27 03:00:00.338] 
[12/50] → 573226211403
[2026-04-27 03:00:00.339] 🔁 Abriendo chat (intento 1/3) con: https://web.whatsapp.com/send?phone=573226211403&text=Hola%20%2B57%2C%20te%20escribimos%20de%20MEDPLAY.%0A%0A%E2%80%A2%20Tu%20VIX%20(pantalla%206)%2C%20con%20el%20correo%20medplay93%2B73ico%40gmail.com%2C%20vence%20el%20*26%2F04%2F2026*%2C%20quer%C3%ADa%20saber%20si%20deseas%20*realizar%20la%20renovaci%C3%B3n*%2C%20tiene%20un%20costo%20de%20*%24%206%2C000*.%0A%0A*PARA%20PAGOS%20POR%20NEQUI%20SOLICITAR%20EL%20QR%20POR%20FAVOR*
[2026-04-27 03:00:16.730] ✉️ Enviando…
[2026-04-27 03:00:33.246] ↩️ Enviado (Enter)
[2026-04-27 03:00:33.246] ⏳ Pausa post-envío: 12s…
[2026-04-27 03:00:45.256] 
[13/50] → 573013273562
[2026-04-27 03:00:45.257] 🔁 Abriendo chat (intento 1/3) con: https://web.whatsapp.com/send?phone=573013273562&text=Hola%20%2B57%2C%20te%20escribimos%20de%20MEDPLAY.%0A%0A%E2%80%A2%20Tu%20Crunchyroll%20(pantalla%206)%2C%20con%20el%20correo%20samaradonaghue66%40hotmail.com%2C%20vence%20el%20*26%2F04%2F2026*%2C%20quer%C3%ADa%20saber%20si%20deseas%20*realizar%20la%20renovaci%C3%B3n*%2C%20tiene%20un%20costo%20de%20*%24%204%2C900*.%0A%0A*PARA%20PAGOS%20POR%20NEQUI%20SOLICITAR%20EL%20QR%20POR%20FAVOR*
[2026-04-27 03:00:55.698] ✉️ Enviando…
[2026-04-27 03:01:10.016] ↩️ Enviado (Enter)
[2026-04-27 03:01:10.016] ⏳ Pausa post-envío: 12s…
[2026-04-27 03:01:22.019] 
[14/50] → 573203471528
[2026-04-27 03:01:22.019] 🔁 Abriendo chat (intento 1/3) con: https://web.whatsapp.com/send?phone=573203471528&text=Hola%20%2B57%2C%20te%20escribimos%20de%20MEDPLAY.%0A%0A%E2%80%A2%20Tu%20Crunchyroll%20(pantalla%206)%2C%20con%20el%20correo%20vamoabesarnos%40gmail.com%2C%20vence%20el%20*26%2F04%2F2026*%2C%20quer%C3%ADa%20saber%20si%20deseas%20*realizar%20la%20renovaci%C3%B3n*%2C%20tiene%20un%20costo%20de%20*%24%204%2C900*.%0A%0A*PARA%20PAGOS%20POR%20NEQUI%20SOLICITAR%20EL%20QR%20POR%20FAVOR*
[2026-04-27 03:01:32.431] ✉️ Enviando…
[2026-04-27 03:01:49.733] ↩️ Enviado (Enter)
[2026-04-27 03:01:49.733] ⏳ Pausa post-envío: 12s…
[2026-04-27 03:02:01.737] 
[15/50] → 573233609216
[2026-04-27 03:02:01.737] 🔁 Abriendo chat (intento 1/3) con: https://web.whatsapp.com/send?phone=573233609216&text=Hola%20%2B57%2C%20te%20escribimos%20de%20MEDPLAY.%0A%0A%E2%80%A2%20Tu%20Crunchyroll%20(pantalla%201)%2C%20con%20el%20correo%20evelinewombacher42%40hotmail.com%2C%20vence%20el%20*26%2F04%2F2026*%2C%20quer%C3%ADa%20saber%20si%20deseas%20*realizar%20la%20renovaci%C3%B3n*%2C%20tiene%20un%20costo%20de%20*%24%204%2C900*.%0A%0A*PARA%20PAGOS%20POR%20NEQUI%20SOLICITAR%20EL%20QR%20POR%20FAVOR*
[2026-04-27 03:02:11.648] ✉️ Enviando…
[2026-04-27 03:02:26.241] ↩️ Enviado (Enter)
[2026-04-27 03:02:26.242] ⏳ Pausa post-envío: 12s…
[2026-04-27 03:02:38.251] 
[16/50] → 573223928089
[2026-04-27 03:02:38.252] 🔁 Abriendo chat (intento 1/3) con: https://web.whatsapp.com/send?phone=573223928089&text=Hola%20%2B57%2C%20te%20escribimos%20de%20MEDPLAY.%0A%0A%E2%80%A2%20Tu%20Crunchyroll%20(pantalla%202)%2C%20con%20el%20correo%20evelinewombacher42%40hotmail.com%2C%20vence%20el%20*26%2F04%2F2026*%2C%20quer%C3%ADa%20saber%20si%20deseas%20*realizar%20la%20renovaci%C3%B3n*%2C%20tiene%20un%20costo%20de%20*%24%204%2C900*.%0A%0A*PARA%20PAGOS%20POR%20NEQUI%20SOLICITAR%20EL%20QR%20POR%20FAVOR*
[2026-04-27 03:02:47.198] ✉️ Enviando…
[2026-04-27 03:03:00.845] ↩️ Enviado (Enter)
[2026-04-27 03:03:00.845] ⏳ Pausa post-envío: 12s…
[2026-04-27 03:03:12.850] 
[17/50] → 573227072961
[2026-04-27 03:03:12.851] 🔁 Abriendo chat (intento 1/3) con: https://web.whatsapp.com/send?phone=573227072961&text=Hola%20%2B57%2C%20te%20escribimos%20de%20MEDPLAY.%0A%0A%E2%80%A2%20Tu%20Crunchyroll%20(pantalla%203)%2C%20con%20el%20correo%20evelinewombacher42%40hotmail.com%2C%20vence%20el%20*26%2F04%2F2026*%2C%20quer%C3%ADa%20saber%20si%20deseas%20*realizar%20la%20renovaci%C3%B3n*%2C%20tiene%20un%20costo%20de%20*%24%204%2C900*.%0A%0A*PARA%20PAGOS%20POR%20NEQUI%20SOLICITAR%20EL%20QR%20POR%20FAVOR*
[2026-04-27 03:03:18.372] ✉️ Enviando…
[2026-04-27 03:03:30.700] ↩️ Enviado (Enter)
[2026-04-27 03:03:30.701] ⏳ Pausa post-envío: 12s…
[2026-04-27 03:03:42.702] 
[18/50] → 573207789638
[2026-04-27 03:03:42.703] 🔁 Abriendo chat (intento 1/3) con: https://web.whatsapp.com/send?phone=573207789638&text=Hola%20Yuli%2C%20te%20escribimos%20de%20MEDPLAY.%0A%0A%E2%80%A2%20Tu%20Crunchyroll%20(pantalla%204)%2C%20con%20el%20correo%20evelinewombacher42%40hotmail.com%2C%20vence%20el%20*26%2F04%2F2026*%2C%20quer%C3%ADa%20saber%20si%20deseas%20*realizar%20la%20renovaci%C3%B3n*%2C%20tiene%20un%20costo%20de%20*%24%204%2C900*.%0A%0A*PARA%20PAGOS%20POR%20NEQUI%20SOLICITAR%20EL%20QR%20POR%20FAVOR*
[2026-04-27 03:03:54.308] ✉️ Enviando…
[2026-04-27 03:04:02.150] ↩️ Enviado (Enter)
[2026-04-27 03:04:02.150] ⏳ Pausa post-envío: 12s…
[2026-04-27 03:04:14.154] 
[19/50] → 573025700732
[2026-04-27 03:04:14.154] 🔁 Abriendo chat (intento 1/3) con: https://web.whatsapp.com/send?phone=573025700732&text=Hola%20Elizabeth%2C%20te%20escribimos%20de%20MEDPLAY.%0A%0A%E2%80%A2%20Tu%20Crunchyroll%20(pantalla%205)%2C%20con%20el%20correo%20evelinewombacher42%40hotmail.com%2C%20vence%20el%20*26%2F04%2F2026*%2C%20quer%C3%ADa%20saber%20si%20deseas%20*realizar%20la%20renovaci%C3%B3n*%2C%20tiene%20un%20costo%20de%20*%24%204%2C900*.%0A%0A*PARA%20PAGOS%20POR%20NEQUI%20SOLICITAR%20EL%20QR%20POR%20FAVOR*
[2026-04-27 03:04:22.320] ✉️ Enviando…
[2026-04-27 03:04:32.642] ↩️ Enviado (Enter)
[2026-04-27 03:04:32.643] ⏳ Pausa post-envío: 12s…
[2026-04-27 03:04:44.658] 
[20/50] → 573106737198
[2026-04-27 03:04:44.662] 🔁 Abriendo chat (intento 1/3) con: https://web.whatsapp.com/send?phone=573106737198&text=Hola%20%2B57%2C%20te%20escribimos%20de%20MEDPLAY.%0A%0A%E2%80%A2%20Tu%20Crunchyroll%20(pantalla%202)%2C%20con%20el%20correo%20arveljaap86%40hotmail.com%2C%20vence%20el%20*26%2F04%2F2026*%2C%20quer%C3%ADa%20saber%20si%20deseas%20*realizar%20la%20renovaci%C3%B3n*%2C%20tiene%20un%20costo%20de%20*%24%204%2C900*.%0A%0A*PARA%20PAGOS%20POR%20NEQUI%20SOLICITAR%20EL%20QR%20POR%20FAVOR*
[2026-04-27 03:04:56.231] ✉️ Enviando…
[2026-04-27 03:05:04.520] ↩️ Enviado (Enter)
[2026-04-27 03:05:04.521] ⏳ Pausa post-envío: 12s…
[2026-04-27 03:05:16.522] 
[21/50] → 573026064341
[2026-04-27 03:05:16.522] 🔁 Abriendo chat (intento 1/3) con: https://web.whatsapp.com/send?phone=573026064341&text=Hola%20%2B57%2C%20te%20escribimos%20de%20MEDPLAY.%0A%0A%E2%80%A2%20Tu%20Crunchyroll%20(pantalla%202)%2C%20con%20el%20correo%20davinmordini041%40hotmail.com%2C%20vence%20el%20*26%2F04%2F2026*%2C%20quer%C3%ADa%20saber%20si%20deseas%20*realizar%20la%20renovaci%C3%B3n*%2C%20tiene%20un%20costo%20de%20*%24%204%2C900*.%0A%0A*PARA%20PAGOS%20POR%20NEQUI%20SOLICITAR%20EL%20QR%20POR%20FAVOR*
[2026-04-27 03:05:23.897] ✉️ Enviando…
[2026-04-27 03:05:34.981] ↩️ Enviado (Enter)
[2026-04-27 03:05:34.982] ⏳ Pausa post-envío: 12s…
[2026-04-27 03:05:46.982] 
[22/50] → 573157306507
[2026-04-27 03:05:46.982] 🔁 Abriendo chat (intento 1/3) con: https://web.whatsapp.com/send?phone=573157306507&text=Hola%20Sara%2C%20te%20escribimos%20de%20MEDPLAY.%0A%0A%E2%80%A2%20Tu%20Amazon%20(pantalla%203)%2C%20con%20el%20correo%20mxreya44%40gmail.com%2C%20vence%20el%20*26%2F04%2F2026*%2C%20quer%C3%ADa%20saber%20si%20deseas%20*realizar%20la%20renovaci%C3%B3n*%2C%20tiene%20un%20costo%20de%20*%24%207%2C900*.%0A%0A*PARA%20PAGOS%20POR%20NEQUI%20SOLICITAR%20EL%20QR%20POR%20FAVOR*
[2026-04-27 03:05:58.155] ✉️ Enviando…
[2026-04-27 03:06:05.697] ↩️ Enviado (Enter)
[2026-04-27 03:06:05.697] ⏳ Pausa post-envío: 12s…
[2026-04-27 03:06:17.701] 
[23/50] → 573144476819
[2026-04-27 03:06:17.702] 🔁 Abriendo chat (intento 1/3) con: https://web.whatsapp.com/send?phone=573144476819&text=Hola%20Diego%2C%20te%20escribimos%20de%20MEDPLAY.%0A%0A%E2%80%A2%20Tu%20Crunchyroll%20(pantalla%201)%2C%20con%20el%20correo%20ritaovercash37%40hotmail.com%2C%20vence%20el%20*27%2F04%2F2026*%2C%20quer%C3%ADa%20saber%20si%20deseas%20*realizar%20la%20renovaci%C3%B3n*%2C%20tiene%20un%20costo%20de%20*%24%204%2C900*.%0A%0A*PARA%20PAGOS%20POR%20NEQUI%20SOLICITAR%20EL%20QR%20POR%20FAVOR*
[2026-04-27 03:06:25.533] ✉️ Enviando…
[2026-04-27 03:06:35.649] ↩️ Enviado (Enter)
[2026-04-27 03:06:35.650] ⏳ Pausa post-envío: 12s…
[2026-04-27 03:06:47.659] 
[24/50] → 573194222802
[2026-04-27 03:06:47.660] 🔁 Abriendo chat (intento 1/3) con: https://web.whatsapp.com/send?phone=573194222802&text=Hola%20Kevin%2C%20te%20escribimos%20de%20MEDPLAY.%0A%0A%E2%80%A2%20Tu%20Crunchyroll%20(pantalla%201)%2C%20con%20el%20correo%20davinmordini041%40hotmail.com%2C%20vence%20el%20*27%2F04%2F2026*%2C%20quer%C3%ADa%20saber%20si%20deseas%20*realizar%20la%20renovaci%C3%B3n*%2C%20tiene%20un%20costo%20de%20*%24%204%2C900*.%0A%0A*PARA%20PAGOS%20POR%20NEQUI%20SOLICITAR%20EL%20QR%20POR%20FAVOR*
[2026-04-27 03:06:59.664] ✉️ Enviando…
[2026-04-27 03:07:07.593] ↩️ Enviado (Enter)
[2026-04-27 03:07:07.594] ⏳ Pausa post-envío: 12s…
[2026-04-27 03:07:19.601] 
[25/50] → 573136027492
[2026-04-27 03:07:19.602] 🔁 Abriendo chat (intento 1/3) con: https://web.whatsapp.com/send?phone=573136027492&text=Hola%20%2B57%2C%20te%20escribimos%20de%20MEDPLAY.%0A%0A%E2%80%A2%20Tu%20Disney%20(pantalla%204)%2C%20con%20el%20correo%20medplay93%2Bh5%40gmail.com%2C%20vence%20el%20*26%2F04%2F2026*%2C%20quer%C3%ADa%20saber%20si%20deseas%20*realizar%20la%20renovaci%C3%B3n*%2C%20tiene%20un%20costo%20de%20*%24%207%2C900*.%0A%0A*PARA%20PAGOS%20POR%20NEQUI%20SOLICITAR%20EL%20QR%20POR%20FAVOR*
[2026-04-27 03:07:32.733] ✉️ Enviando…
[2026-04-27 03:07:40.814] ↩️ Enviado (Enter)
[2026-04-27 03:07:40.815] ⏳ Pausa post-envío: 12s…
[2026-04-27 03:07:52.828] 
[26/50] → 573208587741
[2026-04-27 03:07:52.829] 🔁 Abriendo chat (intento 1/3) con: https://web.whatsapp.com/send?phone=573208587741&text=Hola%20Juan%2C%20te%20escribimos%20de%20MEDPLAY.%0A%0A%E2%80%A2%20Tu%20Crunchyroll%20(pantalla%202)%2C%20con%20el%20correo%20ritaovercash37%40hotmail.com%2C%20vence%20el%20*27%2F04%2F2026*%2C%20quer%C3%ADa%20saber%20si%20deseas%20*realizar%20la%20renovaci%C3%B3n*%2C%20tiene%20un%20costo%20de%20*%24%204%2C900*.%0A%0A*PARA%20PAGOS%20POR%20NEQUI%20SOLICITAR%20EL%20QR%20POR%20FAVOR*
[2026-04-27 03:08:00.928] ✉️ Enviando…
[2026-04-27 03:08:20.721] ↩️ Enviado (Enter)
[2026-04-27 03:08:20.722] ⏳ Pausa post-envío: 12s…
[2026-04-27 03:08:32.737] 
[27/50] → 573117951724
[2026-04-27 03:08:32.738] 🔁 Abriendo chat (intento 1/3) con: https://web.whatsapp.com/send?phone=573117951724&text=Hola%20%2B57%2C%20te%20escribimos%20de%20MEDPLAY.%0A%0A%E2%80%A2%20Tu%20Crunchyroll%20(pantalla%203)%2C%20con%20el%20correo%20ritaovercash37%40hotmail.com%2C%20vence%20el%20*27%2F04%2F2026*%2C%20quer%C3%ADa%20saber%20si%20deseas%20*realizar%20la%20renovaci%C3%B3n*%2C%20tiene%20un%20costo%20de%20*%24%204%2C900*.%0A%0A*PARA%20PAGOS%20POR%20NEQUI%20SOLICITAR%20EL%20QR%20POR%20FAVOR*
[2026-04-27 03:08:43.834] ✉️ Enviando…
[2026-04-27 03:08:59.147] ↩️ Enviado (Enter)
[2026-04-27 03:08:59.148] ⏳ Pausa post-envío: 12s…
[2026-04-27 03:09:11.154] 
[28/50] → 573124667478
[2026-04-27 03:09:11.154] 🔁 Abriendo chat (intento 1/3) con: https://web.whatsapp.com/send?phone=573124667478&text=Hola%20Felipe%2C%20te%20escribimos%20de%20MEDPLAY.%0A%0A%E2%80%A2%20Tu%20Crunchyroll%20(pantalla%204)%2C%20con%20el%20correo%20ritaovercash37%40hotmail.com%2C%20vence%20el%20*27%2F04%2F2026*%2C%20quer%C3%ADa%20saber%20si%20deseas%20*realizar%20la%20renovaci%C3%B3n*%2C%20tiene%20un%20costo%20de%20*%24%204%2C900*.%0A%0A*PARA%20PAGOS%20POR%20NEQUI%20SOLICITAR%20EL%20QR%20POR%20FAVOR*
[2026-04-27 03:09:19.371] ✉️ Enviando…
[2026-04-27 03:09:29.454] ↩️ Enviado (Enter)
[2026-04-27 03:09:29.455] ⏳ Pausa post-envío: 12s…
[2026-04-27 03:09:41.456] 
[29/50] → 573045467492
[2026-04-27 03:09:41.457] 🔁 Abriendo chat (intento 1/3) con: https://web.whatsapp.com/send?phone=573045467492&text=Hola%20AyC%2C%20te%20escribimos%20de%20MEDPLAY.%0A%0A%E2%80%A2%20Tu%20Netflix%20(pantalla%203)%2C%20con%20el%20correo%20paige9498freda2001%2B2%40outlook.com%2C%20vence%20el%20*27%2F04%2F2026*%2C%20quer%C3%ADa%20saber%20si%20deseas%20*realizar%20la%20renovaci%C3%B3n*%2C%20tiene%20un%20costo%20de%20*%24%2014%2C900*.%0A%0A*PARA%20PAGOS%20POR%20NEQUI%20SOLICITAR%20EL%20QR%20POR%20FAVOR*
[2026-04-27 03:09:51.896] ✉️ Enviando…
[2026-04-27 03:09:58.254] ↩️ Enviado (Enter)
[2026-04-27 03:09:58.255] ⏳ Pausa post-envío: 12s…
[2026-04-27 03:10:10.257] 
[30/50] → 573227277192
[2026-04-27 03:10:10.258] 🔁 Abriendo chat (intento 1/3) con: https://web.whatsapp.com/send?phone=573227277192&text=Hola%2C%20te%20escribimos%20de%20MEDPLAY.%0A%0A%E2%80%A2%20Tu%20MAX%2C%20con%20el%20correo%20medplay93%2Bwer2%40gmail.com%2C%20vence%20el%20*27%2F04%2F2026*%2C%20quer%C3%ADa%20saber%20si%20deseas%20*realizar%20la%20renovaci%C3%B3n*%2C%20tiene%20un%20costo%20de%20*%24%2022%2C900*.%0A%E2%80%A2%20Tu%20MAX%2C%20con%20el%20correo%20medplay93%2B34%40Gmail.com%2C%20vence%20el%20*27%2F04%2F2026*%2C%20quer%C3%ADa%20saber%20si%20deseas%20*realizar%20la%20renovaci%C3%B3n*%2C%20tiene%20un%20costo%20de%20*%24%2022%2C900*.%0A%E2%80%A2%20Tu%20MAX%2C%20con%20el%20correo%20medplay93%2B87%40Gmail.com%2C%20vence%20el%20*27%2F04%2F2026*%2C%20quer%C3%ADa%20saber%20si%20deseas%20*realizar%20la%20renovaci%C3%B3n*%2C%20tiene%20un%20costo%20de%20*%24%2022%2C900*.%0A%E2%80%A2%20Tu%20Disney%20Premium%2C%20con%20el%20correo%20Medplay93%2BEstandar4%40gmail.com%2C%20vence%20el%20*25%2F04%2F2026*%2C%20quer%C3%ADa%20saber%20si%20deseas%20*realizar%20la%20renovaci%C3%B3n*%2C%20tiene%20un%20costo%20de%20*%24%2028%2C900*.%0A%E2%80%A2%20Tu%20Disney%20Premium%2C%20con%20el%20correo%20medplay93%2Bff4%40gmail.com%2C%20vence%20el%20*27%2F04%2F2026*%2C%20quer%C3%ADa%20saber%20si%20deseas%20*realizar%20la%20renovaci%C3%B3n*%2C%20tiene%20un%20costo%20de%20*%24%2028%2C900*.%0A%E2%80%A2%20Tu%20MAX%2C%20con%20el%20correo%20medplay93%2Bbeng%40gmail.com%2C%20vence%20el%20*27%2F04%2F2026*%2C%20quer%C3%ADa%20saber%20si%20deseas%20*realizar%20la%20renovaci%C3%B3n*%2C%20tiene%20un%20costo%20de%20*%24%2022%2C900*.%0A%0A*PARA%20PAGOS%20POR%20NEQUI%20SOLICITAR%20EL%20QR%20POR%20FAVOR*
[2026-04-27 03:10:21.605] ✉️ Enviando…
[2026-04-27 03:10:30.423] ↩️ Enviado (Enter)
[2026-04-27 03:10:30.423] ⏳ Pausa post-envío: 12s…
[2026-04-27 03:10:42.427] 
[31/50] → 573137872584
[2026-04-27 03:10:42.428] 🔁 Abriendo chat (intento 1/3) con: https://web.whatsapp.com/send?phone=573137872584&text=Hola%20Jara%2C%20te%20escribimos%20de%20MEDPLAY.%0A%0A%E2%80%A2%20Tu%20Disney%20Premium%2C%20con%20el%20correo%20medplay93%2Bxc5%40gmail.com%2C%20vence%20el%20*25%2F04%2F2026*%2C%20quer%C3%ADa%20saber%20si%20deseas%20*realizar%20la%20renovaci%C3%B3n*%2C%20tiene%20un%20costo%20de%20*%24%2025%2C000*.%0A%0A*PARA%20PAGOS%20POR%20NEQUI%20SOLICITAR%20EL%20QR%20POR%20FAVOR*
[2026-04-27 03:10:49.318] ✉️ Enviando…
[2026-04-27 03:11:01.791] ↩️ Enviado (Enter)
[2026-04-27 03:11:01.792] ⏳ Pausa post-envío: 12s…
[2026-04-27 03:11:13.800] 
[32/50] → 573206432719
[2026-04-27 03:11:13.801] 🔁 Abriendo chat (intento 1/3) con: https://web.whatsapp.com/send?phone=573206432719&text=Hola%20Isa%2C%20te%20escribimos%20de%20MEDPLAY.%0A%0A%E2%80%A2%20Tu%20Disney%20Premium%2C%20con%20el%20correo%20medplay93%2Bdis4%40gmail.com%2C%20vence%20el%20*25%2F04%2F2026*%2C%20quer%C3%ADa%20saber%20si%20deseas%20*realizar%20la%20renovaci%C3%B3n*%2C%20tiene%20un%20costo%20de%20*%24%2028%2C900*.%0A%E2%80%A2%20Tu%20Disney%2C%20con%20el%20correo%20pruebawe21%2Btt%40gmail.com%2C%20vence%20el%20*26%2F04%2F2026*%2C%20quer%C3%ADa%20saber%20si%20deseas%20*realizar%20la%20renovaci%C3%B3n*%2C%20tiene%20un%20costo%20de%20*%24%2020%2C000*.%0A%0A*PARA%20PAGOS%20POR%20NEQUI%20SOLICITAR%20EL%20QR%20POR%20FAVOR*
[2026-04-27 03:11:22.985] ✉️ Enviando…
[2026-04-27 03:11:33.900] ↩️ Enviado (Enter)
[2026-04-27 03:11:33.901] ⏳ Pausa post-envío: 12s…
[2026-04-27 03:11:45.904] 
[33/50] → 573107305775
[2026-04-27 03:11:45.905] 🔁 Abriendo chat (intento 1/3) con: https://web.whatsapp.com/send?phone=573107305775&text=Hola%20Alex%2C%20te%20escribimos%20de%20MEDPLAY.%0A%0A%E2%80%A2%20Tu%20ChatGPT%2C%20con%20el%20correo%20fabianlex17%40gmail.com%2C%20vence%20el%20*26%2F04%2F2026*%2C%20quer%C3%ADa%20saber%20si%20deseas%20*realizar%20la%20renovaci%C3%B3n*%2C%20tiene%20un%20costo%20de%20*%24%2016%2C900*.%0A%0A*PARA%20PAGOS%20POR%20NEQUI%20SOLICITAR%20EL%20QR%20POR%20FAVOR*
[2026-04-27 03:11:54.233] ✉️ Enviando…
[2026-04-27 03:12:06.269] ↩️ Enviado (Enter)
[2026-04-27 03:12:06.269] ⏳ Pausa post-envío: 12s…
[2026-04-27 03:12:18.272] 
[34/50] → 573118116309
[2026-04-27 03:12:18.273] 🔁 Abriendo chat (intento 1/3) con: https://web.whatsapp.com/send?phone=573118116309&text=Hola%20%2B57%2C%20te%20escribimos%20de%20MEDPLAY.%0A%0A%E2%80%A2%20Tu%20ChatGPT%2C%20con%20el%20correo%20osoriomarroquin00%40gmail.com%2C%20vence%20el%20*27%2F04%2F2026*%2C%20quer%C3%ADa%20saber%20si%20deseas%20*realizar%20la%20renovaci%C3%B3n*%2C%20tiene%20un%20costo%20de%20*%24%2016%2C900*.%0A%0A*PARA%20PAGOS%20POR%20NEQUI%20SOLICITAR%20EL%20QR%20POR%20FAVOR*
[2026-04-27 03:12:26.709] ✉️ Enviando…
[2026-04-27 03:12:37.810] ↩️ Enviado (Enter)
[2026-04-27 03:12:37.811] ⏳ Pausa post-envío: 12s…
[2026-04-27 03:12:49.817] 
[35/50] → 573158561506
[2026-04-27 03:12:49.818] 🔁 Abriendo chat (intento 1/3) con: https://web.whatsapp.com/send?phone=573158561506&text=Hola%20Yohanny%2C%20te%20escribimos%20de%20MEDPLAY.%0A%0A%E2%80%A2%20Tu%20Youtube%2C%20con%20el%20correo%20germanyohannyrojasjurado55%40gmail.com%2C%20vence%20el%20*26%2F04%2F2026*%2C%20quer%C3%ADa%20saber%20si%20deseas%20*realizar%20la%20renovaci%C3%B3n*%2C%20tiene%20un%20costo%20de%20*%24%207%2C900*.%0A%0A*PARA%20PAGOS%20POR%20NEQUI%20SOLICITAR%20EL%20QR%20POR%20FAVOR*
[2026-04-27 03:12:59.002] ✉️ Enviando…
[2026-04-27 03:13:11.075] ↩️ Enviado (Enter)
[2026-04-27 03:13:11.075] ⏳ Pausa post-envío: 12s…
[2026-04-27 03:13:23.084] 
[36/50] → 573006552669
[2026-04-27 03:13:23.084] 🔁 Abriendo chat (intento 1/3) con: https://web.whatsapp.com/send?phone=573006552669&text=Hola%20%2B57%2C%20te%20escribimos%20de%20MEDPLAY.%0A%0A%E2%80%A2%20Tu%20Youtube%2C%20con%20el%20correo%20acme2020sas%40gmail.com%2C%20vence%20el%20*26%2F04%2F2026*%2C%20quer%C3%ADa%20saber%20si%20deseas%20*realizar%20la%20renovaci%C3%B3n*%2C%20tiene%20un%20costo%20de%20*%24%207%2C900*.%0A%0A*PARA%20PAGOS%20POR%20NEQUI%20SOLICITAR%20EL%20QR%20POR%20FAVOR*
[2026-04-27 03:13:39.890] ✉️ Enviando…
[2026-04-27 03:13:46.203] ↩️ Enviado (Enter)
[2026-04-27 03:13:46.203] ⏳ Pausa post-envío: 12s…
[2026-04-27 03:13:58.205] 
[37/50] → 573103069546
[2026-04-27 03:13:58.205] 🔁 Abriendo chat (intento 1/3) con: https://web.whatsapp.com/send?phone=573103069546&text=Hola%20%2B57%2C%20te%20escribimos%20de%20MEDPLAY.%0A%0A%E2%80%A2%20Tu%20Youtube%2C%20con%20el%20correo%20ariasruben422%40gmail.com%2C%20vence%20el%20*26%2F04%2F2026*%2C%20quer%C3%ADa%20saber%20si%20deseas%20*realizar%20la%20renovaci%C3%B3n*%2C%20tiene%20un%20costo%20de%20*%24%207%2C900*.%0A%0A*PARA%20PAGOS%20POR%20NEQUI%20SOLICITAR%20EL%20QR%20POR%20FAVOR*
[2026-04-27 03:14:06.513] ✉️ Enviando…
[2026-04-27 03:14:17.806] ↩️ Enviado (Enter)
[2026-04-27 03:14:17.807] ⏳ Pausa post-envío: 12s…
[2026-04-27 03:14:29.815] 
[38/50] → 573228115789
[2026-04-27 03:14:29.815] 🔁 Abriendo chat (intento 1/3) con: https://web.whatsapp.com/send?phone=573228115789&text=Hola%20%2B57%2C%20te%20escribimos%20de%20MEDPLAY.%0A%0A%E2%80%A2%20Tu%20Youtube%2C%20con%20el%20correo%20gutierrezsoraya422%40gmail.com%2C%20vence%20el%20*26%2F04%2F2026*%2C%20quer%C3%ADa%20saber%20si%20deseas%20*realizar%20la%20renovaci%C3%B3n*%2C%20tiene%20un%20costo%20de%20*%24%205%2C900*.%0A%0A*PARA%20PAGOS%20POR%20NEQUI%20SOLICITAR%20EL%20QR%20POR%20FAVOR*
[2026-04-27 03:14:37.321] ✉️ Enviando…
[2026-04-27 03:14:47.375] ↩️ Enviado (Enter)
[2026-04-27 03:14:47.375] ⏳ Pausa post-envío: 12s…
[2026-04-27 03:14:59.380] 
[39/50] → 573137688695
[2026-04-27 03:14:59.381] 🔁 Abriendo chat (intento 1/3) con: https://web.whatsapp.com/send?phone=573137688695&text=Hola%20%2B57%2C%20te%20escribimos%20de%20MEDPLAY.%0A%0A%E2%80%A2%20Tu%20Youtube%2C%20con%20el%20correo%20juanka226335%40gmail.com%2C%20vence%20el%20*26%2F04%2F2026*%2C%20quer%C3%ADa%20saber%20si%20deseas%20*realizar%20la%20renovaci%C3%B3n*%2C%20tiene%20un%20costo%20de%20*%24%205%2C900*.%0A%0A*PARA%20PAGOS%20POR%20NEQUI%20SOLICITAR%20EL%20QR%20POR%20FAVOR*
[2026-04-27 03:15:07.664] ✉️ Enviando…
[2026-04-27 03:15:21.498] ↩️ Enviado (Enter)
[2026-04-27 03:15:21.499] ⏳ Pausa post-envío: 12s…
[2026-04-27 03:15:33.504] 
[40/50] → 573114170955
[2026-04-27 03:15:33.504] 🔁 Abriendo chat (intento 1/3) con: https://web.whatsapp.com/send?phone=573114170955&text=Hola%20%2B57%2C%20te%20escribimos%20de%20MEDPLAY.%0A%0A%E2%80%A2%20Tu%20Youtube%2C%20con%20el%20correo%20kedasaba7706%40gmail.com%2C%20vence%20el%20*26%2F04%2F2026*%2C%20quer%C3%ADa%20saber%20si%20deseas%20*realizar%20la%20renovaci%C3%B3n*%2C%20tiene%20un%20costo%20de%20*%24%207%2C900*.%0A%0A*PARA%20PAGOS%20POR%20NEQUI%20SOLICITAR%20EL%20QR%20POR%20FAVOR*
[2026-04-27 03:15:42.098] ✉️ Enviando…
[2026-04-27 03:15:54.031] ↩️ Enviado (Enter)
[2026-04-27 03:15:54.032] ⏳ Pausa post-envío: 12s…
[2026-04-27 03:16:06.037] 
[41/50] → 573115003937
[2026-04-27 03:16:06.038] 🔁 Abriendo chat (intento 1/3) con: https://web.whatsapp.com/send?phone=573115003937&text=Hola%20%2B57%2C%20te%20escribimos%20de%20MEDPLAY.%0A%0A%E2%80%A2%20Tu%20Youtube%2C%20con%20el%20correo%20anarositagomez7%40gmail.com%2C%20vence%20el%20*26%2F04%2F2026*%2C%20quer%C3%ADa%20saber%20si%20deseas%20*realizar%20la%20renovaci%C3%B3n*%2C%20tiene%20un%20costo%20de%20*%24%207%2C900*.%0A%0A*PARA%20PAGOS%20POR%20NEQUI%20SOLICITAR%20EL%20QR%20POR%20FAVOR*
[2026-04-27 03:16:14.613] ✉️ Enviando…
[2026-04-27 03:16:26.020] ↩️ Enviado (Enter)
[2026-04-27 03:16:26.021] ⏳ Pausa post-envío: 12s…
[2026-04-27 03:16:38.035] 
[42/50] → 573162974880
[2026-04-27 03:16:38.036] 🔁 Abriendo chat (intento 1/3) con: https://web.whatsapp.com/send?phone=573162974880&text=Hola%20%2B57%2C%20te%20escribimos%20de%20MEDPLAY.%0A%0A%E2%80%A2%20Tu%20Youtube%2C%20con%20el%20correo%2028416oscar%40gmail.com%2C%20vence%20el%20*26%2F04%2F2026*%2C%20quer%C3%ADa%20saber%20si%20deseas%20*realizar%20la%20renovaci%C3%B3n*%2C%20tiene%20un%20costo%20de%20*%24%205%2C900*.%0A%0A*PARA%20PAGOS%20POR%20NEQUI%20SOLICITAR%20EL%20QR%20POR%20FAVOR*
[2026-04-27 03:16:46.941] ✉️ Enviando…
[2026-04-27 03:16:59.009] ↩️ Enviado (Enter)
[2026-04-27 03:16:59.009] ⏳ Pausa post-envío: 12s…
[2026-04-27 03:17:11.018] 
[43/50] → 573132566419
[2026-04-27 03:17:11.019] 🔁 Abriendo chat (intento 1/3) con: https://web.whatsapp.com/send?phone=573132566419&text=Hola%20Andres%2C%20te%20escribimos%20de%20MEDPLAY.%0A%0A%E2%80%A2%20Tu%20Youtube%2C%20con%20el%20correo%20puertamorenoandresdamian%40gmail.com%2C%20vence%20el%20*26%2F04%2F2026*%2C%20quer%C3%ADa%20saber%20si%20deseas%20*realizar%20la%20renovaci%C3%B3n*%2C%20tiene%20un%20costo%20de%20*%24%207%2C900*.%0A%E2%80%A2%20Tu%20Youtube%2C%20con%20el%20correo%20barrerafuentesalvaro%40gmail.com%2C%20vence%20el%20*27%2F04%2F2026*%2C%20quer%C3%ADa%20saber%20si%20deseas%20*realizar%20la%20renovaci%C3%B3n*%2C%20tiene%20un%20costo%20de%20*%24%207%2C900*.%0A%0A*PARA%20PAGOS%20POR%20NEQUI%20SOLICITAR%20EL%20QR%20POR%20FAVOR*
[2026-04-27 03:17:19.590] ✉️ Enviando…
[2026-04-27 03:17:31.059] ↩️ Enviado (Enter)
[2026-04-27 03:17:31.059] ⏳ Pausa post-envío: 12s…
[2026-04-27 03:17:43.062] 
[44/50] → 573192920021
[2026-04-27 03:17:43.063] 🔁 Abriendo chat (intento 1/3) con: https://web.whatsapp.com/send?phone=573192920021&text=Hola%20Daniel%2C%20te%20escribimos%20de%20MEDPLAY.%0A%0A%E2%80%A2%20Tu%20Youtube%2C%20con%20el%20correo%20tecnostore488%40gmail.com%2C%20vence%20el%20*26%2F04%2F2026*%2C%20quer%C3%ADa%20saber%20si%20deseas%20*realizar%20la%20renovaci%C3%B3n*%2C%20tiene%20un%20costo%20de%20*%24%207%2C900*.%0A%0A*PARA%20PAGOS%20POR%20NEQUI%20SOLICITAR%20EL%20QR%20POR%20FAVOR*
[2026-04-27 03:17:52.333] ✉️ Enviando…
[2026-04-27 03:18:03.499] ↩️ Enviado (Enter)
[2026-04-27 03:18:03.500] ⏳ Pausa post-envío: 12s…
[2026-04-27 03:18:15.513] 
[45/50] → 573113233819
[2026-04-27 03:18:15.514] 🔁 Abriendo chat (intento 1/3) con: https://web.whatsapp.com/send?phone=573113233819&text=Hola%20Larg%2C%20te%20escribimos%20de%20MEDPLAY.%0A%0A%E2%80%A2%20Tu%20Youtube%2C%20con%20el%20correo%20larg08838%40gmail.com%2C%20vence%20el%20*26%2F04%2F2026*%2C%20quer%C3%ADa%20saber%20si%20deseas%20*realizar%20la%20renovaci%C3%B3n*%2C%20tiene%20un%20costo%20de%20*%24%207%2C900*.%0A%E2%80%A2%20Tu%20Youtube%2C%20con%20el%20correo%20larg08837%40gmail.com%2C%20vence%20el%20*26%2F04%2F2026*%2C%20quer%C3%ADa%20saber%20si%20deseas%20*realizar%20la%20renovaci%C3%B3n*%2C%20tiene%20un%20costo%20de%20*%24%207%2C900*.%0A%0A*PARA%20PAGOS%20POR%20NEQUI%20SOLICITAR%20EL%20QR%20POR%20FAVOR*
[2026-04-27 03:18:26.880] ✉️ Enviando…
[2026-04-27 03:18:35.182] ↩️ Enviado (Enter)
[2026-04-27 03:18:35.184] ⏳ Pausa post-envío: 12s…
[2026-04-27 03:18:47.188] 
[46/50] → 573193164039
[2026-04-27 03:18:47.188] 🔁 Abriendo chat (intento 1/3) con: https://web.whatsapp.com/send?phone=573193164039&text=Hola%20Paula%2C%20te%20escribimos%20de%20MEDPLAY.%0A%0A%E2%80%A2%20Tu%20Youtube%2C%20con%20el%20correo%20vivianita0408%40gmail.com%2C%20vence%20el%20*27%2F04%2F2026*%2C%20quer%C3%ADa%20saber%20si%20deseas%20*realizar%20la%20renovaci%C3%B3n*%2C%20tiene%20un%20costo%20de%20*%24%207%2C900*.%0A%0A*PARA%20PAGOS%20POR%20NEQUI%20SOLICITAR%20EL%20QR%20POR%20FAVOR*
[2026-04-27 03:18:56.186] ✉️ Enviando…
[2026-04-27 03:19:07.000] ↩️ Enviado (Enter)
[2026-04-27 03:19:07.000] ⏳ Pausa post-envío: 12s…
[2026-04-27 03:19:19.004] 
[47/50] → 573022745244
[2026-04-27 03:19:19.004] 🔁 Abriendo chat (intento 1/3) con: https://web.whatsapp.com/send?phone=573022745244&text=Hola%20Laura%2C%20te%20escribimos%20de%20MEDPLAY.%0A%0A%E2%80%A2%20Tu%20Youtube%2C%20con%20el%20correo%20avendanoecheverrilaura%40gmail.com%2C%20vence%20el%20*27%2F04%2F2026*%2C%20quer%C3%ADa%20saber%20si%20deseas%20*realizar%20la%20renovaci%C3%B3n*%2C%20tiene%20un%20costo%20de%20*%24%207%2C900*.%0A%0A*PARA%20PAGOS%20POR%20NEQUI%20SOLICITAR%20EL%20QR%20POR%20FAVOR*
[2026-04-27 03:19:29.906] ✉️ Enviando…
[2026-04-27 03:19:35.980] ↩️ Enviado (Enter)
[2026-04-27 03:19:35.980] ⏳ Pausa post-envío: 12s…
[2026-04-27 03:19:47.983] 
[48/50] → 573025267014
[2026-04-27 03:19:47.985] 🔁 Abriendo chat (intento 1/3) con: https://web.whatsapp.com/send?phone=573025267014&text=Hola%2C%20te%20escribimos%20de%20MEDPLAY.%0A%0A%E2%80%A2%20Tu%20Youtube%2C%20con%20el%20correo%20jr0184902%40gmail.com%2C%20vence%20el%20*27%2F04%2F2026*%2C%20quer%C3%ADa%20saber%20si%20deseas%20*realizar%20la%20renovaci%C3%B3n*%2C%20tiene%20un%20costo%20de%20*%24%207%2C900*.%0A%0A*PARA%20PAGOS%20POR%20NEQUI%20SOLICITAR%20EL%20QR%20POR%20FAVOR*
[2026-04-27 03:19:59.527] ✉️ Enviando…
[2026-04-27 03:20:07.668] ↩️ Enviado (Enter)
[2026-04-27 03:20:07.669] ⏳ Pausa post-envío: 12s…
[2026-04-27 03:20:19.672] 
[49/50] → 573205249334
[2026-04-27 03:20:19.673] 🔁 Abriendo chat (intento 1/3) con: https://web.whatsapp.com/send?phone=573205249334&text=Hola%20Ivan%2C%20te%20escribimos%20de%20MEDPLAY.%0A%0A%E2%80%A2%20Tu%20Youtube%2C%20con%20el%20correo%20aylengalindo201%40gmail.com%2C%20vence%20el%20*27%2F04%2F2026*%2C%20quer%C3%ADa%20saber%20si%20deseas%20*realizar%20la%20renovaci%C3%B3n*%2C%20tiene%20un%20costo%20de%20*%24%207%2C900*.%0A%0A*PARA%20PAGOS%20POR%20NEQUI%20SOLICITAR%20EL%20QR%20POR%20FAVOR*
[2026-04-27 03:20:26.670] ✉️ Enviando…
[2026-04-27 03:20:50.093] ↩️ Enviado (Enter)
[2026-04-27 03:20:50.094] ⏳ Pausa post-envío: 12s…
[2026-04-27 03:21:02.100] 
[50/50] → 573107348626
[2026-04-27 03:21:02.102] 🔁 Abriendo chat (intento 1/3) con: https://web.whatsapp.com/send?phone=573107348626&text=Hola%20Jhon%2C%20te%20escribimos%20de%20MEDPLAY.%0A%0A%E2%80%A2%20Tu%20Youtube%2C%20con%20el%20correo%20jhoncardonaramirez11%40gmail.com%2C%20vence%20el%20*27%2F04%2F2026*%2C%20quer%C3%ADa%20saber%20si%20deseas%20*realizar%20la%20renovaci%C3%B3n*%2C%20tiene%20un%20costo%20de%20*%24%207%2C900*.%0A%0A*PARA%20PAGOS%20POR%20NEQUI%20SOLICITAR%20EL%20QR%20POR%20FAVOR*
[2026-04-27 03:21:16.509] ✉️ Enviando…
[2026-04-27 03:21:22.810] ↩️ Enviado (Enter)
[2026-04-27 03:21:22.810] ⏳ Pausa post-envío: 12s…
[2026-04-27 03:21:34.818] 
✅ Finalizado. Enviados: 50. Omitidos: 0.
[2026-04-27 03:21:34.819] ℹ️ Navegador dejado abierto para revisión manual.
[2026-04-27 14:22:36.454] 📨 Enviaré 68 mensaje(s).
[2026-04-27 14:22:36.455] 🚀 Lanzando script de navegador: C:\Users\Santiago\medplay\scripts\start-edge-wa.bat
[2026-04-27 14:22:36.472] ⏳ Esperando CDP…
[2026-04-27 14:22:39.556] 🟡 Preparando WhatsApp Web…
[2026-04-27 14:22:44.176] ✅ WhatsApp Web listo.
[2026-04-27 14:22:44.178] 
[1/68] → 573207622972
[2026-04-27 14:22:44.179] 🔁 Abriendo chat (intento 1/3) con: https://web.whatsapp.com/send?phone=573207622972&text=Hola%20%2B57%2C%20te%20escribimos%20de%20MEDPLAY.%0A%0A%E2%80%A2%20Tu%20Disney%20(pantalla%203)%2C%20con%20el%20correo%20medplay93%2Bh5%40gmail.com%2C%20vence%20el%20*25%2F04%2F2026*%2C%20quer%C3%ADa%20saber%20si%20deseas%20*realizar%20la%20renovaci%C3%B3n*%2C%20tiene%20un%20costo%20de%20*%24%207%2C900*.%0A%0A*PARA%20PAGOS%20POR%20NEQUI%20SOLICITAR%20EL%20QR%20POR%20FAVOR*
[2026-04-27 14:22:47.321] ✉️ Enviando…
[2026-04-27 14:22:50.675] ↩️ Enviado (Enter)
[2026-04-27 14:22:50.676] ⏳ Pausa post-envío: 12s…
[2026-04-27 14:23:02.691] 
[2/68] → 573135427163
[2026-04-27 14:23:02.692] 🔁 Abriendo chat (intento 1/3) con: https://web.whatsapp.com/send?phone=573135427163&text=Hola%20Estefania%2C%20te%20escribimos%20de%20MEDPLAY.%0A%0A%E2%80%A2%20Tu%20Netflix%20(pantalla%205)%2C%20con%20el%20correo%20xozptos6%40nerpre.com%2C%20vence%20el%20*28%2F04%2F2026*%2C%20quer%C3%ADa%20saber%20si%20deseas%20*realizar%20la%20renovaci%C3%B3n*%2C%20tiene%20un%20costo%20de%20*%24%2014%2C900*.%0A%E2%80%A2%20Tu%20Netflix%20(pantalla%206)%2C%20con%20el%20correo%20xozptos6%40nerpre.com%2C%20vence%20el%20*28%2F04%2F2026*%2C%20quer%C3%ADa%20saber%20si%20deseas%20*realizar%20la%20renovaci%C3%B3n*%2C%20tiene%20un%20costo%20de%20*%24%2014%2C900*.%0A%0A*PARA%20PAGOS%20POR%20NEQUI%20SOLICITAR%20EL%20QR%20POR%20FAVOR*
[2026-04-27 14:23:15.129] ✉️ Enviando…
[2026-04-27 14:23:15.426] ↩️ Enviado (Enter)
[2026-04-27 14:23:15.426] ⏳ Pausa post-envío: 12s…
[2026-04-27 14:23:27.435] 
[3/68] → 573017876821
[2026-04-27 14:23:27.438] 🔁 Abriendo chat (intento 1/3) con: https://web.whatsapp.com/send?phone=573017876821&text=Hola%2C%20te%20escribimos%20de%20MEDPLAY.%0A%0A%E2%80%A2%20Tu%20Crunchyroll%20(pantalla%206)%2C%20con%20el%20correo%20florinedoane1582%40hotmail.com%2C%20vence%20el%20*23%2F04%2F2026*%2C%20quer%C3%ADa%20saber%20si%20deseas%20*realizar%20la%20renovaci%C3%B3n*%2C%20tiene%20un%20costo%20de%20*%24%206%2C900*.%0A%0A*PARA%20PAGOS%20POR%20NEQUI%20SOLICITAR%20EL%20QR%20POR%20FAVOR*
[2026-04-27 14:23:30.735] ✉️ Enviando…
[2026-04-27 14:23:34.245] ↩️ Enviado (Enter)
[2026-04-27 14:23:34.245] ⏳ Pausa post-envío: 12s…
[2026-04-27 14:23:46.257] 
[4/68] → 573027993362
[2026-04-27 14:23:46.259] 🔁 Abriendo chat (intento 1/3) con: https://web.whatsapp.com/send?phone=573027993362&text=Hola%2C%20te%20escribimos%20de%20MEDPLAY.%0A%0A%E2%80%A2%20Tu%20Crunchyroll%20(pantalla%202)%2C%20con%20el%20correo%20foxfosfire%40gmail.com%2C%20vence%20el%20*24%2F04%2F2026*%2C%20quer%C3%ADa%20saber%20si%20deseas%20*realizar%20la%20renovaci%C3%B3n*%2C%20tiene%20un%20costo%20de%20*%24%206%2C900*.%0A%0A*PARA%20PAGOS%20POR%20NEQUI%20SOLICITAR%20EL%20QR%20POR%20FAVOR*
[2026-04-27 14:23:58.607] ✉️ Enviando…
[2026-04-27 14:23:58.885] ↩️ Enviado (Enter)
[2026-04-27 14:23:58.886] ⏳ Pausa post-envío: 12s…
[2026-04-27 14:24:10.892] 
[5/68] → 573013579141
[2026-04-27 14:24:10.893] 🔁 Abriendo chat (intento 1/3) con: https://web.whatsapp.com/send?phone=573013579141&text=Hola%2C%20te%20escribimos%20de%20MEDPLAY.%0A%0A%E2%80%A2%20Tu%20Disney%20(pantalla%205)%2C%20con%20el%20correo%20medplay93%2Bnv2%40gmail.com%2C%20vence%20el%20*24%2F04%2F2026*%2C%20quer%C3%ADa%20saber%20si%20deseas%20*realizar%20la%20renovaci%C3%B3n*%2C%20tiene%20un%20costo%20de%20*%24%207%2C900*.%0A%0A*PARA%20PAGOS%20POR%20NEQUI%20SOLICITAR%20EL%20QR%20POR%20FAVOR*
[2026-04-27 14:24:21.223] ✉️ Enviando…
[2026-04-27 14:24:21.544] ↩️ Enviado (Enter)
[2026-04-27 14:24:21.544] ⏳ Pausa post-envío: 12s…
[2026-04-27 14:24:33.545] 
[6/68] → 573167001828
[2026-04-27 14:24:33.545] 🔁 Abriendo chat (intento 1/3) con: https://web.whatsapp.com/send?phone=573167001828&text=Hola%20Carlos%2C%20te%20escribimos%20de%20MEDPLAY.%0A%0A%E2%80%A2%20Tu%20Disney%20(pantalla%206)%2C%20con%20el%20correo%20medplay93%2Bnv2%40gmail.com%2C%20vence%20el%20*25%2F04%2F2026*%2C%20quer%C3%ADa%20saber%20si%20deseas%20*realizar%20la%20renovaci%C3%B3n*%2C%20tiene%20un%20costo%20de%20*%24%207%2C900*.%0A%E2%80%A2%20Tu%20Youtube%2C%20con%20el%20correo%20a250176230%40gmail.com%2C%20vence%20el%20*26%2F04%2F2026*%2C%20quer%C3%ADa%20saber%20si%20deseas%20*realizar%20la%20renovaci%C3%B3n*%2C%20tiene%20un%20costo%20de%20*%24%207%2C900*.%0A%0A*PARA%20PAGOS%20POR%20NEQUI%20SOLICITAR%20EL%20QR%20POR%20FAVOR*
[2026-04-27 14:24:36.819] ✉️ Enviando…
[2026-04-27 14:24:40.049] ↩️ Enviado (Enter)
[2026-04-27 14:24:40.050] ⏳ Pausa post-envío: 12s…
[2026-04-27 14:24:52.053] 
[7/68] → 573177587616
[2026-04-27 14:24:52.054] 🔁 Abriendo chat (intento 1/3) con: https://web.whatsapp.com/send?phone=573177587616&text=Hola%20Juan%2C%20te%20escribimos%20de%20MEDPLAY.%0A%0A%E2%80%A2%20Tu%20Crunchyroll%20(pantalla%201)%2C%20con%20el%20correo%20samaradonaghue66%40hotmail.com%2C%20vence%20el%20*25%2F04%2F2026*%2C%20quer%C3%ADa%20saber%20si%20deseas%20*realizar%20la%20renovaci%C3%B3n*%2C%20tiene%20un%20costo%20de%20*%24%204%2C900*.%0A%0A*PARA%20PAGOS%20POR%20NEQUI%20SOLICITAR%20EL%20QR%20POR%20FAVOR*
[2026-04-27 14:25:02.085] ✉️ Enviando…
[2026-04-27 14:25:02.532] ↩️ Enviado (Enter)
[2026-04-27 14:25:02.533] ⏳ Pausa post-envío: 12s…
[2026-04-27 14:25:14.541] 
[8/68] → 573197987571
[2026-04-27 14:25:14.544] 🔁 Abriendo chat (intento 1/3) con: https://web.whatsapp.com/send?phone=573197987571&text=Hola%20Jhon%2C%20te%20escribimos%20de%20MEDPLAY.%0A%0A%E2%80%A2%20Tu%20Disney%20(pantalla%203)%2C%20con%20el%20correo%20medplay93%2Bh5%40gmail.com%2C%20vence%20el%20*25%2F04%2F2026*%2C%20quer%C3%ADa%20saber%20si%20deseas%20*realizar%20la%20renovaci%C3%B3n*%2C%20tiene%20un%20costo%20de%20*%24%207%2C900*.%0A%0A*PARA%20PAGOS%20POR%20NEQUI%20SOLICITAR%20EL%20QR%20POR%20FAVOR*
[2026-04-27 14:25:23.845] ✉️ Enviando…
[2026-04-27 14:25:24.431] ↩️ Enviado (Enter)
[2026-04-27 14:25:24.432] ⏳ Pausa post-envío: 12s…
[2026-04-27 14:25:36.435] 
[9/68] → 573212493525
[2026-04-27 14:25:36.436] 🔁 Abriendo chat (intento 1/3) con: https://web.whatsapp.com/send?phone=573212493525&text=Hola%20Juan%2C%20te%20escribimos%20de%20MEDPLAY.%0A%0A%E2%80%A2%20Tu%20Crunchyroll%20(pantalla%202)%2C%20con%20el%20correo%20samaradonaghue66%40hotmail.com%2C%20vence%20el%20*25%2F04%2F2026*%2C%20quer%C3%ADa%20saber%20si%20deseas%20*realizar%20la%20renovaci%C3%B3n*%2C%20tiene%20un%20costo%20de%20*%24%204%2C900*.%0A%0A*PARA%20PAGOS%20POR%20NEQUI%20SOLICITAR%20EL%20QR%20POR%20FAVOR*
[2026-04-27 14:25:39.660] ✉️ Enviando…
[2026-04-27 14:25:42.899] ↩️ Enviado (Enter)
[2026-04-27 14:25:42.900] ⏳ Pausa post-envío: 12s…
[2026-04-27 14:25:54.903] 
[10/68] → 573046493632
[2026-04-27 14:25:54.904] 🔁 Abriendo chat (intento 1/3) con: https://web.whatsapp.com/send?phone=573046493632&text=Hola%20%2B57%2C%20te%20escribimos%20de%20MEDPLAY.%0A%0A%E2%80%A2%20Tu%20Crunchyroll%20(pantalla%203)%2C%20con%20el%20correo%20samaradonaghue66%40hotmail.com%2C%20vence%20el%20*25%2F04%2F2026*%2C%20quer%C3%ADa%20saber%20si%20deseas%20*realizar%20la%20renovaci%C3%B3n*%2C%20tiene%20un%20costo%20de%20*%24%206%2C900*.%0A%0A*PARA%20PAGOS%20POR%20NEQUI%20SOLICITAR%20EL%20QR%20POR%20FAVOR*
[2026-04-27 14:25:58.120] ✉️ Enviando…
[2026-04-27 14:26:01.539] ↩️ Enviado (Enter)
[2026-04-27 14:26:01.540] ⏳ Pausa post-envío: 12s…
[2026-04-27 14:26:13.557] 
[11/68] → 573026317568
[2026-04-27 14:26:13.558] 🔁 Abriendo chat (intento 1/3) con: https://web.whatsapp.com/send?phone=573026317568&text=Hola%20Nicolas%2C%20te%20escribimos%20de%20MEDPLAY.%0A%0A%E2%80%A2%20Tu%20Crunchyroll%20(pantalla%204)%2C%20con%20el%20correo%20samaradonaghue66%40hotmail.com%2C%20vence%20el%20*25%2F04%2F2026*%2C%20quer%C3%ADa%20saber%20si%20deseas%20*realizar%20la%20renovaci%C3%B3n*%2C%20tiene%20un%20costo%20de%20*%24%204%2C900*.%0A%0A*PARA%20PAGOS%20POR%20NEQUI%20SOLICITAR%20EL%20QR%20POR%20FAVOR*
[2026-04-27 14:26:25.633] ✉️ Enviando…
[2026-04-27 14:26:25.931] ↩️ Enviado (Enter)
[2026-04-27 14:26:25.931] ⏳ Pausa post-envío: 12s…
[2026-04-27 14:26:37.947] 
[12/68] → 573154375223
[2026-04-27 14:26:37.948] 🔁 Abriendo chat (intento 1/3) con: https://web.whatsapp.com/send?phone=573154375223&text=Hola%20Linderman%2C%20te%20escribimos%20de%20MEDPLAY.%0A%0A%E2%80%A2%20Tu%20Crunchyroll%20(pantalla%201)%2C%20con%20el%20correo%20arveljaap86%40hotmail.com%2C%20vence%20el%20*25%2F04%2F2026*%2C%20quer%C3%ADa%20saber%20si%20deseas%20*realizar%20la%20renovaci%C3%B3n*%2C%20tiene%20un%20costo%20de%20*%24%204%2C900*.%0A%0A*PARA%20PAGOS%20POR%20NEQUI%20SOLICITAR%20EL%20QR%20POR%20FAVOR*
[2026-04-27 14:26:49.933] ✉️ Enviando…
[2026-04-27 14:26:50.218] ↩️ Enviado (Enter)
[2026-04-27 14:26:50.218] ⏳ Pausa post-envío: 12s…
[2026-04-27 14:27:02.233] 
[13/68] → 573226211403
[2026-04-27 14:27:02.235] 🔁 Abriendo chat (intento 1/3) con: https://web.whatsapp.com/send?phone=573226211403&text=Hola%20%2B57%2C%20te%20escribimos%20de%20MEDPLAY.%0A%0A%E2%80%A2%20Tu%20VIX%20(pantalla%206)%2C%20con%20el%20correo%20medplay93%2B73ico%40gmail.com%2C%20vence%20el%20*26%2F04%2F2026*%2C%20quer%C3%ADa%20saber%20si%20deseas%20*realizar%20la%20renovaci%C3%B3n*%2C%20tiene%20un%20costo%20de%20*%24%206%2C000*.%0A%0A*PARA%20PAGOS%20POR%20NEQUI%20SOLICITAR%20EL%20QR%20POR%20FAVOR*
[2026-04-27 14:27:05.653] ✉️ Enviando…
[2026-04-27 14:27:09.081] ↩️ Enviado (Enter)
[2026-04-27 14:27:09.082] ⏳ Pausa post-envío: 12s…
[2026-04-27 14:27:21.085] 
[14/68] → 573013273562
[2026-04-27 14:27:21.085] 🔁 Abriendo chat (intento 1/3) con: https://web.whatsapp.com/send?phone=573013273562&text=Hola%20%2B57%2C%20te%20escribimos%20de%20MEDPLAY.%0A%0A%E2%80%A2%20Tu%20Crunchyroll%20(pantalla%206)%2C%20con%20el%20correo%20samaradonaghue66%40hotmail.com%2C%20vence%20el%20*26%2F04%2F2026*%2C%20quer%C3%ADa%20saber%20si%20deseas%20*realizar%20la%20renovaci%C3%B3n*%2C%20tiene%20un%20costo%20de%20*%24%204%2C900*.%0A%0A*PARA%20PAGOS%20POR%20NEQUI%20SOLICITAR%20EL%20QR%20POR%20FAVOR*
[2026-04-27 14:27:33.161] ✉️ Enviando…
[2026-04-27 14:27:33.461] ↩️ Enviado (Enter)
[2026-04-27 14:27:33.461] ⏳ Pausa post-envío: 12s…
[2026-04-27 14:27:45.472] 
[15/68] → 573203471528
[2026-04-27 14:27:45.475] 🔁 Abriendo chat (intento 1/3) con: https://web.whatsapp.com/send?phone=573203471528&text=Hola%20%2B57%2C%20te%20escribimos%20de%20MEDPLAY.%0A%0A%E2%80%A2%20Tu%20Crunchyroll%20(pantalla%206)%2C%20con%20el%20correo%20vamoabesarnos%40gmail.com%2C%20vence%20el%20*26%2F04%2F2026*%2C%20quer%C3%ADa%20saber%20si%20deseas%20*realizar%20la%20renovaci%C3%B3n*%2C%20tiene%20un%20costo%20de%20*%24%204%2C900*.%0A%0A*PARA%20PAGOS%20POR%20NEQUI%20SOLICITAR%20EL%20QR%20POR%20FAVOR*
[2026-04-27 14:27:57.607] ✉️ Enviando…
[2026-04-27 14:27:57.871] ↩️ Enviado (Enter)
[2026-04-27 14:27:57.872] ⏳ Pausa post-envío: 12s…
[2026-04-27 14:28:09.879] 
[16/68] → 573233609216
[2026-04-27 14:28:09.879] 🔁 Abriendo chat (intento 1/3) con: https://web.whatsapp.com/send?phone=573233609216&text=Hola%20%2B57%2C%20te%20escribimos%20de%20MEDPLAY.%0A%0A%E2%80%A2%20Tu%20Crunchyroll%20(pantalla%201)%2C%20con%20el%20correo%20evelinewombacher42%40hotmail.com%2C%20vence%20el%20*26%2F04%2F2026*%2C%20quer%C3%ADa%20saber%20si%20deseas%20*realizar%20la%20renovaci%C3%B3n*%2C%20tiene%20un%20costo%20de%20*%24%204%2C900*.%0A%0A*PARA%20PAGOS%20POR%20NEQUI%20SOLICITAR%20EL%20QR%20POR%20FAVOR*
[2026-04-27 14:28:13.630] ✉️ Enviando…
[2026-04-27 14:28:15.757] ↩️ Enviado (Enter)
[2026-04-27 14:28:15.757] ⏳ Pausa post-envío: 12s…
[2026-04-27 14:28:27.757] 
[17/68] → 573223928089
[2026-04-27 14:28:27.758] 🔁 Abriendo chat (intento 1/3) con: https://web.whatsapp.com/send?phone=573223928089&text=Hola%20%2B57%2C%20te%20escribimos%20de%20MEDPLAY.%0A%0A%E2%80%A2%20Tu%20Crunchyroll%20(pantalla%202)%2C%20con%20el%20correo%20evelinewombacher42%40hotmail.com%2C%20vence%20el%20*26%2F04%2F2026*%2C%20quer%C3%ADa%20saber%20si%20deseas%20*realizar%20la%20renovaci%C3%B3n*%2C%20tiene%20un%20costo%20de%20*%24%204%2C900*.%0A%0A*PARA%20PAGOS%20POR%20NEQUI%20SOLICITAR%20EL%20QR%20POR%20FAVOR*
[2026-04-27 14:28:35.973] ✉️ Enviando…
[2026-04-27 14:28:36.617] ↩️ Enviado (Enter)
[2026-04-27 14:28:36.617] ⏳ Pausa post-envío: 12s…
[2026-04-27 14:28:48.626] 
[18/68] → 573227072961
[2026-04-27 14:28:48.627] 🔁 Abriendo chat (intento 1/3) con: https://web.whatsapp.com/send?phone=573227072961&text=Hola%20%2B57%2C%20te%20escribimos%20de%20MEDPLAY.%0A%0A%E2%80%A2%20Tu%20Crunchyroll%20(pantalla%203)%2C%20con%20el%20correo%20evelinewombacher42%40hotmail.com%2C%20vence%20el%20*26%2F04%2F2026*%2C%20quer%C3%ADa%20saber%20si%20deseas%20*realizar%20la%20renovaci%C3%B3n*%2C%20tiene%20un%20costo%20de%20*%24%204%2C900*.%0A%0A*PARA%20PAGOS%20POR%20NEQUI%20SOLICITAR%20EL%20QR%20POR%20FAVOR*
[2026-04-27 14:28:51.933] ✉️ Enviando…
[2026-04-27 14:28:54.750] ↩️ Enviado (Enter)
[2026-04-27 14:28:54.751] ⏳ Pausa post-envío: 12s…
[2026-04-27 14:29:06.761] 
[19/68] → 573207789638
[2026-04-27 14:29:06.762] 🔁 Abriendo chat (intento 1/3) con: https://web.whatsapp.com/send?phone=573207789638&text=Hola%20Yuli%2C%20te%20escribimos%20de%20MEDPLAY.%0A%0A%E2%80%A2%20Tu%20Crunchyroll%20(pantalla%204)%2C%20con%20el%20correo%20evelinewombacher42%40hotmail.com%2C%20vence%20el%20*26%2F04%2F2026*%2C%20quer%C3%ADa%20saber%20si%20deseas%20*realizar%20la%20renovaci%C3%B3n*%2C%20tiene%20un%20costo%20de%20*%24%204%2C900*.%0A%0A*PARA%20PAGOS%20POR%20NEQUI%20SOLICITAR%20EL%20QR%20POR%20FAVOR*
[2026-04-27 14:29:18.829] ✉️ Enviando…
[2026-04-27 14:29:19.091] ↩️ Enviado (Enter)
[2026-04-27 14:29:19.092] ⏳ Pausa post-envío: 12s…
[2026-04-27 14:29:31.093] 
[20/68] → 573025700732
[2026-04-27 14:29:31.093] 🔁 Abriendo chat (intento 1/3) con: https://web.whatsapp.com/send?phone=573025700732&text=Hola%20Elizabeth%2C%20te%20escribimos%20de%20MEDPLAY.%0A%0A%E2%80%A2%20Tu%20Crunchyroll%20(pantalla%205)%2C%20con%20el%20correo%20evelinewombacher42%40hotmail.com%2C%20vence%20el%20*26%2F04%2F2026*%2C%20quer%C3%ADa%20saber%20si%20deseas%20*realizar%20la%20renovaci%C3%B3n*%2C%20tiene%20un%20costo%20de%20*%24%204%2C900*.%0A%0A*PARA%20PAGOS%20POR%20NEQUI%20SOLICITAR%20EL%20QR%20POR%20FAVOR*
[2026-04-27 14:29:43.179] ✉️ Enviando…
[2026-04-27 14:29:43.434] ↩️ Enviado (Enter)
[2026-04-27 14:29:43.435] ⏳ Pausa post-envío: 12s…
[2026-04-27 14:29:55.450] 
[21/68] → 573106737198
[2026-04-27 14:29:55.450] 🔁 Abriendo chat (intento 1/3) con: https://web.whatsapp.com/send?phone=573106737198&text=Hola%20%2B57%2C%20te%20escribimos%20de%20MEDPLAY.%0A%0A%E2%80%A2%20Tu%20Crunchyroll%20(pantalla%202)%2C%20con%20el%20correo%20arveljaap86%40hotmail.com%2C%20vence%20el%20*26%2F04%2F2026*%2C%20quer%C3%ADa%20saber%20si%20deseas%20*realizar%20la%20renovaci%C3%B3n*%2C%20tiene%20un%20costo%20de%20*%24%204%2C900*.%0A%0A*PARA%20PAGOS%20POR%20NEQUI%20SOLICITAR%20EL%20QR%20POR%20FAVOR*
[2026-04-27 14:29:58.677] ✉️ Enviando…
[2026-04-27 14:30:01.187] ↩️ Enviado (Enter)
[2026-04-27 14:30:01.188] ⏳ Pausa post-envío: 12s…
[2026-04-27 14:30:13.190] 
[22/68] → 573026064341
[2026-04-27 14:30:13.191] 🔁 Abriendo chat (intento 1/3) con: https://web.whatsapp.com/send?phone=573026064341&text=Hola%20%2B57%2C%20te%20escribimos%20de%20MEDPLAY.%0A%0A%E2%80%A2%20Tu%20Crunchyroll%20(pantalla%202)%2C%20con%20el%20correo%20davinmordini041%40hotmail.com%2C%20vence%20el%20*26%2F04%2F2026*%2C%20quer%C3%ADa%20saber%20si%20deseas%20*realizar%20la%20renovaci%C3%B3n*%2C%20tiene%20un%20costo%20de%20*%24%204%2C900*.%0A%E2%80%A2%20Tu%20Youtube%2C%20con%20el%20correo%20castanojohn84%40gmail.com%2C%20vence%20el%20*28%2F04%2F2026*%2C%20quer%C3%ADa%20saber%20si%20deseas%20*realizar%20la%20renovaci%C3%B3n*%2C%20tiene%20un%20costo%20de%20*%24%207%2C900*.%0A%0A*PARA%20PAGOS%20POR%20NEQUI%20SOLICITAR%20EL%20QR%20POR%20FAVOR*
[2026-04-27 14:30:26.514] ✉️ Enviando…
[2026-04-27 14:30:26.811] ↩️ Enviado (Enter)
[2026-04-27 14:30:26.812] ⏳ Pausa post-envío: 12s…
[2026-04-27 14:30:38.824] 
[23/68] → 573157306507
[2026-04-27 14:30:38.825] 🔁 Abriendo chat (intento 1/3) con: https://web.whatsapp.com/send?phone=573157306507&text=Hola%20Sara%2C%20te%20escribimos%20de%20MEDPLAY.%0A%0A%E2%80%A2%20Tu%20Amazon%20(pantalla%203)%2C%20con%20el%20correo%20mxreya44%40gmail.com%2C%20vence%20el%20*26%2F04%2F2026*%2C%20quer%C3%ADa%20saber%20si%20deseas%20*realizar%20la%20renovaci%C3%B3n*%2C%20tiene%20un%20costo%20de%20*%24%207%2C900*.%0A%0A*PARA%20PAGOS%20POR%20NEQUI%20SOLICITAR%20EL%20QR%20POR%20FAVOR*
[2026-04-27 14:30:42.136] ✉️ Enviando…
[2026-04-27 14:30:44.589] ↩️ Enviado (Enter)
[2026-04-27 14:30:44.590] ⏳ Pausa post-envío: 12s…
[2026-04-27 14:30:56.597] 
[24/68] → 573144476819
[2026-04-27 14:30:56.599] 🔁 Abriendo chat (intento 1/3) con: https://web.whatsapp.com/send?phone=573144476819&text=Hola%20Diego%2C%20te%20escribimos%20de%20MEDPLAY.%0A%0A%E2%80%A2%20Tu%20Crunchyroll%20(pantalla%201)%2C%20con%20el%20correo%20ritaovercash37%40hotmail.com%2C%20vence%20el%20*27%2F04%2F2026*%2C%20quer%C3%ADa%20saber%20si%20deseas%20*realizar%20la%20renovaci%C3%B3n*%2C%20tiene%20un%20costo%20de%20*%24%204%2C900*.%0A%0A*PARA%20PAGOS%20POR%20NEQUI%20SOLICITAR%20EL%20QR%20POR%20FAVOR*
[2026-04-27 14:31:00.277] ✉️ Enviando…
[2026-04-27 14:31:03.762] ↩️ Enviado (Enter)
[2026-04-27 14:31:03.763] ⏳ Pausa post-envío: 12s…
[2026-04-27 14:31:15.773] 
[25/68] → 573194222802
[2026-04-27 14:31:15.774] 🔁 Abriendo chat (intento 1/3) con: https://web.whatsapp.com/send?phone=573194222802&text=Hola%20Kevin%2C%20te%20escribimos%20de%20MEDPLAY.%0A%0A%E2%80%A2%20Tu%20Crunchyroll%20(pantalla%201)%2C%20con%20el%20correo%20davinmordini041%40hotmail.com%2C%20vence%20el%20*27%2F04%2F2026*%2C%20quer%C3%ADa%20saber%20si%20deseas%20*realizar%20la%20renovaci%C3%B3n*%2C%20tiene%20un%20costo%20de%20*%24%204%2C900*.%0A%0A*PARA%20PAGOS%20POR%20NEQUI%20SOLICITAR%20EL%20QR%20POR%20FAVOR*
[2026-04-27 14:31:28.294] ✉️ Enviando…
[2026-04-27 14:31:28.581] ↩️ Enviado (Enter)
[2026-04-27 14:31:28.581] ⏳ Pausa post-envío: 12s…
[2026-04-27 14:31:40.591] 
[26/68] → 573136027492
[2026-04-27 14:31:40.592] 🔁 Abriendo chat (intento 1/3) con: https://web.whatsapp.com/send?phone=573136027492&text=Hola%20%2B57%2C%20te%20escribimos%20de%20MEDPLAY.%0A%0A%E2%80%A2%20Tu%20Disney%20(pantalla%204)%2C%20con%20el%20correo%20medplay93%2Bh5%40gmail.com%2C%20vence%20el%20*26%2F04%2F2026*%2C%20quer%C3%ADa%20saber%20si%20deseas%20*realizar%20la%20renovaci%C3%B3n*%2C%20tiene%20un%20costo%20de%20*%24%207%2C900*.%0A%0A*PARA%20PAGOS%20POR%20NEQUI%20SOLICITAR%20EL%20QR%20POR%20FAVOR*
[2026-04-27 14:31:52.995] ✉️ Enviando…
[2026-04-27 14:31:53.298] ↩️ Enviado (Enter)
[2026-04-27 14:31:53.298] ⏳ Pausa post-envío: 12s…
[2026-04-27 14:32:05.354] 
[27/68] → 573208587741
[2026-04-27 14:32:05.356] 🔁 Abriendo chat (intento 1/3) con: https://web.whatsapp.com/send?phone=573208587741&text=Hola%20Juan%2C%20te%20escribimos%20de%20MEDPLAY.%0A%0A%E2%80%A2%20Tu%20Crunchyroll%20(pantalla%202)%2C%20con%20el%20correo%20ritaovercash37%40hotmail.com%2C%20vence%20el%20*27%2F04%2F2026*%2C%20quer%C3%ADa%20saber%20si%20deseas%20*realizar%20la%20renovaci%C3%B3n*%2C%20tiene%20un%20costo%20de%20*%24%204%2C900*.%0A%0A*PARA%20PAGOS%20POR%20NEQUI%20SOLICITAR%20EL%20QR%20POR%20FAVOR*
[2026-04-27 14:32:12.961] ✉️ Enviando…
[2026-04-27 14:32:13.552] ↩️ Enviado (Enter)
[2026-04-27 14:32:13.553] ⏳ Pausa post-envío: 12s…
[2026-04-27 14:32:25.566] 
[28/68] → 573117951724
[2026-04-27 14:32:25.566] 🔁 Abriendo chat (intento 1/3) con: https://web.whatsapp.com/send?phone=573117951724&text=Hola%20%2B57%2C%20te%20escribimos%20de%20MEDPLAY.%0A%0A%E2%80%A2%20Tu%20Crunchyroll%20(pantalla%203)%2C%20con%20el%20correo%20ritaovercash37%40hotmail.com%2C%20vence%20el%20*27%2F04%2F2026*%2C%20quer%C3%ADa%20saber%20si%20deseas%20*realizar%20la%20renovaci%C3%B3n*%2C%20tiene%20un%20costo%20de%20*%24%204%2C900*.%0A%0A*PARA%20PAGOS%20POR%20NEQUI%20SOLICITAR%20EL%20QR%20POR%20FAVOR*
[2026-04-27 14:32:29.248] ✉️ Enviando…
[2026-04-27 14:32:31.958] ↩️ Enviado (Enter)
[2026-04-27 14:32:31.958] ⏳ Pausa post-envío: 12s…
[2026-04-27 14:32:43.972] 
[29/68] → 573124667478
[2026-04-27 14:32:43.972] 🔁 Abriendo chat (intento 1/3) con: https://web.whatsapp.com/send?phone=573124667478&text=Hola%20Felipe%2C%20te%20escribimos%20de%20MEDPLAY.%0A%0A%E2%80%A2%20Tu%20Crunchyroll%20(pantalla%204)%2C%20con%20el%20correo%20ritaovercash37%40hotmail.com%2C%20vence%20el%20*27%2F04%2F2026*%2C%20quer%C3%ADa%20saber%20si%20deseas%20*realizar%20la%20renovaci%C3%B3n*%2C%20tiene%20un%20costo%20de%20*%24%204%2C900*.%0A%E2%80%A2%20Tu%20Amazon%20(pantalla%204)%2C%20con%20el%20correo%20keirenhgg17890%40hotmail.com%2C%20vence%20el%20*28%2F04%2F2026*%2C%20quer%C3%ADa%20saber%20si%20deseas%20*realizar%20la%20renovaci%C3%B3n*%2C%20tiene%20un%20costo%20de%20*%24%207%2C900*.%0A%E2%80%A2%20Tu%20MAX%20(pantalla%202)%2C%20con%20el%20correo%20medplay93%2Bgil%40gmail.com%2C%20vence%20el%20*28%2F04%2F2026*%2C%20quer%C3%ADa%20saber%20si%20deseas%20*realizar%20la%20renovaci%C3%B3n*%2C%20tiene%20un%20costo%20de%20*%24%207%2C900*.%0A%0A*PARA%20PAGOS%20POR%20NEQUI%20SOLICITAR%20EL%20QR%20POR%20FAVOR*
[2026-04-27 14:32:56.436] ✉️ Enviando…
[2026-04-27 14:32:56.760] ↩️ Enviado (Enter)
[2026-04-27 14:32:56.760] ⏳ Pausa post-envío: 12s…
[2026-04-27 14:33:08.769] 
[30/68] → 573016923588
[2026-04-27 14:33:08.770] 🔁 Abriendo chat (intento 1/3) con: https://web.whatsapp.com/send?phone=573016923588&text=Hola%2C%20te%20escribimos%20de%20MEDPLAY.%0A%0A%E2%80%A2%20Tu%20Netflix%20(pantalla%203)%2C%20con%20el%20correo%20pedromurillo653%40outlook.com%2C%20vence%20el%20*28%2F04%2F2026*%2C%20quer%C3%ADa%20saber%20si%20deseas%20*realizar%20la%20renovaci%C3%B3n*%2C%20tiene%20un%20costo%20de%20*%24%2014%2C900*.%0A%E2%80%A2%20Tu%20MAX%20(pantalla%201)%2C%20con%20el%20correo%20medplay93%2Bbad%40gmail.com%2C%20vence%20el%20*28%2F04%2F2026*%2C%20quer%C3%ADa%20saber%20si%20deseas%20*realizar%20la%20renovaci%C3%B3n*%2C%20tiene%20un%20costo%20de%20*%24%207%2C900*.%0A%0A*PARA%20PAGOS%20POR%20NEQUI%20SOLICITAR%20EL%20QR%20POR%20FAVOR*
[2026-04-27 14:33:22.150] ✉️ Enviando…
[2026-04-27 14:33:22.465] ↩️ Enviado (Enter)
[2026-04-27 14:33:22.465] ⏳ Pausa post-envío: 12s…
[2026-04-27 14:33:34.469] 
[31/68] → 573135980688
[2026-04-27 14:33:34.471] 🔁 Abriendo chat (intento 1/3) con: https://web.whatsapp.com/send?phone=573135980688&text=Hola%2C%20te%20escribimos%20de%20MEDPLAY.%0A%0A%E2%80%A2%20Tu%20Crunchyroll%20(pantalla%205)%2C%20con%20el%20correo%20ritaovercash37%40hotmail.com%2C%20vence%20el%20*28%2F04%2F2026*%2C%20quer%C3%ADa%20saber%20si%20deseas%20*realizar%20la%20renovaci%C3%B3n*%2C%20tiene%20un%20costo%20de%20*%24%204%2C900*.%0A%0A*PARA%20PAGOS%20POR%20NEQUI%20SOLICITAR%20EL%20QR%20POR%20FAVOR*
[2026-04-27 14:33:37.756] ✉️ Enviando…
[2026-04-27 14:33:40.285] ↩️ Enviado (Enter)
[2026-04-27 14:33:40.286] ⏳ Pausa post-envío: 12s…
[2026-04-27 14:33:52.304] 
[32/68] → 573003054723
[2026-04-27 14:33:52.304] 🔁 Abriendo chat (intento 1/3) con: https://web.whatsapp.com/send?phone=573003054723&text=Hola%20%2B57%2C%20te%20escribimos%20de%20MEDPLAY.%0A%0A%E2%80%A2%20Tu%20Crunchyroll%20(pantalla%203)%2C%20con%20el%20correo%20davinmordini041%40hotmail.com%2C%20vence%20el%20*28%2F04%2F2026*%2C%20quer%C3%ADa%20saber%20si%20deseas%20*realizar%20la%20renovaci%C3%B3n*%2C%20tiene%20un%20costo%20de%20*%24%207%2C000*.%0A%0A*PARA%20PAGOS%20POR%20NEQUI%20SOLICITAR%20EL%20QR%20POR%20FAVOR*
[2026-04-27 14:34:00.278] ✉️ Enviando…
[2026-04-27 14:34:00.949] ↩️ Enviado (Enter)
[2026-04-27 14:34:00.949] ⏳ Pausa post-envío: 12s…
[2026-04-27 14:34:12.956] 
[33/68] → 573233022640
[2026-04-27 14:34:12.958] 🔁 Abriendo chat (intento 1/3) con: https://web.whatsapp.com/send?phone=573233022640&text=Hola%20Lu%2C%20te%20escribimos%20de%20MEDPLAY.%0A%0A%E2%80%A2%20Tu%20Netflix%20(pantalla%203)%2C%20con%20el%20correo%20xozptos6%40nerpre.com%2C%20vence%20el%20*28%2F04%2F2026*%2C%20quer%C3%ADa%20saber%20si%20deseas%20*realizar%20la%20renovaci%C3%B3n*%2C%20tiene%20un%20costo%20de%20*%24%2014%2C900*.%0A%0A*PARA%20PAGOS%20POR%20NEQUI%20SOLICITAR%20EL%20QR%20POR%20FAVOR*
[2026-04-27 14:34:25.472] ✉️ Enviando…
[2026-04-27 14:34:25.772] ↩️ Enviado (Enter)
[2026-04-27 14:34:25.773] ⏳ Pausa post-envío: 12s…
[2026-04-27 14:34:37.779] 
[34/68] → 573105794466
[2026-04-27 14:34:37.780] 🔁 Abriendo chat (intento 1/3) con: https://web.whatsapp.com/send?phone=573105794466&text=Hola%20Julian%2C%20te%20escribimos%20de%20MEDPLAY.%0A%0A%E2%80%A2%20Tu%20Crunchyroll%20(pantalla%204)%2C%20con%20el%20correo%20davinmordini041%40hotmail.com%2C%20vence%20el%20*28%2F04%2F2026*%2C%20quer%C3%ADa%20saber%20si%20deseas%20*realizar%20la%20renovaci%C3%B3n*%2C%20tiene%20un%20costo%20de%20*%24%204%2C900*.%0A%0A*PARA%20PAGOS%20POR%20NEQUI%20SOLICITAR%20EL%20QR%20POR%20FAVOR*
[2026-04-27 14:34:41.016] ✉️ Enviando…
[2026-04-27 14:34:43.412] ↩️ Enviado (Enter)
[2026-04-27 14:34:43.412] ⏳ Pausa post-envío: 12s…
[2026-04-27 14:34:55.413] 
[35/68] → 573045467492
[2026-04-27 14:34:55.414] 🔁 Abriendo chat (intento 1/3) con: https://web.whatsapp.com/send?phone=573045467492&text=Hola%20AyC%2C%20te%20escribimos%20de%20MEDPLAY.%0A%0A%E2%80%A2%20Tu%20Netflix%20(pantalla%203)%2C%20con%20el%20correo%20paige9498freda2001%2B2%40outlook.com%2C%20vence%20el%20*27%2F04%2F2026*%2C%20quer%C3%ADa%20saber%20si%20deseas%20*realizar%20la%20renovaci%C3%B3n*%2C%20tiene%20un%20costo%20de%20*%24%2014%2C900*.%0A%0A*PARA%20PAGOS%20POR%20NEQUI%20SOLICITAR%20EL%20QR%20POR%20FAVOR*
[2026-04-27 14:35:09.531] ✉️ Enviando…
[2026-04-27 14:35:09.824] ↩️ Enviado (Enter)
[2026-04-27 14:35:09.824] ⏳ Pausa post-envío: 12s…
[2026-04-27 14:35:21.840] 
[36/68] → 573052645874
[2026-04-27 14:35:21.841] 🔁 Abriendo chat (intento 1/3) con: https://web.whatsapp.com/send?phone=573052645874&text=Hola%20%2B57%2C%20te%20escribimos%20de%20MEDPLAY.%0A%0A%E2%80%A2%20Tu%20Netflix%20(pantalla%202)%2C%20con%20el%20correo%20barbra19367tricia2001%2B2%40hotmail.com%2C%20vence%20el%20*28%2F04%2F2026*%2C%20quer%C3%ADa%20saber%20si%20deseas%20*realizar%20la%20renovaci%C3%B3n*%2C%20tiene%20un%20costo%20de%20*%24%2014%2C900*.%0A%0A*PARA%20PAGOS%20POR%20NEQUI%20SOLICITAR%20EL%20QR%20POR%20FAVOR*
[2026-04-27 14:35:30.719] ✉️ Enviando…
[2026-04-27 14:35:31.507] ↩️ Enviado (Enter)
[2026-04-27 14:35:31.507] ⏳ Pausa post-envío: 12s…
[2026-04-27 14:35:43.523] 
[37/68] → 573227277192
[2026-04-27 14:35:43.523] 🔁 Abriendo chat (intento 1/3) con: https://web.whatsapp.com/send?phone=573227277192&text=Hola%2C%20te%20escribimos%20de%20MEDPLAY.%0A%0A%E2%80%A2%20Tu%20MAX%2C%20con%20el%20correo%20medplay93%2Bwer2%40gmail.com%2C%20vence%20el%20*27%2F04%2F2026*%2C%20quer%C3%ADa%20saber%20si%20deseas%20*realizar%20la%20renovaci%C3%B3n*%2C%20tiene%20un%20costo%20de%20*%24%2022%2C900*.%0A%E2%80%A2%20Tu%20MAX%2C%20con%20el%20correo%20medplay93%2B34%40Gmail.com%2C%20vence%20el%20*27%2F04%2F2026*%2C%20quer%C3%ADa%20saber%20si%20deseas%20*realizar%20la%20renovaci%C3%B3n*%2C%20tiene%20un%20costo%20de%20*%24%2022%2C900*.%0A%E2%80%A2%20Tu%20MAX%2C%20con%20el%20correo%20medplay93%2B87%40Gmail.com%2C%20vence%20el%20*27%2F04%2F2026*%2C%20quer%C3%ADa%20saber%20si%20deseas%20*realizar%20la%20renovaci%C3%B3n*%2C%20tiene%20un%20costo%20de%20*%24%2022%2C900*.%0A%E2%80%A2%20Tu%20Disney%20Premium%2C%20con%20el%20correo%20Medplay93%2BEstandar4%40gmail.com%2C%20vence%20el%20*25%2F04%2F2026*%2C%20quer%C3%ADa%20saber%20si%20deseas%20*realizar%20la%20renovaci%C3%B3n*%2C%20tiene%20un%20costo%20de%20*%24%2028%2C900*.%0A%E2%80%A2%20Tu%20Disney%20Premium%2C%20con%20el%20correo%20medplay93%2Bff4%40gmail.com%2C%20vence%20el%20*27%2F04%2F2026*%2C%20quer%C3%ADa%20saber%20si%20deseas%20*realizar%20la%20renovaci%C3%B3n*%2C%20tiene%20un%20costo%20de%20*%24%2028%2C900*.%0A%E2%80%A2%20Tu%20MAX%2C%20con%20el%20correo%20medplay93%2Bbeng%40gmail.com%2C%20vence%20el%20*27%2F04%2F2026*%2C%20quer%C3%ADa%20saber%20si%20deseas%20*realizar%20la%20renovaci%C3%B3n*%2C%20tiene%20un%20costo%20de%20*%24%2022%2C900*.%0A%0A*PARA%20PAGOS%20POR%20NEQUI%20SOLICITAR%20EL%20QR%20POR%20FAVOR*
[2026-04-27 14:35:53.322] ✉️ Enviando…
[2026-04-27 14:35:53.979] ↩️ Enviado (Enter)
[2026-04-27 14:35:53.980] ⏳ Pausa post-envío: 12s…
[2026-04-27 14:36:05.983] 
[38/68] → 573137872584
[2026-04-27 14:36:05.984] 🔁 Abriendo chat (intento 1/3) con: https://web.whatsapp.com/send?phone=573137872584&text=Hola%20Jara%2C%20te%20escribimos%20de%20MEDPLAY.%0A%0A%E2%80%A2%20Tu%20Disney%20Premium%2C%20con%20el%20correo%20medplay93%2Bxc5%40gmail.com%2C%20vence%20el%20*25%2F04%2F2026*%2C%20quer%C3%ADa%20saber%20si%20deseas%20*realizar%20la%20renovaci%C3%B3n*%2C%20tiene%20un%20costo%20de%20*%24%2025%2C000*.%0A%0A*PARA%20PAGOS%20POR%20NEQUI%20SOLICITAR%20EL%20QR%20POR%20FAVOR*
[2026-04-27 14:36:10.121] ✉️ Enviando…
[2026-04-27 14:36:13.341] ↩️ Enviado (Enter)
[2026-04-27 14:36:13.342] ⏳ Pausa post-envío: 12s…
[2026-04-27 14:36:25.357] 
[39/68] → 573206432719
[2026-04-27 14:36:25.359] 🔁 Abriendo chat (intento 1/3) con: https://web.whatsapp.com/send?phone=573206432719&text=Hola%20Isa%2C%20te%20escribimos%20de%20MEDPLAY.%0A%0A%E2%80%A2%20Tu%20Disney%20Premium%2C%20con%20el%20correo%20medplay93%2Bdis4%40gmail.com%2C%20vence%20el%20*25%2F04%2F2026*%2C%20quer%C3%ADa%20saber%20si%20deseas%20*realizar%20la%20renovaci%C3%B3n*%2C%20tiene%20un%20costo%20de%20*%24%2028%2C900*.%0A%E2%80%A2%20Tu%20Disney%2C%20con%20el%20correo%20pruebawe21%2Btt%40gmail.com%2C%20vence%20el%20*26%2F04%2F2026*%2C%20quer%C3%ADa%20saber%20si%20deseas%20*realizar%20la%20renovaci%C3%B3n*%2C%20tiene%20un%20costo%20de%20*%24%2020%2C000*.%0A%0A*PARA%20PAGOS%20POR%20NEQUI%20SOLICITAR%20EL%20QR%20POR%20FAVOR*
[2026-04-27 14:36:38.104] ✉️ Enviando…
[2026-04-27 14:36:38.477] ↩️ Enviado (Enter)
[2026-04-27 14:36:38.477] ⏳ Pausa post-envío: 12s…
[2026-04-27 14:36:50.483] 
[40/68] → 573107305775
[2026-04-27 14:36:50.484] 🔁 Abriendo chat (intento 1/3) con: https://web.whatsapp.com/send?phone=573107305775&text=Hola%20Alex%2C%20te%20escribimos%20de%20MEDPLAY.%0A%0A%E2%80%A2%20Tu%20ChatGPT%2C%20con%20el%20correo%20fabianlex17%40gmail.com%2C%20vence%20el%20*26%2F04%2F2026*%2C%20quer%C3%ADa%20saber%20si%20deseas%20*realizar%20la%20renovaci%C3%B3n*%2C%20tiene%20un%20costo%20de%20*%24%2016%2C900*.%0A%0A*PARA%20PAGOS%20POR%20NEQUI%20SOLICITAR%20EL%20QR%20POR%20FAVOR*
[2026-04-27 14:36:59.605] ✉️ Enviando…
[2026-04-27 14:37:00.236] ↩️ Enviado (Enter)
[2026-04-27 14:37:00.236] ⏳ Pausa post-envío: 12s…
[2026-04-27 14:37:12.257] 
[41/68] → 573118116309
[2026-04-27 14:37:12.257] 🔁 Abriendo chat (intento 1/3) con: https://web.whatsapp.com/send?phone=573118116309&text=Hola%20%2B57%2C%20te%20escribimos%20de%20MEDPLAY.%0A%0A%E2%80%A2%20Tu%20ChatGPT%2C%20con%20el%20correo%20osoriomarroquin00%40gmail.com%2C%20vence%20el%20*27%2F04%2F2026*%2C%20quer%C3%ADa%20saber%20si%20deseas%20*realizar%20la%20renovaci%C3%B3n*%2C%20tiene%20un%20costo%20de%20*%24%2016%2C900*.%0A%0A*PARA%20PAGOS%20POR%20NEQUI%20SOLICITAR%20EL%20QR%20POR%20FAVOR*
[2026-04-27 14:37:24.791] ✉️ Enviando…
[2026-04-27 14:37:25.082] ↩️ Enviado (Enter)
[2026-04-27 14:37:25.082] ⏳ Pausa post-envío: 12s…
[2026-04-27 14:37:37.094] 
[42/68] → 573158561506
[2026-04-27 14:37:37.095] 🔁 Abriendo chat (intento 1/3) con: https://web.whatsapp.com/send?phone=573158561506&text=Hola%20Yohanny%2C%20te%20escribimos%20de%20MEDPLAY.%0A%0A%E2%80%A2%20Tu%20Youtube%2C%20con%20el%20correo%20germanyohannyrojasjurado55%40gmail.com%2C%20vence%20el%20*26%2F04%2F2026*%2C%20quer%C3%ADa%20saber%20si%20deseas%20*realizar%20la%20renovaci%C3%B3n*%2C%20tiene%20un%20costo%20de%20*%24%207%2C900*.%0A%0A*PARA%20PAGOS%20POR%20NEQUI%20SOLICITAR%20EL%20QR%20POR%20FAVOR*
[2026-04-27 14:37:45.944] ✉️ Enviando…
[2026-04-27 14:37:46.372] ↩️ Enviado (Enter)
[2026-04-27 14:37:46.372] ⏳ Pausa post-envío: 12s…
[2026-04-27 14:37:58.390] 
[43/68] → 573006552669
[2026-04-27 14:37:58.390] 🔁 Abriendo chat (intento 1/3) con: https://web.whatsapp.com/send?phone=573006552669&text=Hola%20%2B57%2C%20te%20escribimos%20de%20MEDPLAY.%0A%0A%E2%80%A2%20Tu%20Youtube%2C%20con%20el%20correo%20acme2020sas%40gmail.com%2C%20vence%20el%20*26%2F04%2F2026*%2C%20quer%C3%ADa%20saber%20si%20deseas%20*realizar%20la%20renovaci%C3%B3n*%2C%20tiene%20un%20costo%20de%20*%24%207%2C900*.%0A%0A*PARA%20PAGOS%20POR%20NEQUI%20SOLICITAR%20EL%20QR%20POR%20FAVOR*
[2026-04-27 14:38:16.603] ✉️ Enviando…
[2026-04-27 14:38:16.932] ↩️ Enviado (Enter)
[2026-04-27 14:38:16.932] ⏳ Pausa post-envío: 12s…
[2026-04-27 14:38:28.937] 
[44/68] → 573103069546
[2026-04-27 14:38:28.939] 🔁 Abriendo chat (intento 1/3) con: https://web.whatsapp.com/send?phone=573103069546&text=Hola%20%2B57%2C%20te%20escribimos%20de%20MEDPLAY.%0A%0A%E2%80%A2%20Tu%20Youtube%2C%20con%20el%20correo%20ariasruben422%40gmail.com%2C%20vence%20el%20*26%2F04%2F2026*%2C%20quer%C3%ADa%20saber%20si%20deseas%20*realizar%20la%20renovaci%C3%B3n*%2C%20tiene%20un%20costo%20de%20*%24%207%2C900*.%0A%0A*PARA%20PAGOS%20POR%20NEQUI%20SOLICITAR%20EL%20QR%20POR%20FAVOR*
[2026-04-27 14:38:41.883] ✉️ Enviando…
[2026-04-27 14:38:42.182] ↩️ Enviado (Enter)
[2026-04-27 14:38:42.182] ⏳ Pausa post-envío: 12s…
[2026-04-27 14:38:54.190] 
[45/68] → 573228115789
[2026-04-27 14:38:54.191] 🔁 Abriendo chat (intento 1/3) con: https://web.whatsapp.com/send?phone=573228115789&text=Hola%20%2B57%2C%20te%20escribimos%20de%20MEDPLAY.%0A%0A%E2%80%A2%20Tu%20Youtube%2C%20con%20el%20correo%20gutierrezsoraya422%40gmail.com%2C%20vence%20el%20*26%2F04%2F2026*%2C%20quer%C3%ADa%20saber%20si%20deseas%20*realizar%20la%20renovaci%C3%B3n*%2C%20tiene%20un%20costo%20de%20*%24%205%2C900*.%0A%0A*PARA%20PAGOS%20POR%20NEQUI%20SOLICITAR%20EL%20QR%20POR%20FAVOR*
[2026-04-27 14:39:09.000] ✉️ Enviando…
[2026-04-27 14:39:09.286] ↩️ Enviado (Enter)
[2026-04-27 14:39:09.286] ⏳ Pausa post-envío: 12s…
[2026-04-27 14:39:21.303] 
[46/68] → 573137688695
[2026-04-27 14:39:21.303] 🔁 Abriendo chat (intento 1/3) con: https://web.whatsapp.com/send?phone=573137688695&text=Hola%20%2B57%2C%20te%20escribimos%20de%20MEDPLAY.%0A%0A%E2%80%A2%20Tu%20Youtube%2C%20con%20el%20correo%20juanka226335%40gmail.com%2C%20vence%20el%20*26%2F04%2F2026*%2C%20quer%C3%ADa%20saber%20si%20deseas%20*realizar%20la%20renovaci%C3%B3n*%2C%20tiene%20un%20costo%20de%20*%24%205%2C900*.%0A%0A*PARA%20PAGOS%20POR%20NEQUI%20SOLICITAR%20EL%20QR%20POR%20FAVOR*
[2026-04-27 14:39:33.381] ✉️ Enviando…
[2026-04-27 14:39:33.652] ↩️ Enviado (Enter)
[2026-04-27 14:39:33.652] ⏳ Pausa post-envío: 12s…
[2026-04-27 14:39:45.665] 
[47/68] → 573114170955
[2026-04-27 14:39:45.665] 🔁 Abriendo chat (intento 1/3) con: https://web.whatsapp.com/send?phone=573114170955&text=Hola%20%2B57%2C%20te%20escribimos%20de%20MEDPLAY.%0A%0A%E2%80%A2%20Tu%20Youtube%2C%20con%20el%20correo%20kedasaba7706%40gmail.com%2C%20vence%20el%20*26%2F04%2F2026*%2C%20quer%C3%ADa%20saber%20si%20deseas%20*realizar%20la%20renovaci%C3%B3n*%2C%20tiene%20un%20costo%20de%20*%24%207%2C900*.%0A%0A*PARA%20PAGOS%20POR%20NEQUI%20SOLICITAR%20EL%20QR%20POR%20FAVOR*
[2026-04-27 14:39:58.777] ✉️ Enviando…
[2026-04-27 14:39:59.081] ↩️ Enviado (Enter)
[2026-04-27 14:39:59.081] ⏳ Pausa post-envío: 12s…
[2026-04-27 14:40:11.081] 
[48/68] → 573115003937
[2026-04-27 14:40:11.081] 🔁 Abriendo chat (intento 1/3) con: https://web.whatsapp.com/send?phone=573115003937&text=Hola%20%2B57%2C%20te%20escribimos%20de%20MEDPLAY.%0A%0A%E2%80%A2%20Tu%20Youtube%2C%20con%20el%20correo%20anarositagomez7%40gmail.com%2C%20vence%20el%20*26%2F04%2F2026*%2C%20quer%C3%ADa%20saber%20si%20deseas%20*realizar%20la%20renovaci%C3%B3n*%2C%20tiene%20un%20costo%20de%20*%24%207%2C900*.%0A%0A*PARA%20PAGOS%20POR%20NEQUI%20SOLICITAR%20EL%20QR%20POR%20FAVOR*
[2026-04-27 14:40:14.603] ✉️ Enviando…
[2026-04-27 14:40:17.445] ↩️ Enviado (Enter)
[2026-04-27 14:40:17.446] ⏳ Pausa post-envío: 12s…
[2026-04-27 14:40:29.451] 
[49/68] → 573162974880
[2026-04-27 14:40:29.452] 🔁 Abriendo chat (intento 1/3) con: https://web.whatsapp.com/send?phone=573162974880&text=Hola%20%2B57%2C%20te%20escribimos%20de%20MEDPLAY.%0A%0A%E2%80%A2%20Tu%20Youtube%2C%20con%20el%20correo%2028416oscar%40gmail.com%2C%20vence%20el%20*26%2F04%2F2026*%2C%20quer%C3%ADa%20saber%20si%20deseas%20*realizar%20la%20renovaci%C3%B3n*%2C%20tiene%20un%20costo%20de%20*%24%205%2C900*.%0A%0A*PARA%20PAGOS%20POR%20NEQUI%20SOLICITAR%20EL%20QR%20POR%20FAVOR*
[2026-04-27 14:40:33.822] ✉️ Enviando…
[2026-04-27 14:40:36.087] ↩️ Enviado (Enter)
[2026-04-27 14:40:36.088] ⏳ Pausa post-envío: 12s…
[2026-04-27 14:40:48.104] 
[50/68] → 573132566419
[2026-04-27 14:40:48.105] 🔁 Abriendo chat (intento 1/3) con: https://web.whatsapp.com/send?phone=573132566419&text=Hola%20Andres%2C%20te%20escribimos%20de%20MEDPLAY.%0A%0A%E2%80%A2%20Tu%20Youtube%2C%20con%20el%20correo%20puertamorenoandresdamian%40gmail.com%2C%20vence%20el%20*26%2F04%2F2026*%2C%20quer%C3%ADa%20saber%20si%20deseas%20*realizar%20la%20renovaci%C3%B3n*%2C%20tiene%20un%20costo%20de%20*%24%207%2C900*.%0A%E2%80%A2%20Tu%20Youtube%2C%20con%20el%20correo%20barrerafuentesalvaro%40gmail.com%2C%20vence%20el%20*27%2F04%2F2026*%2C%20quer%C3%ADa%20saber%20si%20deseas%20*realizar%20la%20renovaci%C3%B3n*%2C%20tiene%20un%20costo%20de%20*%24%207%2C900*.%0A%0A*PARA%20PAGOS%20POR%20NEQUI%20SOLICITAR%20EL%20QR%20POR%20FAVOR*
[2026-04-27 14:40:51.960] ✉️ Enviando…
[2026-04-27 14:40:55.334] ↩️ Enviado (Enter)
[2026-04-27 14:40:55.334] ⏳ Pausa post-envío: 12s…
[2026-04-27 14:41:07.342] 
[51/68] → 573192920021
[2026-04-27 14:41:07.342] 🔁 Abriendo chat (intento 1/3) con: https://web.whatsapp.com/send?phone=573192920021&text=Hola%20Daniel%2C%20te%20escribimos%20de%20MEDPLAY.%0A%0A%E2%80%A2%20Tu%20Youtube%2C%20con%20el%20correo%20tecnostore488%40gmail.com%2C%20vence%20el%20*26%2F04%2F2026*%2C%20quer%C3%ADa%20saber%20si%20deseas%20*realizar%20la%20renovaci%C3%B3n*%2C%20tiene%20un%20costo%20de%20*%24%207%2C900*.%0A%0A*PARA%20PAGOS%20POR%20NEQUI%20SOLICITAR%20EL%20QR%20POR%20FAVOR*
[2026-04-27 14:41:10.937] ✉️ Enviando…
[2026-04-27 14:41:13.428] ↩️ Enviado (Enter)
[2026-04-27 14:41:13.428] ⏳ Pausa post-envío: 12s…
[2026-04-27 14:41:25.440] 
[52/68] → 573113233819
[2026-04-27 14:41:25.440] 🔁 Abriendo chat (intento 1/3) con: https://web.whatsapp.com/send?phone=573113233819&text=Hola%20Larg%2C%20te%20escribimos%20de%20MEDPLAY.%0A%0A%E2%80%A2%20Tu%20Youtube%2C%20con%20el%20correo%20larg08838%40gmail.com%2C%20vence%20el%20*26%2F04%2F2026*%2C%20quer%C3%ADa%20saber%20si%20deseas%20*realizar%20la%20renovaci%C3%B3n*%2C%20tiene%20un%20costo%20de%20*%24%207%2C900*.%0A%E2%80%A2%20Tu%20Youtube%2C%20con%20el%20correo%20larg08837%40gmail.com%2C%20vence%20el%20*26%2F04%2F2026*%2C%20quer%C3%ADa%20saber%20si%20deseas%20*realizar%20la%20renovaci%C3%B3n*%2C%20tiene%20un%20costo%20de%20*%24%207%2C900*.%0A%0A*PARA%20PAGOS%20POR%20NEQUI%20SOLICITAR%20EL%20QR%20POR%20FAVOR*
[2026-04-27 14:41:28.803] ✉️ Enviando…
[2026-04-27 14:41:32.414] ↩️ Enviado (Enter)
[2026-04-27 14:41:32.414] ⏳ Pausa post-envío: 12s…
[2026-04-27 14:41:44.420] 
[53/68] → 573193164039
[2026-04-27 14:41:44.420] 🔁 Abriendo chat (intento 1/3) con: https://web.whatsapp.com/send?phone=573193164039&text=Hola%20Paula%2C%20te%20escribimos%20de%20MEDPLAY.%0A%0A%E2%80%A2%20Tu%20Youtube%2C%20con%20el%20correo%20vivianita0408%40gmail.com%2C%20vence%20el%20*27%2F04%2F2026*%2C%20quer%C3%ADa%20saber%20si%20deseas%20*realizar%20la%20renovaci%C3%B3n*%2C%20tiene%20un%20costo%20de%20*%24%207%2C900*.%0A%0A*PARA%20PAGOS%20POR%20NEQUI%20SOLICITAR%20EL%20QR%20POR%20FAVOR*
[2026-04-27 14:41:56.849] ✉️ Enviando…
[2026-04-27 14:41:57.171] ↩️ Enviado (Enter)
[2026-04-27 14:41:57.172] ⏳ Pausa post-envío: 12s…
[2026-04-27 14:42:09.186] 
[54/68] → 573022745244
[2026-04-27 14:42:09.187] 🔁 Abriendo chat (intento 1/3) con: https://web.whatsapp.com/send?phone=573022745244&text=Hola%20Laura%2C%20te%20escribimos%20de%20MEDPLAY.%0A%0A%E2%80%A2%20Tu%20Youtube%2C%20con%20el%20correo%20avendanoecheverrilaura%40gmail.com%2C%20vence%20el%20*27%2F04%2F2026*%2C%20quer%C3%ADa%20saber%20si%20deseas%20*realizar%20la%20renovaci%C3%B3n*%2C%20tiene%20un%20costo%20de%20*%24%207%2C900*.%0A%0A*PARA%20PAGOS%20POR%20NEQUI%20SOLICITAR%20EL%20QR%20POR%20FAVOR*
[2026-04-27 14:42:13.602] ✉️ Enviando…
[2026-04-27 14:42:16.105] ↩️ Enviado (Enter)
[2026-04-27 14:42:16.105] ⏳ Pausa post-envío: 12s…
[2026-04-27 14:42:28.113] 
[55/68] → 573025267014
[2026-04-27 14:42:28.115] 🔁 Abriendo chat (intento 1/3) con: https://web.whatsapp.com/send?phone=573025267014&text=Hola%2C%20te%20escribimos%20de%20MEDPLAY.%0A%0A%E2%80%A2%20Tu%20Youtube%2C%20con%20el%20correo%20jr0184902%40gmail.com%2C%20vence%20el%20*27%2F04%2F2026*%2C%20quer%C3%ADa%20saber%20si%20deseas%20*realizar%20la%20renovaci%C3%B3n*%2C%20tiene%20un%20costo%20de%20*%24%207%2C900*.%0A%0A*PARA%20PAGOS%20POR%20NEQUI%20SOLICITAR%20EL%20QR%20POR%20FAVOR*
[2026-04-27 14:42:40.750] ✉️ Enviando…
[2026-04-27 14:42:41.049] ↩️ Enviado (Enter)
[2026-04-27 14:42:41.049] ⏳ Pausa post-envío: 12s…
[2026-04-27 14:42:53.056] 
[56/68] → 573205249334
[2026-04-27 14:42:53.057] 🔁 Abriendo chat (intento 1/3) con: https://web.whatsapp.com/send?phone=573205249334&text=Hola%20Ivan%2C%20te%20escribimos%20de%20MEDPLAY.%0A%0A%E2%80%A2%20Tu%20Youtube%2C%20con%20el%20correo%20aylengalindo201%40gmail.com%2C%20vence%20el%20*27%2F04%2F2026*%2C%20quer%C3%ADa%20saber%20si%20deseas%20*realizar%20la%20renovaci%C3%B3n*%2C%20tiene%20un%20costo%20de%20*%24%207%2C900*.%0A%0A*PARA%20PAGOS%20POR%20NEQUI%20SOLICITAR%20EL%20QR%20POR%20FAVOR*
[2026-04-27 14:43:05.238] ✉️ Enviando…
[2026-04-27 14:43:05.502] ↩️ Enviado (Enter)
[2026-04-27 14:43:05.502] ⏳ Pausa post-envío: 12s…
[2026-04-27 14:43:17.518] 
[57/68] → 573042523314
[2026-04-27 14:43:17.519] 🔁 Abriendo chat (intento 1/3) con: https://web.whatsapp.com/send?phone=573042523314&text=Hola%20Brayan%2C%20te%20escribimos%20de%20MEDPLAY.%0A%0A%E2%80%A2%20Tu%20Youtube%2C%20con%20el%20correo%20yadis35802%40gmail.com%2C%20vence%20el%20*28%2F04%2F2026*%2C%20quer%C3%ADa%20saber%20si%20deseas%20*realizar%20la%20renovaci%C3%B3n*%2C%20tiene%20un%20costo%20de%20*%24%207%2C900*.%0A%0A*PARA%20PAGOS%20POR%20NEQUI%20SOLICITAR%20EL%20QR%20POR%20FAVOR*
[2026-04-27 14:43:36.653] ✉️ Enviando…
[2026-04-27 14:43:36.879] ↩️ Enviado (Enter)
[2026-04-27 14:43:36.880] ⏳ Pausa post-envío: 12s…
[2026-04-27 14:43:48.888] 
[58/68] → 573123166991
[2026-04-27 14:43:48.889] 🔁 Abriendo chat (intento 1/3) con: https://web.whatsapp.com/send?phone=573123166991&text=Hola%2C%20te%20escribimos%20de%20MEDPLAY.%0A%0A%E2%80%A2%20Tu%20Youtube%2C%20con%20el%20correo%20barrancabermeja202629%40gmail.com%2C%20vence%20el%20*28%2F04%2F2026*%2C%20quer%C3%ADa%20saber%20si%20deseas%20*realizar%20la%20renovaci%C3%B3n*%2C%20tiene%20un%20costo%20de%20*%24%207%2C900*.%0A%0A*PARA%20PAGOS%20POR%20NEQUI%20SOLICITAR%20EL%20QR%20POR%20FAVOR*
[2026-04-27 14:44:01.046] ✉️ Enviando…
[2026-04-27 14:44:01.311] ↩️ Enviado (Enter)
[2026-04-27 14:44:01.311] ⏳ Pausa post-envío: 12s…
[2026-04-27 14:44:13.317] 
[59/68] → 573185515411
[2026-04-27 14:44:13.317] 🔁 Abriendo chat (intento 1/3) con: https://web.whatsapp.com/send?phone=573185515411&text=Hola%20Andres%2C%20te%20escribimos%20de%20MEDPLAY.%0A%0A%E2%80%A2%20Tu%20Youtube%2C%20con%20el%20correo%20l3975541%40gmail.com%2C%20vence%20el%20*28%2F04%2F2026*%2C%20quer%C3%ADa%20saber%20si%20deseas%20*realizar%20la%20renovaci%C3%B3n*%2C%20tiene%20un%20costo%20de%20*%24%207%2C900*.%0A%0A*PARA%20PAGOS%20POR%20NEQUI%20SOLICITAR%20EL%20QR%20POR%20FAVOR*
[2026-04-27 14:44:16.985] ✉️ Enviando…
[2026-04-27 14:44:20.688] ↩️ Enviado (Enter)
[2026-04-27 14:44:20.688] ⏳ Pausa post-envío: 12s…
[2026-04-27 14:44:32.696] 
[60/68] → 573237258479
[2026-04-27 14:44:32.697] 🔁 Abriendo chat (intento 1/3) con: https://web.whatsapp.com/send?phone=573237258479&text=Hola%20Dai%2C%20te%20escribimos%20de%20MEDPLAY.%0A%0A%E2%80%A2%20Tu%20Amazon%2C%20con%20el%20correo%20mogequoutreza-4195%40ves.ink%2C%20vence%20el%20*28%2F04%2F2026*%2C%20quer%C3%ADa%20saber%20si%20deseas%20*realizar%20la%20renovaci%C3%B3n*%2C%20tiene%20un%20costo%20de%20*%24%2024%2C000*.%0A%E2%80%A2%20Tu%20Disney%20Premium%2C%20con%20el%20correo%20medplay93%2Bg8000%40gmail.com%2C%20vence%20el%20*28%2F04%2F2026*%2C%20quer%C3%ADa%20saber%20si%20deseas%20*realizar%20la%20renovaci%C3%B3n*%2C%20tiene%20un%20costo%20de%20*%24%2028%2C900*.%0A%0A*PARA%20PAGOS%20POR%20NEQUI%20SOLICITAR%20EL%20QR%20POR%20FAVOR*
[2026-04-27 14:44:46.373] ✉️ Enviando…
[2026-04-27 14:44:46.653] ↩️ Enviado (Enter)
[2026-04-27 14:44:46.654] ⏳ Pausa post-envío: 12s…
[2026-04-27 14:44:58.659] 
[61/68] → 573202129835
[2026-04-27 14:44:58.666] 🔁 Abriendo chat (intento 1/3) con: https://web.whatsapp.com/send?phone=573202129835&text=Hola%2C%20te%20escribimos%20de%20MEDPLAY.%0A%0A%E2%80%A2%20Tu%20Youtube%2C%20con%20el%20correo%20salome1023919854%40gmail.com%2C%20vence%20el%20*28%2F04%2F2026*%2C%20quer%C3%ADa%20saber%20si%20deseas%20*realizar%20la%20renovaci%C3%B3n*%2C%20tiene%20un%20costo%20de%20*%24%207%2C900*.%0A%0A*PARA%20PAGOS%20POR%20NEQUI%20SOLICITAR%20EL%20QR%20POR%20FAVOR*
[2026-04-27 14:45:11.676] ✉️ Enviando…
[2026-04-27 14:45:11.917] ↩️ Enviado (Enter)
[2026-04-27 14:45:11.917] ⏳ Pausa post-envío: 12s…
[2026-04-27 14:45:23.932] 
[62/68] → 573114525483
[2026-04-27 14:45:23.932] 🔁 Abriendo chat (intento 1/3) con: https://web.whatsapp.com/send?phone=573114525483&text=Hola%2C%20te%20escribimos%20de%20MEDPLAY.%0A%0A%E2%80%A2%20Tu%20Youtube%2C%20con%20el%20correo%20pabloleytonn%40gmail.com%2C%20vence%20el%20*28%2F04%2F2026*%2C%20quer%C3%ADa%20saber%20si%20deseas%20*realizar%20la%20renovaci%C3%B3n*%2C%20tiene%20un%20costo%20de%20*%24%207%2C900*.%0A%0A*PARA%20PAGOS%20POR%20NEQUI%20SOLICITAR%20EL%20QR%20POR%20FAVOR*
[2026-04-27 14:45:36.204] ✉️ Enviando…
[2026-04-27 14:45:36.453] ↩️ Enviado (Enter)
[2026-04-27 14:45:36.453] ⏳ Pausa post-envío: 12s…
[2026-04-27 14:45:48.459] 
[63/68] → 573115671273
[2026-04-27 14:45:48.460] 🔁 Abriendo chat (intento 1/3) con: https://web.whatsapp.com/send?phone=573115671273&text=Hola%2C%20te%20escribimos%20de%20MEDPLAY.%0A%0A%E2%80%A2%20Tu%20Youtube%2C%20con%20el%20correo%20pitin2024%40gmail.com%2C%20vence%20el%20*28%2F04%2F2026*%2C%20quer%C3%ADa%20saber%20si%20deseas%20*realizar%20la%20renovaci%C3%B3n*%2C%20tiene%20un%20costo%20de%20*%24%207%2C900*.%0A%0A*PARA%20PAGOS%20POR%20NEQUI%20SOLICITAR%20EL%20QR%20POR%20FAVOR*
[2026-04-27 14:45:52.132] ✉️ Enviando…
[2026-04-27 14:45:56.873] ↩️ Enviado (Enter)
[2026-04-27 14:45:56.874] ⏳ Pausa post-envío: 12s…
[2026-04-27 14:46:08.876] 
[64/68] → 573015462243
[2026-04-27 14:46:08.877] 🔁 Abriendo chat (intento 1/3) con: https://web.whatsapp.com/send?phone=573015462243&text=Hola%2C%20te%20escribimos%20de%20MEDPLAY.%0A%0A%E2%80%A2%20Tu%20Youtube%2C%20con%20el%20correo%20manuelolivaresm9%40gmail.com%2C%20vence%20el%20*28%2F04%2F2026*%2C%20quer%C3%ADa%20saber%20si%20deseas%20*realizar%20la%20renovaci%C3%B3n*%2C%20tiene%20un%20costo%20de%20*%24%207%2C900*.%0A%0A*PARA%20PAGOS%20POR%20NEQUI%20SOLICITAR%20EL%20QR%20POR%20FAVOR*
[2026-04-27 14:46:12.424] ✉️ Enviando…
[2026-04-27 14:46:16.691] ↩️ Enviado (Enter)
[2026-04-27 14:46:16.692] ⏳ Pausa post-envío: 12s…
[2026-04-27 14:46:28.697] 
[65/68] → 573184934697
[2026-04-27 14:46:28.698] 🔁 Abriendo chat (intento 1/3) con: https://web.whatsapp.com/send?phone=573184934697&text=Hola%2C%20te%20escribimos%20de%20MEDPLAY.%0A%0A%E2%80%A2%20Tu%20Youtube%2C%20con%20el%20correo%20pintulike1%40gmail.com%2C%20vence%20el%20*28%2F04%2F2026*%2C%20quer%C3%ADa%20saber%20si%20deseas%20*realizar%20la%20renovaci%C3%B3n*%2C%20tiene%20un%20costo%20de%20*%24%207%2C900*.%0A%0A*PARA%20PAGOS%20POR%20NEQUI%20SOLICITAR%20EL%20QR%20POR%20FAVOR*
[2026-04-27 14:46:32.347] ✉️ Enviando…
[2026-04-27 14:46:35.907] ↩️ Enviado (Enter)
[2026-04-27 14:46:35.908] ⏳ Pausa post-envío: 12s…
[2026-04-27 14:46:47.913] 
[66/68] → 573123228767
[2026-04-27 14:46:47.914] 🔁 Abriendo chat (intento 1/3) con: https://web.whatsapp.com/send?phone=573123228767&text=Hola%20Hector%2C%20te%20escribimos%20de%20MEDPLAY.%0A%0A%E2%80%A2%20Tu%20Youtube%2C%20con%20el%20correo%20fanthasmaxx3415667%40gmail.com%2C%20vence%20el%20*28%2F04%2F2026*%2C%20quer%C3%ADa%20saber%20si%20deseas%20*realizar%20la%20renovaci%C3%B3n*%2C%20tiene%20un%20costo%20de%20*%24%207%2C900*.%0A%0A*PARA%20PAGOS%20POR%20NEQUI%20SOLICITAR%20EL%20QR%20POR%20FAVOR*
[2026-04-27 14:46:52.291] ✉️ Enviando…
[2026-04-27 14:46:55.132] ↩️ Enviado (Enter)
[2026-04-27 14:46:55.132] ⏳ Pausa post-envío: 12s…
[2026-04-27 14:47:07.142] 
[67/68] → 573022497046
[2026-04-27 14:47:07.142] 🔁 Abriendo chat (intento 1/3) con: https://web.whatsapp.com/send?phone=573022497046&text=Hola%20%2B57%2C%20te%20escribimos%20de%20MEDPLAY.%0A%0A%E2%80%A2%20Tu%20Spotify%2C%20con%20el%20correo%20delamanodedios12%40gmail.com%2C%20vence%20el%20*28%2F04%2F2026*%2C%20quer%C3%ADa%20saber%20si%20deseas%20*realizar%20la%20renovaci%C3%B3n*%2C%20tiene%20un%20costo%20de%20*%24%2015%2C900*.%0A%0A*PARA%20PAGOS%20POR%20NEQUI%20SOLICITAR%20EL%20QR%20POR%20FAVOR*
[2026-04-27 14:47:17.149] ✉️ Enviando…
[2026-04-27 14:47:18.199] ↩️ Enviado (Enter)
[2026-04-27 14:47:18.201] ⏳ Pausa post-envío: 12s…
[2026-04-27 14:47:30.202] 
[68/68] → 573107348626
[2026-04-27 14:47:30.203] 🔁 Abriendo chat (intento 1/3) con: https://web.whatsapp.com/send?phone=573107348626&text=Hola%20Jhon%2C%20te%20escribimos%20de%20MEDPLAY.%0A%0A%E2%80%A2%20Tu%20Youtube%2C%20con%20el%20correo%20jhoncardonaramirez11%40gmail.com%2C%20vence%20el%20*27%2F04%2F2026*%2C%20quer%C3%ADa%20saber%20si%20deseas%20*realizar%20la%20renovaci%C3%B3n*%2C%20tiene%20un%20costo%20de%20*%24%207%2C900*.%0A%0A*PARA%20PAGOS%20POR%20NEQUI%20SOLICITAR%20EL%20QR%20POR%20FAVOR*
[2026-04-27 14:47:43.546] ✉️ Enviando…
[2026-04-27 14:47:43.844] ↩️ Enviado (Enter)
[2026-04-27 14:47:43.844] ⏳ Pausa post-envío: 12s…
[2026-04-27 14:47:55.853] 
✅ Finalizado. Enviados: 68. Omitidos: 0.
[2026-04-27 14:47:55.854] ℹ️ Navegador dejado abierto para revisión manual.
[2026-04-28 15:17:40.347] 📨 Enviaré 34 mensaje(s).
[2026-04-28 15:17:40.348] 🚀 Lanzando script de navegador: C:\Users\Santiago\medplay\scripts\start-edge-wa.bat
[2026-04-28 15:17:40.357] ⏳ Esperando CDP…
[2026-04-28 15:17:43.449] 🟡 Preparando WhatsApp Web…
[2026-04-28 15:17:54.774] ✅ WhatsApp Web listo.
[2026-04-28 15:17:54.774] 
[1/34] → 573135427163
[2026-04-28 15:17:54.775] 🔁 Abriendo chat (intento 1/3) con: https://web.whatsapp.com/send?phone=573135427163&text=Hola%20Estefania%2C%20te%20escribimos%20de%20MEDPLAY.%0A%0A%E2%80%A2%20Tu%20Netflix%20(pantalla%205)%2C%20con%20el%20correo%20xozptos6%40nerpre.com%2C%20vence%20el%20*28%2F04%2F2026*%2C%20quer%C3%ADa%20saber%20si%20deseas%20*realizar%20la%20renovaci%C3%B3n*%2C%20tiene%20un%20costo%20de%20*%24%2014%2C900*.%0A%E2%80%A2%20Tu%20Netflix%20(pantalla%206)%2C%20con%20el%20correo%20xozptos6%40nerpre.com%2C%20vence%20el%20*28%2F04%2F2026*%2C%20quer%C3%ADa%20saber%20si%20deseas%20*realizar%20la%20renovaci%C3%B3n*%2C%20tiene%20un%20costo%20de%20*%24%2014%2C900*.%0A%0A*PARA%20PAGOS%20POR%20NEQUI%20SOLICITAR%20EL%20QR%20POR%20FAVOR*
[2026-04-28 15:18:04.031] ✉️ Enviando…
[2026-04-28 15:18:09.647] ↩️ Enviado (Enter)
[2026-04-28 15:18:09.647] ⏳ Pausa post-envío: 12s…
[2026-04-28 15:18:21.650] 
[2/34] → 573013579141
[2026-04-28 15:18:21.653] 🔁 Abriendo chat (intento 1/3) con: https://web.whatsapp.com/send?phone=573013579141&text=Hola%2C%20te%20escribimos%20de%20MEDPLAY.%0A%0A%E2%80%A2%20Tu%20Disney%20(pantalla%205)%2C%20con%20el%20correo%20medplay93%2Bnv2%40gmail.com%2C%20vence%20el%20*24%2F04%2F2026*%2C%20quer%C3%ADa%20saber%20si%20deseas%20*realizar%20la%20renovaci%C3%B3n*%2C%20tiene%20un%20costo%20de%20*%24%207%2C900*.%0A%0A*PARA%20PAGOS%20POR%20NEQUI%20SOLICITAR%20EL%20QR%20POR%20FAVOR*
[2026-04-28 15:18:31.149] ✉️ Enviando…
[2026-04-28 15:18:37.782] ↩️ Enviado (Enter)
[2026-04-28 15:18:37.782] ⏳ Pausa post-envío: 12s…
[2026-04-28 15:18:49.784] 
[3/34] → 573167001828
[2026-04-28 15:18:49.785] 🔁 Abriendo chat (intento 1/3) con: https://web.whatsapp.com/send?phone=573167001828&text=Hola%20Carlos%2C%20te%20escribimos%20de%20MEDPLAY.%0A%0A%E2%80%A2%20Tu%20Disney%20(pantalla%206)%2C%20con%20el%20correo%20medplay93%2Bnv2%40gmail.com%2C%20vence%20el%20*25%2F04%2F2026*%2C%20quer%C3%ADa%20saber%20si%20deseas%20*realizar%20la%20renovaci%C3%B3n*%2C%20tiene%20un%20costo%20de%20*%24%207%2C900*.%0A%0A*PARA%20PAGOS%20POR%20NEQUI%20SOLICITAR%20EL%20QR%20POR%20FAVOR*
[2026-04-28 15:18:59.467] ✉️ Enviando…
[2026-04-28 15:19:05.717] ↩️ Enviado (Enter)
[2026-04-28 15:19:05.718] ⏳ Pausa post-envío: 12s…
[2026-04-28 15:19:17.732] 
[4/34] → 573203471528
[2026-04-28 15:19:17.732] 🔁 Abriendo chat (intento 1/3) con: https://web.whatsapp.com/send?phone=573203471528&text=Hola%20%2B57%2C%20te%20escribimos%20de%20MEDPLAY.%0A%0A%E2%80%A2%20Tu%20Crunchyroll%20(pantalla%206)%2C%20con%20el%20correo%20vamoabesarnos%40gmail.com%2C%20vence%20el%20*26%2F04%2F2026*%2C%20quer%C3%ADa%20saber%20si%20deseas%20*realizar%20la%20renovaci%C3%B3n*%2C%20tiene%20un%20costo%20de%20*%24%204%2C900*.%0A%0A*PARA%20PAGOS%20POR%20NEQUI%20SOLICITAR%20EL%20QR%20POR%20FAVOR*
[2026-04-28 15:19:23.303] ✉️ Enviando…
[2026-04-28 15:19:33.838] ↩️ Enviado (Enter)
[2026-04-28 15:19:33.839] ⏳ Pausa post-envío: 12s…
[2026-04-28 15:19:45.848] 
[5/34] → 573144476819
[2026-04-28 15:19:45.848] 🔁 Abriendo chat (intento 1/3) con: https://web.whatsapp.com/send?phone=573144476819&text=Hola%20Diego%2C%20te%20escribimos%20de%20MEDPLAY.%0A%0A%E2%80%A2%20Tu%20Crunchyroll%20(pantalla%201)%2C%20con%20el%20correo%20ritaovercash37%40hotmail.com%2C%20vence%20el%20*27%2F04%2F2026*%2C%20quer%C3%ADa%20saber%20si%20deseas%20*realizar%20la%20renovaci%C3%B3n*%2C%20tiene%20un%20costo%20de%20*%24%204%2C900*.%0A%0A*PARA%20PAGOS%20POR%20NEQUI%20SOLICITAR%20EL%20QR%20POR%20FAVOR*
[2026-04-28 15:19:50.427] ✉️ Enviando…
[2026-04-28 15:19:54.435] ↩️ Enviado (Enter)
[2026-04-28 15:19:54.435] ⏳ Pausa post-envío: 12s…
[2026-04-28 15:20:06.438] 
[6/34] → 573117951724
[2026-04-28 15:20:06.439] 🔁 Abriendo chat (intento 1/3) con: https://web.whatsapp.com/send?phone=573117951724&text=Hola%20%2B57%2C%20te%20escribimos%20de%20MEDPLAY.%0A%0A%E2%80%A2%20Tu%20Crunchyroll%20(pantalla%203)%2C%20con%20el%20correo%20ritaovercash37%40hotmail.com%2C%20vence%20el%20*27%2F04%2F2026*%2C%20quer%C3%ADa%20saber%20si%20deseas%20*realizar%20la%20renovaci%C3%B3n*%2C%20tiene%20un%20costo%20de%20*%24%204%2C900*.%0A%0A*PARA%20PAGOS%20POR%20NEQUI%20SOLICITAR%20EL%20QR%20POR%20FAVOR*
[2026-04-28 15:20:18.612] ✉️ Enviando…
[2026-04-28 15:20:18.858] ↩️ Enviado (Enter)
[2026-04-28 15:20:18.859] ⏳ Pausa post-envío: 12s…
[2026-04-28 15:20:30.867] 
[7/34] → 573124667478
[2026-04-28 15:20:30.868] 🔁 Abriendo chat (intento 1/3) con: https://web.whatsapp.com/send?phone=573124667478&text=Hola%20Felipe%2C%20te%20escribimos%20de%20MEDPLAY.%0A%0A%E2%80%A2%20Tu%20Crunchyroll%20(pantalla%204)%2C%20con%20el%20correo%20ritaovercash37%40hotmail.com%2C%20vence%20el%20*27%2F04%2F2026*%2C%20quer%C3%ADa%20saber%20si%20deseas%20*realizar%20la%20renovaci%C3%B3n*%2C%20tiene%20un%20costo%20de%20*%24%204%2C900*.%0A%E2%80%A2%20Tu%20Amazon%20(pantalla%204)%2C%20con%20el%20correo%20keirenhgg17890%40hotmail.com%2C%20vence%20el%20*28%2F04%2F2026*%2C%20quer%C3%ADa%20saber%20si%20deseas%20*realizar%20la%20renovaci%C3%B3n*%2C%20tiene%20un%20costo%20de%20*%24%207%2C900*.%0A%E2%80%A2%20Tu%20MAX%20(pantalla%202)%2C%20con%20el%20correo%20medplay93%2Bgil%40gmail.com%2C%20vence%20el%20*28%2F04%2F2026*%2C%20quer%C3%ADa%20saber%20si%20deseas%20*realizar%20la%20renovaci%C3%B3n*%2C%20tiene%20un%20costo%20de%20*%24%207%2C900*.%0A%0A*PARA%20PAGOS%20POR%20NEQUI%20SOLICITAR%20EL%20QR%20POR%20FAVOR*
[2026-04-28 15:20:43.034] ✉️ Enviando…
[2026-04-28 15:20:43.441] ↩️ Enviado (Enter)
[2026-04-28 15:20:43.441] ⏳ Pausa post-envío: 12s…
[2026-04-28 15:20:55.457] 
[8/34] → 573016923588
[2026-04-28 15:20:55.459] 🔁 Abriendo chat (intento 1/3) con: https://web.whatsapp.com/send?phone=573016923588&text=Hola%2C%20te%20escribimos%20de%20MEDPLAY.%0A%0A%E2%80%A2%20Tu%20Netflix%20(pantalla%203)%2C%20con%20el%20correo%20pedromurillo653%40outlook.com%2C%20vence%20el%20*28%2F04%2F2026*%2C%20quer%C3%ADa%20saber%20si%20deseas%20*realizar%20la%20renovaci%C3%B3n*%2C%20tiene%20un%20costo%20de%20*%24%2014%2C900*.%0A%E2%80%A2%20Tu%20MAX%20(pantalla%201)%2C%20con%20el%20correo%20medplay93%2Bbad%40gmail.com%2C%20vence%20el%20*28%2F04%2F2026*%2C%20quer%C3%ADa%20saber%20si%20deseas%20*realizar%20la%20renovaci%C3%B3n*%2C%20tiene%20un%20costo%20de%20*%24%207%2C900*.%0A%0A*PARA%20PAGOS%20POR%20NEQUI%20SOLICITAR%20EL%20QR%20POR%20FAVOR*
[2026-04-28 15:21:03.916] ✉️ Enviando…
[2026-04-28 15:21:04.311] ↩️ Enviado (Enter)
[2026-04-28 15:21:04.312] ⏳ Pausa post-envío: 12s…
[2026-04-28 15:21:16.319] 
[9/34] → 573135980688
[2026-04-28 15:21:16.321] 🔁 Abriendo chat (intento 1/3) con: https://web.whatsapp.com/send?phone=573135980688&text=Hola%2C%20te%20escribimos%20de%20MEDPLAY.%0A%0A%E2%80%A2%20Tu%20Crunchyroll%20(pantalla%205)%2C%20con%20el%20correo%20ritaovercash37%40hotmail.com%2C%20vence%20el%20*28%2F04%2F2026*%2C%20quer%C3%ADa%20saber%20si%20deseas%20*realizar%20la%20renovaci%C3%B3n*%2C%20tiene%20un%20costo%20de%20*%24%204%2C900*.%0A%0A*PARA%20PAGOS%20POR%20NEQUI%20SOLICITAR%20EL%20QR%20POR%20FAVOR*
[2026-04-28 15:21:19.220] ✉️ Enviando…
[2026-04-28 15:21:21.645] ↩️ Enviado (Enter)
[2026-04-28 15:21:21.646] ⏳ Pausa post-envío: 12s…
[2026-04-28 15:21:33.662] 
[10/34] → 573233022640
[2026-04-28 15:21:33.663] 🔁 Abriendo chat (intento 1/3) con: https://web.whatsapp.com/send?phone=573233022640&text=Hola%20Lu%2C%20te%20escribimos%20de%20MEDPLAY.%0A%0A%E2%80%A2%20Tu%20Netflix%20(pantalla%203)%2C%20con%20el%20correo%20xozptos6%40nerpre.com%2C%20vence%20el%20*28%2F04%2F2026*%2C%20quer%C3%ADa%20saber%20si%20deseas%20*realizar%20la%20renovaci%C3%B3n*%2C%20tiene%20un%20costo%20de%20*%24%2014%2C900*.%0A%0A*PARA%20PAGOS%20POR%20NEQUI%20SOLICITAR%20EL%20QR%20POR%20FAVOR*
[2026-04-28 15:21:42.362] ✉️ Enviando…
[2026-04-28 15:21:42.790] ↩️ Enviado (Enter)
[2026-04-28 15:21:42.790] ⏳ Pausa post-envío: 12s…
[2026-04-28 15:21:54.801] 
[11/34] → 573204354872
[2026-04-28 15:21:54.802] 🔁 Abriendo chat (intento 1/3) con: https://web.whatsapp.com/send?phone=573204354872&text=Hola%20jhoel%2C%20te%20escribimos%20de%20MEDPLAY.%0A%0A%E2%80%A2%20Tu%20Crunchyroll%20(pantalla%201)%2C%20con%20el%20correo%20codycarullo093%40hotmail.com%2C%20vence%20el%20*29%2F04%2F2026*%2C%20quer%C3%ADa%20saber%20si%20deseas%20*realizar%20la%20renovaci%C3%B3n*%2C%20tiene%20un%20costo%20de%20*%24%204%2C900*.%0A%0A*PARA%20PAGOS%20POR%20NEQUI%20SOLICITAR%20EL%20QR%20POR%20FAVOR*
[2026-04-28 15:22:04.853] ✉️ Enviando…
[2026-04-28 15:22:05.123] ↩️ Enviado (Enter)
[2026-04-28 15:22:05.123] ⏳ Pausa post-envío: 12s…
[2026-04-28 15:22:17.132] 
[12/34] → 573117347370
[2026-04-28 15:22:17.133] 🔁 Abriendo chat (intento 1/3) con: https://web.whatsapp.com/send?phone=573117347370&text=Hola%20%2B57%2C%20te%20escribimos%20de%20MEDPLAY.%0A%0A%E2%80%A2%20Tu%20Disney%20Premium%20(pantalla%201)%2C%20con%20el%20correo%20medplay93%2Blc%40gmail.com%2C%20vence%20el%20*29%2F04%2F2026*%2C%20quer%C3%ADa%20saber%20si%20deseas%20*realizar%20la%20renovaci%C3%B3n*%2C%20tiene%20un%20costo%20de%20*%24%2012%2C900*.%0A%0A*PARA%20PAGOS%20POR%20NEQUI%20SOLICITAR%20EL%20QR%20POR%20FAVOR*
[2026-04-28 15:22:27.381] ✉️ Enviando…
[2026-04-28 15:22:27.688] ↩️ Enviado (Enter)
[2026-04-28 15:22:27.688] ⏳ Pausa post-envío: 12s…
[2026-04-28 15:22:39.692] 
[13/34] → 584127649654
[2026-04-28 15:22:39.692] 🔁 Abriendo chat (intento 1/3) con: https://web.whatsapp.com/send?phone=584127649654&text=Hola%20Antonio%2C%20te%20escribimos%20de%20MEDPLAY.%0A%0A%E2%80%A2%20Tu%20Crunchyroll%20(pantalla%202)%2C%20con%20el%20correo%20codycarullo093%40hotmail.com%2C%20vence%20el%20*29%2F04%2F2026*%2C%20quer%C3%ADa%20saber%20si%20deseas%20*realizar%20la%20renovaci%C3%B3n*%2C%20tiene%20un%20costo%20de%20*%24%204%2C900*.%0A%0A*PARA%20PAGOS%20POR%20NEQUI%20SOLICITAR%20EL%20QR%20POR%20FAVOR*
[2026-04-28 15:22:46.033] ✉️ Enviando…
[2026-04-28 15:22:46.623] ↩️ Enviado (Enter)
[2026-04-28 15:22:46.623] ⏳ Pausa post-envío: 12s…
[2026-04-28 15:22:58.624] 
[14/34] → 573046815972
[2026-04-28 15:22:58.625] 🔁 Abriendo chat (intento 1/3) con: https://web.whatsapp.com/send?phone=573046815972&text=Hola%20%2B57%2C%20te%20escribimos%20de%20MEDPLAY.%0A%0A%E2%80%A2%20Tu%20Crunchyroll%20(pantalla%203)%2C%20con%20el%20correo%20codycarullo093%40hotmail.com%2C%20vence%20el%20*29%2F04%2F2026*%2C%20quer%C3%ADa%20saber%20si%20deseas%20*realizar%20la%20renovaci%C3%B3n*%2C%20tiene%20un%20costo%20de%20*%24%204%2C900*.%0A%0A*PARA%20PAGOS%20POR%20NEQUI%20SOLICITAR%20EL%20QR%20POR%20FAVOR*
[2026-04-28 15:23:10.406] ✉️ Enviando…
[2026-04-28 15:23:10.602] ↩️ Enviado (Enter)
[2026-04-28 15:23:10.603] ⏳ Pausa post-envío: 12s…
[2026-04-28 15:23:22.614] 
[15/34] → 573203367823
[2026-04-28 15:23:22.615] 🔁 Abriendo chat (intento 1/3) con: https://web.whatsapp.com/send?phone=573203367823&text=Hola%20%2B57%2C%20te%20escribimos%20de%20MEDPLAY.%0A%0A%E2%80%A2%20Tu%20Netflix%20(pantalla%201)%2C%20con%20el%20correo%20xozptos6%40nerpre.com%2C%20vence%20el%20*29%2F04%2F2026*%2C%20quer%C3%ADa%20saber%20si%20deseas%20*realizar%20la%20renovaci%C3%B3n*%2C%20tiene%20un%20costo%20de%20*%24%2014%2C900*.%0A%0A*PARA%20PAGOS%20POR%20NEQUI%20SOLICITAR%20EL%20QR%20POR%20FAVOR*
[2026-04-28 15:23:34.776] ✉️ Enviando…
[2026-04-28 15:23:35.038] ↩️ Enviado (Enter)
[2026-04-28 15:23:35.039] ⏳ Pausa post-envío: 12s…
[2026-04-28 15:23:47.053] 
[16/34] → 573052645874
[2026-04-28 15:23:47.053] 🔁 Abriendo chat (intento 1/3) con: https://web.whatsapp.com/send?phone=573052645874&text=Hola%20%2B57%2C%20te%20escribimos%20de%20MEDPLAY.%0A%0A%E2%80%A2%20Tu%20Netflix%20(pantalla%202)%2C%20con%20el%20correo%20barbra19367tricia2001%2B2%40hotmail.com%2C%20vence%20el%20*28%2F04%2F2026*%2C%20quer%C3%ADa%20saber%20si%20deseas%20*realizar%20la%20renovaci%C3%B3n*%2C%20tiene%20un%20costo%20de%20*%24%2014%2C900*.%0A%0A*PARA%20PAGOS%20POR%20NEQUI%20SOLICITAR%20EL%20QR%20POR%20FAVOR*
[2026-04-28 15:23:59.528] ✉️ Enviando…
[2026-04-28 15:23:59.814] ↩️ Enviado (Enter)
[2026-04-28 15:23:59.814] ⏳ Pausa post-envío: 12s…
[2026-04-28 15:24:11.815] 
[17/34] → 573227277192
[2026-04-28 15:24:11.816] 🔁 Abriendo chat (intento 1/3) con: https://web.whatsapp.com/send?phone=573227277192&text=Hola%2C%20te%20escribimos%20de%20MEDPLAY.%0A%0A%E2%80%A2%20Tu%20MAX%2C%20con%20el%20correo%20medplay93%2Bwer2%40gmail.com%2C%20vence%20el%20*27%2F04%2F2026*%2C%20quer%C3%ADa%20saber%20si%20deseas%20*realizar%20la%20renovaci%C3%B3n*%2C%20tiene%20un%20costo%20de%20*%24%2022%2C900*.%0A%E2%80%A2%20Tu%20MAX%2C%20con%20el%20correo%20medplay93%2B34%40Gmail.com%2C%20vence%20el%20*27%2F04%2F2026*%2C%20quer%C3%ADa%20saber%20si%20deseas%20*realizar%20la%20renovaci%C3%B3n*%2C%20tiene%20un%20costo%20de%20*%24%2022%2C900*.%0A%E2%80%A2%20Tu%20MAX%2C%20con%20el%20correo%20medplay93%2B87%40Gmail.com%2C%20vence%20el%20*27%2F04%2F2026*%2C%20quer%C3%ADa%20saber%20si%20deseas%20*realizar%20la%20renovaci%C3%B3n*%2C%20tiene%20un%20costo%20de%20*%24%2022%2C900*.%0A%E2%80%A2%20Tu%20Disney%20Premium%2C%20con%20el%20correo%20medplay93%2Bff4%40gmail.com%2C%20vence%20el%20*27%2F04%2F2026*%2C%20quer%C3%ADa%20saber%20si%20deseas%20*realizar%20la%20renovaci%C3%B3n*%2C%20tiene%20un%20costo%20de%20*%24%2028%2C900*.%0A%E2%80%A2%20Tu%20MAX%2C%20con%20el%20correo%20medplay93%2Bbeng%40gmail.com%2C%20vence%20el%20*27%2F04%2F2026*%2C%20quer%C3%ADa%20saber%20si%20deseas%20*realizar%20la%20renovaci%C3%B3n*%2C%20tiene%20un%20costo%20de%20*%24%2022%2C900*.%0A%0A*PARA%20PAGOS%20POR%20NEQUI%20SOLICITAR%20EL%20QR%20POR%20FAVOR*
[2026-04-28 15:24:21.397] ✉️ Enviando…
[2026-04-28 15:24:22.177] ↩️ Enviado (Enter)
[2026-04-28 15:24:22.177] ⏳ Pausa post-envío: 12s…
[2026-04-28 15:24:34.191] 
[18/34] → 573042523314
[2026-04-28 15:24:34.192] 🔁 Abriendo chat (intento 1/3) con: https://web.whatsapp.com/send?phone=573042523314&text=Hola%20Brayan%2C%20te%20escribimos%20de%20MEDPLAY.%0A%0A%E2%80%A2%20Tu%20Youtube%2C%20con%20el%20correo%20yadis35802%40gmail.com%2C%20vence%20el%20*28%2F04%2F2026*%2C%20quer%C3%ADa%20saber%20si%20deseas%20*realizar%20la%20renovaci%C3%B3n*%2C%20tiene%20un%20costo%20de%20*%24%207%2C900*.%0A%0A*PARA%20PAGOS%20POR%20NEQUI%20SOLICITAR%20EL%20QR%20POR%20FAVOR*
[2026-04-28 15:24:37.928] ✉️ Enviando…
[2026-04-28 15:24:40.486] ↩️ Enviado (Enter)
[2026-04-28 15:24:40.487] ⏳ Pausa post-envío: 12s…
[2026-04-28 15:24:52.499] 
[19/34] → 573123166991
[2026-04-28 15:24:52.500] 🔁 Abriendo chat (intento 1/3) con: https://web.whatsapp.com/send?phone=573123166991&text=Hola%2C%20te%20escribimos%20de%20MEDPLAY.%0A%0A%E2%80%A2%20Tu%20Youtube%2C%20con%20el%20correo%20barrancabermeja202629%40gmail.com%2C%20vence%20el%20*28%2F04%2F2026*%2C%20quer%C3%ADa%20saber%20si%20deseas%20*realizar%20la%20renovaci%C3%B3n*%2C%20tiene%20un%20costo%20de%20*%24%207%2C900*.%0A%0A*PARA%20PAGOS%20POR%20NEQUI%20SOLICITAR%20EL%20QR%20POR%20FAVOR*
[2026-04-28 15:25:02.736] ✉️ Enviando…
[2026-04-28 15:25:02.945] ↩️ Enviado (Enter)
[2026-04-28 15:25:02.945] ⏳ Pausa post-envío: 12s…
[2026-04-28 15:25:14.964] 
[20/34] → 573185515411
[2026-04-28 15:25:14.964] 🔁 Abriendo chat (intento 1/3) con: https://web.whatsapp.com/send?phone=573185515411&text=Hola%20Andres%2C%20te%20escribimos%20de%20MEDPLAY.%0A%0A%E2%80%A2%20Tu%20Youtube%2C%20con%20el%20correo%20l3975541%40gmail.com%2C%20vence%20el%20*28%2F04%2F2026*%2C%20quer%C3%ADa%20saber%20si%20deseas%20*realizar%20la%20renovaci%C3%B3n*%2C%20tiene%20un%20costo%20de%20*%24%207%2C900*.%0A%0A*PARA%20PAGOS%20POR%20NEQUI%20SOLICITAR%20EL%20QR%20POR%20FAVOR*
[2026-04-28 15:25:18.136] ✉️ Enviando…
[2026-04-28 15:25:20.585] ↩️ Enviado (Enter)
[2026-04-28 15:25:20.585] ⏳ Pausa post-envío: 12s…
[2026-04-28 15:25:32.590] 
[21/34] → 573237258479
[2026-04-28 15:25:32.591] 🔁 Abriendo chat (intento 1/3) con: https://web.whatsapp.com/send?phone=573237258479&text=Hola%20Dai%2C%20te%20escribimos%20de%20MEDPLAY.%0A%0A%E2%80%A2%20Tu%20Amazon%2C%20con%20el%20correo%20mogequoutreza-4195%40ves.ink%2C%20vence%20el%20*28%2F04%2F2026*%2C%20quer%C3%ADa%20saber%20si%20deseas%20*realizar%20la%20renovaci%C3%B3n*%2C%20tiene%20un%20costo%20de%20*%24%2024%2C000*.%0A%E2%80%A2%20Tu%20Disney%20Premium%2C%20con%20el%20correo%20medplay93%2Bg8000%40gmail.com%2C%20vence%20el%20*28%2F04%2F2026*%2C%20quer%C3%ADa%20saber%20si%20deseas%20*realizar%20la%20renovaci%C3%B3n*%2C%20tiene%20un%20costo%20de%20*%24%2028%2C900*.%0A%0A*PARA%20PAGOS%20POR%20NEQUI%20SOLICITAR%20EL%20QR%20POR%20FAVOR*
[2026-04-28 15:25:41.910] ✉️ Enviando…
[2026-04-28 15:25:42.289] ↩️ Enviado (Enter)
[2026-04-28 15:25:42.289] ⏳ Pausa post-envío: 12s…
[2026-04-28 15:25:54.304] 
[22/34] → 573202129835
[2026-04-28 15:25:54.304] 🔁 Abriendo chat (intento 1/3) con: https://web.whatsapp.com/send?phone=573202129835&text=Hola%2C%20te%20escribimos%20de%20MEDPLAY.%0A%0A%E2%80%A2%20Tu%20Youtube%2C%20con%20el%20correo%20salome1023919854%40gmail.com%2C%20vence%20el%20*28%2F04%2F2026*%2C%20quer%C3%ADa%20saber%20si%20deseas%20*realizar%20la%20renovaci%C3%B3n*%2C%20tiene%20un%20costo%20de%20*%24%207%2C900*.%0A%0A*PARA%20PAGOS%20POR%20NEQUI%20SOLICITAR%20EL%20QR%20POR%20FAVOR*
[2026-04-28 15:25:58.357] ✉️ Enviando…
[2026-04-28 15:26:00.986] ↩️ Enviado (Enter)
[2026-04-28 15:26:00.986] ⏳ Pausa post-envío: 12s…
[2026-04-28 15:26:12.989] 
[23/34] → 573026064341
[2026-04-28 15:26:12.999] 🔁 Abriendo chat (intento 1/3) con: https://web.whatsapp.com/send?phone=573026064341&text=Hola%20%2B57%2C%20te%20escribimos%20de%20MEDPLAY.%0A%0A%E2%80%A2%20Tu%20Youtube%2C%20con%20el%20correo%20castanojohn84%40gmail.com%2C%20vence%20el%20*28%2F04%2F2026*%2C%20quer%C3%ADa%20saber%20si%20deseas%20*realizar%20la%20renovaci%C3%B3n*%2C%20tiene%20un%20costo%20de%20*%24%207%2C900*.%0A%0A*PARA%20PAGOS%20POR%20NEQUI%20SOLICITAR%20EL%20QR%20POR%20FAVOR*
[2026-04-28 15:26:22.090] ✉️ Enviando…
[2026-04-28 15:26:22.831] ↩️ Enviado (Enter)
[2026-04-28 15:26:22.831] ⏳ Pausa post-envío: 12s…
[2026-04-28 15:26:34.845] 
[24/34] → 573114525483
[2026-04-28 15:26:34.846] 🔁 Abriendo chat (intento 1/3) con: https://web.whatsapp.com/send?phone=573114525483&text=Hola%2C%20te%20escribimos%20de%20MEDPLAY.%0A%0A%E2%80%A2%20Tu%20Youtube%2C%20con%20el%20correo%20pabloleytonn%40gmail.com%2C%20vence%20el%20*28%2F04%2F2026*%2C%20quer%C3%ADa%20saber%20si%20deseas%20*realizar%20la%20renovaci%C3%B3n*%2C%20tiene%20un%20costo%20de%20*%24%207%2C900*.%0A%0A*PARA%20PAGOS%20POR%20NEQUI%20SOLICITAR%20EL%20QR%20POR%20FAVOR*
[2026-04-28 15:26:38.175] ✉️ Enviando…
[2026-04-28 15:26:40.547] ↩️ Enviado (Enter)
[2026-04-28 15:26:40.547] ⏳ Pausa post-envío: 12s…
[2026-04-28 15:26:52.550] 
[25/34] → 573115671273
[2026-04-28 15:26:52.551] 🔁 Abriendo chat (intento 1/3) con: https://web.whatsapp.com/send?phone=573115671273&text=Hola%2C%20te%20escribimos%20de%20MEDPLAY.%0A%0A%E2%80%A2%20Tu%20Youtube%2C%20con%20el%20correo%20pitin2024%40gmail.com%2C%20vence%20el%20*28%2F04%2F2026*%2C%20quer%C3%ADa%20saber%20si%20deseas%20*realizar%20la%20renovaci%C3%B3n*%2C%20tiene%20un%20costo%20de%20*%24%207%2C900*.%0A%0A*PARA%20PAGOS%20POR%20NEQUI%20SOLICITAR%20EL%20QR%20POR%20FAVOR*
[2026-04-28 15:27:01.621] ✉️ Enviando…
[2026-04-28 15:27:02.346] ↩️ Enviado (Enter)
[2026-04-28 15:27:02.346] ⏳ Pausa post-envío: 12s…
[2026-04-28 15:27:14.353] 
[26/34] → 573015462243
[2026-04-28 15:27:14.353] 🔁 Abriendo chat (intento 1/3) con: https://web.whatsapp.com/send?phone=573015462243&text=Hola%2C%20te%20escribimos%20de%20MEDPLAY.%0A%0A%E2%80%A2%20Tu%20Youtube%2C%20con%20el%20correo%20manuelolivaresm9%40gmail.com%2C%20vence%20el%20*28%2F04%2F2026*%2C%20quer%C3%ADa%20saber%20si%20deseas%20*realizar%20la%20renovaci%C3%B3n*%2C%20tiene%20un%20costo%20de%20*%24%207%2C900*.%0A%0A*PARA%20PAGOS%20POR%20NEQUI%20SOLICITAR%20EL%20QR%20POR%20FAVOR*
[2026-04-28 15:27:24.707] ✉️ Enviando…
[2026-04-28 15:27:25.584] ↩️ Enviado (Enter)
[2026-04-28 15:27:25.585] ⏳ Pausa post-envío: 12s…
[2026-04-28 15:27:37.596] 
[27/34] → 573184934697
[2026-04-28 15:27:37.597] 🔁 Abriendo chat (intento 1/3) con: https://web.whatsapp.com/send?phone=573184934697&text=Hola%2C%20te%20escribimos%20de%20MEDPLAY.%0A%0A%E2%80%A2%20Tu%20Youtube%2C%20con%20el%20correo%20pintulike1%40gmail.com%2C%20vence%20el%20*28%2F04%2F2026*%2C%20quer%C3%ADa%20saber%20si%20deseas%20*realizar%20la%20renovaci%C3%B3n*%2C%20tiene%20un%20costo%20de%20*%24%207%2C900*.%0A%0A*PARA%20PAGOS%20POR%20NEQUI%20SOLICITAR%20EL%20QR%20POR%20FAVOR*
[2026-04-28 15:27:47.422] ✉️ Enviando…
[2026-04-28 15:27:48.277] ↩️ Enviado (Enter)
[2026-04-28 15:27:48.277] ⏳ Pausa post-envío: 12s…
[2026-04-28 15:28:00.288] 
[28/34] → 573123228767
[2026-04-28 15:28:00.290] 🔁 Abriendo chat (intento 1/3) con: https://web.whatsapp.com/send?phone=573123228767&text=Hola%20Hector%2C%20te%20escribimos%20de%20MEDPLAY.%0A%0A%E2%80%A2%20Tu%20Youtube%2C%20con%20el%20correo%20fanthasmaxx3415667%40gmail.com%2C%20vence%20el%20*28%2F04%2F2026*%2C%20quer%C3%ADa%20saber%20si%20deseas%20*realizar%20la%20renovaci%C3%B3n*%2C%20tiene%20un%20costo%20de%20*%24%207%2C900*.%0A%0A*PARA%20PAGOS%20POR%20NEQUI%20SOLICITAR%20EL%20QR%20POR%20FAVOR*
[2026-04-28 15:28:03.828] ✉️ Enviando…
[2026-04-28 15:28:06.327] ↩️ Enviado (Enter)
[2026-04-28 15:28:06.328] ⏳ Pausa post-envío: 12s…
[2026-04-28 15:28:18.331] 
[29/34] → 573022497046
[2026-04-28 15:28:18.333] 🔁 Abriendo chat (intento 1/3) con: https://web.whatsapp.com/send?phone=573022497046&text=Hola%20%2B57%2C%20te%20escribimos%20de%20MEDPLAY.%0A%0A%E2%80%A2%20Tu%20Spotify%2C%20con%20el%20correo%20delamanodedios12%40gmail.com%2C%20vence%20el%20*28%2F04%2F2026*%2C%20quer%C3%ADa%20saber%20si%20deseas%20*realizar%20la%20renovaci%C3%B3n*%2C%20tiene%20un%20costo%20de%20*%24%2015%2C900*.%0A%0A*PARA%20PAGOS%20POR%20NEQUI%20SOLICITAR%20EL%20QR%20POR%20FAVOR*
[2026-04-28 15:28:22.111] ✉️ Enviando…
[2026-04-28 15:28:24.499] ↩️ Enviado (Enter)
[2026-04-28 15:28:24.499] ⏳ Pausa post-envío: 12s…
[2026-04-28 15:28:36.507] 
[30/34] → 573057038232
[2026-04-28 15:28:36.508] 🔁 Abriendo chat (intento 1/3) con: https://web.whatsapp.com/send?phone=573057038232&text=Hola%20%2B57%2C%20te%20escribimos%20de%20MEDPLAY.%0A%0A%E2%80%A2%20Tu%20Youtube%2C%20con%20el%20correo%20naslinayibe%40gmail.com%2C%20vence%20el%20*29%2F04%2F2026*%2C%20quer%C3%ADa%20saber%20si%20deseas%20*realizar%20la%20renovaci%C3%B3n*%2C%20tiene%20un%20costo%20de%20*%24%207%2C900*.%0A%0A*PARA%20PAGOS%20POR%20NEQUI%20SOLICITAR%20EL%20QR%20POR%20FAVOR*
[2026-04-28 15:28:46.755] ✉️ Enviando…
[2026-04-28 15:28:47.013] ↩️ Enviado (Enter)
[2026-04-28 15:28:47.013] ⏳ Pausa post-envío: 12s…
[2026-04-28 15:28:59.020] 
[31/34] → 573196281142
[2026-04-28 15:28:59.022] 🔁 Abriendo chat (intento 1/3) con: https://web.whatsapp.com/send?phone=573196281142&text=Hola%20Sebas%2C%20te%20escribimos%20de%20MEDPLAY.%0A%0A%E2%80%A2%20Tu%20Youtube%2C%20con%20el%20correo%20ing.sebastian6%40gmail.com%2C%20vence%20el%20*29%2F04%2F2026*%2C%20quer%C3%ADa%20saber%20si%20deseas%20*realizar%20la%20renovaci%C3%B3n*%2C%20tiene%20un%20costo%20de%20*%24%207%2C900*.%0A%0A*PARA%20PAGOS%20POR%20NEQUI%20SOLICITAR%20EL%20QR%20POR%20FAVOR*
[2026-04-28 15:29:02.460] ✉️ Enviando…
[2026-04-28 15:29:06.008] ↩️ Enviado (Enter)
[2026-04-28 15:29:06.008] ⏳ Pausa post-envío: 12s…
[2026-04-28 15:29:18.011] 
[32/34] → 573206353047
[2026-04-28 15:29:18.011] 🔁 Abriendo chat (intento 1/3) con: https://web.whatsapp.com/send?phone=573206353047&text=Hola%20Claudia%2C%20te%20escribimos%20de%20MEDPLAY.%0A%0A%E2%80%A2%20Tu%20Youtube%2C%20con%20el%20correo%20ospinaerika1993%40gmail.com%2C%20vence%20el%20*29%2F04%2F2026*%2C%20quer%C3%ADa%20saber%20si%20deseas%20*realizar%20la%20renovaci%C3%B3n*%2C%20tiene%20un%20costo%20de%20*%24%207%2C900*.%0A%0A*PARA%20PAGOS%20POR%20NEQUI%20SOLICITAR%20EL%20QR%20POR%20FAVOR*
[2026-04-28 15:29:28.298] ✉️ Enviando…
[2026-04-28 15:29:28.549] ↩️ Enviado (Enter)
[2026-04-28 15:29:28.549] ⏳ Pausa post-envío: 12s…
[2026-04-28 15:29:40.556] 
[33/34] → 573126391926
[2026-04-28 15:29:40.557] 🔁 Abriendo chat (intento 1/3) con: https://web.whatsapp.com/send?phone=573126391926&text=Hola%20Vgil%2C%20te%20escribimos%20de%20MEDPLAY.%0A%0A%E2%80%A2%20Tu%20Youtube%2C%20con%20el%20correo%20vgil27405%40gmail.com%2C%20vence%20el%20*29%2F04%2F2026*%2C%20quer%C3%ADa%20saber%20si%20deseas%20*realizar%20la%20renovaci%C3%B3n*%2C%20tiene%20un%20costo%20de%20*%24%207%2C900*.%0A%0A*PARA%20PAGOS%20POR%20NEQUI%20SOLICITAR%20EL%20QR%20POR%20FAVOR*
[2026-04-28 15:29:52.843] ✉️ Enviando…
[2026-04-28 15:29:53.179] ↩️ Enviado (Enter)
[2026-04-28 15:29:53.179] ⏳ Pausa post-envío: 12s…
[2026-04-28 15:30:05.190] 
[34/34] → 573123882236
[2026-04-28 15:30:05.191] 🔁 Abriendo chat (intento 1/3) con: https://web.whatsapp.com/send?phone=573123882236&text=Hola%20gsry%2C%20te%20escribimos%20de%20MEDPLAY.%0A%0A%E2%80%A2%20Tu%20Youtube%2C%20con%20el%20correo%20gsry893%40gmail.com%2C%20vence%20el%20*29%2F04%2F2026*%2C%20quer%C3%ADa%20saber%20si%20deseas%20*realizar%20la%20renovaci%C3%B3n*%2C%20tiene%20un%20costo%20de%20*%24%207%2C900*.%0A%0A*PARA%20PAGOS%20POR%20NEQUI%20SOLICITAR%20EL%20QR%20POR%20FAVOR*
[2026-04-28 15:30:17.546] ✉️ Enviando…
[2026-04-28 15:30:17.854] ↩️ Enviado (Enter)
[2026-04-28 15:30:17.854] ⏳ Pausa post-envío: 12s…
[2026-04-28 15:30:29.862] 
✅ Finalizado. Enviados: 34. Omitidos: 0.
[2026-04-28 15:30:29.863] ℹ️ Navegador dejado abierto para revisión manual.
[2026-04-29 14:03:42.731] 📨 Enviaré 50 mensaje(s).
[2026-04-29 14:03:42.734] 🚀 Lanzando script de navegador: C:\Users\Santiago\medplay\scripts\start-edge-wa.bat
[2026-04-29 14:03:42.761] ⏳ Esperando CDP…
[2026-04-29 14:03:46.801] 🟡 Preparando WhatsApp Web…
[2026-04-29 14:04:13.484] ✅ WhatsApp Web listo.
[2026-04-29 14:04:24.242] 📨 Enviaré 50 mensaje(s).
[2026-04-29 14:04:24.243] 🚀 Lanzando script de navegador: C:\Users\Santiago\medplay\scripts\start-edge-wa.bat
[2026-04-29 14:04:24.253] ⏳ Esperando CDP…
[2026-04-29 14:04:27.622] 🟡 Preparando WhatsApp Web…
[2026-04-29 14:04:49.012] ✅ WhatsApp Web listo.
[2026-04-29 14:05:54.778] 📨 Enviaré 50 mensaje(s).
[2026-04-29 14:05:54.779] 🚀 Lanzando script de navegador: C:\Users\Santiago\medplay\scripts\start-edge-wa.bat
[2026-04-29 14:05:54.791] ⏳ Esperando CDP…
[2026-04-29 14:05:58.073] 🟡 Preparando WhatsApp Web…
[2026-04-29 14:06:03.550] ✅ WhatsApp Web listo.
[2026-04-29 14:06:03.550] 
[1/50] → 573203471528
[2026-04-29 14:06:03.551] 🔁 Abriendo chat (intento 1/3) con: https://web.whatsapp.com/send?phone=573203471528&text=Hola%20%2B57%2C%20te%20escribimos%20de%20MEDPLAY.%0A%0A%E2%80%A2%20Tu%20Crunchyroll%20(pantalla%206)%2C%20con%20el%20correo%20vamoabesarnos%40gmail.com%2C%20vence%20el%20*26%2F04%2F2026*%2C%20quer%C3%ADa%20saber%20si%20deseas%20*realizar%20la%20renovaci%C3%B3n*%2C%20tiene%20un%20costo%20de%20*%24%204%2C900*.%0A%0A*PARA%20PAGOS%20POR%20NEQUI%20SOLICITAR%20EL%20QR%20POR%20FAVOR*
[2026-04-29 14:06:13.266] ✉️ Enviando…
[2026-04-29 14:06:19.860] ↩️ Enviado (Enter)
[2026-04-29 14:06:19.861] ⏳ Pausa post-envío: 12s…
[2026-04-29 14:06:31.876] 
[2/50] → 573144476819
[2026-04-29 14:06:31.876] 🔁 Abriendo chat (intento 1/3) con: https://web.whatsapp.com/send?phone=573144476819&text=Hola%20Diego%2C%20te%20escribimos%20de%20MEDPLAY.%0A%0A%E2%80%A2%20Tu%20Crunchyroll%20(pantalla%201)%2C%20con%20el%20correo%20ritaovercash37%40hotmail.com%2C%20vence%20el%20*27%2F04%2F2026*%2C%20quer%C3%ADa%20saber%20si%20deseas%20*realizar%20la%20renovaci%C3%B3n*%2C%20tiene%20un%20costo%20de%20*%24%204%2C900*.%0A%0A*PARA%20PAGOS%20POR%20NEQUI%20SOLICITAR%20EL%20QR%20POR%20FAVOR*
[2026-04-29 14:06:35.414] ✉️ Enviando…
[2026-04-29 14:06:37.872] ↩️ Enviado (Enter)
[2026-04-29 14:06:37.872] ⏳ Pausa post-envío: 12s…
[2026-04-29 14:06:49.885] 
[3/50] → 573117951724
[2026-04-29 14:06:49.886] 🔁 Abriendo chat (intento 1/3) con: https://web.whatsapp.com/send?phone=573117951724&text=Hola%20%2B57%2C%20te%20escribimos%20de%20MEDPLAY.%0A%0A%E2%80%A2%20Tu%20Crunchyroll%20(pantalla%203)%2C%20con%20el%20correo%20ritaovercash37%40hotmail.com%2C%20vence%20el%20*27%2F04%2F2026*%2C%20quer%C3%ADa%20saber%20si%20deseas%20*realizar%20la%20renovaci%C3%B3n*%2C%20tiene%20un%20costo%20de%20*%24%204%2C900*.%0A%0A*PARA%20PAGOS%20POR%20NEQUI%20SOLICITAR%20EL%20QR%20POR%20FAVOR*
[2026-04-29 14:06:55.037] ✉️ Enviando…
[2026-04-29 14:06:59.043] ↩️ Enviado (Enter)
[2026-04-29 14:06:59.044] ⏳ Pausa post-envío: 12s…
[2026-04-29 14:07:11.046] 
[4/50] → 573124667478
[2026-04-29 14:07:11.046] 🔁 Abriendo chat (intento 1/3) con: https://web.whatsapp.com/send?phone=573124667478&text=Hola%20Felipe%2C%20te%20escribimos%20de%20MEDPLAY.%0A%0A%E2%80%A2%20Tu%20Crunchyroll%20(pantalla%204)%2C%20con%20el%20correo%20ritaovercash37%40hotmail.com%2C%20vence%20el%20*27%2F04%2F2026*%2C%20quer%C3%ADa%20saber%20si%20deseas%20*realizar%20la%20renovaci%C3%B3n*%2C%20tiene%20un%20costo%20de%20*%24%204%2C900*.%0A%0A*PARA%20PAGOS%20POR%20NEQUI%20SOLICITAR%20EL%20QR%20POR%20FAVOR*
[2026-04-29 14:07:14.594] ✉️ Enviando…
[2026-04-29 14:07:18.192] ↩️ Enviado (Enter)
[2026-04-29 14:07:18.193] ⏳ Pausa post-envío: 12s…
[2026-04-29 14:07:30.195] 
[5/50] → 573204354872
[2026-04-29 14:07:30.197] 🔁 Abriendo chat (intento 1/3) con: https://web.whatsapp.com/send?phone=573204354872&text=Hola%20jhoel%2C%20te%20escribimos%20de%20MEDPLAY.%0A%0A%E2%80%A2%20Tu%20Crunchyroll%20(pantalla%201)%2C%20con%20el%20correo%20codycarullo093%40hotmail.com%2C%20vence%20el%20*29%2F04%2F2026*%2C%20quer%C3%ADa%20saber%20si%20deseas%20*realizar%20la%20renovaci%C3%B3n*%2C%20tiene%20un%20costo%20de%20*%24%204%2C900*.%0A%0A*PARA%20PAGOS%20POR%20NEQUI%20SOLICITAR%20EL%20QR%20POR%20FAVOR*
[2026-04-29 14:07:33.399] ✉️ Enviando…
[2026-04-29 14:07:37.221] ↩️ Enviado (Enter)
[2026-04-29 14:07:37.221] ⏳ Pausa post-envío: 12s…
[2026-04-29 14:07:49.228] 
[6/50] → 573117347370
[2026-04-29 14:07:49.228] 🔁 Abriendo chat (intento 1/3) con: https://web.whatsapp.com/send?phone=573117347370&text=Hola%20%2B57%2C%20te%20escribimos%20de%20MEDPLAY.%0A%0A%E2%80%A2%20Tu%20Disney%20Premium%20(pantalla%201)%2C%20con%20el%20correo%20medplay93%2Blc%40gmail.com%2C%20vence%20el%20*29%2F04%2F2026*%2C%20quer%C3%ADa%20saber%20si%20deseas%20*realizar%20la%20renovaci%C3%B3n*%2C%20tiene%20un%20costo%20de%20*%24%2012%2C900*.%0A%0A*PARA%20PAGOS%20POR%20NEQUI%20SOLICITAR%20EL%20QR%20POR%20FAVOR*
[2026-04-29 14:08:01.536] ✉️ Enviando…
[2026-04-29 14:08:01.819] ↩️ Enviado (Enter)
[2026-04-29 14:08:01.819] ⏳ Pausa post-envío: 12s…
[2026-04-29 14:08:13.825] 
[7/50] → 584127649654
[2026-04-29 14:08:13.825] 🔁 Abriendo chat (intento 1/3) con: https://web.whatsapp.com/send?phone=584127649654&text=Hola%20Antonio%2C%20te%20escribimos%20de%20MEDPLAY.%0A%0A%E2%80%A2%20Tu%20Crunchyroll%20(pantalla%202)%2C%20con%20el%20correo%20codycarullo093%40hotmail.com%2C%20vence%20el%20*29%2F04%2F2026*%2C%20quer%C3%ADa%20saber%20si%20deseas%20*realizar%20la%20renovaci%C3%B3n*%2C%20tiene%20un%20costo%20de%20*%24%204%2C900*.%0A%0A*PARA%20PAGOS%20POR%20NEQUI%20SOLICITAR%20EL%20QR%20POR%20FAVOR*
[2026-04-29 14:08:22.648] ✉️ Enviando…
[2026-04-29 14:08:23.450] ↩️ Enviado (Enter)
[2026-04-29 14:08:23.450] ⏳ Pausa post-envío: 12s…
[2026-04-29 14:08:35.462] 
[8/50] → 573046815972
[2026-04-29 14:08:35.463] 🔁 Abriendo chat (intento 1/3) con: https://web.whatsapp.com/send?phone=573046815972&text=Hola%20%2B57%2C%20te%20escribimos%20de%20MEDPLAY.%0A%0A%E2%80%A2%20Tu%20Crunchyroll%20(pantalla%203)%2C%20con%20el%20correo%20codycarullo093%40hotmail.com%2C%20vence%20el%20*29%2F04%2F2026*%2C%20quer%C3%ADa%20saber%20si%20deseas%20*realizar%20la%20renovaci%C3%B3n*%2C%20tiene%20un%20costo%20de%20*%24%204%2C900*.%0A%0A*PARA%20PAGOS%20POR%20NEQUI%20SOLICITAR%20EL%20QR%20POR%20FAVOR*
[2026-04-29 14:08:38.883] ✉️ Enviando…
[2026-04-29 14:08:41.941] ↩️ Enviado (Enter)
[2026-04-29 14:08:41.941] ⏳ Pausa post-envío: 12s…
[2026-04-29 14:08:53.956] 
[9/50] → 573203367823
[2026-04-29 14:08:53.957] 🔁 Abriendo chat (intento 1/3) con: https://web.whatsapp.com/send?phone=573203367823&text=Hola%20%2B57%2C%20te%20escribimos%20de%20MEDPLAY.%0A%0A%E2%80%A2%20Tu%20Netflix%20(pantalla%201)%2C%20con%20el%20correo%20xozptos6%40nerpre.com%2C%20vence%20el%20*29%2F04%2F2026*%2C%20quer%C3%ADa%20saber%20si%20deseas%20*realizar%20la%20renovaci%C3%B3n*%2C%20tiene%20un%20costo%20de%20*%24%2014%2C900*.%0A%0A*PARA%20PAGOS%20POR%20NEQUI%20SOLICITAR%20EL%20QR%20POR%20FAVOR*
[2026-04-29 14:08:58.095] ✉️ Enviando…
[2026-04-29 14:09:01.932] ↩️ Enviado (Enter)
[2026-04-29 14:09:01.932] ⏳ Pausa post-envío: 12s…
[2026-04-29 14:09:13.935] 
[10/50] → 573125579071
[2026-04-29 14:09:13.936] 🔁 Abriendo chat (intento 1/3) con: https://web.whatsapp.com/send?phone=573125579071&text=Hola%2C%20te%20escribimos%20de%20MEDPLAY.%0A%0A%E2%80%A2%20Tu%20Disney%20(pantalla%205)%2C%20con%20el%20correo%20medplay93%2Bh5%40gmail.com%2C%20vence%20el%20*30%2F04%2F2026*%2C%20quer%C3%ADa%20saber%20si%20deseas%20*realizar%20la%20renovaci%C3%B3n*%2C%20tiene%20un%20costo%20de%20*%24%207%2C900*.%0A%0A*PARA%20PAGOS%20POR%20NEQUI%20SOLICITAR%20EL%20QR%20POR%20FAVOR*
[2026-04-29 14:09:26.326] ✉️ Enviando…
[2026-04-29 14:09:26.658] ↩️ Enviado (Enter)
[2026-04-29 14:09:26.658] ⏳ Pausa post-envío: 12s…
[2026-04-29 14:09:38.659] 
[11/50] → 573028220451
[2026-04-29 14:09:38.661] 🔁 Abriendo chat (intento 1/3) con: https://web.whatsapp.com/send?phone=573028220451&text=Hola%2C%20te%20escribimos%20de%20MEDPLAY.%0A%0A%E2%80%A2%20Tu%20Crunchyroll%20(pantalla%204)%2C%20con%20el%20correo%20codycarullo093%40hotmail.com%2C%20vence%20el%20*30%2F04%2F2026*%2C%20quer%C3%ADa%20saber%20si%20deseas%20*realizar%20la%20renovaci%C3%B3n*%2C%20tiene%20un%20costo%20de%20*%24%206%2C900*.%0A%0A*PARA%20PAGOS%20POR%20NEQUI%20SOLICITAR%20EL%20QR%20POR%20FAVOR*
[2026-04-29 14:09:42.473] ✉️ Enviando…
[2026-04-29 14:09:48.062] ↩️ Enviado (Enter)
[2026-04-29 14:09:48.062] ⏳ Pausa post-envío: 12s…
[2026-04-29 14:10:00.072] 
[12/50] → 573114348788
[2026-04-29 14:10:00.073] 🔁 Abriendo chat (intento 1/3) con: https://web.whatsapp.com/send?phone=573114348788&text=Hola%2C%20te%20escribimos%20de%20MEDPLAY.%0A%0A%E2%80%A2%20Tu%20Netflix%20(pantalla%202)%2C%20con%20el%20correo%20xozptos6%40nerpre.com%2C%20vence%20el%20*30%2F04%2F2026*%2C%20quer%C3%ADa%20saber%20si%20deseas%20*realizar%20la%20renovaci%C3%B3n*%2C%20tiene%20un%20costo%20de%20*%24%2014%2C900*.%0A%0A*PARA%20PAGOS%20POR%20NEQUI%20SOLICITAR%20EL%20QR%20POR%20FAVOR*
[2026-04-29 14:10:03.377] ✉️ Enviando…
[2026-04-29 14:10:06.842] ↩️ Enviado (Enter)
[2026-04-29 14:10:06.842] ⏳ Pausa post-envío: 12s…
[2026-04-29 14:10:18.844] 
[13/50] → 573014283757
[2026-04-29 14:10:18.845] 🔁 Abriendo chat (intento 1/3) con: https://web.whatsapp.com/send?phone=573014283757&text=Hola%2C%20te%20escribimos%20de%20MEDPLAY.%0A%0A%E2%80%A2%20Tu%20Crunchyroll%20(pantalla%205)%2C%20con%20el%20correo%20codycarullo093%40hotmail.com%2C%20vence%20el%20*30%2F04%2F2026*%2C%20quer%C3%ADa%20saber%20si%20deseas%20*realizar%20la%20renovaci%C3%B3n*%2C%20tiene%20un%20costo%20de%20*%24%206%2C900*.%0A%0A*PARA%20PAGOS%20POR%20NEQUI%20SOLICITAR%20EL%20QR%20POR%20FAVOR*
[2026-04-29 14:10:30.847] ✉️ Enviando…
[2026-04-29 14:10:31.100] ↩️ Enviado (Enter)
[2026-04-29 14:10:31.100] ⏳ Pausa post-envío: 12s…
[2026-04-29 14:10:43.104] 
[14/50] → 573028671735
[2026-04-29 14:10:43.104] 🔁 Abriendo chat (intento 1/3) con: https://web.whatsapp.com/send?phone=573028671735&text=Hola%20Bakki%2C%20te%20escribimos%20de%20MEDPLAY.%0A%0A%E2%80%A2%20Tu%20Crunchyroll%20(pantalla%201)%2C%20con%20el%20correo%20joisselumukanda188%40hotmail.com%2C%20vence%20el%20*30%2F04%2F2026*%2C%20quer%C3%ADa%20saber%20si%20deseas%20*realizar%20la%20renovaci%C3%B3n*%2C%20tiene%20un%20costo%20de%20*%24%204%2C900*.%0A%0A*PARA%20PAGOS%20POR%20NEQUI%20SOLICITAR%20EL%20QR%20POR%20FAVOR*
[2026-04-29 14:11:02.685] ✉️ Enviando…
[2026-04-29 14:11:02.942] ↩️ Enviado (Enter)
[2026-04-29 14:11:02.942] ⏳ Pausa post-envío: 12s…
[2026-04-29 14:11:14.956] 
[15/50] → 573143475920
[2026-04-29 14:11:14.957] 🔁 Abriendo chat (intento 1/3) con: https://web.whatsapp.com/send?phone=573143475920&text=Hola%20%2B57%2C%20te%20escribimos%20de%20MEDPLAY.%0A%0A%E2%80%A2%20Tu%20VIX%20(pantalla%203)%2C%20con%20el%20correo%20medplay93%2Bqa8eh%40gmail.com%2C%20vence%20el%20*30%2F04%2F2026*%2C%20quer%C3%ADa%20saber%20si%20deseas%20*realizar%20la%20renovaci%C3%B3n*%2C%20tiene%20un%20costo%20de%20*%24%204%2C900*.%0A%0A*PARA%20PAGOS%20POR%20NEQUI%20SOLICITAR%20EL%20QR%20POR%20FAVOR*
[2026-04-29 14:11:18.445] ✉️ Enviando…
[2026-04-29 14:11:21.372] ↩️ Enviado (Enter)
[2026-04-29 14:11:21.373] ⏳ Pausa post-envío: 12s…
[2026-04-29 14:11:33.385] 
[16/50] → 573208200126
[2026-04-29 14:11:33.386] 🔁 Abriendo chat (intento 1/3) con: https://web.whatsapp.com/send?phone=573208200126&text=Hola%2C%20te%20escribimos%20de%20MEDPLAY.%0A%0A%E2%80%A2%20Tu%20Crunchyroll%20(pantalla%202)%2C%20con%20el%20correo%20joisselumukanda188%40hotmail.com%2C%20vence%20el%20*30%2F04%2F2026*%2C%20quer%C3%ADa%20saber%20si%20deseas%20*realizar%20la%20renovaci%C3%B3n*%2C%20tiene%20un%20costo%20de%20*%24%206%2C900*.%0A%0A*PARA%20PAGOS%20POR%20NEQUI%20SOLICITAR%20EL%20QR%20POR%20FAVOR*
[2026-04-29 14:11:36.640] ✉️ Enviando…
[2026-04-29 14:11:41.866] ↩️ Enviado (Enter)
[2026-04-29 14:11:41.866] ⏳ Pausa post-envío: 12s…
[2026-04-29 14:11:53.873] 
[17/50] → 573178171587
[2026-04-29 14:11:53.874] 🔁 Abriendo chat (intento 1/3) con: https://web.whatsapp.com/send?phone=573178171587&text=Hola%20Pablo%2C%20te%20escribimos%20de%20MEDPLAY.%0A%0A%E2%80%A2%20Tu%20Crunchyroll%20(pantalla%203)%2C%20con%20el%20correo%20joisselumukanda188%40hotmail.com%2C%20vence%20el%20*30%2F04%2F2026*%2C%20quer%C3%ADa%20saber%20si%20deseas%20*realizar%20la%20renovaci%C3%B3n*%2C%20tiene%20un%20costo%20de%20*%24%206%2C900*.%0A%0A*PARA%20PAGOS%20POR%20NEQUI%20SOLICITAR%20EL%20QR%20POR%20FAVOR*
[2026-04-29 14:11:57.321] ✉️ Enviando…
[2026-04-29 14:12:00.374] ↩️ Enviado (Enter)
[2026-04-29 14:12:00.374] ⏳ Pausa post-envío: 12s…
[2026-04-29 14:12:12.377] 
[18/50] → 573135427163
[2026-04-29 14:12:12.379] 🔁 Abriendo chat (intento 1/3) con: https://web.whatsapp.com/send?phone=573135427163&text=Hola%20Estefania%2C%20te%20escribimos%20de%20MEDPLAY.%0A%0A%E2%80%A2%20Tu%20Disney%20(pantalla%207)%2C%20con%20el%20correo%20medplay93%2Bh5%40gmail.com%2C%20vence%20el%20*30%2F04%2F2026*%2C%20quer%C3%ADa%20saber%20si%20deseas%20*realizar%20la%20renovaci%C3%B3n*%2C%20tiene%20un%20costo%20de%20*%24%207%2C900*.%0A%0A*PARA%20PAGOS%20POR%20NEQUI%20SOLICITAR%20EL%20QR%20POR%20FAVOR*
[2026-04-29 14:12:20.358] ✉️ Enviando…
[2026-04-29 14:12:21.342] ↩️ Enviado (Enter)
[2026-04-29 14:12:21.342] ⏳ Pausa post-envío: 12s…
[2026-04-29 14:12:33.353] 
[19/50] → 573202568273
[2026-04-29 14:12:33.353] 🔁 Abriendo chat (intento 1/3) con: https://web.whatsapp.com/send?phone=573202568273&text=Hola%2C%20te%20escribimos%20de%20MEDPLAY.%0A%0A%E2%80%A2%20Tu%20Crunchyroll%20(pantalla%204)%2C%20con%20el%20correo%20joisselumukanda188%40hotmail.com%2C%20vence%20el%20*30%2F04%2F2026*%2C%20quer%C3%ADa%20saber%20si%20deseas%20*realizar%20la%20renovaci%C3%B3n*%2C%20tiene%20un%20costo%20de%20*%24%206%2C900*.%0A%0A*PARA%20PAGOS%20POR%20NEQUI%20SOLICITAR%20EL%20QR%20POR%20FAVOR*
[2026-04-29 14:12:45.931] ✉️ Enviando…
[2026-04-29 14:12:46.192] ↩️ Enviado (Enter)
[2026-04-29 14:12:46.193] ⏳ Pausa post-envío: 12s…
[2026-04-29 14:12:58.202] 
[20/50] → 573163476684
[2026-04-29 14:12:58.203] 🔁 Abriendo chat (intento 1/3) con: https://web.whatsapp.com/send?phone=573163476684&text=Hola%2C%20te%20escribimos%20de%20MEDPLAY.%0A%0A%E2%80%A2%20Tu%20Disney%20(pantalla%206)%2C%20con%20el%20correo%20medplay93%2Bh5%40gmail.com%2C%20vence%20el%20*30%2F04%2F2026*%2C%20quer%C3%ADa%20saber%20si%20deseas%20*realizar%20la%20renovaci%C3%B3n*%2C%20tiene%20un%20costo%20de%20*%24%207%2C900*.%0A%E2%80%A2%20Tu%20MAX%20(pantalla%205)%2C%20con%20el%20correo%20medplay93%2Bbad%40gmail.com%2C%20vence%20el%20*30%2F04%2F2026*%2C%20quer%C3%ADa%20saber%20si%20deseas%20*realizar%20la%20renovaci%C3%B3n*%2C%20tiene%20un%20costo%20de%20*%24%207%2C900*.%0A%0A*PARA%20PAGOS%20POR%20NEQUI%20SOLICITAR%20EL%20QR%20POR%20FAVOR*
[2026-04-29 14:13:01.748] ✉️ Enviando…
[2026-04-29 14:13:05.077] ↩️ Enviado (Enter)
[2026-04-29 14:13:05.078] ⏳ Pausa post-envío: 12s…
[2026-04-29 14:13:17.091] 
[21/50] → 573143023743
[2026-04-29 14:13:17.092] 🔁 Abriendo chat (intento 1/3) con: https://web.whatsapp.com/send?phone=573143023743&text=Hola%20Caro%2C%20te%20escribimos%20de%20MEDPLAY.%0A%0A%E2%80%A2%20Tu%20Netflix%20(pantalla%204)%2C%20con%20el%20correo%20xozptos6%40nerpre.com%2C%20vence%20el%20*30%2F04%2F2026*%2C%20quer%C3%ADa%20saber%20si%20deseas%20*realizar%20la%20renovaci%C3%B3n*%2C%20tiene%20un%20costo%20de%20*%24%2014%2C900*.%0A%0A*PARA%20PAGOS%20POR%20NEQUI%20SOLICITAR%20EL%20QR%20POR%20FAVOR*
[2026-04-29 14:13:20.538] ✉️ Enviando…
[2026-04-29 14:13:22.958] ↩️ Enviado (Enter)
[2026-04-29 14:13:22.958] ⏳ Pausa post-envío: 12s…
[2026-04-29 14:13:34.962] 
[22/50] → 573237258479
[2026-04-29 14:13:34.962] 🔁 Abriendo chat (intento 1/3) con: https://web.whatsapp.com/send?phone=573237258479&text=Hola%20Dai%2C%20te%20escribimos%20de%20MEDPLAY.%0A%0A%E2%80%A2%20Tu%20Amazon%2C%20con%20el%20correo%20mogequoutreza-4195%40ves.ink%2C%20vence%20el%20*28%2F04%2F2026*%2C%20quer%C3%ADa%20saber%20si%20deseas%20*realizar%20la%20renovaci%C3%B3n*%2C%20tiene%20un%20costo%20de%20*%24%2024%2C000*.%0A%0A*PARA%20PAGOS%20POR%20NEQUI%20SOLICITAR%20EL%20QR%20POR%20FAVOR*
[2026-04-29 14:13:38.068] ✉️ Enviando…
[2026-04-29 14:13:40.464] ↩️ Enviado (Enter)
[2026-04-29 14:13:40.465] ⏳ Pausa post-envío: 12s…
[2026-04-29 14:13:52.469] 
[23/50] → 573057038232
[2026-04-29 14:13:52.470] 🔁 Abriendo chat (intento 1/3) con: https://web.whatsapp.com/send?phone=573057038232&text=Hola%20%2B57%2C%20te%20escribimos%20de%20MEDPLAY.%0A%0A%E2%80%A2%20Tu%20Youtube%2C%20con%20el%20correo%20naslinayibe%40gmail.com%2C%20vence%20el%20*29%2F04%2F2026*%2C%20quer%C3%ADa%20saber%20si%20deseas%20*realizar%20la%20renovaci%C3%B3n*%2C%20tiene%20un%20costo%20de%20*%24%207%2C900*.%0A%0A*PARA%20PAGOS%20POR%20NEQUI%20SOLICITAR%20EL%20QR%20POR%20FAVOR*
[2026-04-29 14:13:55.953] ✉️ Enviando…
[2026-04-29 14:13:58.398] ↩️ Enviado (Enter)
[2026-04-29 14:13:58.398] ⏳ Pausa post-envío: 12s…
[2026-04-29 14:14:10.401] 
[24/50] → 573196281142
[2026-04-29 14:14:10.402] 🔁 Abriendo chat (intento 1/3) con: https://web.whatsapp.com/send?phone=573196281142&text=Hola%2C%20te%20escribimos%20de%20MEDPLAY.%0A%0A%E2%80%A2%20Tu%20Youtube%2C%20con%20el%20correo%20ing.sebastian6%40gmail.com%2C%20vence%20el%20*29%2F04%2F2026*%2C%20quer%C3%ADa%20saber%20si%20deseas%20*realizar%20la%20renovaci%C3%B3n*%2C%20tiene%20un%20costo%20de%20*%24%207%2C900*.%0A%0A*PARA%20PAGOS%20POR%20NEQUI%20SOLICITAR%20EL%20QR%20POR%20FAVOR*
[2026-04-29 14:14:14.044] ✉️ Enviando…
[2026-04-29 14:14:16.561] ↩️ Enviado (Enter)
[2026-04-29 14:14:16.562] ⏳ Pausa post-envío: 12s…
[2026-04-29 14:14:28.574] 
[25/50] → 573206353047
[2026-04-29 14:14:28.575] 🔁 Abriendo chat (intento 1/3) con: https://web.whatsapp.com/send?phone=573206353047&text=Hola%20Claudia%2C%20te%20escribimos%20de%20MEDPLAY.%0A%0A%E2%80%A2%20Tu%20Youtube%2C%20con%20el%20correo%20ospinaerika1993%40gmail.com%2C%20vence%20el%20*29%2F04%2F2026*%2C%20quer%C3%ADa%20saber%20si%20deseas%20*realizar%20la%20renovaci%C3%B3n*%2C%20tiene%20un%20costo%20de%20*%24%207%2C900*.%0A%0A*PARA%20PAGOS%20POR%20NEQUI%20SOLICITAR%20EL%20QR%20POR%20FAVOR*
[2026-04-29 14:14:32.178] ✉️ Enviando…
[2026-04-29 14:14:34.818] ↩️ Enviado (Enter)
[2026-04-29 14:14:34.819] ⏳ Pausa post-envío: 12s…
[2026-04-29 14:14:46.823] 
[26/50] → 573126391926
[2026-04-29 14:14:46.823] 🔁 Abriendo chat (intento 1/3) con: https://web.whatsapp.com/send?phone=573126391926&text=Hola%20Vgil%2C%20te%20escribimos%20de%20MEDPLAY.%0A%0A%E2%80%A2%20Tu%20Youtube%2C%20con%20el%20correo%20vgil27405%40gmail.com%2C%20vence%20el%20*29%2F04%2F2026*%2C%20quer%C3%ADa%20saber%20si%20deseas%20*realizar%20la%20renovaci%C3%B3n*%2C%20tiene%20un%20costo%20de%20*%24%207%2C900*.%0A%E2%80%A2%20Tu%20Youtube%2C%20con%20el%20correo%20ceciliagarzon039%40gmail.com%2C%20vence%20el%20*30%2F04%2F2026*%2C%20quer%C3%ADa%20saber%20si%20deseas%20*realizar%20la%20renovaci%C3%B3n*%2C%20tiene%20un%20costo%20de%20*%24%207%2C900*.%0A%0A*PARA%20PAGOS%20POR%20NEQUI%20SOLICITAR%20EL%20QR%20POR%20FAVOR*
[2026-04-29 14:14:50.362] ✉️ Enviando…
[2026-04-29 14:14:53.250] ↩️ Enviado (Enter)
[2026-04-29 14:14:53.251] ⏳ Pausa post-envío: 12s…
[2026-04-29 14:15:05.267] 
[27/50] → 573123882236
[2026-04-29 14:15:05.268] 🔁 Abriendo chat (intento 1/3) con: https://web.whatsapp.com/send?phone=573123882236&text=Hola%20gsry%2C%20te%20escribimos%20de%20MEDPLAY.%0A%0A%E2%80%A2%20Tu%20Youtube%2C%20con%20el%20correo%20gsry893%40gmail.com%2C%20vence%20el%20*29%2F04%2F2026*%2C%20quer%C3%ADa%20saber%20si%20deseas%20*realizar%20la%20renovaci%C3%B3n*%2C%20tiene%20un%20costo%20de%20*%24%207%2C900*.%0A%0A*PARA%20PAGOS%20POR%20NEQUI%20SOLICITAR%20EL%20QR%20POR%20FAVOR*
[2026-04-29 14:15:08.726] ✉️ Enviando…
[2026-04-29 14:15:11.482] ↩️ Enviado (Enter)
[2026-04-29 14:15:11.482] ⏳ Pausa post-envío: 12s…
[2026-04-29 14:15:23.490] 
[28/50] → 573204834986
[2026-04-29 14:15:23.490] 🔁 Abriendo chat (intento 1/3) con: https://web.whatsapp.com/send?phone=573204834986&text=Hola%2C%20te%20escribimos%20de%20MEDPLAY.%0A%0A%E2%80%A2%20Tu%20Youtube%2C%20con%20el%20correo%20Laraarley1941%40gmail.com%2C%20vence%20el%20*30%2F04%2F2026*%2C%20quer%C3%ADa%20saber%20si%20deseas%20*realizar%20la%20renovaci%C3%B3n*%2C%20tiene%20un%20costo%20de%20*%24%207%2C900*.%0A%0A*PARA%20PAGOS%20POR%20NEQUI%20SOLICITAR%20EL%20QR%20POR%20FAVOR*
[2026-04-29 14:15:27.258] ✉️ Enviando…
[2026-04-29 14:15:31.307] ↩️ Enviado (Enter)
[2026-04-29 14:15:31.308] ⏳ Pausa post-envío: 12s…
[2026-04-29 14:15:43.315] 
[29/50] → 573236721310
[2026-04-29 14:15:43.316] 🔁 Abriendo chat (intento 1/3) con: https://web.whatsapp.com/send?phone=573236721310&text=Hola%2C%20te%20escribimos%20de%20MEDPLAY.%0A%0A%E2%80%A2%20Tu%20Youtube%2C%20con%20el%20correo%20Shamir2471%40gmail.com%2C%20vence%20el%20*30%2F04%2F2026*%2C%20quer%C3%ADa%20saber%20si%20deseas%20*realizar%20la%20renovaci%C3%B3n*%2C%20tiene%20un%20costo%20de%20*%24%207%2C900*.%0A%0A*PARA%20PAGOS%20POR%20NEQUI%20SOLICITAR%20EL%20QR%20POR%20FAVOR*
[2026-04-29 14:15:46.823] ✉️ Enviando…
[2026-04-29 14:15:50.606] ↩️ Enviado (Enter)
[2026-04-29 14:15:50.606] ⏳ Pausa post-envío: 12s…
[2026-04-29 14:16:02.613] 
[30/50] → 573022061471
[2026-04-29 14:16:02.614] 🔁 Abriendo chat (intento 1/3) con: https://web.whatsapp.com/send?phone=573022061471&text=Hola%20%2B57%2C%20te%20escribimos%20de%20MEDPLAY.%0A%0A%E2%80%A2%20Tu%20Youtube%2C%20con%20el%20correo%20jimenezgabrielito6%40gmail.com%2C%20vence%20el%20*30%2F04%2F2026*%2C%20quer%C3%ADa%20saber%20si%20deseas%20*realizar%20la%20renovaci%C3%B3n*%2C%20tiene%20un%20costo%20de%20*%24%207%2C900*.%0A%0A*PARA%20PAGOS%20POR%20NEQUI%20SOLICITAR%20EL%20QR%20POR%20FAVOR*
[2026-04-29 14:16:14.972] ✉️ Enviando…
[2026-04-29 14:16:15.263] ↩️ Enviado (Enter)
[2026-04-29 14:16:15.264] ⏳ Pausa post-envío: 12s…
[2026-04-29 14:16:27.277] 
[31/50] → 573153091988
[2026-04-29 14:16:27.278] 🔁 Abriendo chat (intento 1/3) con: https://web.whatsapp.com/send?phone=573153091988&text=Hola%2C%20te%20escribimos%20de%20MEDPLAY.%0A%0A%E2%80%A2%20Tu%20Youtube%2C%20con%20el%20correo%20eucecb%40gmail.com%2C%20vence%20el%20*30%2F04%2F2026*%2C%20quer%C3%ADa%20saber%20si%20deseas%20*realizar%20la%20renovaci%C3%B3n*%2C%20tiene%20un%20costo%20de%20*%24%207%2C900*.%0A%0A*PARA%20PAGOS%20POR%20NEQUI%20SOLICITAR%20EL%20QR%20POR%20FAVOR*
[2026-04-29 14:16:39.538] ✉️ Enviando…
[2026-04-29 14:16:39.800] ↩️ Enviado (Enter)
[2026-04-29 14:16:39.800] ⏳ Pausa post-envío: 12s…
[2026-04-29 14:16:51.814] 
[32/50] → 573207220966
[2026-04-29 14:16:51.815] 🔁 Abriendo chat (intento 1/3) con: https://web.whatsapp.com/send?phone=573207220966&text=Hola%2C%20te%20escribimos%20de%20MEDPLAY.%0A%0A%E2%80%A2%20Tu%20Youtube%2C%20con%20el%20correo%20cv270216%40gmail.com%2C%20vence%20el%20*30%2F04%2F2026*%2C%20quer%C3%ADa%20saber%20si%20deseas%20*realizar%20la%20renovaci%C3%B3n*%2C%20tiene%20un%20costo%20de%20*%24%207%2C900*.%0A%0A*PARA%20PAGOS%20POR%20NEQUI%20SOLICITAR%20EL%20QR%20POR%20FAVOR*
[2026-04-29 14:16:55.503] ✉️ Enviando…
[2026-04-29 14:16:58.231] ↩️ Enviado (Enter)
[2026-04-29 14:16:58.232] ⏳ Pausa post-envío: 12s…
[2026-04-29 14:17:10.236] 
[33/50] → 573135061180
[2026-04-29 14:17:10.237] 🔁 Abriendo chat (intento 1/3) con: https://web.whatsapp.com/send?phone=573135061180&text=Hola%2C%20te%20escribimos%20de%20MEDPLAY.%0A%0A%E2%80%A2%20Tu%20Youtube%2C%20con%20el%20correo%20pandresmarquez%40gmail.com%2C%20vence%20el%20*30%2F04%2F2026*%2C%20quer%C3%ADa%20saber%20si%20deseas%20*realizar%20la%20renovaci%C3%B3n*%2C%20tiene%20un%20costo%20de%20*%24%207%2C900*.%0A%0A*PARA%20PAGOS%20POR%20NEQUI%20SOLICITAR%20EL%20QR%20POR%20FAVOR*
[2026-04-29 14:17:13.350] ✉️ Enviando…
[2026-04-29 14:17:17.276] ↩️ Enviado (Enter)
[2026-04-29 14:17:17.276] ⏳ Pausa post-envío: 12s…
[2026-04-29 14:17:29.281] 
[34/50] → 573052515255
[2026-04-29 14:17:29.282] 🔁 Abriendo chat (intento 1/3) con: https://web.whatsapp.com/send?phone=573052515255&text=Hola%2C%20te%20escribimos%20de%20MEDPLAY.%0A%0A%E2%80%A2%20Tu%20Youtube%2C%20con%20el%20correo%20Michael.nino112%40gmail.com%2C%20vence%20el%20*30%2F04%2F2026*%2C%20quer%C3%ADa%20saber%20si%20deseas%20*realizar%20la%20renovaci%C3%B3n*%2C%20tiene%20un%20costo%20de%20*%24%207%2C900*.%0A%0A*PARA%20PAGOS%20POR%20NEQUI%20SOLICITAR%20EL%20QR%20POR%20FAVOR*
[2026-04-29 14:17:41.612] ✉️ Enviando…
[2026-04-29 14:17:41.833] ↩️ Enviado (Enter)
[2026-04-29 14:17:41.834] ⏳ Pausa post-envío: 12s…
[2026-04-29 14:17:53.841] 
[35/50] → 573206444314
[2026-04-29 14:17:53.841] 🔁 Abriendo chat (intento 1/3) con: https://web.whatsapp.com/send?phone=573206444314&text=Hola%20Andres%2C%20te%20escribimos%20de%20MEDPLAY.%0A%0A%E2%80%A2%20Tu%20Youtube%2C%20con%20el%20correo%20samara6604%40gmail.com%2C%20vence%20el%20*30%2F04%2F2026*%2C%20quer%C3%ADa%20saber%20si%20deseas%20*realizar%20la%20renovaci%C3%B3n*%2C%20tiene%20un%20costo%20de%20*%24%207%2C900*.%0A%0A*PARA%20PAGOS%20POR%20NEQUI%20SOLICITAR%20EL%20QR%20POR%20FAVOR*
[2026-04-29 14:17:57.370] ✉️ Enviando…
[2026-04-29 14:18:00.345] ↩️ Enviado (Enter)
[2026-04-29 14:18:00.345] ⏳ Pausa post-envío: 12s…
[2026-04-29 14:18:12.353] 
[36/50] → 573166191549
[2026-04-29 14:18:12.354] 🔁 Abriendo chat (intento 1/3) con: https://web.whatsapp.com/send?phone=573166191549&text=Hola%2C%20te%20escribimos%20de%20MEDPLAY.%0A%0A%E2%80%A2%20Tu%20Youtube%2C%20con%20el%20correo%20fernandorduz%40gmail.com%2C%20vence%20el%20*30%2F04%2F2026*%2C%20quer%C3%ADa%20saber%20si%20deseas%20*realizar%20la%20renovaci%C3%B3n*%2C%20tiene%20un%20costo%20de%20*%24%207%2C900*.%0A%0A*PARA%20PAGOS%20POR%20NEQUI%20SOLICITAR%20EL%20QR%20POR%20FAVOR*
[2026-04-29 14:18:15.390] ✉️ Enviando…
[2026-04-29 14:18:19.040] ↩️ Enviado (Enter)
[2026-04-29 14:18:19.040] ⏳ Pausa post-envío: 12s…
[2026-04-29 14:18:31.053] 
[37/50] → 573022342603
[2026-04-29 14:18:31.054] 🔁 Abriendo chat (intento 1/3) con: https://web.whatsapp.com/send?phone=573022342603&text=Hola%20Neil%2C%20te%20escribimos%20de%20MEDPLAY.%0A%0A%E2%80%A2%20Tu%20Youtube%2C%20con%20el%20correo%20neilfionit%40gmail.com%2C%20vence%20el%20*30%2F04%2F2026*%2C%20quer%C3%ADa%20saber%20si%20deseas%20*realizar%20la%20renovaci%C3%B3n*%2C%20tiene%20un%20costo%20de%20*%24%207%2C900*.%0A%0A*PARA%20PAGOS%20POR%20NEQUI%20SOLICITAR%20EL%20QR%20POR%20FAVOR*
[2026-04-29 14:18:41.005] ✉️ Enviando…
[2026-04-29 14:18:41.929] ↩️ Enviado (Enter)
[2026-04-29 14:18:41.930] ⏳ Pausa post-envío: 12s…
[2026-04-29 14:18:53.944] 
[38/50] → 573004005309
[2026-04-29 14:18:53.947] 🔁 Abriendo chat (intento 1/3) con: https://web.whatsapp.com/send?phone=573004005309&text=Hola%20Henry%2C%20te%20escribimos%20de%20MEDPLAY.%0A%0A%E2%80%A2%20Tu%20Youtube%2C%20con%20el%20correo%20hdalid1973%40gmail.com%2C%20vence%20el%20*30%2F04%2F2026*%2C%20quer%C3%ADa%20saber%20si%20deseas%20*realizar%20la%20renovaci%C3%B3n*%2C%20tiene%20un%20costo%20de%20*%24%207%2C900*.%0A%0A*PARA%20PAGOS%20POR%20NEQUI%20SOLICITAR%20EL%20QR%20POR%20FAVOR*
[2026-04-29 14:18:57.033] ✉️ Enviando…
[2026-04-29 14:19:01.005] ↩️ Enviado (Enter)
[2026-04-29 14:19:01.006] ⏳ Pausa post-envío: 12s…
[2026-04-29 14:19:13.016] 
[39/50] → 573114674297
[2026-04-29 14:19:13.016] 🔁 Abriendo chat (intento 1/3) con: https://web.whatsapp.com/send?phone=573114674297&text=Hola%20Jehison%2C%20te%20escribimos%20de%20MEDPLAY.%0A%0A%E2%80%A2%20Tu%20Spotify%2C%20con%20el%20correo%20jehison%40spotify.com%2C%20vence%20el%20*30%2F04%2F2026*%2C%20quer%C3%ADa%20saber%20si%20deseas%20*realizar%20la%20renovaci%C3%B3n*%2C%20tiene%20un%20costo%20de%20*%24%2012%2C900*.%0A%0A*PARA%20PAGOS%20POR%20NEQUI%20SOLICITAR%20EL%20QR%20POR%20FAVOR*
[2026-04-29 14:19:21.640] ✉️ Enviando…
[2026-04-29 14:19:22.859] ↩️ Enviado (Enter)
[2026-04-29 14:19:22.859] ⏳ Pausa post-envío: 12s…
[2026-04-29 14:19:34.868] 
[40/50] → 573042523854
[2026-04-29 14:19:34.868] 🔁 Abriendo chat (intento 1/3) con: https://web.whatsapp.com/send?phone=573042523854&text=Hola%2C%20te%20escribimos%20de%20MEDPLAY.%0A%0A%E2%80%A2%20Tu%20Youtube%2C%20con%20el%20correo%20Jalejandromorales4%40gmail.com%2C%20vence%20el%20*30%2F04%2F2026*%2C%20quer%C3%ADa%20saber%20si%20deseas%20*realizar%20la%20renovaci%C3%B3n*%2C%20tiene%20un%20costo%20de%20*%24%207%2C900*.%0A%0A*PARA%20PAGOS%20POR%20NEQUI%20SOLICITAR%20EL%20QR%20POR%20FAVOR*
[2026-04-29 14:19:38.429] ✉️ Enviando…
[2026-04-29 14:19:42.372] ↩️ Enviado (Enter)
[2026-04-29 14:19:42.373] ⏳ Pausa post-envío: 12s…
[2026-04-29 14:19:54.382] 
[41/50] → 573007339333
[2026-04-29 14:19:54.382] 🔁 Abriendo chat (intento 1/3) con: https://web.whatsapp.com/send?phone=573007339333&text=Hola%20Juan%2C%20te%20escribimos%20de%20MEDPLAY.%0A%0A%E2%80%A2%20Tu%20Youtube%2C%20con%20el%20correo%20juancarlos10151976%40gmail.com%2C%20vence%20el%20*30%2F04%2F2026*%2C%20quer%C3%ADa%20saber%20si%20deseas%20*realizar%20la%20renovaci%C3%B3n*%2C%20tiene%20un%20costo%20de%20*%24%207%2C900*.%0A%0A*PARA%20PAGOS%20POR%20NEQUI%20SOLICITAR%20EL%20QR%20POR%20FAVOR*
[2026-04-29 14:20:06.612] ✉️ Enviando…
[2026-04-29 14:20:06.843] ↩️ Enviado (Enter)
[2026-04-29 14:20:06.843] ⏳ Pausa post-envío: 12s…
[2026-04-29 14:20:18.848] 
[42/50] → 573136600425
[2026-04-29 14:20:18.848] 🔁 Abriendo chat (intento 1/3) con: https://web.whatsapp.com/send?phone=573136600425&text=Hola%20%2B57%2C%20te%20escribimos%20de%20MEDPLAY.%0A%0A%E2%80%A2%20Tu%20Netflix%2C%20con%20el%20correo%20frieda2819margarita1989may3%2B2%40hotmail.com%2C%20vence%20el%20*30%2F04%2F2026*%2C%20quer%C3%ADa%20saber%20si%20deseas%20*realizar%20la%20renovaci%C3%B3n*%2C%20tiene%20un%20costo%20de%20*%24%2040%2C000*.%0A%0A*PARA%20PAGOS%20POR%20NEQUI%20SOLICITAR%20EL%20QR%20POR%20FAVOR*
[2026-04-29 14:20:22.370] ✉️ Enviando…
[2026-04-29 14:20:24.998] ↩️ Enviado (Enter)
[2026-04-29 14:20:24.999] ⏳ Pausa post-envío: 12s…
[2026-04-29 14:20:37.007] 
[43/50] → 573016460355
[2026-04-29 14:20:37.008] 🔁 Abriendo chat (intento 1/3) con: https://web.whatsapp.com/send?phone=573016460355&text=Hola%20Andres%2C%20te%20escribimos%20de%20MEDPLAY.%0A%0A%E2%80%A2%20Tu%20Youtube%2C%20con%20el%20correo%20san.andres2416%40gmail.com%2C%20vence%20el%20*30%2F04%2F2026*%2C%20quer%C3%ADa%20saber%20si%20deseas%20*realizar%20la%20renovaci%C3%B3n*%2C%20tiene%20un%20costo%20de%20*%24%207%2C900*.%0A%0A*PARA%20PAGOS%20POR%20NEQUI%20SOLICITAR%20EL%20QR%20POR%20FAVOR*
[2026-04-29 14:20:40.346] ✉️ Enviando…
[2026-04-29 14:20:42.904] ↩️ Enviado (Enter)
[2026-04-29 14:20:42.905] ⏳ Pausa post-envío: 12s…
[2026-04-29 14:20:54.907] 
[44/50] → 573015349361
[2026-04-29 14:20:54.908] 🔁 Abriendo chat (intento 1/3) con: https://web.whatsapp.com/send?phone=573015349361&text=Hola%20William%2C%20te%20escribimos%20de%20MEDPLAY.%0A%0A%E2%80%A2%20Tu%20Youtube%2C%20con%20el%20correo%20paisaencali%40gmail.com%2C%20vence%20el%20*30%2F04%2F2026*%2C%20quer%C3%ADa%20saber%20si%20deseas%20*realizar%20la%20renovaci%C3%B3n*%2C%20tiene%20un%20costo%20de%20*%24%207%2C900*.%0A%0A*PARA%20PAGOS%20POR%20NEQUI%20SOLICITAR%20EL%20QR%20POR%20FAVOR*
[2026-04-29 14:21:04.202] ✉️ Enviando…
[2026-04-29 14:21:04.889] ↩️ Enviado (Enter)
[2026-04-29 14:21:04.889] ⏳ Pausa post-envío: 12s…
[2026-04-29 14:21:16.897] 
[45/50] → 573155689530
[2026-04-29 14:21:16.898] 🔁 Abriendo chat (intento 1/3) con: https://web.whatsapp.com/send?phone=573155689530&text=Hola%2C%20te%20escribimos%20de%20MEDPLAY.%0A%0A%E2%80%A2%20Tu%20Youtube%2C%20con%20el%20correo%20maximof77%40gmail.com%2C%20vence%20el%20*30%2F04%2F2026*%2C%20quer%C3%ADa%20saber%20si%20deseas%20*realizar%20la%20renovaci%C3%B3n*%2C%20tiene%20un%20costo%20de%20*%24%207%2C900*.%0A%0A*PARA%20PAGOS%20POR%20NEQUI%20SOLICITAR%20EL%20QR%20POR%20FAVOR*
[2026-04-29 14:21:20.362] ✉️ Enviando…
[2026-04-29 14:21:24.291] ↩️ Enviado (Enter)
[2026-04-29 14:21:24.291] ⏳ Pausa post-envío: 12s…
[2026-04-29 14:21:36.304] 
[46/50] → 573117722273
[2026-04-29 14:21:36.304] 🔁 Abriendo chat (intento 1/3) con: https://web.whatsapp.com/send?phone=573117722273&text=Hola%2C%20te%20escribimos%20de%20MEDPLAY.%0A%0A%E2%80%A2%20Tu%20Youtube%2C%20con%20el%20correo%20uruetasantiago284%40gmail.com%2C%20vence%20el%20*30%2F04%2F2026*%2C%20quer%C3%ADa%20saber%20si%20deseas%20*realizar%20la%20renovaci%C3%B3n*%2C%20tiene%20un%20costo%20de%20*%24%207%2C900*.%0A%0A*PARA%20PAGOS%20POR%20NEQUI%20SOLICITAR%20EL%20QR%20POR%20FAVOR*
[2026-04-29 14:21:48.810] ✉️ Enviando…
[2026-04-29 14:21:49.057] ↩️ Enviado (Enter)
[2026-04-29 14:21:49.058] ⏳ Pausa post-envío: 12s…
[2026-04-29 14:22:01.065] 
[47/50] → 573193248268
[2026-04-29 14:22:01.066] 🔁 Abriendo chat (intento 1/3) con: https://web.whatsapp.com/send?phone=573193248268&text=Hola%2C%20te%20escribimos%20de%20MEDPLAY.%0A%0A%E2%80%A2%20Tu%20Youtube%2C%20con%20el%20correo%20deyvidballesteros026%40gmail.com%2C%20vence%20el%20*30%2F04%2F2026*%2C%20quer%C3%ADa%20saber%20si%20deseas%20*realizar%20la%20renovaci%C3%B3n*%2C%20tiene%20un%20costo%20de%20*%24%207%2C900*.%0A%0A*PARA%20PAGOS%20POR%20NEQUI%20SOLICITAR%20EL%20QR%20POR%20FAVOR*
[2026-04-29 14:22:13.808] ✉️ Enviando…
[2026-04-29 14:22:14.055] ↩️ Enviado (Enter)
[2026-04-29 14:22:14.055] ⏳ Pausa post-envío: 12s…
[2026-04-29 14:22:26.057] 
[48/50] → 573246023281
[2026-04-29 14:22:26.058] 🔁 Abriendo chat (intento 1/3) con: https://web.whatsapp.com/send?phone=573246023281&text=Hola%2C%20te%20escribimos%20de%20MEDPLAY.%0A%0A%E2%80%A2%20Tu%20Youtube%2C%20con%20el%20correo%20soportecrisdev%40gmail.com%2C%20vence%20el%20*30%2F04%2F2026*%2C%20quer%C3%ADa%20saber%20si%20deseas%20*realizar%20la%20renovaci%C3%B3n*%2C%20tiene%20un%20costo%20de%20*%24%207%2C900*.%0A%0A*PARA%20PAGOS%20POR%20NEQUI%20SOLICITAR%20EL%20QR%20POR%20FAVOR*
[2026-04-29 14:22:38.673] ✉️ Enviando…
[2026-04-29 14:22:38.908] ↩️ Enviado (Enter)
[2026-04-29 14:22:38.908] ⏳ Pausa post-envío: 12s…
[2026-04-29 14:22:50.917] 
[49/50] → 573041204086
[2026-04-29 14:22:50.917] 🔁 Abriendo chat (intento 1/3) con: https://web.whatsapp.com/send?phone=573041204086&text=Hola%2C%20te%20escribimos%20de%20MEDPLAY.%0A%0A%E2%80%A2%20Tu%20Youtube%2C%20con%20el%20correo%20yeicardona92%40gmail.com%2C%20vence%20el%20*30%2F04%2F2026*%2C%20quer%C3%ADa%20saber%20si%20deseas%20*realizar%20la%20renovaci%C3%B3n*%2C%20tiene%20un%20costo%20de%20*%24%207%2C900*.%0A%0A*PARA%20PAGOS%20POR%20NEQUI%20SOLICITAR%20EL%20QR%20POR%20FAVOR*
[2026-04-29 14:22:54.815] ✉️ Enviando…
[2026-04-29 14:22:59.396] ↩️ Enviado (Enter)
[2026-04-29 14:22:59.396] ⏳ Pausa post-envío: 12s…
[2026-04-29 14:23:11.406] 
[50/50] → 573115024060
[2026-04-29 14:23:11.406] 🔁 Abriendo chat (intento 1/3) con: https://web.whatsapp.com/send?phone=573115024060&text=Hola%2C%20te%20escribimos%20de%20MEDPLAY.%0A%0A%E2%80%A2%20Tu%20Youtube%2C%20con%20el%20correo%20jcifuentessal08%40gmail.com%2C%20vence%20el%20*30%2F04%2F2026*%2C%20quer%C3%ADa%20saber%20si%20deseas%20*realizar%20la%20renovaci%C3%B3n*%2C%20tiene%20un%20costo%20de%20*%24%207%2C900*.%0A%0A*PARA%20PAGOS%20POR%20NEQUI%20SOLICITAR%20EL%20QR%20POR%20FAVOR*
[2026-04-29 14:23:15.008] ✉️ Enviando…
[2026-04-29 14:23:17.781] ↩️ Enviado (Enter)
[2026-04-29 14:23:17.781] ⏳ Pausa post-envío: 12s…
[2026-04-29 14:23:29.785] 
✅ Finalizado. Enviados: 50. Omitidos: 0.
[2026-04-29 14:23:29.786] ℹ️ Navegador dejado abierto para revisión manual.
[2026-04-30 13:20:46.388] 📨 Enviaré 26 mensaje(s).
[2026-04-30 13:20:46.388] 🚀 Lanzando script de navegador: C:\Users\Santiago\medplay\scripts\start-edge-wa.bat
[2026-04-30 13:20:46.396] ⏳ Esperando CDP…
[2026-04-30 13:20:50.607] 🟡 Preparando WhatsApp Web…
[2026-04-30 13:21:09.492] ✅ WhatsApp Web listo.
[2026-04-30 13:21:09.492] 
[1/26] → 584127649654
[2026-04-30 13:21:09.493] 🔁 Abriendo chat (intento 1/3) con: https://web.whatsapp.com/send?phone=584127649654&text=Hola%20Antonio%2C%20te%20escribimos%20de%20MEDPLAY.%0A%0A%E2%80%A2%20Tu%20Crunchyroll%20(pantalla%202)%2C%20con%20el%20correo%20crunxhymex%40gmail.com%2C%20vence%20el%20*29%2F04%2F2026*%2C%20quer%C3%ADa%20saber%20si%20deseas%20*realizar%20la%20renovaci%C3%B3n*%2C%20tiene%20un%20costo%20de%20*%24%204%2C900*.%0A%0A*PARA%20PAGOS%20POR%20NEQUI%20SOLICITAR%20EL%20QR%20POR%20FAVOR*
[2026-04-30 13:21:13.203] ✉️ Enviando…
[2026-04-30 13:21:16.538] ↩️ Enviado (Enter)
[2026-04-30 13:21:16.540] ⏳ Pausa post-envío: 12s…
[2026-04-30 13:21:28.541] 
[2/26] → 573125579071
[2026-04-30 13:21:28.542] 🔁 Abriendo chat (intento 1/3) con: https://web.whatsapp.com/send?phone=573125579071&text=Hola%2C%20te%20escribimos%20de%20MEDPLAY.%0A%0A%E2%80%A2%20Tu%20Disney%20(pantalla%205)%2C%20con%20el%20correo%20medplay93%2Bh5%40gmail.com%2C%20vence%20el%20*30%2F04%2F2026*%2C%20quer%C3%ADa%20saber%20si%20deseas%20*realizar%20la%20renovaci%C3%B3n*%2C%20tiene%20un%20costo%20de%20*%24%207%2C900*.%0A%0A*PARA%20PAGOS%20POR%20NEQUI%20SOLICITAR%20EL%20QR%20POR%20FAVOR*
[2026-04-30 13:21:40.472] ✉️ Enviando…
[2026-04-30 13:21:40.806] ↩️ Enviado (Enter)
[2026-04-30 13:21:40.806] ⏳ Pausa post-envío: 12s…
[2026-04-30 13:21:52.815] 
[3/26] → 573114348788
[2026-04-30 13:21:52.816] 🔁 Abriendo chat (intento 1/3) con: https://web.whatsapp.com/send?phone=573114348788&text=Hola%2C%20te%20escribimos%20de%20MEDPLAY.%0A%0A%E2%80%A2%20Tu%20Netflix%20(pantalla%202)%2C%20con%20el%20correo%20xozptos6%40nerpre.com%2C%20vence%20el%20*30%2F04%2F2026*%2C%20quer%C3%ADa%20saber%20si%20deseas%20*realizar%20la%20renovaci%C3%B3n*%2C%20tiene%20un%20costo%20de%20*%24%2014%2C900*.%0A%0A*PARA%20PAGOS%20POR%20NEQUI%20SOLICITAR%20EL%20QR%20POR%20FAVOR*
[2026-04-30 13:22:01.839] ✉️ Enviando…
[2026-04-30 13:22:02.601] ↩️ Enviado (Enter)
[2026-04-30 13:22:02.601] ⏳ Pausa post-envío: 12s…
[2026-04-30 13:22:14.617] 
[4/26] → 573014283757
[2026-04-30 13:22:14.622] 🔁 Abriendo chat (intento 1/3) con: https://web.whatsapp.com/send?phone=573014283757&text=Hola%2C%20te%20escribimos%20de%20MEDPLAY.%0A%0A%E2%80%A2%20Tu%20Crunchyroll%20(pantalla%205)%2C%20con%20el%20correo%20crunxhymex%40gmail.com%2C%20vence%20el%20*30%2F04%2F2026*%2C%20quer%C3%ADa%20saber%20si%20deseas%20*realizar%20la%20renovaci%C3%B3n*%2C%20tiene%20un%20costo%20de%20*%24%206%2C900*.%0A%0A*PARA%20PAGOS%20POR%20NEQUI%20SOLICITAR%20EL%20QR%20POR%20FAVOR*
[2026-04-30 13:22:17.716] ✉️ Enviando…
[2026-04-30 13:22:21.588] ↩️ Enviado (Enter)
[2026-04-30 13:22:21.588] ⏳ Pausa post-envío: 12s…
[2026-04-30 13:22:33.598] 
[5/26] → 573028671735
[2026-04-30 13:22:33.606] 🔁 Abriendo chat (intento 1/3) con: https://web.whatsapp.com/send?phone=573028671735&text=Hola%20Bakki%2C%20te%20escribimos%20de%20MEDPLAY.%0A%0A%E2%80%A2%20Tu%20Crunchyroll%20(pantalla%201)%2C%20con%20el%20correo%20joisselumukanda188%40hotmail.com%2C%20vence%20el%20*30%2F04%2F2026*%2C%20quer%C3%ADa%20saber%20si%20deseas%20*realizar%20la%20renovaci%C3%B3n*%2C%20tiene%20un%20costo%20de%20*%24%204%2C900*.%0A%0A*PARA%20PAGOS%20POR%20NEQUI%20SOLICITAR%20EL%20QR%20POR%20FAVOR*
[2026-04-30 13:22:43.752] ✉️ Enviando…
[2026-04-30 13:22:44.040] ↩️ Enviado (Enter)
[2026-04-30 13:22:44.041] ⏳ Pausa post-envío: 12s…
[2026-04-30 13:22:56.049] 
[6/26] → 573143475920
[2026-04-30 13:22:56.049] 🔁 Abriendo chat (intento 1/3) con: https://web.whatsapp.com/send?phone=573143475920&text=Hola%20%2B57%2C%20te%20escribimos%20de%20MEDPLAY.%0A%0A%E2%80%A2%20Tu%20VIX%20(pantalla%203)%2C%20con%20el%20correo%20medplay93%2Bqa8eh%40gmail.com%2C%20vence%20el%20*30%2F04%2F2026*%2C%20quer%C3%ADa%20saber%20si%20deseas%20*realizar%20la%20renovaci%C3%B3n*%2C%20tiene%20un%20costo%20de%20*%24%204%2C900*.%0A%0A*PARA%20PAGOS%20POR%20NEQUI%20SOLICITAR%20EL%20QR%20POR%20FAVOR*
[2026-04-30 13:22:59.204] ✉️ Enviando…
[2026-04-30 13:23:02.651] ↩️ Enviado (Enter)
[2026-04-30 13:23:02.652] ⏳ Pausa post-envío: 12s…
[2026-04-30 13:23:14.668] 
[7/26] → 573208200126
[2026-04-30 13:23:14.668] 🔁 Abriendo chat (intento 1/3) con: https://web.whatsapp.com/send?phone=573208200126&text=Hola%2C%20te%20escribimos%20de%20MEDPLAY.%0A%0A%E2%80%A2%20Tu%20Crunchyroll%20(pantalla%202)%2C%20con%20el%20correo%20joisselumukanda188%40hotmail.com%2C%20vence%20el%20*30%2F04%2F2026*%2C%20quer%C3%ADa%20saber%20si%20deseas%20*realizar%20la%20renovaci%C3%B3n*%2C%20tiene%20un%20costo%20de%20*%24%206%2C900*.%0A%0A*PARA%20PAGOS%20POR%20NEQUI%20SOLICITAR%20EL%20QR%20POR%20FAVOR*
[2026-04-30 13:23:17.793] ✉️ Enviando…
[2026-04-30 13:23:21.153] ↩️ Enviado (Enter)
[2026-04-30 13:23:21.154] ⏳ Pausa post-envío: 12s…
[2026-04-30 13:23:33.164] 
[8/26] → 573178171587
[2026-04-30 13:23:33.165] 🔁 Abriendo chat (intento 1/3) con: https://web.whatsapp.com/send?phone=573178171587&text=Hola%20Pablo%2C%20te%20escribimos%20de%20MEDPLAY.%0A%0A%E2%80%A2%20Tu%20Crunchyroll%20(pantalla%203)%2C%20con%20el%20correo%20joisselumukanda188%40hotmail.com%2C%20vence%20el%20*30%2F04%2F2026*%2C%20quer%C3%ADa%20saber%20si%20deseas%20*realizar%20la%20renovaci%C3%B3n*%2C%20tiene%20un%20costo%20de%20*%24%206%2C900*.%0A%E2%80%A2%20Tu%20Crunchyroll%20(pantalla%204)%2C%20con%20el%20correo%20hartleysak1238%40hotmail.com%2C%20vence%20el%20*01%2F05%2F2026*%2C%20quer%C3%ADa%20saber%20si%20deseas%20*realizar%20la%20renovaci%C3%B3n*%2C%20tiene%20un%20costo%20de%20*%24%204%2C900*.%0A%0A*PARA%20PAGOS%20POR%20NEQUI%20SOLICITAR%20EL%20QR%20POR%20FAVOR*
[2026-04-30 13:23:36.302] ✉️ Enviando…
[2026-04-30 13:23:39.602] ↩️ Enviado (Enter)
[2026-04-30 13:23:39.603] ⏳ Pausa post-envío: 12s…
[2026-04-30 13:23:51.618] 
[9/26] → 573135427163
[2026-04-30 13:23:51.619] 🔁 Abriendo chat (intento 1/3) con: https://web.whatsapp.com/send?phone=573135427163&text=Hola%20Estefania%2C%20te%20escribimos%20de%20MEDPLAY.%0A%0A%E2%80%A2%20Tu%20Disney%20(pantalla%207)%2C%20con%20el%20correo%20medplay93%2Bh5%40gmail.com%2C%20vence%20el%20*30%2F04%2F2026*%2C%20quer%C3%ADa%20saber%20si%20deseas%20*realizar%20la%20renovaci%C3%B3n*%2C%20tiene%20un%20costo%20de%20*%24%207%2C900*.%0A%0A*PARA%20PAGOS%20POR%20NEQUI%20SOLICITAR%20EL%20QR%20POR%20FAVOR*
[2026-04-30 13:23:54.715] ✉️ Enviando…
[2026-04-30 13:23:58.026] ↩️ Enviado (Enter)
[2026-04-30 13:23:58.026] ⏳ Pausa post-envío: 12s…
[2026-04-30 13:24:10.029] 
[10/26] → 573202568273
[2026-04-30 13:24:10.030] 🔁 Abriendo chat (intento 1/3) con: https://web.whatsapp.com/send?phone=573202568273&text=Hola%2C%20te%20escribimos%20de%20MEDPLAY.%0A%0A%E2%80%A2%20Tu%20Crunchyroll%20(pantalla%204)%2C%20con%20el%20correo%20joisselumukanda188%40hotmail.com%2C%20vence%20el%20*30%2F04%2F2026*%2C%20quer%C3%ADa%20saber%20si%20deseas%20*realizar%20la%20renovaci%C3%B3n*%2C%20tiene%20un%20costo%20de%20*%24%206%2C900*.%0A%0A*PARA%20PAGOS%20POR%20NEQUI%20SOLICITAR%20EL%20QR%20POR%20FAVOR*
[2026-04-30 13:24:13.520] ✉️ Enviando…
[2026-04-30 13:24:17.310] ↩️ Enviado (Enter)
[2026-04-30 13:24:17.312] ⏳ Pausa post-envío: 12s…
[2026-04-30 13:24:29.314] 
[11/26] → 573163476684
[2026-04-30 13:24:29.315] 🔁 Abriendo chat (intento 1/3) con: https://web.whatsapp.com/send?phone=573163476684&text=Hola%2C%20te%20escribimos%20de%20MEDPLAY.%0A%0A%E2%80%A2%20Tu%20Disney%20(pantalla%206)%2C%20con%20el%20correo%20medplay93%2Bh5%40gmail.com%2C%20vence%20el%20*30%2F04%2F2026*%2C%20quer%C3%ADa%20saber%20si%20deseas%20*realizar%20la%20renovaci%C3%B3n*%2C%20tiene%20un%20costo%20de%20*%24%207%2C900*.%0A%E2%80%A2%20Tu%20MAX%20(pantalla%205)%2C%20con%20el%20correo%20medplay93%2Bbad%40gmail.com%2C%20vence%20el%20*30%2F04%2F2026*%2C%20quer%C3%ADa%20saber%20si%20deseas%20*realizar%20la%20renovaci%C3%B3n*%2C%20tiene%20un%20costo%20de%20*%24%207%2C900*.%0A%0A*PARA%20PAGOS%20POR%20NEQUI%20SOLICITAR%20EL%20QR%20POR%20FAVOR*
[2026-04-30 13:24:38.452] ✉️ Enviando…
[2026-04-30 13:24:39.156] ↩️ Enviado (Enter)
[2026-04-30 13:24:39.157] ⏳ Pausa post-envío: 12s…
[2026-04-30 13:24:51.170] 
[12/26] → 573143023743
[2026-04-30 13:24:51.175] 🔁 Abriendo chat (intento 1/3) con: https://web.whatsapp.com/send?phone=573143023743&text=Hola%20Caro%2C%20te%20escribimos%20de%20MEDPLAY.%0A%0A%E2%80%A2%20Tu%20Netflix%20(pantalla%204)%2C%20con%20el%20correo%20xozptos6%40nerpre.com%2C%20vence%20el%20*30%2F04%2F2026*%2C%20quer%C3%ADa%20saber%20si%20deseas%20*realizar%20la%20renovaci%C3%B3n*%2C%20tiene%20un%20costo%20de%20*%24%2014%2C900*.%0A%E2%80%A2%20Tu%20Netflix%20(pantalla%202)%2C%20con%20el%20correo%20paige9498freda2001%2B2%40outlook.com%2C%20vence%20el%20*01%2F05%2F2026*%2C%20quer%C3%ADa%20saber%20si%20deseas%20*realizar%20la%20renovaci%C3%B3n*%2C%20tiene%20un%20costo%20de%20*%24%2014%2C900*.%0A%0A*PARA%20PAGOS%20POR%20NEQUI%20SOLICITAR%20EL%20QR%20POR%20FAVOR*
[2026-04-30 13:25:03.468] ✉️ Enviando…
[2026-04-30 13:25:03.822] ↩️ Enviado (Enter)
[2026-04-30 13:25:03.822] ⏳ Pausa post-envío: 12s…
[2026-04-30 13:25:15.828] 
[13/26] → 573115624765
[2026-04-30 13:25:15.828] 🔁 Abriendo chat (intento 1/3) con: https://web.whatsapp.com/send?phone=573115624765&text=Hola%20YONATHAN%2C%20te%20escribimos%20de%20MEDPLAY.%0A%0A%E2%80%A2%20Tu%20Crunchyroll%20(pantalla%205)%2C%20con%20el%20correo%20joisselumukanda188%40hotmail.com%2C%20vence%20el%20*01%2F05%2F2026*%2C%20quer%C3%ADa%20saber%20si%20deseas%20*realizar%20la%20renovaci%C3%B3n*%2C%20tiene%20un%20costo%20de%20*%24%204%2C900*.%0A%0A*PARA%20PAGOS%20POR%20NEQUI%20SOLICITAR%20EL%20QR%20POR%20FAVOR*
[2026-04-30 13:25:18.882] ✉️ Enviando…
[2026-04-30 13:25:22.163] ↩️ Enviado (Enter)
[2026-04-30 13:25:22.163] ⏳ Pausa post-envío: 12s…
[2026-04-30 13:25:34.178] 
[14/26] → 573124834607
[2026-04-30 13:25:34.185] 🔁 Abriendo chat (intento 1/3) con: https://web.whatsapp.com/send?phone=573124834607&text=Hola%20Juan%2C%20te%20escribimos%20de%20MEDPLAY.%0A%0A%E2%80%A2%20Tu%20MAX%20(pantalla%202)%2C%20con%20el%20correo%20medplay93%2Bgil%40gmail.com%2C%20vence%20el%20*01%2F05%2F2026*%2C%20quer%C3%ADa%20saber%20si%20deseas%20*realizar%20la%20renovaci%C3%B3n*%2C%20tiene%20un%20costo%20de%20*%24%207%2C900*.%0A%E2%80%A2%20Tu%20Netflix%20(pantalla%201)%2C%20con%20el%20correo%20paige9498freda2001%2B2%40outlook.com%2C%20vence%20el%20*01%2F05%2F2026*%2C%20quer%C3%ADa%20saber%20si%20deseas%20*realizar%20la%20renovaci%C3%B3n*%2C%20tiene%20un%20costo%20de%20*%24%2014%2C900*.%0A%0A*PARA%20PAGOS%20POR%20NEQUI%20SOLICITAR%20EL%20QR%20POR%20FAVOR*
[2026-04-30 13:25:37.323] ✉️ Enviando…
[2026-04-30 13:25:39.825] ↩️ Enviado (Enter)
[2026-04-30 13:25:39.826] ⏳ Pausa post-envío: 12s…
[2026-04-30 13:25:51.833] 
[15/26] → 573242387132
[2026-04-30 13:25:51.845] 🔁 Abriendo chat (intento 1/3) con: https://web.whatsapp.com/send?phone=573242387132&text=Hola%20Andres%2C%20te%20escribimos%20de%20MEDPLAY.%0A%0A%E2%80%A2%20Tu%20Crunchyroll%20(pantalla%201)%2C%20con%20el%20correo%20hartleysak1238%40hotmail.com%2C%20vence%20el%20*01%2F05%2F2026*%2C%20quer%C3%ADa%20saber%20si%20deseas%20*realizar%20la%20renovaci%C3%B3n*%2C%20tiene%20un%20costo%20de%20*%24%204%2C900*.%0A%0A*PARA%20PAGOS%20POR%20NEQUI%20SOLICITAR%20EL%20QR%20POR%20FAVOR*
[2026-04-30 13:26:02.469] ✉️ Enviando…
[2026-04-30 13:26:02.805] ↩️ Enviado (Enter)
[2026-04-30 13:26:02.806] ⏳ Pausa post-envío: 12s…
[2026-04-30 13:26:14.808] 
[16/26] → 573205702743
[2026-04-30 13:26:14.815] 🔁 Abriendo chat (intento 1/3) con: https://web.whatsapp.com/send?phone=573205702743&text=Hola%20Jonathan%2C%20te%20escribimos%20de%20MEDPLAY.%0A%0A%E2%80%A2%20Tu%20Amazon%20(pantalla%204)%2C%20con%20el%20correo%20mxreya44%40gmail.com%2C%20vence%20el%20*01%2F05%2F2026*%2C%20quer%C3%ADa%20saber%20si%20deseas%20*realizar%20la%20renovaci%C3%B3n*%2C%20tiene%20un%20costo%20de%20*%24%207%2C900*.%0A%0A*PARA%20PAGOS%20POR%20NEQUI%20SOLICITAR%20EL%20QR%20POR%20FAVOR*
[2026-04-30 13:26:25.434] ✉️ Enviando…
[2026-04-30 13:26:25.742] ↩️ Enviado (Enter)
[2026-04-30 13:26:25.742] ⏳ Pausa post-envío: 12s…
[2026-04-30 13:26:37.743] 
[17/26] → 573113372054
[2026-04-30 13:26:37.744] 🔁 Abriendo chat (intento 1/3) con: https://web.whatsapp.com/send?phone=573113372054&text=Hola%20Laura%2C%20te%20escribimos%20de%20MEDPLAY.%0A%0A%E2%80%A2%20Tu%20Disney%20(pantalla%207)%2C%20con%20el%20correo%20medplay93%2Bdis5%40gmail.com%2C%20vence%20el%20*01%2F05%2F2026*%2C%20quer%C3%ADa%20saber%20si%20deseas%20*realizar%20la%20renovaci%C3%B3n*%2C%20tiene%20un%20costo%20de%20*%24%207%2C900*.%0A%0A*PARA%20PAGOS%20POR%20NEQUI%20SOLICITAR%20EL%20QR%20POR%20FAVOR*
[2026-04-30 13:26:41.043] ✉️ Enviando…
[2026-04-30 13:26:44.249] ↩️ Enviado (Enter)
[2026-04-30 13:26:44.249] ⏳ Pausa post-envío: 12s…
[2026-04-30 13:26:56.265] 
[18/26] → 573114674297
[2026-04-30 13:26:56.266] 🔁 Abriendo chat (intento 1/3) con: https://web.whatsapp.com/send?phone=573114674297&text=Hola%20Jehison%2C%20te%20escribimos%20de%20MEDPLAY.%0A%0A%E2%80%A2%20Tu%20Spotify%2C%20con%20el%20correo%20jehison%40spotify.com%2C%20vence%20el%20*30%2F04%2F2026*%2C%20quer%C3%ADa%20saber%20si%20deseas%20*realizar%20la%20renovaci%C3%B3n*%2C%20tiene%20un%20costo%20de%20*%24%2012%2C900*.%0A%0A*PARA%20PAGOS%20POR%20NEQUI%20SOLICITAR%20EL%20QR%20POR%20FAVOR*
[2026-04-30 13:27:05.627] ✉️ Enviando…
[2026-04-30 13:27:06.351] ↩️ Enviado (Enter)
[2026-04-30 13:27:06.353] ⏳ Pausa post-envío: 12s…
[2026-04-30 13:27:18.363] 
[19/26] → 573136600425
[2026-04-30 13:27:18.363] 🔁 Abriendo chat (intento 1/3) con: https://web.whatsapp.com/send?phone=573136600425&text=Hola%20%2B57%2C%20te%20escribimos%20de%20MEDPLAY.%0A%0A%E2%80%A2%20Tu%20Netflix%2C%20con%20el%20correo%20frieda2819margarita1989may3%2B2%40hotmail.com%2C%20vence%20el%20*30%2F04%2F2026*%2C%20quer%C3%ADa%20saber%20si%20deseas%20*realizar%20la%20renovaci%C3%B3n*%2C%20tiene%20un%20costo%20de%20*%24%2040%2C000*.%0A%0A*PARA%20PAGOS%20POR%20NEQUI%20SOLICITAR%20EL%20QR%20POR%20FAVOR*
[2026-04-30 13:27:21.556] ✉️ Enviando…
[2026-04-30 13:27:24.227] ↩️ Enviado (Enter)
[2026-04-30 13:27:24.227] ⏳ Pausa post-envío: 12s…
[2026-04-30 13:27:36.234] 
[20/26] → 573103084061
[2026-04-30 13:27:36.235] 🔁 Abriendo chat (intento 1/3) con: https://web.whatsapp.com/send?phone=573103084061&text=Hola%20Giovanni%2C%20te%20escribimos%20de%20MEDPLAY.%0A%0A%E2%80%A2%20Tu%20Youtube%2C%20con%20el%20correo%20cruzartgiovanni%40gmail.com%2C%20vence%20el%20*01%2F05%2F2026*%2C%20quer%C3%ADa%20saber%20si%20deseas%20*realizar%20la%20renovaci%C3%B3n*%2C%20tiene%20un%20costo%20de%20*%24%207%2C900*.%0A%0A*PARA%20PAGOS%20POR%20NEQUI%20SOLICITAR%20EL%20QR%20POR%20FAVOR*
[2026-04-30 13:27:39.334] ✉️ Enviando…
[2026-04-30 13:27:41.890] ↩️ Enviado (Enter)
[2026-04-30 13:27:41.891] ⏳ Pausa post-envío: 12s…
[2026-04-30 13:27:53.905] 
[21/26] → 573116624884
[2026-04-30 13:27:53.906] 🔁 Abriendo chat (intento 1/3) con: https://web.whatsapp.com/send?phone=573116624884&text=Hola%20Derley%2C%20te%20escribimos%20de%20MEDPLAY.%0A%0A%E2%80%A2%20Tu%20Youtube%2C%20con%20el%20correo%20derleycalderon2003%40gmail.com%2C%20vence%20el%20*01%2F05%2F2026*%2C%20quer%C3%ADa%20saber%20si%20deseas%20*realizar%20la%20renovaci%C3%B3n*%2C%20tiene%20un%20costo%20de%20*%24%207%2C900*.%0A%0A*PARA%20PAGOS%20POR%20NEQUI%20SOLICITAR%20EL%20QR%20POR%20FAVOR*
[2026-04-30 13:27:56.974] ✉️ Enviando…
[2026-04-30 13:28:00.815] ↩️ Enviado (Enter)
[2026-04-30 13:28:00.816] ⏳ Pausa post-envío: 12s…
[2026-04-30 13:28:12.820] 
[22/26] → 573016498219
[2026-04-30 13:28:12.828] 🔁 Abriendo chat (intento 1/3) con: https://web.whatsapp.com/send?phone=573016498219&text=Hola%20Luis%2C%20te%20escribimos%20de%20MEDPLAY.%0A%0A%E2%80%A2%20Tu%20Youtube%2C%20con%20el%20correo%20alcidesluigy58%40gmail.com%2C%20vence%20el%20*01%2F05%2F2026*%2C%20quer%C3%ADa%20saber%20si%20deseas%20*realizar%20la%20renovaci%C3%B3n*%2C%20tiene%20un%20costo%20de%20*%24%207%2C900*.%0A%0A*PARA%20PAGOS%20POR%20NEQUI%20SOLICITAR%20EL%20QR%20POR%20FAVOR*
[2026-04-30 13:28:15.759] ✉️ Enviando…
[2026-04-30 13:28:20.278] ↩️ Enviado (Enter)
[2026-04-30 13:28:20.278] ⏳ Pausa post-envío: 12s…
[2026-04-30 13:28:32.284] 
[23/26] → 573215535604
[2026-04-30 13:28:32.285] 🔁 Abriendo chat (intento 1/3) con: https://web.whatsapp.com/send?phone=573215535604&text=Hola%20Santiago%2C%20te%20escribimos%20de%20MEDPLAY.%0A%0A%E2%80%A2%20Tu%20Youtube%2C%20con%20el%20correo%20gtrergerede%40gmail.com%2C%20vence%20el%20*01%2F05%2F2026*%2C%20quer%C3%ADa%20saber%20si%20deseas%20*realizar%20la%20renovaci%C3%B3n*%2C%20tiene%20un%20costo%20de%20*%24%207%2C900*.%0A%0A*PARA%20PAGOS%20POR%20NEQUI%20SOLICITAR%20EL%20QR%20POR%20FAVOR*
[2026-04-30 13:28:35.552] ✉️ Enviando…
[2026-04-30 13:28:39.328] ↩️ Enviado (Enter)
[2026-04-30 13:28:39.329] ⏳ Pausa post-envío: 12s…
[2026-04-30 13:28:51.341] 
[24/26] → 573136236840
[2026-04-30 13:28:51.343] 🔁 Abriendo chat (intento 1/3) con: https://web.whatsapp.com/send?phone=573136236840&text=Hola%20Maria%2C%20te%20escribimos%20de%20MEDPLAY.%0A%0A%E2%80%A2%20Tu%20Youtube%2C%20con%20el%20correo%20acevedomariaantonia54%40gmail.com%2C%20vence%20el%20*01%2F05%2F2026*%2C%20quer%C3%ADa%20saber%20si%20deseas%20*realizar%20la%20renovaci%C3%B3n*%2C%20tiene%20un%20costo%20de%20*%24%207%2C900*.%0A%0A*PARA%20PAGOS%20POR%20NEQUI%20SOLICITAR%20EL%20QR%20POR%20FAVOR*
[2026-04-30 13:28:54.534] ✉️ Enviando…
[2026-04-30 13:28:57.175] ↩️ Enviado (Enter)
[2026-04-30 13:28:57.176] ⏳ Pausa post-envío: 12s…
[2026-04-30 13:29:09.180] 
[25/26] → 573012352646
[2026-04-30 13:29:09.186] 🔁 Abriendo chat (intento 1/3) con: https://web.whatsapp.com/send?phone=573012352646&text=Hola%20Enkilioncurt%2C%20te%20escribimos%20de%20MEDPLAY.%0A%0A%E2%80%A2%20Tu%20Youtube%2C%20con%20el%20correo%20Terrydancourt%40gmail.com%2C%20vence%20el%20*01%2F05%2F2026*%2C%20quer%C3%ADa%20saber%20si%20deseas%20*realizar%20la%20renovaci%C3%B3n*%2C%20tiene%20un%20costo%20de%20*%24%207%2C900*.%0A%0A*PARA%20PAGOS%20POR%20NEQUI%20SOLICITAR%20EL%20QR%20POR%20FAVOR*
[2026-04-30 13:29:12.433] ✉️ Enviando…
[2026-04-30 13:29:15.362] ↩️ Enviado (Enter)
[2026-04-30 13:29:15.363] ⏳ Pausa post-envío: 12s…
[2026-04-30 13:29:27.378] 
[26/26] → 573145321552
[2026-04-30 13:29:27.385] 🔁 Abriendo chat (intento 1/3) con: https://web.whatsapp.com/send?phone=573145321552&text=Hola%20%2B57%2C%20te%20escribimos%20de%20MEDPLAY.%0A%0A%E2%80%A2%20Tu%20Youtube%2C%20con%20el%20correo%20mariapirela2030%40gmail.com%2C%20vence%20el%20*01%2F05%2F2026*%2C%20quer%C3%ADa%20saber%20si%20deseas%20*realizar%20la%20renovaci%C3%B3n*%2C%20tiene%20un%20costo%20de%20*%24%207%2C900*.%0A%0A*PARA%20PAGOS%20POR%20NEQUI%20SOLICITAR%20EL%20QR%20POR%20FAVOR*
[2026-04-30 13:29:30.435] ✉️ Enviando…
[2026-04-30 13:29:32.991] ↩️ Enviado (Enter)
[2026-04-30 13:29:32.991] ⏳ Pausa post-envío: 12s…
[2026-04-30 13:29:45.001] 
✅ Finalizado. Enviados: 26. Omitidos: 0.
[2026-04-30 13:29:45.001] ℹ️ Navegador dejado abierto para revisión manual.
[2026-05-01 16:57:03.310] 📨 Enviaré 29 mensaje(s).
[2026-05-01 16:57:03.310] 🚀 Lanzando script de navegador: C:\Users\Santiago\medplay\scripts\start-edge-wa.bat
[2026-05-01 16:57:03.319] ⏳ Esperando CDP…
[2026-05-01 16:57:07.543] 🟡 Preparando WhatsApp Web…
[2026-05-01 16:57:12.413] ✅ WhatsApp Web listo.
[2026-05-01 16:57:12.414] 
[1/29] → 584127649654
[2026-05-01 16:57:12.414] 🔁 Abriendo chat (intento 1/3) con: https://web.whatsapp.com/send?phone=584127649654&text=Hola%20Antonio%2C%20te%20escribimos%20de%20MEDPLAY.%0A%0A%E2%80%A2%20Tu%20Crunchyroll%20(pantalla%202)%2C%20con%20el%20correo%20crunxhymex%40gmail.com%2C%20vence%20el%20*29%2F04%2F2026*%2C%20quer%C3%ADa%20saber%20si%20deseas%20*realizar%20la%20renovaci%C3%B3n*%2C%20tiene%20un%20costo%20de%20*%24%204%2C900*.%0A%0A*PARA%20PAGOS%20POR%20NEQUI%20SOLICITAR%20EL%20QR%20POR%20FAVOR*
[2026-05-01 16:57:15.666] ✉️ Enviando…
[2026-05-01 16:57:20.812] ↩️ Enviado (Enter)
[2026-05-01 16:57:20.812] ⏳ Pausa post-envío: 12s…
[2026-05-01 16:57:32.824] 
[2/29] → 573178171587
[2026-05-01 16:57:32.825] 🔁 Abriendo chat (intento 1/3) con: https://web.whatsapp.com/send?phone=573178171587&text=Hola%20Pablo%2C%20te%20escribimos%20de%20MEDPLAY.%0A%0A%E2%80%A2%20Tu%20Crunchyroll%20(pantalla%203)%2C%20con%20el%20correo%20joisselumukanda188%40hotmail.com%2C%20vence%20el%20*01%2F05%2F2026*%2C%20quer%C3%ADa%20saber%20si%20deseas%20*realizar%20la%20renovaci%C3%B3n*%2C%20tiene%20un%20costo%20de%20*%24%206%2C900*.%0A%E2%80%A2%20Tu%20Crunchyroll%20(pantalla%204)%2C%20con%20el%20correo%20hartleysak1238%40hotmail.com%2C%20vence%20el%20*01%2F05%2F2026*%2C%20quer%C3%ADa%20saber%20si%20deseas%20*realizar%20la%20renovaci%C3%B3n*%2C%20tiene%20un%20costo%20de%20*%24%204%2C900*.%0A%0A*PARA%20PAGOS%20POR%20NEQUI%20SOLICITAR%20EL%20QR%20POR%20FAVOR*
[2026-05-01 16:57:42.846] ✉️ Enviando…
[2026-05-01 16:57:43.516] ↩️ Enviado (Enter)
[2026-05-01 16:57:43.517] ⏳ Pausa post-envío: 12s…
[2026-05-01 16:57:55.531] 
[3/29] → 573163476684
[2026-05-01 16:57:55.531] 🔁 Abriendo chat (intento 1/3) con: https://web.whatsapp.com/send?phone=573163476684&text=Hola%2C%20te%20escribimos%20de%20MEDPLAY.%0A%0A%E2%80%A2%20Tu%20MAX%20(pantalla%205)%2C%20con%20el%20correo%20medplay93%2Bbad%40gmail.com%2C%20vence%20el%20*01%2F05%2F2026*%2C%20quer%C3%ADa%20saber%20si%20deseas%20*realizar%20la%20renovaci%C3%B3n*%2C%20tiene%20un%20costo%20de%20*%24%207%2C900*.%0A%0A*PARA%20PAGOS%20POR%20NEQUI%20SOLICITAR%20EL%20QR%20POR%20FAVOR*
[2026-05-01 16:58:05.609] ✉️ Enviando…
[2026-05-01 16:58:06.326] ↩️ Enviado (Enter)
[2026-05-01 16:58:06.326] ⏳ Pausa post-envío: 12s…
[2026-05-01 16:58:18.338] 
[4/29] → 573115624765
[2026-05-01 16:58:18.344] 🔁 Abriendo chat (intento 1/3) con: https://web.whatsapp.com/send?phone=573115624765&text=Hola%20YONATHAN%2C%20te%20escribimos%20de%20MEDPLAY.%0A%0A%E2%80%A2%20Tu%20Crunchyroll%20(pantalla%205)%2C%20con%20el%20correo%20joisselumukanda188%40hotmail.com%2C%20vence%20el%20*01%2F05%2F2026*%2C%20quer%C3%ADa%20saber%20si%20deseas%20*realizar%20la%20renovaci%C3%B3n*%2C%20tiene%20un%20costo%20de%20*%24%204%2C900*.%0A%0A*PARA%20PAGOS%20POR%20NEQUI%20SOLICITAR%20EL%20QR%20POR%20FAVOR*
[2026-05-01 16:58:30.098] ✉️ Enviando…
[2026-05-01 16:58:30.367] ↩️ Enviado (Enter)
[2026-05-01 16:58:30.368] ⏳ Pausa post-envío: 12s…
[2026-05-01 16:58:42.382] 
[5/29] → 573124834607
[2026-05-01 16:58:42.383] 🔁 Abriendo chat (intento 1/3) con: https://web.whatsapp.com/send?phone=573124834607&text=Hola%20Juan%2C%20te%20escribimos%20de%20MEDPLAY.%0A%0A%E2%80%A2%20Tu%20MAX%20(pantalla%202)%2C%20con%20el%20correo%20medplay93%2Bgil%40gmail.com%2C%20vence%20el%20*01%2F05%2F2026*%2C%20quer%C3%ADa%20saber%20si%20deseas%20*realizar%20la%20renovaci%C3%B3n*%2C%20tiene%20un%20costo%20de%20*%24%207%2C900*.%0A%E2%80%A2%20Tu%20Netflix%20(pantalla%201)%2C%20con%20el%20correo%20paige9498freda2001%2B2%40outlook.com%2C%20vence%20el%20*01%2F05%2F2026*%2C%20quer%C3%ADa%20saber%20si%20deseas%20*realizar%20la%20renovaci%C3%B3n*%2C%20tiene%20un%20costo%20de%20*%24%2014%2C900*.%0A%0A*PARA%20PAGOS%20POR%20NEQUI%20SOLICITAR%20EL%20QR%20POR%20FAVOR*
[2026-05-01 16:58:51.693] ✉️ Enviando…
[2026-05-01 16:58:52.290] ↩️ Enviado (Enter)
[2026-05-01 16:58:52.290] ⏳ Pausa post-envío: 12s…
[2026-05-01 16:59:04.305] 
[6/29] → 573242387132
[2026-05-01 16:59:04.306] 🔁 Abriendo chat (intento 1/3) con: https://web.whatsapp.com/send?phone=573242387132&text=Hola%20Andres%2C%20te%20escribimos%20de%20MEDPLAY.%0A%0A%E2%80%A2%20Tu%20Crunchyroll%20(pantalla%201)%2C%20con%20el%20correo%20hartleysak1238%40hotmail.com%2C%20vence%20el%20*01%2F05%2F2026*%2C%20quer%C3%ADa%20saber%20si%20deseas%20*realizar%20la%20renovaci%C3%B3n*%2C%20tiene%20un%20costo%20de%20*%24%204%2C900*.%0A%0A*PARA%20PAGOS%20POR%20NEQUI%20SOLICITAR%20EL%20QR%20POR%20FAVOR*
[2026-05-01 16:59:07.500] ✉️ Enviando…
[2026-05-01 16:59:10.439] ↩️ Enviado (Enter)
[2026-05-01 16:59:10.440] ⏳ Pausa post-envío: 12s…
[2026-05-01 16:59:22.452] 
[7/29] → 573143023743
[2026-05-01 16:59:22.458] 🔁 Abriendo chat (intento 1/3) con: https://web.whatsapp.com/send?phone=573143023743&text=Hola%20Caro%2C%20te%20escribimos%20de%20MEDPLAY.%0A%0A%E2%80%A2%20Tu%20Netflix%20(pantalla%202)%2C%20con%20el%20correo%20paige9498freda2001%2B2%40outlook.com%2C%20vence%20el%20*01%2F05%2F2026*%2C%20quer%C3%ADa%20saber%20si%20deseas%20*realizar%20la%20renovaci%C3%B3n*%2C%20tiene%20un%20costo%20de%20*%24%2014%2C900*.%0A%0A*PARA%20PAGOS%20POR%20NEQUI%20SOLICITAR%20EL%20QR%20POR%20FAVOR*
[2026-05-01 16:59:31.572] ✉️ Enviando…
[2026-05-01 16:59:32.236] ↩️ Enviado (Enter)
[2026-05-01 16:59:32.237] ⏳ Pausa post-envío: 12s…
[2026-05-01 16:59:44.246] 
[8/29] → 573205702743
[2026-05-01 16:59:44.253] 🔁 Abriendo chat (intento 1/3) con: https://web.whatsapp.com/send?phone=573205702743&text=Hola%20Jonathan%2C%20te%20escribimos%20de%20MEDPLAY.%0A%0A%E2%80%A2%20Tu%20Amazon%20(pantalla%204)%2C%20con%20el%20correo%20mxreya44%40gmail.com%2C%20vence%20el%20*01%2F05%2F2026*%2C%20quer%C3%ADa%20saber%20si%20deseas%20*realizar%20la%20renovaci%C3%B3n*%2C%20tiene%20un%20costo%20de%20*%24%207%2C900*.%0A%0A*PARA%20PAGOS%20POR%20NEQUI%20SOLICITAR%20EL%20QR%20POR%20FAVOR*
[2026-05-01 16:59:48.025] ✉️ Enviando…
[2026-05-01 16:59:50.979] ↩️ Enviado (Enter)
[2026-05-01 16:59:50.979] ⏳ Pausa post-envío: 12s…
[2026-05-01 17:00:02.985] 
[9/29] → 573113372054
[2026-05-01 17:00:02.992] 🔁 Abriendo chat (intento 1/3) con: https://web.whatsapp.com/send?phone=573113372054&text=Hola%20Laura%2C%20te%20escribimos%20de%20MEDPLAY.%0A%0A%E2%80%A2%20Tu%20Disney%20(pantalla%207)%2C%20con%20el%20correo%20medplay93%2Bdis5%40gmail.com%2C%20vence%20el%20*01%2F05%2F2026*%2C%20quer%C3%ADa%20saber%20si%20deseas%20*realizar%20la%20renovaci%C3%B3n*%2C%20tiene%20un%20costo%20de%20*%24%207%2C900*.%0A%0A*PARA%20PAGOS%20POR%20NEQUI%20SOLICITAR%20EL%20QR%20POR%20FAVOR*
[2026-05-01 17:00:11.574] ✉️ Enviando…
[2026-05-01 17:00:12.403] ↩️ Enviado (Enter)
[2026-05-01 17:00:12.403] ⏳ Pausa post-envío: 12s…
[2026-05-01 17:00:24.409] 
[10/29] → 573106931409
[2026-05-01 17:00:24.416] 🔁 Abriendo chat (intento 1/3) con: https://web.whatsapp.com/send?phone=573106931409&text=Hola%20Hl%2C%20te%20escribimos%20de%20MEDPLAY.%0A%0A%E2%80%A2%20Tu%20Crunchyroll%20(pantalla%203)%2C%20con%20el%20correo%20ppapacalcalit%40gmail.com%2C%20vence%20el%20*02%2F05%2F2026*%2C%20quer%C3%ADa%20saber%20si%20deseas%20*realizar%20la%20renovaci%C3%B3n*%2C%20tiene%20un%20costo%20de%20*%24%204%2C900*.%0A%0A*PARA%20PAGOS%20POR%20NEQUI%20SOLICITAR%20EL%20QR%20POR%20FAVOR*
[2026-05-01 17:00:28.042] ✉️ Enviando…
[2026-05-01 17:00:33.319] ↩️ Enviado (Enter)
[2026-05-01 17:00:33.319] ⏳ Pausa post-envío: 12s…
[2026-05-01 17:00:45.330] 
[11/29] → 573052380009
[2026-05-01 17:00:45.336] 🔁 Abriendo chat (intento 1/3) con: https://web.whatsapp.com/send?phone=573052380009&text=Hola%20Jhork%2C%20te%20escribimos%20de%20MEDPLAY.%0A%0A%E2%80%A2%20Tu%20Crunchyroll%20(pantalla%201)%2C%20con%20el%20correo%20ronaldaort447%40hotmail.com%2C%20vence%20el%20*02%2F05%2F2026*%2C%20quer%C3%ADa%20saber%20si%20deseas%20*realizar%20la%20renovaci%C3%B3n*%2C%20tiene%20un%20costo%20de%20*%24%204%2C900*.%0A%0A*PARA%20PAGOS%20POR%20NEQUI%20SOLICITAR%20EL%20QR%20POR%20FAVOR*
[2026-05-01 17:00:53.554] ✉️ Enviando…
[2026-05-01 17:00:54.187] ↩️ Enviado (Enter)
[2026-05-01 17:00:54.188] ⏳ Pausa post-envío: 12s…
[2026-05-01 17:01:06.195] 
[12/29] → 573143670618
[2026-05-01 17:01:06.202] 🔁 Abriendo chat (intento 1/3) con: https://web.whatsapp.com/send?phone=573143670618&text=Hola%20heberth%2C%20te%20escribimos%20de%20MEDPLAY.%0A%0A%E2%80%A2%20Tu%20Disney%20Premium%20(pantalla%205)%2C%20con%20el%20correo%20medplay93%2Bc01%40gmail.com%2C%20vence%20el%20*02%2F05%2F2026*%2C%20quer%C3%ADa%20saber%20si%20deseas%20*realizar%20la%20renovaci%C3%B3n*%2C%20tiene%20un%20costo%20de%20*%24%2012%2C900*.%0A%0A*PARA%20PAGOS%20POR%20NEQUI%20SOLICITAR%20EL%20QR%20POR%20FAVOR*
[2026-05-01 17:01:15.370] ✉️ Enviando…
[2026-05-01 17:01:16.077] ↩️ Enviado (Enter)
[2026-05-01 17:01:16.078] ⏳ Pausa post-envío: 12s…
[2026-05-01 17:01:28.085] 
[13/29] → 573023081524
[2026-05-01 17:01:28.086] 🔁 Abriendo chat (intento 1/3) con: https://web.whatsapp.com/send?phone=573023081524&text=Hola%20Edinson%2C%20te%20escribimos%20de%20MEDPLAY.%0A%0A%E2%80%A2%20Tu%20Crunchyroll%20(pantalla%202)%2C%20con%20el%20correo%20ronaldaort447%40hotmail.com%2C%20vence%20el%20*02%2F05%2F2026*%2C%20quer%C3%ADa%20saber%20si%20deseas%20*realizar%20la%20renovaci%C3%B3n*%2C%20tiene%20un%20costo%20de%20*%24%204%2C900*.%0A%0A*PARA%20PAGOS%20POR%20NEQUI%20SOLICITAR%20EL%20QR%20POR%20FAVOR*
[2026-05-01 17:01:37.118] ✉️ Enviando…
[2026-05-01 17:01:37.930] ↩️ Enviado (Enter)
[2026-05-01 17:01:37.930] ⏳ Pausa post-envío: 12s…
[2026-05-01 17:01:49.943] 
[14/29] → 573114334872
[2026-05-01 17:01:49.944] 🔁 Abriendo chat (intento 1/3) con: https://web.whatsapp.com/send?phone=573114334872&text=Hola%20%2B57%2C%20te%20escribimos%20de%20MEDPLAY.%0A%0A%E2%80%A2%20Tu%20Amazon%20(pantalla%202)%2C%20con%20el%20correo%20mxreya44%40gmail.com%2C%20vence%20el%20*02%2F05%2F2026*%2C%20quer%C3%ADa%20saber%20si%20deseas%20*realizar%20la%20renovaci%C3%B3n*%2C%20tiene%20un%20costo%20de%20*%24%207%2C900*.%0A%0A*PARA%20PAGOS%20POR%20NEQUI%20SOLICITAR%20EL%20QR%20POR%20FAVOR*
[2026-05-01 17:01:58.578] ✉️ Enviando…
[2026-05-01 17:01:59.260] ↩️ Enviado (Enter)
[2026-05-01 17:01:59.260] ⏳ Pausa post-envío: 12s…
[2026-05-01 17:02:11.270] 
[15/29] → 573158771114
[2026-05-01 17:02:11.272] 🔁 Abriendo chat (intento 1/3) con: https://web.whatsapp.com/send?phone=573158771114&text=Hola%20Yilmer%2C%20te%20escribimos%20de%20MEDPLAY.%0A%0A%E2%80%A2%20Tu%20Crunchyroll%20(pantalla%204)%2C%20con%20el%20correo%20ronaldaort447%40hotmail.com%2C%20vence%20el%20*02%2F05%2F2026*%2C%20quer%C3%ADa%20saber%20si%20deseas%20*realizar%20la%20renovaci%C3%B3n*%2C%20tiene%20un%20costo%20de%20*%24%204%2C000*.%0A%E2%80%A2%20Tu%20Crunchyroll%20(pantalla%201)%2C%20con%20el%20correo%20hartleysak1238%40hotmail.com%2C%20vence%20el%20*02%2F05%2F2026*%2C%20quer%C3%ADa%20saber%20si%20deseas%20*realizar%20la%20renovaci%C3%B3n*%2C%20tiene%20un%20costo%20de%20*%24%204%2C900*.%0A%0A*PARA%20PAGOS%20POR%20NEQUI%20SOLICITAR%20EL%20QR%20POR%20FAVOR*
[2026-05-01 17:02:20.754] ✉️ Enviando…
[2026-05-01 17:02:21.392] ↩️ Enviado (Enter)
[2026-05-01 17:02:21.394] ⏳ Pausa post-envío: 12s…
[2026-05-01 17:02:33.399] 
[16/29] → 573103084061
[2026-05-01 17:02:33.406] 🔁 Abriendo chat (intento 1/3) con: https://web.whatsapp.com/send?phone=573103084061&text=Hola%20Giovanni%2C%20te%20escribimos%20de%20MEDPLAY.%0A%0A%E2%80%A2%20Tu%20Youtube%2C%20con%20el%20correo%20cruzartgiovanni%40gmail.com%2C%20vence%20el%20*01%2F05%2F2026*%2C%20quer%C3%ADa%20saber%20si%20deseas%20*realizar%20la%20renovaci%C3%B3n*%2C%20tiene%20un%20costo%20de%20*%24%207%2C900*.%0A%0A*PARA%20PAGOS%20POR%20NEQUI%20SOLICITAR%20EL%20QR%20POR%20FAVOR*
[2026-05-01 17:02:36.474] ✉️ Enviando…
[2026-05-01 17:02:39.017] ↩️ Enviado (Enter)
[2026-05-01 17:02:39.018] ⏳ Pausa post-envío: 12s…
[2026-05-01 17:02:51.028] 
[17/29] → 573116624884
[2026-05-01 17:02:51.035] 🔁 Abriendo chat (intento 1/3) con: https://web.whatsapp.com/send?phone=573116624884&text=Hola%20Derley%2C%20te%20escribimos%20de%20MEDPLAY.%0A%0A%E2%80%A2%20Tu%20Youtube%2C%20con%20el%20correo%20derleycalderon2003%40gmail.com%2C%20vence%20el%20*01%2F05%2F2026*%2C%20quer%C3%ADa%20saber%20si%20deseas%20*realizar%20la%20renovaci%C3%B3n*%2C%20tiene%20un%20costo%20de%20*%24%207%2C900*.%0A%0A*PARA%20PAGOS%20POR%20NEQUI%20SOLICITAR%20EL%20QR%20POR%20FAVOR*
[2026-05-01 17:02:59.256] ✉️ Enviando…
[2026-05-01 17:02:59.811] ↩️ Enviado (Enter)
[2026-05-01 17:02:59.811] ⏳ Pausa post-envío: 12s…
[2026-05-01 17:03:11.827] 
[18/29] → 573016498219
[2026-05-01 17:03:11.828] 🔁 Abriendo chat (intento 1/3) con: https://web.whatsapp.com/send?phone=573016498219&text=Hola%20Luis%2C%20te%20escribimos%20de%20MEDPLAY.%0A%0A%E2%80%A2%20Tu%20Youtube%2C%20con%20el%20correo%20alcidesluigy58%40gmail.com%2C%20vence%20el%20*01%2F05%2F2026*%2C%20quer%C3%ADa%20saber%20si%20deseas%20*realizar%20la%20renovaci%C3%B3n*%2C%20tiene%20un%20costo%20de%20*%24%207%2C900*.%0A%0A*PARA%20PAGOS%20POR%20NEQUI%20SOLICITAR%20EL%20QR%20POR%20FAVOR*
[2026-05-01 17:03:21.155] ✉️ Enviando…
[2026-05-01 17:03:21.913] ↩️ Enviado (Enter)
[2026-05-01 17:03:21.913] ⏳ Pausa post-envío: 12s…
[2026-05-01 17:03:33.922] 
[19/29] → 573215535604
[2026-05-01 17:03:33.923] 🔁 Abriendo chat (intento 1/3) con: https://web.whatsapp.com/send?phone=573215535604&text=Hola%20Santiago%2C%20te%20escribimos%20de%20MEDPLAY.%0A%0A%E2%80%A2%20Tu%20Youtube%2C%20con%20el%20correo%20gtrergerede%40gmail.com%2C%20vence%20el%20*01%2F05%2F2026*%2C%20quer%C3%ADa%20saber%20si%20deseas%20*realizar%20la%20renovaci%C3%B3n*%2C%20tiene%20un%20costo%20de%20*%24%207%2C900*.%0A%0A*PARA%20PAGOS%20POR%20NEQUI%20SOLICITAR%20EL%20QR%20POR%20FAVOR*
[2026-05-01 17:03:37.284] ✉️ Enviando…
[2026-05-01 17:03:39.956] ↩️ Enviado (Enter)
[2026-05-01 17:03:39.957] ⏳ Pausa post-envío: 12s…
[2026-05-01 17:03:51.972] 
[20/29] → 573136236840
[2026-05-01 17:03:51.972] 🔁 Abriendo chat (intento 1/3) con: https://web.whatsapp.com/send?phone=573136236840&text=Hola%20Maria%2C%20te%20escribimos%20de%20MEDPLAY.%0A%0A%E2%80%A2%20Tu%20Youtube%2C%20con%20el%20correo%20acevedomariaantonia54%40gmail.com%2C%20vence%20el%20*01%2F05%2F2026*%2C%20quer%C3%ADa%20saber%20si%20deseas%20*realizar%20la%20renovaci%C3%B3n*%2C%20tiene%20un%20costo%20de%20*%24%207%2C900*.%0A%0A*PARA%20PAGOS%20POR%20NEQUI%20SOLICITAR%20EL%20QR%20POR%20FAVOR*
[2026-05-01 17:04:00.061] ✉️ Enviando…
[2026-05-01 17:04:00.806] ↩️ Enviado (Enter)
[2026-05-01 17:04:00.807] ⏳ Pausa post-envío: 12s…
[2026-05-01 17:04:12.819] 
[21/29] → 573012352646
[2026-05-01 17:04:12.820] 🔁 Abriendo chat (intento 1/3) con: https://web.whatsapp.com/send?phone=573012352646&text=Hola%20Enkilioncurt%2C%20te%20escribimos%20de%20MEDPLAY.%0A%0A%E2%80%A2%20Tu%20Youtube%2C%20con%20el%20correo%20Terrydancourt%40gmail.com%2C%20vence%20el%20*01%2F05%2F2026*%2C%20quer%C3%ADa%20saber%20si%20deseas%20*realizar%20la%20renovaci%C3%B3n*%2C%20tiene%20un%20costo%20de%20*%24%207%2C900*.%0A%0A*PARA%20PAGOS%20POR%20NEQUI%20SOLICITAR%20EL%20QR%20POR%20FAVOR*
[2026-05-01 17:04:21.341] ✉️ Enviando…
[2026-05-01 17:04:22.211] ↩️ Enviado (Enter)
[2026-05-01 17:04:22.211] ⏳ Pausa post-envío: 12s…
[2026-05-01 17:04:34.218] 
[22/29] → 573145321552
[2026-05-01 17:04:34.219] 🔁 Abriendo chat (intento 1/3) con: https://web.whatsapp.com/send?phone=573145321552&text=Hola%20Valcast%2C%20te%20escribimos%20de%20MEDPLAY.%0A%0A%E2%80%A2%20Tu%20Youtube%2C%20con%20el%20correo%20mariapirela2030%40gmail.com%2C%20vence%20el%20*01%2F05%2F2026*%2C%20quer%C3%ADa%20saber%20si%20deseas%20*realizar%20la%20renovaci%C3%B3n*%2C%20tiene%20un%20costo%20de%20*%24%207%2C900*.%0A%0A*PARA%20PAGOS%20POR%20NEQUI%20SOLICITAR%20EL%20QR%20POR%20FAVOR*
[2026-05-01 17:04:51.990] ✉️ Enviando…
[2026-05-01 17:04:52.385] ↩️ Enviado (Enter)
[2026-05-01 17:04:52.385] ⏳ Pausa post-envío: 12s…
[2026-05-01 17:05:04.392] 
[23/29] → 573045371575
[2026-05-01 17:05:04.399] 🔁 Abriendo chat (intento 1/3) con: https://web.whatsapp.com/send?phone=573045371575&text=Hola%20David%2C%20te%20escribimos%20de%20MEDPLAY.%0A%0A%E2%80%A2%20Tu%20Youtube%2C%20con%20el%20correo%20herberdavidson525%40gmail.com%2C%20vence%20el%20*02%2F05%2F2026*%2C%20quer%C3%ADa%20saber%20si%20deseas%20*realizar%20la%20renovaci%C3%B3n*%2C%20tiene%20un%20costo%20de%20*%24%207%2C900*.%0A%0A*PARA%20PAGOS%20POR%20NEQUI%20SOLICITAR%20EL%20QR%20POR%20FAVOR*
[2026-05-01 17:05:07.665] ✉️ Enviando…
[2026-05-01 17:05:12.546] ↩️ Enviado (Enter)
[2026-05-01 17:05:12.548] ⏳ Pausa post-envío: 12s…
[2026-05-01 17:05:24.551] 
[24/29] → 573144527020
[2026-05-01 17:05:24.551] 🔁 Abriendo chat (intento 1/3) con: https://web.whatsapp.com/send?phone=573144527020&text=Hola%20Alejandro%2C%20te%20escribimos%20de%20MEDPLAY.%0A%0A%E2%80%A2%20Tu%20Youtube%2C%20con%20el%20correo%20jorge19812022%40gmail.com%2C%20vence%20el%20*02%2F05%2F2026*%2C%20quer%C3%ADa%20saber%20si%20deseas%20*realizar%20la%20renovaci%C3%B3n*%2C%20tiene%20un%20costo%20de%20*%24%207%2C900*.%0A%0A*PARA%20PAGOS%20POR%20NEQUI%20SOLICITAR%20EL%20QR%20POR%20FAVOR*
[2026-05-01 17:05:27.702] ✉️ Enviando…
[2026-05-01 17:05:31.356] ↩️ Enviado (Enter)
[2026-05-01 17:05:31.356] ⏳ Pausa post-envío: 12s…
[2026-05-01 17:05:43.371] 
[25/29] → 573238680078
[2026-05-01 17:05:43.372] 🔁 Abriendo chat (intento 1/3) con: https://web.whatsapp.com/send?phone=573238680078&text=Hola%20Richard%2C%20te%20escribimos%20de%20MEDPLAY.%0A%0A%E2%80%A2%20Tu%20Youtube%2C%20con%20el%20correo%20williericardo33%40gmail.com%2C%20vence%20el%20*02%2F05%2F2026*%2C%20quer%C3%ADa%20saber%20si%20deseas%20*realizar%20la%20renovaci%C3%B3n*%2C%20tiene%20un%20costo%20de%20*%24%207%2C900*.%0A%0A*PARA%20PAGOS%20POR%20NEQUI%20SOLICITAR%20EL%20QR%20POR%20FAVOR*
[2026-05-01 17:05:51.015] ✉️ Enviando…
[2026-05-01 17:05:52.249] ↩️ Enviado (Enter)
[2026-05-01 17:05:52.250] ⏳ Pausa post-envío: 12s…
[2026-05-01 17:06:04.266] 
[26/29] → 573142341762
[2026-05-01 17:06:04.273] 🔁 Abriendo chat (intento 1/3) con: https://web.whatsapp.com/send?phone=573142341762&text=Hola%20Marlon%2C%20te%20escribimos%20de%20MEDPLAY.%0A%0A%E2%80%A2%20Tu%20Youtube%2C%20con%20el%20correo%20josetorresd37%40gmail.com%2C%20vence%20el%20*02%2F05%2F2026*%2C%20quer%C3%ADa%20saber%20si%20deseas%20*realizar%20la%20renovaci%C3%B3n*%2C%20tiene%20un%20costo%20de%20*%24%207%2C900*.%0A%0A*PARA%20PAGOS%20POR%20NEQUI%20SOLICITAR%20EL%20QR%20POR%20FAVOR*
[2026-05-01 17:06:12.198] ✉️ Enviando…
[2026-05-01 17:06:12.708] ↩️ Enviado (Enter)
[2026-05-01 17:06:12.709] ⏳ Pausa post-envío: 12s…
[2026-05-01 17:06:24.717] 
[27/29] → 573103136121
[2026-05-01 17:06:24.718] 🔁 Abriendo chat (intento 1/3) con: https://web.whatsapp.com/send?phone=573103136121&text=Hola%2C%20te%20escribimos%20de%20MEDPLAY.%0A%0A%E2%80%A2%20Tu%20Spotify%2C%20con%20el%20correo%20yunicornio%40gmail.com%2C%20vence%20el%20*02%2F05%2F2026*%2C%20quer%C3%ADa%20saber%20si%20deseas%20*realizar%20la%20renovaci%C3%B3n*%2C%20tiene%20un%20costo%20de%20*%24%205%2C900*.%0A%0A*PARA%20PAGOS%20POR%20NEQUI%20SOLICITAR%20EL%20QR%20POR%20FAVOR*
[2026-05-01 17:06:37.377] ✉️ Enviando…
[2026-05-01 17:06:37.650] ↩️ Enviado (Enter)
[2026-05-01 17:06:37.651] ⏳ Pausa post-envío: 12s…
[2026-05-01 17:06:49.664] 
[28/29] → 573043455415
[2026-05-01 17:06:49.671] 🔁 Abriendo chat (intento 1/3) con: https://web.whatsapp.com/send?phone=573043455415&text=Hola%20Fabio%2C%20te%20escribimos%20de%20MEDPLAY.%0A%0A%E2%80%A2%20Tu%20Youtube%2C%20con%20el%20correo%20florezfabioalexander5%40gmail.com%2C%20vence%20el%20*02%2F05%2F2026*%2C%20quer%C3%ADa%20saber%20si%20deseas%20*realizar%20la%20renovaci%C3%B3n*%2C%20tiene%20un%20costo%20de%20*%24%207%2C900*.%0A%0A*PARA%20PAGOS%20POR%20NEQUI%20SOLICITAR%20EL%20QR%20POR%20FAVOR*
[2026-05-01 17:06:57.512] ✉️ Enviando…
[2026-05-01 17:06:58.091] ↩️ Enviado (Enter)
[2026-05-01 17:06:58.092] ⏳ Pausa post-envío: 12s…
[2026-05-01 17:07:10.103] 
[29/29] → 573133467112
[2026-05-01 17:07:10.104] 🔁 Abriendo chat (intento 1/3) con: https://web.whatsapp.com/send?phone=573133467112&text=Hola%20Sebastian%2C%20te%20escribimos%20de%20MEDPLAY.%0A%0A%E2%80%A2%20Tu%20Youtube%2C%20con%20el%20correo%20sebastianrico15%40gmail.com%2C%20vence%20el%20*02%2F05%2F2026*%2C%20quer%C3%ADa%20saber%20si%20deseas%20*realizar%20la%20renovaci%C3%B3n*%2C%20tiene%20un%20costo%20de%20*%24%207%2C900*.%0A%0A*PARA%20PAGOS%20POR%20NEQUI%20SOLICITAR%20EL%20QR%20POR%20FAVOR*
[2026-05-01 17:07:18.005] ✉️ Enviando…
[2026-05-01 17:07:18.697] ↩️ Enviado (Enter)
[2026-05-01 17:07:18.697] ⏳ Pausa post-envío: 12s…
[2026-05-01 17:07:30.699] 
✅ Finalizado. Enviados: 29. Omitidos: 0.
[2026-05-01 17:07:30.705] ℹ️ Navegador dejado abierto para revisión manual.
[2026-05-02 16:17:52.051] 📨 Enviaré 30 mensaje(s).
[2026-05-02 16:17:52.052] 🚀 Lanzando script de navegador: C:\Users\Santiago\medplay\scripts\start-edge-wa.bat
[2026-05-02 16:17:52.066] ⏳ Esperando CDP…
[2026-05-02 16:17:56.689] 🟡 Preparando WhatsApp Web…
[2026-05-02 16:19:22.787] ✅ WhatsApp Web listo.
[2026-05-02 16:19:22.790] 
[1/30] → 573106931409
[2026-05-02 16:19:22.791] 🔁 Abriendo chat (intento 1/3) con: https://web.whatsapp.com/send?phone=573106931409&text=Hola%20Hl%2C%20te%20escribimos%20de%20MEDPLAY.%0A%0A%E2%80%A2%20Tu%20Crunchyroll%20(pantalla%203)%2C%20con%20el%20correo%20ppapacalcalit%40gmail.com%2C%20vence%20el%20*02%2F05%2F2026*%2C%20quer%C3%ADa%20saber%20si%20deseas%20*realizar%20la%20renovaci%C3%B3n*%2C%20tiene%20un%20costo%20de%20*%24%204%2C900*.%0A%0A*PARA%20PAGOS%20POR%20NEQUI%20SOLICITAR%20EL%20QR%20POR%20FAVOR*
[2026-05-02 16:19:29.185] ✉️ Enviando…
[2026-05-02 16:19:34.145] ↩️ Enviado (Enter)
[2026-05-02 16:19:34.146] ⏳ Pausa post-envío: 12s…
[2026-05-02 16:19:46.147] 
[2/30] → 573052380009
[2026-05-02 16:19:46.148] 🔁 Abriendo chat (intento 1/3) con: https://web.whatsapp.com/send?phone=573052380009&text=Hola%20Jhork%2C%20te%20escribimos%20de%20MEDPLAY.%0A%0A%E2%80%A2%20Tu%20Crunchyroll%20(pantalla%201)%2C%20con%20el%20correo%20ronaldaort447%40hotmail.com%2C%20vence%20el%20*02%2F05%2F2026*%2C%20quer%C3%ADa%20saber%20si%20deseas%20*realizar%20la%20renovaci%C3%B3n*%2C%20tiene%20un%20costo%20de%20*%24%204%2C900*.%0A%0A*PARA%20PAGOS%20POR%20NEQUI%20SOLICITAR%20EL%20QR%20POR%20FAVOR*
[2026-05-02 16:19:49.728] ✉️ Enviando…
[2026-05-02 16:19:53.234] ↩️ Enviado (Enter)
[2026-05-02 16:19:53.236] ⏳ Pausa post-envío: 12s…
[2026-05-02 16:20:05.240] 
[3/30] → 573143670618
[2026-05-02 16:20:05.240] 🔁 Abriendo chat (intento 1/3) con: https://web.whatsapp.com/send?phone=573143670618&text=Hola%20heberth%2C%20te%20escribimos%20de%20MEDPLAY.%0A%0A%E2%80%A2%20Tu%20Disney%20Premium%20(pantalla%205)%2C%20con%20el%20correo%20medplay93%2Bc01%40gmail.com%2C%20vence%20el%20*02%2F05%2F2026*%2C%20quer%C3%ADa%20saber%20si%20deseas%20*realizar%20la%20renovaci%C3%B3n*%2C%20tiene%20un%20costo%20de%20*%24%2012%2C900*.%0A%0A*PARA%20PAGOS%20POR%20NEQUI%20SOLICITAR%20EL%20QR%20POR%20FAVOR*
[2026-05-02 16:20:08.734] ✉️ Enviando…
[2026-05-02 16:20:13.386] ↩️ Enviado (Enter)
[2026-05-02 16:20:13.387] ⏳ Pausa post-envío: 12s…
[2026-05-02 16:20:25.387] 
[4/30] → 573023081524
[2026-05-02 16:20:25.388] 🔁 Abriendo chat (intento 1/3) con: https://web.whatsapp.com/send?phone=573023081524&text=Hola%20Edinson%2C%20te%20escribimos%20de%20MEDPLAY.%0A%0A%E2%80%A2%20Tu%20Crunchyroll%20(pantalla%202)%2C%20con%20el%20correo%20ronaldaort447%40hotmail.com%2C%20vence%20el%20*02%2F05%2F2026*%2C%20quer%C3%ADa%20saber%20si%20deseas%20*realizar%20la%20renovaci%C3%B3n*%2C%20tiene%20un%20costo%20de%20*%24%204%2C900*.%0A%0A*PARA%20PAGOS%20POR%20NEQUI%20SOLICITAR%20EL%20QR%20POR%20FAVOR*
[2026-05-02 16:20:28.708] ✉️ Enviando…
[2026-05-02 16:20:33.410] ↩️ Enviado (Enter)
[2026-05-02 16:20:33.411] ⏳ Pausa post-envío: 12s…
[2026-05-02 16:20:45.418] 
[5/30] → 573114334872
[2026-05-02 16:20:45.419] 🔁 Abriendo chat (intento 1/3) con: https://web.whatsapp.com/send?phone=573114334872&text=Hola%20%2B57%2C%20te%20escribimos%20de%20MEDPLAY.%0A%0A%E2%80%A2%20Tu%20Amazon%20(pantalla%202)%2C%20con%20el%20correo%20mxreya44%40gmail.com%2C%20vence%20el%20*02%2F05%2F2026*%2C%20quer%C3%ADa%20saber%20si%20deseas%20*realizar%20la%20renovaci%C3%B3n*%2C%20tiene%20un%20costo%20de%20*%24%207%2C900*.%0A%0A*PARA%20PAGOS%20POR%20NEQUI%20SOLICITAR%20EL%20QR%20POR%20FAVOR*
[2026-05-02 16:20:48.817] ✉️ Enviando…
[2026-05-02 16:20:53.654] ↩️ Enviado (Enter)
[2026-05-02 16:20:53.654] ⏳ Pausa post-envío: 12s…
[2026-05-02 16:21:05.660] 
[6/30] → 573158771114
[2026-05-02 16:21:05.661] 🔁 Abriendo chat (intento 1/3) con: https://web.whatsapp.com/send?phone=573158771114&text=Hola%20Yilmer%2C%20te%20escribimos%20de%20MEDPLAY.%0A%0A%E2%80%A2%20Tu%20Crunchyroll%20(pantalla%204)%2C%20con%20el%20correo%20ronaldaort447%40hotmail.com%2C%20vence%20el%20*02%2F05%2F2026*%2C%20quer%C3%ADa%20saber%20si%20deseas%20*realizar%20la%20renovaci%C3%B3n*%2C%20tiene%20un%20costo%20de%20*%24%204%2C000*.%0A%E2%80%A2%20Tu%20Crunchyroll%20(pantalla%201)%2C%20con%20el%20correo%20hartleysak1238%40hotmail.com%2C%20vence%20el%20*02%2F05%2F2026*%2C%20quer%C3%ADa%20saber%20si%20deseas%20*realizar%20la%20renovaci%C3%B3n*%2C%20tiene%20un%20costo%20de%20*%24%204%2C900*.%0A%0A*PARA%20PAGOS%20POR%20NEQUI%20SOLICITAR%20EL%20QR%20POR%20FAVOR*
[2026-05-02 16:21:09.067] ✉️ Enviando…
[2026-05-02 16:21:12.540] ↩️ Enviado (Enter)
[2026-05-02 16:21:12.540] ⏳ Pausa post-envío: 12s…
[2026-05-02 16:21:24.549] 
[7/30] → 573133723280
[2026-05-02 16:21:24.550] 🔁 Abriendo chat (intento 1/3) con: https://web.whatsapp.com/send?phone=573133723280&text=Hola%2C%20te%20escribimos%20de%20MEDPLAY.%0A%0A%E2%80%A2%20Tu%20Crunchyroll%20(pantalla%201)%2C%20con%20el%20correo%20eveliamiltenberger2080%40hotmail.com%2C%20vence%20el%20*03%2F05%2F2026*%2C%20quer%C3%ADa%20saber%20si%20deseas%20*realizar%20la%20renovaci%C3%B3n*%2C%20tiene%20un%20costo%20de%20*%24%206%2C900*.%0A%0A*PARA%20PAGOS%20POR%20NEQUI%20SOLICITAR%20EL%20QR%20POR%20FAVOR*
[2026-05-02 16:21:27.786] ✉️ Enviando…
[2026-05-02 16:21:34.800] ↩️ Enviado (Enter)
[2026-05-02 16:21:34.800] ⏳ Pausa post-envío: 12s…
[2026-05-02 16:21:46.806] 
[8/30] → 573228937365
[2026-05-02 16:21:46.807] 🔁 Abriendo chat (intento 1/3) con: https://web.whatsapp.com/send?phone=573228937365&text=Hola%2C%20te%20escribimos%20de%20MEDPLAY.%0A%0A%E2%80%A2%20Tu%20Crunchyroll%20(pantalla%202)%2C%20con%20el%20correo%20eveliamiltenberger2080%40hotmail.com%2C%20vence%20el%20*03%2F05%2F2026*%2C%20quer%C3%ADa%20saber%20si%20deseas%20*realizar%20la%20renovaci%C3%B3n*%2C%20tiene%20un%20costo%20de%20*%24%206%2C900*.%0A%0A*PARA%20PAGOS%20POR%20NEQUI%20SOLICITAR%20EL%20QR%20POR%20FAVOR*
[2026-05-02 16:21:50.124] ✉️ Enviando…
[2026-05-02 16:21:54.526] ↩️ Enviado (Enter)
[2026-05-02 16:21:54.526] ⏳ Pausa post-envío: 12s…
[2026-05-02 16:22:06.535] 
[9/30] → 573222959907
[2026-05-02 16:22:06.536] 🔁 Abriendo chat (intento 1/3) con: https://web.whatsapp.com/send?phone=573222959907&text=Hola%2C%20te%20escribimos%20de%20MEDPLAY.%0A%0A%E2%80%A2%20Tu%20Disney%20(pantalla%207)%2C%20con%20el%20correo%20medplay93%2Bnv2%40gmail.com%2C%20vence%20el%20*03%2F05%2F2026*%2C%20quer%C3%ADa%20saber%20si%20deseas%20*realizar%20la%20renovaci%C3%B3n*%2C%20tiene%20un%20costo%20de%20*%24%207%2C900*.%0A%E2%80%A2%20Tu%20Netflix%20(pantalla%204)%2C%20con%20el%20correo%20paige9498freda2001%2B2%40outlook.com%2C%20vence%20el%20*03%2F05%2F2026*%2C%20quer%C3%ADa%20saber%20si%20deseas%20*realizar%20la%20renovaci%C3%B3n*%2C%20tiene%20un%20costo%20de%20*%24%2014%2C900*.%0A%0A*PARA%20PAGOS%20POR%20NEQUI%20SOLICITAR%20EL%20QR%20POR%20FAVOR*
[2026-05-02 16:22:12.314] ✉️ Enviando…
[2026-05-02 16:22:15.319] ↩️ Enviado (Enter)
[2026-05-02 16:22:15.319] ⏳ Pausa post-envío: 12s…
[2026-05-02 16:22:27.333] 
[10/30] → 573104463720
[2026-05-02 16:22:27.335] 🔁 Abriendo chat (intento 1/3) con: https://web.whatsapp.com/send?phone=573104463720&text=Hola%2C%20te%20escribimos%20de%20MEDPLAY.%0A%0A%E2%80%A2%20Tu%20Crunchyroll%20(pantalla%203)%2C%20con%20el%20correo%20eveliamiltenberger2080%40hotmail.com%2C%20vence%20el%20*03%2F05%2F2026*%2C%20quer%C3%ADa%20saber%20si%20deseas%20*realizar%20la%20renovaci%C3%B3n*%2C%20tiene%20un%20costo%20de%20*%24%206%2C900*.%0A%0A*PARA%20PAGOS%20POR%20NEQUI%20SOLICITAR%20EL%20QR%20POR%20FAVOR*
[2026-05-02 16:22:30.717] ✉️ Enviando…
[2026-05-02 16:22:44.338] ↩️ Enviado (Enter)
[2026-05-02 16:22:44.338] ⏳ Pausa post-envío: 12s…
[2026-05-02 16:22:56.348] 
[11/30] → 573053351240
[2026-05-02 16:22:56.351] 🔁 Abriendo chat (intento 1/3) con: https://web.whatsapp.com/send?phone=573053351240&text=Hola%20sebastian%2C%20te%20escribimos%20de%20MEDPLAY.%0A%0A%E2%80%A2%20Tu%20Disney%20Premium%20(pantalla%204)%2C%20con%20el%20correo%20medplay93%2Bc01%40gmail.com%2C%20vence%20el%20*03%2F05%2F2026*%2C%20quer%C3%ADa%20saber%20si%20deseas%20*realizar%20la%20renovaci%C3%B3n*%2C%20tiene%20un%20costo%20de%20*%24%2012%2C900*.%0A%0A*PARA%20PAGOS%20POR%20NEQUI%20SOLICITAR%20EL%20QR%20POR%20FAVOR*
[2026-05-02 16:22:59.758] ✉️ Enviando…
[2026-05-02 16:23:08.105] ↩️ Enviado (Enter)
[2026-05-02 16:23:08.106] ⏳ Pausa post-envío: 12s…
[2026-05-02 16:23:20.113] 
[12/30] → 573148385983
[2026-05-02 16:23:20.114] 🔁 Abriendo chat (intento 1/3) con: https://web.whatsapp.com/send?phone=573148385983&text=Hola%20Juan%2C%20te%20escribimos%20de%20MEDPLAY.%0A%0A%E2%80%A2%20Tu%20Amazon%20(pantalla%205)%2C%20con%20el%20correo%20mxreya44%40gmail.com%2C%20vence%20el%20*03%2F05%2F2026*%2C%20quer%C3%ADa%20saber%20si%20deseas%20*realizar%20la%20renovaci%C3%B3n*%2C%20tiene%20un%20costo%20de%20*%24%207%2C900*.%0A%0A*PARA%20PAGOS%20POR%20NEQUI%20SOLICITAR%20EL%20QR%20POR%20FAVOR*
[2026-05-02 16:23:33.144] ✉️ Enviando…
[2026-05-02 16:23:33.412] ↩️ Enviado (Enter)
[2026-05-02 16:23:33.412] ⏳ Pausa post-envío: 12s…
[2026-05-02 16:23:45.423] 
[13/30] → 573214277571
[2026-05-02 16:23:45.424] 🔁 Abriendo chat (intento 1/3) con: https://web.whatsapp.com/send?phone=573214277571&text=Hola%2C%20te%20escribimos%20de%20MEDPLAY.%0A%0A%E2%80%A2%20Tu%20Crunchyroll%20(pantalla%204)%2C%20con%20el%20correo%20eveliamiltenberger2080%40hotmail.com%2C%20vence%20el%20*03%2F05%2F2026*%2C%20quer%C3%ADa%20saber%20si%20deseas%20*realizar%20la%20renovaci%C3%B3n*%2C%20tiene%20un%20costo%20de%20*%24%206%2C900*.%0A%0A*PARA%20PAGOS%20POR%20NEQUI%20SOLICITAR%20EL%20QR%20POR%20FAVOR*
[2026-05-02 16:23:52.868] ✉️ Enviando…
[2026-05-02 16:23:59.358] ↩️ Enviado (Enter)
[2026-05-02 16:23:59.358] ⏳ Pausa post-envío: 12s…
[2026-05-02 16:24:11.364] 
[14/30] → 573247726970
[2026-05-02 16:24:11.364] 🔁 Abriendo chat (intento 1/3) con: https://web.whatsapp.com/send?phone=573247726970&text=Hola%2C%20te%20escribimos%20de%20MEDPLAY.%0A%0A%E2%80%A2%20Tu%20VIX%20(pantalla%205)%2C%20con%20el%20correo%20medplay93%2Bqa8eh%40gmail.com%2C%20vence%20el%20*03%2F05%2F2026*%2C%20quer%C3%ADa%20saber%20si%20deseas%20*realizar%20la%20renovaci%C3%B3n*%2C%20tiene%20un%20costo%20de%20*%24%203%2C900*.%0A%E2%80%A2%20Tu%20Amazon%20(pantalla%206)%2C%20con%20el%20correo%20mxreya44%40gmail.com%2C%20vence%20el%20*03%2F05%2F2026*%2C%20quer%C3%ADa%20saber%20si%20deseas%20*realizar%20la%20renovaci%C3%B3n*%2C%20tiene%20un%20costo%20de%20*%24%207%2C900*.%0A%E2%80%A2%20Tu%20Youtube%2C%20con%20el%20correo%20aldemararevalo2104%40gmail.com%2C%20vence%20el%20*03%2F05%2F2026*%2C%20quer%C3%ADa%20saber%20si%20deseas%20*realizar%20la%20renovaci%C3%B3n*%2C%20tiene%20un%20costo%20de%20*%24%207%2C900*.%0A%0A*PARA%20PAGOS%20POR%20NEQUI%20SOLICITAR%20EL%20QR%20POR%20FAVOR*
[2026-05-02 16:24:14.593] ✉️ Enviando…
[2026-05-02 16:24:22.889] ↩️ Enviado (Enter)
[2026-05-02 16:24:22.889] ⏳ Pausa post-envío: 12s…
[2026-05-02 16:24:34.891] 
[15/30] → 573144658592
[2026-05-02 16:24:34.892] 🔁 Abriendo chat (intento 1/3) con: https://web.whatsapp.com/send?phone=573144658592&text=Hola%2C%20te%20escribimos%20de%20MEDPLAY.%0A%0A%E2%80%A2%20Tu%20Crunchyroll%20(pantalla%204)%2C%20con%20el%20correo%20ppapacalcalit%40gmail.com%2C%20vence%20el%20*03%2F05%2F2026*%2C%20quer%C3%ADa%20saber%20si%20deseas%20*realizar%20la%20renovaci%C3%B3n*%2C%20tiene%20un%20costo%20de%20*%24%206%2C900*.%0A%0A*PARA%20PAGOS%20POR%20NEQUI%20SOLICITAR%20EL%20QR%20POR%20FAVOR*
[2026-05-02 16:24:38.183] ✉️ Enviando…
[2026-05-02 16:24:46.601] ↩️ Enviado (Enter)
[2026-05-02 16:24:46.602] ⏳ Pausa post-envío: 12s…
[2026-05-02 16:24:58.603] 
[16/30] → 573007688866
[2026-05-02 16:24:58.604] 🔁 Abriendo chat (intento 1/3) con: https://web.whatsapp.com/send?phone=573007688866&text=Hola%2C%20te%20escribimos%20de%20MEDPLAY.%0A%0A%E2%80%A2%20Tu%20Netflix%20(pantalla%205)%2C%20con%20el%20correo%20paige9498freda2001%2B2%40outlook.com%2C%20vence%20el%20*03%2F05%2F2026*%2C%20quer%C3%ADa%20saber%20si%20deseas%20*realizar%20la%20renovaci%C3%B3n*%2C%20tiene%20un%20costo%20de%20*%24%2014%2C900*.%0A%0A*PARA%20PAGOS%20POR%20NEQUI%20SOLICITAR%20EL%20QR%20POR%20FAVOR*
[2026-05-02 16:25:01.792] ✉️ Enviando…
[2026-05-02 16:25:05.739] ↩️ Enviado (Enter)
[2026-05-02 16:25:05.740] ⏳ Pausa post-envío: 12s…
[2026-05-02 16:25:17.747] 
[17/30] → 573045371575
[2026-05-02 16:25:17.748] 🔁 Abriendo chat (intento 1/3) con: https://web.whatsapp.com/send?phone=573045371575&text=Hola%20David%2C%20te%20escribimos%20de%20MEDPLAY.%0A%0A%E2%80%A2%20Tu%20Youtube%2C%20con%20el%20correo%20herberdavidson525%40gmail.com%2C%20vence%20el%20*02%2F05%2F2026*%2C%20quer%C3%ADa%20saber%20si%20deseas%20*realizar%20la%20renovaci%C3%B3n*%2C%20tiene%20un%20costo%20de%20*%24%207%2C900*.%0A%0A*PARA%20PAGOS%20POR%20NEQUI%20SOLICITAR%20EL%20QR%20POR%20FAVOR*
[2026-05-02 16:25:21.066] ✉️ Enviando…
[2026-05-02 16:25:23.574] ↩️ Enviado (Enter)
[2026-05-02 16:25:23.574] ⏳ Pausa post-envío: 12s…
[2026-05-02 16:25:35.578] 
[18/30] → 573144527020
[2026-05-02 16:25:35.579] 🔁 Abriendo chat (intento 1/3) con: https://web.whatsapp.com/send?phone=573144527020&text=Hola%20Alejandro%2C%20te%20escribimos%20de%20MEDPLAY.%0A%0A%E2%80%A2%20Tu%20Youtube%2C%20con%20el%20correo%20jorge19812022%40gmail.com%2C%20vence%20el%20*02%2F05%2F2026*%2C%20quer%C3%ADa%20saber%20si%20deseas%20*realizar%20la%20renovaci%C3%B3n*%2C%20tiene%20un%20costo%20de%20*%24%207%2C900*.%0A%0A*PARA%20PAGOS%20POR%20NEQUI%20SOLICITAR%20EL%20QR%20POR%20FAVOR*
[2026-05-02 16:25:42.827] ✉️ Enviando…
[2026-05-02 16:25:43.496] ↩️ Enviado (Enter)
[2026-05-02 16:25:43.496] ⏳ Pausa post-envío: 12s…
[2026-05-02 16:25:55.496] 
[19/30] → 573238680078
[2026-05-02 16:25:55.498] 🔁 Abriendo chat (intento 1/3) con: https://web.whatsapp.com/send?phone=573238680078&text=Hola%20Richard%2C%20te%20escribimos%20de%20MEDPLAY.%0A%0A%E2%80%A2%20Tu%20Youtube%2C%20con%20el%20correo%20williericardo33%40gmail.com%2C%20vence%20el%20*02%2F05%2F2026*%2C%20quer%C3%ADa%20saber%20si%20deseas%20*realizar%20la%20renovaci%C3%B3n*%2C%20tiene%20un%20costo%20de%20*%24%207%2C900*.%0A%0A*PARA%20PAGOS%20POR%20NEQUI%20SOLICITAR%20EL%20QR%20POR%20FAVOR*
[2026-05-02 16:26:05.538] ✉️ Enviando…
[2026-05-02 16:26:06.128] ↩️ Enviado (Enter)
[2026-05-02 16:26:06.129] ⏳ Pausa post-envío: 12s…
[2026-05-02 16:26:18.131] 
[20/30] → 573142341762
[2026-05-02 16:26:18.132] 🔁 Abriendo chat (intento 1/3) con: https://web.whatsapp.com/send?phone=573142341762&text=Hola%20Marlon%2C%20te%20escribimos%20de%20MEDPLAY.%0A%0A%E2%80%A2%20Tu%20Youtube%2C%20con%20el%20correo%20josetorresd37%40gmail.com%2C%20vence%20el%20*02%2F05%2F2026*%2C%20quer%C3%ADa%20saber%20si%20deseas%20*realizar%20la%20renovaci%C3%B3n*%2C%20tiene%20un%20costo%20de%20*%24%207%2C900*.%0A%0A*PARA%20PAGOS%20POR%20NEQUI%20SOLICITAR%20EL%20QR%20POR%20FAVOR*
[2026-05-02 16:26:21.404] ✉️ Enviando…
[2026-05-02 16:26:24.686] ↩️ Enviado (Enter)
[2026-05-02 16:26:24.687] ⏳ Pausa post-envío: 12s…
[2026-05-02 16:26:36.696] 
[21/30] → 573103136121
[2026-05-02 16:26:36.696] 🔁 Abriendo chat (intento 1/3) con: https://web.whatsapp.com/send?phone=573103136121&text=Hola%2C%20te%20escribimos%20de%20MEDPLAY.%0A%0A%E2%80%A2%20Tu%20Spotify%2C%20con%20el%20correo%20yunicornio%40gmail.com%2C%20vence%20el%20*02%2F05%2F2026*%2C%20quer%C3%ADa%20saber%20si%20deseas%20*realizar%20la%20renovaci%C3%B3n*%2C%20tiene%20un%20costo%20de%20*%24%205%2C900*.%0A%0A*PARA%20PAGOS%20POR%20NEQUI%20SOLICITAR%20EL%20QR%20POR%20FAVOR*
[2026-05-02 16:26:40.044] ✉️ Enviando…
[2026-05-02 16:26:49.328] ↩️ Enviado (Enter)
[2026-05-02 16:26:49.329] ⏳ Pausa post-envío: 12s…
[2026-05-02 16:27:01.332] 
[22/30] → 573043455415
[2026-05-02 16:27:01.333] 🔁 Abriendo chat (intento 1/3) con: https://web.whatsapp.com/send?phone=573043455415&text=Hola%20Fabio%2C%20te%20escribimos%20de%20MEDPLAY.%0A%0A%E2%80%A2%20Tu%20Youtube%2C%20con%20el%20correo%20florezfabioalexander5%40gmail.com%2C%20vence%20el%20*02%2F05%2F2026*%2C%20quer%C3%ADa%20saber%20si%20deseas%20*realizar%20la%20renovaci%C3%B3n*%2C%20tiene%20un%20costo%20de%20*%24%207%2C900*.%0A%0A*PARA%20PAGOS%20POR%20NEQUI%20SOLICITAR%20EL%20QR%20POR%20FAVOR*
[2026-05-02 16:27:04.854] ✉️ Enviando…
[2026-05-02 16:27:10.651] ↩️ Enviado (Enter)
[2026-05-02 16:27:10.651] ⏳ Pausa post-envío: 12s…
[2026-05-02 16:27:22.654] 
[23/30] → 573133467112
[2026-05-02 16:27:22.654] 🔁 Abriendo chat (intento 1/3) con: https://web.whatsapp.com/send?phone=573133467112&text=Hola%20Sebastian%2C%20te%20escribimos%20de%20MEDPLAY.%0A%0A%E2%80%A2%20Tu%20Youtube%2C%20con%20el%20correo%20sebastianrico15%40gmail.com%2C%20vence%20el%20*02%2F05%2F2026*%2C%20quer%C3%ADa%20saber%20si%20deseas%20*realizar%20la%20renovaci%C3%B3n*%2C%20tiene%20un%20costo%20de%20*%24%207%2C900*.%0A%0A*PARA%20PAGOS%20POR%20NEQUI%20SOLICITAR%20EL%20QR%20POR%20FAVOR*
[2026-05-02 16:27:25.832] ✉️ Enviando…
[2026-05-02 16:27:34.087] ↩️ Enviado (Enter)
[2026-05-02 16:27:34.088] ⏳ Pausa post-envío: 12s…
[2026-05-02 16:27:46.101] 
[24/30] → 573004340536
[2026-05-02 16:27:46.102] 🔁 Abriendo chat (intento 1/3) con: https://web.whatsapp.com/send?phone=573004340536&text=Hola%2C%20te%20escribimos%20de%20MEDPLAY.%0A%0A%E2%80%A2%20Tu%20Youtube%2C%20con%20el%20correo%20andrestvbox04%40gmail.com%2C%20vence%20el%20*03%2F05%2F2026*%2C%20quer%C3%ADa%20saber%20si%20deseas%20*realizar%20la%20renovaci%C3%B3n*%2C%20tiene%20un%20costo%20de%20*%24%207%2C900*.%0A%0A*PARA%20PAGOS%20POR%20NEQUI%20SOLICITAR%20EL%20QR%20POR%20FAVOR*
[2026-05-02 16:27:49.405] ✉️ Enviando…
[2026-05-02 16:28:00.226] ↩️ Enviado (Enter)
[2026-05-02 16:28:00.226] ⏳ Pausa post-envío: 12s…
[2026-05-02 16:28:12.234] 
[25/30] → 573148659512
[2026-05-02 16:28:12.234] 🔁 Abriendo chat (intento 1/3) con: https://web.whatsapp.com/send?phone=573148659512&text=Hola%20%2B57%2C%20te%20escribimos%20de%20MEDPLAY.%0A%0A%E2%80%A2%20Tu%20Youtube%2C%20con%20el%20correo%20sam189570%40gmail.com%2C%20vence%20el%20*03%2F05%2F2026*%2C%20quer%C3%ADa%20saber%20si%20deseas%20*realizar%20la%20renovaci%C3%B3n*%2C%20tiene%20un%20costo%20de%20*%24%207%2C900*.%0A%0A*PARA%20PAGOS%20POR%20NEQUI%20SOLICITAR%20EL%20QR%20POR%20FAVOR*
[2026-05-02 16:28:15.481] ✉️ Enviando…
[2026-05-02 16:28:17.917] ↩️ Enviado (Enter)
[2026-05-02 16:28:17.918] ⏳ Pausa post-envío: 12s…
[2026-05-02 16:28:29.932] 
[26/30] → 573015696099
[2026-05-02 16:28:29.934] 🔁 Abriendo chat (intento 1/3) con: https://web.whatsapp.com/send?phone=573015696099&text=Hola%2C%20te%20escribimos%20de%20MEDPLAY.%0A%0A%E2%80%A2%20Tu%20Youtube%2C%20con%20el%20correo%20luisldyv%40gmail.com%2C%20vence%20el%20*03%2F05%2F2026*%2C%20quer%C3%ADa%20saber%20si%20deseas%20*realizar%20la%20renovaci%C3%B3n*%2C%20tiene%20un%20costo%20de%20*%24%207%2C900*.%0A%0A*PARA%20PAGOS%20POR%20NEQUI%20SOLICITAR%20EL%20QR%20POR%20FAVOR*
[2026-05-02 16:28:33.344] ✉️ Enviando…
[2026-05-02 16:28:44.183] ↩️ Enviado (Enter)
[2026-05-02 16:28:44.185] ⏳ Pausa post-envío: 12s…
[2026-05-02 16:28:56.197] 
[27/30] → 573235232761
[2026-05-02 16:28:56.198] 🔁 Abriendo chat (intento 1/3) con: https://web.whatsapp.com/send?phone=573235232761&text=Hola%2C%20te%20escribimos%20de%20MEDPLAY.%0A%0A%E2%80%A2%20Tu%20Youtube%2C%20con%20el%20correo%20acernaus%40gmail.com%2C%20vence%20el%20*03%2F05%2F2026*%2C%20quer%C3%ADa%20saber%20si%20deseas%20*realizar%20la%20renovaci%C3%B3n*%2C%20tiene%20un%20costo%20de%20*%24%207%2C900*.%0A%0A*PARA%20PAGOS%20POR%20NEQUI%20SOLICITAR%20EL%20QR%20POR%20FAVOR*
[2026-05-02 16:29:09.602] ✉️ Enviando…
[2026-05-02 16:29:09.881] ↩️ Enviado (Enter)
[2026-05-02 16:29:09.882] ⏳ Pausa post-envío: 12s…
[2026-05-02 16:29:21.883] 
[28/30] → 573138055755
[2026-05-02 16:29:21.884] 🔁 Abriendo chat (intento 1/3) con: https://web.whatsapp.com/send?phone=573138055755&text=Hola%2C%20te%20escribimos%20de%20MEDPLAY.%0A%0A%E2%80%A2%20Tu%20Youtube%2C%20con%20el%20correo%20haroltrujillo11%40gmail.com%2C%20vence%20el%20*03%2F05%2F2026*%2C%20quer%C3%ADa%20saber%20si%20deseas%20*realizar%20la%20renovaci%C3%B3n*%2C%20tiene%20un%20costo%20de%20*%24%207%2C900*.%0A%0A*PARA%20PAGOS%20POR%20NEQUI%20SOLICITAR%20EL%20QR%20POR%20FAVOR*
[2026-05-02 16:29:25.005] ✉️ Enviando…
[2026-05-02 16:29:35.924] ↩️ Enviado (Enter)
[2026-05-02 16:29:35.924] ⏳ Pausa post-envío: 12s…
[2026-05-02 16:29:47.933] 
[29/30] → 573128381440
[2026-05-02 16:29:47.934] 🔁 Abriendo chat (intento 1/3) con: https://web.whatsapp.com/send?phone=573128381440&text=Hola%2C%20te%20escribimos%20de%20MEDPLAY.%0A%0A%E2%80%A2%20Tu%20Youtube%2C%20con%20el%20correo%20mariogonzales092%40gmail.com%2C%20vence%20el%20*03%2F05%2F2026*%2C%20quer%C3%ADa%20saber%20si%20deseas%20*realizar%20la%20renovaci%C3%B3n*%2C%20tiene%20un%20costo%20de%20*%24%207%2C900*.%0A%0A*PARA%20PAGOS%20POR%20NEQUI%20SOLICITAR%20EL%20QR%20POR%20FAVOR*
[2026-05-02 16:29:51.235] ✉️ Enviando…
[2026-05-02 16:30:02.062] ↩️ Enviado (Enter)
[2026-05-02 16:30:02.062] ⏳ Pausa post-envío: 12s…
[2026-05-02 16:30:14.067] 
[30/30] → 573174307583
[2026-05-02 16:30:14.073] 🔁 Abriendo chat (intento 1/3) con: https://web.whatsapp.com/send?phone=573174307583&text=Hola%2C%20te%20escribimos%20de%20MEDPLAY.%0A%0A%E2%80%A2%20Tu%20Youtube%2C%20con%20el%20correo%20proa1983%40gmail.com%2C%20vence%20el%20*03%2F05%2F2026*%2C%20quer%C3%ADa%20saber%20si%20deseas%20*realizar%20la%20renovaci%C3%B3n*%2C%20tiene%20un%20costo%20de%20*%24%207%2C900*.%0A%E2%80%A2%20Tu%20Youtube%2C%20con%20el%20correo%20flaquis3010%40gmail.com%2C%20vence%20el%20*03%2F05%2F2026*%2C%20quer%C3%ADa%20saber%20si%20deseas%20*realizar%20la%20renovaci%C3%B3n*%2C%20tiene%20un%20costo%20de%20*%24%207%2C900*.%0A%0A*PARA%20PAGOS%20POR%20NEQUI%20SOLICITAR%20EL%20QR%20POR%20FAVOR*
[2026-05-02 16:30:17.576] ✉️ Enviando…
[2026-05-02 16:30:29.282] ↩️ Enviado (Enter)
[2026-05-02 16:30:29.283] ⏳ Pausa post-envío: 12s…
[2026-05-02 16:30:41.290] 
✅ Finalizado. Enviados: 30. Omitidos: 0.
[2026-05-02 16:30:41.291] ℹ️ Navegador dejado abierto para revisión manual.
[2026-05-03 15:16:46.273] 📨 Enviaré 39 mensaje(s).
[2026-05-03 15:16:46.274] 🚀 Lanzando script de navegador: C:\Users\Santiago\medplay\scripts\start-edge-wa.bat
[2026-05-03 15:16:46.303] ⏳ Esperando CDP…
[2026-05-03 15:16:51.979] 🟡 Preparando WhatsApp Web…
[2026-05-03 15:17:03.604] ✅ WhatsApp Web listo.
[2026-05-03 15:17:03.604] 
[1/39] → 573158771114
[2026-05-03 15:17:03.605] 🔁 Abriendo chat (intento 1/3) con: https://web.whatsapp.com/send?phone=573158771114&text=Hola%20Yilmer%2C%20te%20escribimos%20de%20MEDPLAY.%0A%0A%E2%80%A2%20Tu%20Crunchyroll%20(pantalla%201)%2C%20con%20el%20correo%20hartleysak1238%40hotmail.com%2C%20vence%20el%20*02%2F05%2F2026*%2C%20quer%C3%ADa%20saber%20si%20deseas%20*realizar%20la%20renovaci%C3%B3n*%2C%20tiene%20un%20costo%20de%20*%24%204%2C900*.%0A%0A*PARA%20PAGOS%20POR%20NEQUI%20SOLICITAR%20EL%20QR%20POR%20FAVOR*
[2026-05-03 15:17:09.219] ✉️ Enviando…
[2026-05-03 15:17:22.727] ↩️ Enviado (Enter)
[2026-05-03 15:17:22.727] ⏳ Pausa post-envío: 12s…
[2026-05-03 15:17:34.732] 
[2/39] → 573228937365
[2026-05-03 15:17:34.732] 🔁 Abriendo chat (intento 1/3) con: https://web.whatsapp.com/send?phone=573228937365&text=Hola%2C%20te%20escribimos%20de%20MEDPLAY.%0A%0A%E2%80%A2%20Tu%20Crunchyroll%20(pantalla%202)%2C%20con%20el%20correo%20eveliamiltenberger2080%40hotmail.com%2C%20vence%20el%20*03%2F05%2F2026*%2C%20quer%C3%ADa%20saber%20si%20deseas%20*realizar%20la%20renovaci%C3%B3n*%2C%20tiene%20un%20costo%20de%20*%24%206%2C900*.%0A%0A*PARA%20PAGOS%20POR%20NEQUI%20SOLICITAR%20EL%20QR%20POR%20FAVOR*
[2026-05-03 15:17:43.540] ✉️ Enviando…
[2026-05-03 15:18:03.752] ↩️ Enviado (Enter)
[2026-05-03 15:18:03.753] ⏳ Pausa post-envío: 12s…
[2026-05-03 15:18:15.769] 
[3/39] → 573222959907
[2026-05-03 15:18:15.770] 🔁 Abriendo chat (intento 1/3) con: https://web.whatsapp.com/send?phone=573222959907&text=Hola%2C%20te%20escribimos%20de%20MEDPLAY.%0A%0A%E2%80%A2%20Tu%20Disney%20(pantalla%207)%2C%20con%20el%20correo%20medplay93%2Bnv2%40gmail.com%2C%20vence%20el%20*03%2F05%2F2026*%2C%20quer%C3%ADa%20saber%20si%20deseas%20*realizar%20la%20renovaci%C3%B3n*%2C%20tiene%20un%20costo%20de%20*%24%207%2C900*.%0A%E2%80%A2%20Tu%20Netflix%20(pantalla%204)%2C%20con%20el%20correo%20paige9498freda2001%2B2%40outlook.com%2C%20vence%20el%20*03%2F05%2F2026*%2C%20quer%C3%ADa%20saber%20si%20deseas%20*realizar%20la%20renovaci%C3%B3n*%2C%20tiene%20un%20costo%20de%20*%24%2014%2C900*.%0A%0A*PARA%20PAGOS%20POR%20NEQUI%20SOLICITAR%20EL%20QR%20POR%20FAVOR*
[2026-05-03 15:18:21.097] ✉️ Enviando…
[2026-05-03 15:18:25.321] ↩️ Enviado (Enter)
[2026-05-03 15:18:25.322] ⏳ Pausa post-envío: 12s…
[2026-05-03 15:18:37.330] 
[4/39] → 573104463720
[2026-05-03 15:18:37.331] 🔁 Abriendo chat (intento 1/3) con: https://web.whatsapp.com/send?phone=573104463720&text=Hola%2C%20te%20escribimos%20de%20MEDPLAY.%0A%0A%E2%80%A2%20Tu%20Crunchyroll%20(pantalla%203)%2C%20con%20el%20correo%20eveliamiltenberger2080%40hotmail.com%2C%20vence%20el%20*03%2F05%2F2026*%2C%20quer%C3%ADa%20saber%20si%20deseas%20*realizar%20la%20renovaci%C3%B3n*%2C%20tiene%20un%20costo%20de%20*%24%206%2C900*.%0A%0A*PARA%20PAGOS%20POR%20NEQUI%20SOLICITAR%20EL%20QR%20POR%20FAVOR*
[2026-05-03 15:18:42.736] ✉️ Enviando…
[2026-05-03 15:18:47.693] ↩️ Enviado (Enter)
[2026-05-03 15:18:47.694] ⏳ Pausa post-envío: 12s…
[2026-05-03 15:18:59.705] 
[5/39] → 573053351240
[2026-05-03 15:18:59.706] 🔁 Abriendo chat (intento 1/3) con: https://web.whatsapp.com/send?phone=573053351240&text=Hola%20sebastian%2C%20te%20escribimos%20de%20MEDPLAY.%0A%0A%E2%80%A2%20Tu%20Disney%20Premium%20(pantalla%204)%2C%20con%20el%20correo%20medplay93%2Bc01%40gmail.com%2C%20vence%20el%20*03%2F05%2F2026*%2C%20quer%C3%ADa%20saber%20si%20deseas%20*realizar%20la%20renovaci%C3%B3n*%2C%20tiene%20un%20costo%20de%20*%24%2012%2C900*.%0A%0A*PARA%20PAGOS%20POR%20NEQUI%20SOLICITAR%20EL%20QR%20POR%20FAVOR*
[2026-05-03 15:19:05.045] ✉️ Enviando…
[2026-05-03 15:19:09.548] ↩️ Enviado (Enter)
[2026-05-03 15:19:09.548] ⏳ Pausa post-envío: 12s…
[2026-05-03 15:19:21.562] 
[6/39] → 573148385983
[2026-05-03 15:19:21.562] 🔁 Abriendo chat (intento 1/3) con: https://web.whatsapp.com/send?phone=573148385983&text=Hola%20Juan%2C%20te%20escribimos%20de%20MEDPLAY.%0A%0A%E2%80%A2%20Tu%20Amazon%20(pantalla%205)%2C%20con%20el%20correo%20mxreya44%40gmail.com%2C%20vence%20el%20*03%2F05%2F2026*%2C%20quer%C3%ADa%20saber%20si%20deseas%20*realizar%20la%20renovaci%C3%B3n*%2C%20tiene%20un%20costo%20de%20*%24%207%2C900*.%0A%0A*PARA%20PAGOS%20POR%20NEQUI%20SOLICITAR%20EL%20QR%20POR%20FAVOR*
[2026-05-03 15:19:26.737] ✉️ Enviando…
[2026-05-03 15:19:31.463] ↩️ Enviado (Enter)
[2026-05-03 15:19:31.466] ⏳ Pausa post-envío: 12s…
[2026-05-03 15:19:43.466] 
[7/39] → 573214277571
[2026-05-03 15:19:43.467] 🔁 Abriendo chat (intento 1/3) con: https://web.whatsapp.com/send?phone=573214277571&text=Hola%2C%20te%20escribimos%20de%20MEDPLAY.%0A%0A%E2%80%A2%20Tu%20Crunchyroll%20(pantalla%204)%2C%20con%20el%20correo%20eveliamiltenberger2080%40hotmail.com%2C%20vence%20el%20*03%2F05%2F2026*%2C%20quer%C3%ADa%20saber%20si%20deseas%20*realizar%20la%20renovaci%C3%B3n*%2C%20tiene%20un%20costo%20de%20*%24%206%2C900*.%0A%0A*PARA%20PAGOS%20POR%20NEQUI%20SOLICITAR%20EL%20QR%20POR%20FAVOR*
[2026-05-03 15:19:48.790] ✉️ Enviando…
[2026-05-03 15:19:52.520] ↩️ Enviado (Enter)
[2026-05-03 15:19:52.520] ⏳ Pausa post-envío: 12s…
[2026-05-03 15:20:04.528] 
[8/39] → 573247726970
[2026-05-03 15:20:04.528] 🔁 Abriendo chat (intento 1/3) con: https://web.whatsapp.com/send?phone=573247726970&text=Hola%2C%20te%20escribimos%20de%20MEDPLAY.%0A%0A%E2%80%A2%20Tu%20VIX%20(pantalla%205)%2C%20con%20el%20correo%20medplay93%2Bqa8eh%40gmail.com%2C%20vence%20el%20*03%2F05%2F2026*%2C%20quer%C3%ADa%20saber%20si%20deseas%20*realizar%20la%20renovaci%C3%B3n*%2C%20tiene%20un%20costo%20de%20*%24%203%2C900*.%0A%E2%80%A2%20Tu%20Amazon%20(pantalla%206)%2C%20con%20el%20correo%20mxreya44%40gmail.com%2C%20vence%20el%20*03%2F05%2F2026*%2C%20quer%C3%ADa%20saber%20si%20deseas%20*realizar%20la%20renovaci%C3%B3n*%2C%20tiene%20un%20costo%20de%20*%24%207%2C900*.%0A%E2%80%A2%20Tu%20Youtube%2C%20con%20el%20correo%20aldemararevalo2104%40gmail.com%2C%20vence%20el%20*03%2F05%2F2026*%2C%20quer%C3%ADa%20saber%20si%20deseas%20*realizar%20la%20renovaci%C3%B3n*%2C%20tiene%20un%20costo%20de%20*%24%207%2C900*.%0A%0A*PARA%20PAGOS%20POR%20NEQUI%20SOLICITAR%20EL%20QR%20POR%20FAVOR*
[2026-05-03 15:20:08.160] ✉️ Enviando…
[2026-05-03 15:20:13.499] ↩️ Enviado (Enter)
[2026-05-03 15:20:13.499] ⏳ Pausa post-envío: 12s…
[2026-05-03 15:20:25.511] 
[9/39] → 573144658592
[2026-05-03 15:20:25.511] 🔁 Abriendo chat (intento 1/3) con: https://web.whatsapp.com/send?phone=573144658592&text=Hola%2C%20te%20escribimos%20de%20MEDPLAY.%0A%0A%E2%80%A2%20Tu%20Crunchyroll%20(pantalla%204)%2C%20con%20el%20correo%20ppapacalcalit%40gmail.com%2C%20vence%20el%20*03%2F05%2F2026*%2C%20quer%C3%ADa%20saber%20si%20deseas%20*realizar%20la%20renovaci%C3%B3n*%2C%20tiene%20un%20costo%20de%20*%24%206%2C900*.%0A%0A*PARA%20PAGOS%20POR%20NEQUI%20SOLICITAR%20EL%20QR%20POR%20FAVOR*
[2026-05-03 15:20:30.380] ✉️ Enviando…
[2026-05-03 15:20:34.258] ↩️ Enviado (Enter)
[2026-05-03 15:20:34.260] ⏳ Pausa post-envío: 12s…
[2026-05-03 15:20:46.263] 
[10/39] → 573007688866
[2026-05-03 15:20:46.264] 🔁 Abriendo chat (intento 1/3) con: https://web.whatsapp.com/send?phone=573007688866&text=Hola%2C%20te%20escribimos%20de%20MEDPLAY.%0A%0A%E2%80%A2%20Tu%20Netflix%20(pantalla%205)%2C%20con%20el%20correo%20paige9498freda2001%2B2%40outlook.com%2C%20vence%20el%20*03%2F05%2F2026*%2C%20quer%C3%ADa%20saber%20si%20deseas%20*realizar%20la%20renovaci%C3%B3n*%2C%20tiene%20un%20costo%20de%20*%24%2014%2C900*.%0A%0A*PARA%20PAGOS%20POR%20NEQUI%20SOLICITAR%20EL%20QR%20POR%20FAVOR*
[2026-05-03 15:20:49.984] ✉️ Enviando…
[2026-05-03 15:20:56.813] ↩️ Enviado (Enter)
[2026-05-03 15:20:56.814] ⏳ Pausa post-envío: 12s…
[2026-05-03 15:21:08.819] 
[11/39] → 573015225334
[2026-05-03 15:21:08.820] 🔁 Abriendo chat (intento 1/3) con: https://web.whatsapp.com/send?phone=573015225334&text=Hola%2C%20te%20escribimos%20de%20MEDPLAY.%0A%0A%E2%80%A2%20Tu%20Crunchyroll%20(pantalla%205)%2C%20con%20el%20correo%20eveliamiltenberger2080%40hotmail.com%2C%20vence%20el%20*04%2F05%2F2026*%2C%20quer%C3%ADa%20saber%20si%20deseas%20*realizar%20la%20renovaci%C3%B3n*%2C%20tiene%20un%20costo%20de%20*%24%206%2C900*.%0A%0A*PARA%20PAGOS%20POR%20NEQUI%20SOLICITAR%20EL%20QR%20POR%20FAVOR*
[2026-05-03 15:21:14.005] ✉️ Enviando…
[2026-05-03 15:21:21.482] ↩️ Enviado (Enter)
[2026-05-03 15:21:21.483] ⏳ Pausa post-envío: 12s…
[2026-05-03 15:21:33.486] 
[12/39] → 573507222562
[2026-05-03 15:21:33.487] 🔁 Abriendo chat (intento 1/3) con: https://web.whatsapp.com/send?phone=573507222562&text=Hola%2C%20te%20escribimos%20de%20MEDPLAY.%0A%0A%E2%80%A2%20Tu%20Disney%20Premium%20(pantalla%206)%2C%20con%20el%20correo%20medplay93%2Bc01%40gmail.com%2C%20vence%20el%20*04%2F05%2F2026*%2C%20quer%C3%ADa%20saber%20si%20deseas%20*realizar%20la%20renovaci%C3%B3n*%2C%20tiene%20un%20costo%20de%20*%24%2012%2C900*.%0A%0A*PARA%20PAGOS%20POR%20NEQUI%20SOLICITAR%20EL%20QR%20POR%20FAVOR*
[2026-05-03 15:21:38.744] ✉️ Enviando…
[2026-05-03 15:21:42.570] ↩️ Enviado (Enter)
[2026-05-03 15:21:42.571] ⏳ Pausa post-envío: 12s…
[2026-05-03 15:21:54.582] 
[13/39] → 573156566667
[2026-05-03 15:21:54.583] 🔁 Abriendo chat (intento 1/3) con: https://web.whatsapp.com/send?phone=573156566667&text=Hola%2C%20te%20escribimos%20de%20MEDPLAY.%0A%0A%E2%80%A2%20Tu%20Crunchyroll%20(pantalla%204)%2C%20con%20el%20correo%20medolayplanatt%40gmail.com%2C%20vence%20el%20*04%2F05%2F2026*%2C%20quer%C3%ADa%20saber%20si%20deseas%20*realizar%20la%20renovaci%C3%B3n*%2C%20tiene%20un%20costo%20de%20*%24%206%2C900*.%0A%0A*PARA%20PAGOS%20POR%20NEQUI%20SOLICITAR%20EL%20QR%20POR%20FAVOR*
[2026-05-03 15:21:58.480] ✉️ Enviando…
[2026-05-03 15:22:03.983] ↩️ Enviado (Enter)
[2026-05-03 15:22:03.984] ⏳ Pausa post-envío: 12s…
[2026-05-03 15:22:15.986] 
[14/39] → 573236276421
[2026-05-03 15:22:15.987] 🔁 Abriendo chat (intento 1/3) con: https://web.whatsapp.com/send?phone=573236276421&text=Hola%2C%20te%20escribimos%20de%20MEDPLAY.%0A%0A%E2%80%A2%20Tu%20Disney%20Premium%20(pantalla%207)%2C%20con%20el%20correo%20medplay93%2Bc01%40gmail.com%2C%20vence%20el%20*04%2F05%2F2026*%2C%20quer%C3%ADa%20saber%20si%20deseas%20*realizar%20la%20renovaci%C3%B3n*%2C%20tiene%20un%20costo%20de%20*%24%2012%2C900*.%0A%0A*PARA%20PAGOS%20POR%20NEQUI%20SOLICITAR%20EL%20QR%20POR%20FAVOR*
[2026-05-03 15:22:21.284] ✉️ Enviando…
[2026-05-03 15:22:25.467] ↩️ Enviado (Enter)
[2026-05-03 15:22:25.468] ⏳ Pausa post-envío: 12s…
[2026-05-03 15:22:37.469] 
[15/39] → 573043319108
[2026-05-03 15:22:37.470] 🔁 Abriendo chat (intento 1/3) con: https://web.whatsapp.com/send?phone=573043319108&text=Hola%2C%20te%20escribimos%20de%20MEDPLAY.%0A%0A%E2%80%A2%20Tu%20Crunchyroll%20(pantalla%206)%2C%20con%20el%20correo%20eveliamiltenberger2080%40hotmail.com%2C%20vence%20el%20*04%2F05%2F2026*%2C%20quer%C3%ADa%20saber%20si%20deseas%20*realizar%20la%20renovaci%C3%B3n*%2C%20tiene%20un%20costo%20de%20*%24%206%2C900*.%0A%0A*PARA%20PAGOS%20POR%20NEQUI%20SOLICITAR%20EL%20QR%20POR%20FAVOR*
[2026-05-03 15:22:43.136] ✉️ Enviando…
[2026-05-03 15:22:50.909] ↩️ Enviado (Enter)
[2026-05-03 15:22:50.910] ⏳ Pausa post-envío: 12s…
[2026-05-03 15:23:02.920] 
[16/39] → 573213931906
[2026-05-03 15:23:02.924] 🔁 Abriendo chat (intento 1/3) con: https://web.whatsapp.com/send?phone=573213931906&text=Hola%2C%20te%20escribimos%20de%20MEDPLAY.%0A%0A%E2%80%A2%20Tu%20VIX%20(pantalla%201)%2C%20con%20el%20correo%20medplay93%2Bvj3y1%40gmail.com%2C%20vence%20el%20*04%2F05%2F2026*%2C%20quer%C3%ADa%20saber%20si%20deseas%20*realizar%20la%20renovaci%C3%B3n*%2C%20tiene%20un%20costo%20de%20*%24%203%2C900*.%0A%E2%80%A2%20Tu%20Netflix%20(pantalla%201)%2C%20con%20el%20correo%20guadalupekeisha276101987%2B6%40hotmail.com%2C%20vence%20el%20*04%2F05%2F2026*%2C%20quer%C3%ADa%20saber%20si%20deseas%20*realizar%20la%20renovaci%C3%B3n*%2C%20tiene%20un%20costo%20de%20*%24%2014%2C900*.%0A%0A*PARA%20PAGOS%20POR%20NEQUI%20SOLICITAR%20EL%20QR%20POR%20FAVOR*
[2026-05-03 15:23:07.958] ✉️ Enviando…
[2026-05-03 15:23:11.640] ↩️ Enviado (Enter)
[2026-05-03 15:23:11.641] ⏳ Pausa post-envío: 12s…
[2026-05-03 15:23:23.655] 
[17/39] → 573219246939
[2026-05-03 15:23:23.656] 🔁 Abriendo chat (intento 1/3) con: https://web.whatsapp.com/send?phone=573219246939&text=Hola%2C%20te%20escribimos%20de%20MEDPLAY.%0A%0A%E2%80%A2%20Tu%20Crunchyroll%20(pantalla%201)%2C%20con%20el%20correo%20colleenyaw4642%40hotmail.com%2C%20vence%20el%20*04%2F05%2F2026*%2C%20quer%C3%ADa%20saber%20si%20deseas%20*realizar%20la%20renovaci%C3%B3n*%2C%20tiene%20un%20costo%20de%20*%24%206%2C900*.%0A%0A*PARA%20PAGOS%20POR%20NEQUI%20SOLICITAR%20EL%20QR%20POR%20FAVOR*
[2026-05-03 15:23:28.749] ✉️ Enviando…
[2026-05-03 15:23:35.823] ↩️ Enviado (Enter)
[2026-05-03 15:23:35.824] ⏳ Pausa post-envío: 12s…
[2026-05-03 15:23:47.831] 
[18/39] → 573135407993
[2026-05-03 15:23:47.832] 🔁 Abriendo chat (intento 1/3) con: https://web.whatsapp.com/send?phone=573135407993&text=Hola%20Espaciosclimatizados%2C%20te%20escribimos%20de%20MEDPLAY.%0A%0A%E2%80%A2%20Tu%20Disney%20Premium%20(pantalla%204)%2C%20con%20el%20correo%20medplay93%2Blc%40gmail.com%2C%20vence%20el%20*04%2F05%2F2026*%2C%20quer%C3%ADa%20saber%20si%20deseas%20*realizar%20la%20renovaci%C3%B3n*%2C%20tiene%20un%20costo%20de%20*%24%2012%2C900*.%0A%0A*PARA%20PAGOS%20POR%20NEQUI%20SOLICITAR%20EL%20QR%20POR%20FAVOR*
[2026-05-03 15:23:52.653] ✉️ Enviando…
[2026-05-03 15:23:56.517] ↩️ Enviado (Enter)
[2026-05-03 15:23:56.518] ⏳ Pausa post-envío: 12s…
[2026-05-03 15:24:08.534] 
[19/39] → 573044337640
[2026-05-03 15:24:08.535] 🔁 Abriendo chat (intento 1/3) con: https://web.whatsapp.com/send?phone=573044337640&text=Hola%20Tatiana%2C%20te%20escribimos%20de%20MEDPLAY.%0A%0A%E2%80%A2%20Tu%20Spotify%2C%20con%20el%20correo%20rblanditow%40gmail.com%2C%20vence%20el%20*04%2F05%2F2026*%2C%20quer%C3%ADa%20saber%20si%20deseas%20*realizar%20la%20renovaci%C3%B3n*%2C%20tiene%20un%20costo%20de%20*%24%2016%2C900*.%0A%0A*PARA%20PAGOS%20POR%20NEQUI%20SOLICITAR%20EL%20QR%20POR%20FAVOR*
[2026-05-03 15:24:13.709] ✉️ Enviando…
[2026-05-03 15:24:17.464] ↩️ Enviado (Enter)
[2026-05-03 15:24:17.464] ⏳ Pausa post-envío: 12s…
[2026-05-03 15:24:29.470] 
[20/39] → 573004340536
[2026-05-03 15:24:29.471] 🔁 Abriendo chat (intento 1/3) con: https://web.whatsapp.com/send?phone=573004340536&text=Hola%2C%20te%20escribimos%20de%20MEDPLAY.%0A%0A%E2%80%A2%20Tu%20Youtube%2C%20con%20el%20correo%20andrestvbox04%40gmail.com%2C%20vence%20el%20*03%2F05%2F2026*%2C%20quer%C3%ADa%20saber%20si%20deseas%20*realizar%20la%20renovaci%C3%B3n*%2C%20tiene%20un%20costo%20de%20*%24%207%2C900*.%0A%0A*PARA%20PAGOS%20POR%20NEQUI%20SOLICITAR%20EL%20QR%20POR%20FAVOR*
[2026-05-03 15:24:33.147] ✉️ Enviando…
[2026-05-03 15:24:38.294] ↩️ Enviado (Enter)
[2026-05-03 15:24:38.294] ⏳ Pausa post-envío: 12s…
[2026-05-03 15:24:50.310] 
[21/39] → 573148659512
[2026-05-03 15:24:50.311] 🔁 Abriendo chat (intento 1/3) con: https://web.whatsapp.com/send?phone=573148659512&text=Hola%20%2B57%2C%20te%20escribimos%20de%20MEDPLAY.%0A%0A%E2%80%A2%20Tu%20Youtube%2C%20con%20el%20correo%20sam189570%40gmail.com%2C%20vence%20el%20*03%2F05%2F2026*%2C%20quer%C3%ADa%20saber%20si%20deseas%20*realizar%20la%20renovaci%C3%B3n*%2C%20tiene%20un%20costo%20de%20*%24%207%2C900*.%0A%0A*PARA%20PAGOS%20POR%20NEQUI%20SOLICITAR%20EL%20QR%20POR%20FAVOR*
[2026-05-03 15:24:55.514] ✉️ Enviando…
[2026-05-03 15:24:59.283] ↩️ Enviado (Enter)
[2026-05-03 15:24:59.284] ⏳ Pausa post-envío: 12s…
[2026-05-03 15:25:11.294] 
[22/39] → 573015696099
[2026-05-03 15:25:11.295] 🔁 Abriendo chat (intento 1/3) con: https://web.whatsapp.com/send?phone=573015696099&text=Hola%2C%20te%20escribimos%20de%20MEDPLAY.%0A%0A%E2%80%A2%20Tu%20Youtube%2C%20con%20el%20correo%20luisldyv%40gmail.com%2C%20vence%20el%20*03%2F05%2F2026*%2C%20quer%C3%ADa%20saber%20si%20deseas%20*realizar%20la%20renovaci%C3%B3n*%2C%20tiene%20un%20costo%20de%20*%24%207%2C900*.%0A%0A*PARA%20PAGOS%20POR%20NEQUI%20SOLICITAR%20EL%20QR%20POR%20FAVOR*
[2026-05-03 15:25:16.606] ✉️ Enviando…
[2026-05-03 15:25:20.038] ↩️ Enviado (Enter)
[2026-05-03 15:25:20.039] ⏳ Pausa post-envío: 12s…
[2026-05-03 15:25:32.047] 
[23/39] → 573235232761
[2026-05-03 15:25:32.048] 🔁 Abriendo chat (intento 1/3) con: https://web.whatsapp.com/send?phone=573235232761&text=Hola%2C%20te%20escribimos%20de%20MEDPLAY.%0A%0A%E2%80%A2%20Tu%20Youtube%2C%20con%20el%20correo%20acernaus%40gmail.com%2C%20vence%20el%20*03%2F05%2F2026*%2C%20quer%C3%ADa%20saber%20si%20deseas%20*realizar%20la%20renovaci%C3%B3n*%2C%20tiene%20un%20costo%20de%20*%24%207%2C900*.%0A%0A*PARA%20PAGOS%20POR%20NEQUI%20SOLICITAR%20EL%20QR%20POR%20FAVOR*
[2026-05-03 15:25:37.699] ✉️ Enviando…
[2026-05-03 15:25:41.452] ↩️ Enviado (Enter)
[2026-05-03 15:25:41.453] ⏳ Pausa post-envío: 12s…
[2026-05-03 15:25:53.460] 
[24/39] → 573138055755
[2026-05-03 15:25:53.460] 🔁 Abriendo chat (intento 1/3) con: https://web.whatsapp.com/send?phone=573138055755&text=Hola%2C%20te%20escribimos%20de%20MEDPLAY.%0A%0A%E2%80%A2%20Tu%20Youtube%2C%20con%20el%20correo%20haroltrujillo11%40gmail.com%2C%20vence%20el%20*03%2F05%2F2026*%2C%20quer%C3%ADa%20saber%20si%20deseas%20*realizar%20la%20renovaci%C3%B3n*%2C%20tiene%20un%20costo%20de%20*%24%207%2C900*.%0A%0A*PARA%20PAGOS%20POR%20NEQUI%20SOLICITAR%20EL%20QR%20POR%20FAVOR*
[2026-05-03 15:25:58.699] ✉️ Enviando…
[2026-05-03 15:26:05.066] ↩️ Enviado (Enter)
[2026-05-03 15:26:05.066] ⏳ Pausa post-envío: 12s…
[2026-05-03 15:26:17.069] 
[25/39] → 573128381440
[2026-05-03 15:26:17.070] 🔁 Abriendo chat (intento 1/3) con: https://web.whatsapp.com/send?phone=573128381440&text=Hola%2C%20te%20escribimos%20de%20MEDPLAY.%0A%0A%E2%80%A2%20Tu%20Youtube%2C%20con%20el%20correo%20mariogonzales092%40gmail.com%2C%20vence%20el%20*03%2F05%2F2026*%2C%20quer%C3%ADa%20saber%20si%20deseas%20*realizar%20la%20renovaci%C3%B3n*%2C%20tiene%20un%20costo%20de%20*%24%207%2C900*.%0A%0A*PARA%20PAGOS%20POR%20NEQUI%20SOLICITAR%20EL%20QR%20POR%20FAVOR*
[2026-05-03 15:26:21.049] ✉️ Enviando…
[2026-05-03 15:26:26.379] ↩️ Enviado (Enter)
[2026-05-03 15:26:26.379] ⏳ Pausa post-envío: 12s…
[2026-05-03 15:26:38.390] 
[26/39] → 573174307583
[2026-05-03 15:26:38.390] 🔁 Abriendo chat (intento 1/3) con: https://web.whatsapp.com/send?phone=573174307583&text=Hola%2C%20te%20escribimos%20de%20MEDPLAY.%0A%0A%E2%80%A2%20Tu%20Youtube%2C%20con%20el%20correo%20proa1983%40gmail.com%2C%20vence%20el%20*03%2F05%2F2026*%2C%20quer%C3%ADa%20saber%20si%20deseas%20*realizar%20la%20renovaci%C3%B3n*%2C%20tiene%20un%20costo%20de%20*%24%207%2C900*.%0A%E2%80%A2%20Tu%20Youtube%2C%20con%20el%20correo%20flaquis3010%40gmail.com%2C%20vence%20el%20*03%2F05%2F2026*%2C%20quer%C3%ADa%20saber%20si%20deseas%20*realizar%20la%20renovaci%C3%B3n*%2C%20tiene%20un%20costo%20de%20*%24%207%2C900*.%0A%0A*PARA%20PAGOS%20POR%20NEQUI%20SOLICITAR%20EL%20QR%20POR%20FAVOR*
[2026-05-03 15:26:43.281] ✉️ Enviando…
[2026-05-03 15:26:47.671] ↩️ Enviado (Enter)
[2026-05-03 15:26:47.671] ⏳ Pausa post-envío: 12s…
[2026-05-03 15:26:59.678] 
[27/39] → 573173473215
[2026-05-03 15:26:59.678] 🔁 Abriendo chat (intento 1/3) con: https://web.whatsapp.com/send?phone=573173473215&text=Hola%20Phoenix%2C%20te%20escribimos%20de%20MEDPLAY.%0A%0A%E2%80%A2%20Tu%20ChatGPT%2C%20con%20el%20correo%2031jmvargas%40gmail.com%2C%20vence%20el%20*04%2F05%2F2026*%2C%20quer%C3%ADa%20saber%20si%20deseas%20*realizar%20la%20renovaci%C3%B3n*%2C%20tiene%20un%20costo%20de%20*%24%2016%2C900*.%0A%0A*PARA%20PAGOS%20POR%20NEQUI%20SOLICITAR%20EL%20QR%20POR%20FAVOR*
[2026-05-03 15:27:05.548] ✉️ Enviando…
[2026-05-03 15:27:10.526] ↩️ Enviado (Enter)
[2026-05-03 15:27:10.527] ⏳ Pausa post-envío: 12s…
[2026-05-03 15:27:22.542] 
[28/39] → 13462103022
[2026-05-03 15:27:22.543] 🔁 Abriendo chat (intento 1/3) con: https://web.whatsapp.com/send?phone=13462103022&text=Hola%2C%20te%20escribimos%20de%20MEDPLAY.%0A%0A%E2%80%A2%20Tu%20Youtube%2C%20con%20el%20correo%20alejo931031suarez%40gmail.com%2C%20vence%20el%20*04%2F05%2F2026*%2C%20quer%C3%ADa%20saber%20si%20deseas%20*realizar%20la%20renovaci%C3%B3n*%2C%20tiene%20un%20costo%20de%20*%24%207%2C900*.%0A%0A*PARA%20PAGOS%20POR%20NEQUI%20SOLICITAR%20EL%20QR%20POR%20FAVOR*
[2026-05-03 15:27:27.035] ✉️ Enviando…
[2026-05-03 15:27:34.527] ↩️ Enviado (Enter)
[2026-05-03 15:27:34.529] ⏳ Pausa post-envío: 12s…
[2026-05-03 15:27:46.538] 
[29/39] → 573222232104
[2026-05-03 15:27:46.538] 🔁 Abriendo chat (intento 1/3) con: https://web.whatsapp.com/send?phone=573222232104&text=Hola%2C%20te%20escribimos%20de%20MEDPLAY.%0A%0A%E2%80%A2%20Tu%20Youtube%2C%20con%20el%20correo%20salpiro73%40gmil.com%2C%20vence%20el%20*04%2F05%2F2026*%2C%20quer%C3%ADa%20saber%20si%20deseas%20*realizar%20la%20renovaci%C3%B3n*%2C%20tiene%20un%20costo%20de%20*%24%207%2C900*.%0A%0A*PARA%20PAGOS%20POR%20NEQUI%20SOLICITAR%20EL%20QR%20POR%20FAVOR*
[2026-05-03 15:27:50.361] ✉️ Enviando…
[2026-05-03 15:27:58.159] ↩️ Enviado (Enter)
[2026-05-03 15:27:58.159] ⏳ Pausa post-envío: 12s…
[2026-05-03 15:28:10.165] 
[30/39] → 573155059250
[2026-05-03 15:28:10.168] 🔁 Abriendo chat (intento 1/3) con: https://web.whatsapp.com/send?phone=573155059250&text=Hola%20%2B57%2C%20te%20escribimos%20de%20MEDPLAY.%0A%0A%E2%80%A2%20Tu%20Youtube%2C%20con%20el%20correo%20santiaginarvaez%40gmail.com%2C%20vence%20el%20*04%2F05%2F2026*%2C%20quer%C3%ADa%20saber%20si%20deseas%20*realizar%20la%20renovaci%C3%B3n*%2C%20tiene%20un%20costo%20de%20*%24%207%2C900*.%0A%0A*PARA%20PAGOS%20POR%20NEQUI%20SOLICITAR%20EL%20QR%20POR%20FAVOR*
[2026-05-03 15:28:13.962] ✉️ Enviando…
[2026-05-03 15:28:19.702] ↩️ Enviado (Enter)
[2026-05-03 15:28:19.703] ⏳ Pausa post-envío: 12s…
[2026-05-03 15:28:31.713] 
[31/39] → 573218923419
[2026-05-03 15:28:31.714] 🔁 Abriendo chat (intento 1/3) con: https://web.whatsapp.com/send?phone=573218923419&text=Hola%2C%20te%20escribimos%20de%20MEDPLAY.%0A%0A%E2%80%A2%20Tu%20Youtube%2C%20con%20el%20correo%20martin8.0000wq%40gmail.com%2C%20vence%20el%20*04%2F05%2F2026*%2C%20quer%C3%ADa%20saber%20si%20deseas%20*realizar%20la%20renovaci%C3%B3n*%2C%20tiene%20un%20costo%20de%20*%24%207%2C900*.%0A%0A*PARA%20PAGOS%20POR%20NEQUI%20SOLICITAR%20EL%20QR%20POR%20FAVOR*
[2026-05-03 15:28:36.431] ✉️ Enviando…
[2026-05-03 15:28:39.859] ↩️ Enviado (Enter)
[2026-05-03 15:28:39.860] ⏳ Pausa post-envío: 12s…
[2026-05-03 15:28:51.870] 
[32/39] → 573124998937
[2026-05-03 15:28:51.870] 🔁 Abriendo chat (intento 1/3) con: https://web.whatsapp.com/send?phone=573124998937&text=Hola%2C%20te%20escribimos%20de%20MEDPLAY.%0A%0A%E2%80%A2%20Tu%20Youtube%2C%20con%20el%20correo%20connyreyesferreira.09%40gmail.com%2C%20vence%20el%20*04%2F05%2F2026*%2C%20quer%C3%ADa%20saber%20si%20deseas%20*realizar%20la%20renovaci%C3%B3n*%2C%20tiene%20un%20costo%20de%20*%24%207%2C900*.%0A%0A*PARA%20PAGOS%20POR%20NEQUI%20SOLICITAR%20EL%20QR%20POR%20FAVOR*
[2026-05-03 15:28:57.061] ✉️ Enviando…
[2026-05-03 15:29:00.915] ↩️ Enviado (Enter)
[2026-05-03 15:29:00.916] ⏳ Pausa post-envío: 12s…
[2026-05-03 15:29:12.928] 
[33/39] → 573015153370
[2026-05-03 15:29:12.928] 🔁 Abriendo chat (intento 1/3) con: https://web.whatsapp.com/send?phone=573015153370&text=Hola%20%2B57%2C%20te%20escribimos%20de%20MEDPLAY.%0A%0A%E2%80%A2%20Tu%20ChatGPT%2C%20con%20el%20correo%20sandramolinazuleta%40gmail.com%2C%20vence%20el%20*04%2F05%2F2026*%2C%20quer%C3%ADa%20saber%20si%20deseas%20*realizar%20la%20renovaci%C3%B3n*%2C%20tiene%20un%20costo%20de%20*%24%2016%2C900*.%0A%0A*PARA%20PAGOS%20POR%20NEQUI%20SOLICITAR%20EL%20QR%20POR%20FAVOR*
[2026-05-03 15:29:18.326] ✉️ Enviando…
[2026-05-03 15:29:22.542] ↩️ Enviado (Enter)
[2026-05-03 15:29:22.543] ⏳ Pausa post-envío: 12s…
[2026-05-03 15:29:34.550] 
[34/39] → 573114445886
[2026-05-03 15:29:34.551] 🔁 Abriendo chat (intento 1/3) con: https://web.whatsapp.com/send?phone=573114445886&text=Hola%20Franck%2C%20te%20escribimos%20de%20MEDPLAY.%0A%0A%E2%80%A2%20Tu%20Youtube%2C%20con%20el%20correo%20fdelgadoyt04%40gmail.com%2C%20vence%20el%20*04%2F05%2F2026*%2C%20quer%C3%ADa%20saber%20si%20deseas%20*realizar%20la%20renovaci%C3%B3n*%2C%20tiene%20un%20costo%20de%20*%24%207%2C900*.%0A%0A*PARA%20PAGOS%20POR%20NEQUI%20SOLICITAR%20EL%20QR%20POR%20FAVOR*
[2026-05-03 15:29:39.918] ✉️ Enviando…
[2026-05-03 15:29:45.215] ↩️ Enviado (Enter)
[2026-05-03 15:29:45.215] ⏳ Pausa post-envío: 12s…
[2026-05-03 15:29:57.230] 
[35/39] → 573238080720
[2026-05-03 15:29:57.230] 🔁 Abriendo chat (intento 1/3) con: https://web.whatsapp.com/send?phone=573238080720&text=Hola%20Christopher%2C%20te%20escribimos%20de%20MEDPLAY.%0A%0A%E2%80%A2%20Tu%20ChatGPT%2C%20con%20el%20correo%20chrisgonzalez0720%40gmail.com%2C%20vence%20el%20*04%2F05%2F2026*%2C%20quer%C3%ADa%20saber%20si%20deseas%20*realizar%20la%20renovaci%C3%B3n*%2C%20tiene%20un%20costo%20de%20*%24%2016%2C900*.%0A%0A*PARA%20PAGOS%20POR%20NEQUI%20SOLICITAR%20EL%20QR%20POR%20FAVOR*
[2026-05-03 15:30:02.461] ✉️ Enviando…
[2026-05-03 15:30:05.661] ↩️ Enviado (Enter)
[2026-05-03 15:30:05.661] ⏳ Pausa post-envío: 12s…
[2026-05-03 15:30:17.669] 
[36/39] → 573104852022
[2026-05-03 15:30:17.670] 🔁 Abriendo chat (intento 1/3) con: https://web.whatsapp.com/send?phone=573104852022&text=Hola%20%2B57%2C%20te%20escribimos%20de%20MEDPLAY.%0A%0A%E2%80%A2%20Tu%20Youtube%2C%20con%20el%20correo%20churoabejas%40gmail.com%2C%20vence%20el%20*04%2F05%2F2026*%2C%20quer%C3%ADa%20saber%20si%20deseas%20*realizar%20la%20renovaci%C3%B3n*%2C%20tiene%20un%20costo%20de%20*%24%207%2C900*.%0A%0A*PARA%20PAGOS%20POR%20NEQUI%20SOLICITAR%20EL%20QR%20POR%20FAVOR*
[2026-05-03 15:30:23.681] ✉️ Enviando…
[2026-05-03 15:30:31.849] ↩️ Enviado (Enter)
[2026-05-03 15:30:31.850] ⏳ Pausa post-envío: 12s…
[2026-05-03 15:30:43.863] 
[37/39] → 573022006664
[2026-05-03 15:30:43.864] 🔁 Abriendo chat (intento 1/3) con: https://web.whatsapp.com/send?phone=573022006664&text=Hola%20%2B57%2C%20te%20escribimos%20de%20MEDPLAY.%0A%0A%E2%80%A2%20Tu%20Youtube%2C%20con%20el%20correo%20ensunchoalvaro78%40gmail.com%2C%20vence%20el%20*04%2F05%2F2026*%2C%20quer%C3%ADa%20saber%20si%20deseas%20*realizar%20la%20renovaci%C3%B3n*%2C%20tiene%20un%20costo%20de%20*%24%207%2C900*.%0A%0A*PARA%20PAGOS%20POR%20NEQUI%20SOLICITAR%20EL%20QR%20POR%20FAVOR*
[2026-05-03 15:30:52.216] ✉️ Enviando…
[2026-05-03 15:30:56.537] ↩️ Enviado (Enter)
[2026-05-03 15:30:56.538] ⏳ Pausa post-envío: 12s…
[2026-05-03 15:31:08.541] 
[38/39] → 573225026687
[2026-05-03 15:31:08.542] 🔁 Abriendo chat (intento 1/3) con: https://web.whatsapp.com/send?phone=573225026687&text=Hola%2C%20te%20escribimos%20de%20MEDPLAY.%0A%0A%E2%80%A2%20Tu%20Youtube%2C%20con%20el%20correo%20bedoyacesar737%40gmail.com%2C%20vence%20el%20*04%2F05%2F2026*%2C%20quer%C3%ADa%20saber%20si%20deseas%20*realizar%20la%20renovaci%C3%B3n*%2C%20tiene%20un%20costo%20de%20*%24%207%2C900*.%0A%0A*PARA%20PAGOS%20POR%20NEQUI%20SOLICITAR%20EL%20QR%20POR%20FAVOR*
[2026-05-03 15:31:14.605] ✉️ Enviando…
[2026-05-03 15:31:27.514] ↩️ Enviado (Enter)
[2026-05-03 15:31:27.515] ⏳ Pausa post-envío: 12s…
[2026-05-03 15:31:39.519] 
[39/39] → 573053025304
[2026-05-03 15:31:39.520] 🔁 Abriendo chat (intento 1/3) con: https://web.whatsapp.com/send?phone=573053025304&text=Hola%2C%20te%20escribimos%20de%20MEDPLAY.%0A%0A%E2%80%A2%20Tu%20Youtube%2C%20con%20el%20correo%20bibliotecavirtualissaa%40gmail.com%2C%20vence%20el%20*04%2F05%2F2026*%2C%20quer%C3%ADa%20saber%20si%20deseas%20*realizar%20la%20renovaci%C3%B3n*%2C%20tiene%20un%20costo%20de%20*%24%207%2C900*.%0A%0A*PARA%20PAGOS%20POR%20NEQUI%20SOLICITAR%20EL%20QR%20POR%20FAVOR*
[2026-05-03 15:31:46.006] ✉️ Enviando…
[2026-05-03 15:31:59.364] ↩️ Enviado (Enter)
[2026-05-03 15:31:59.364] ⏳ Pausa post-envío: 12s…
[2026-05-03 15:32:11.374] 
✅ Finalizado. Enviados: 39. Omitidos: 0.
[2026-05-03 15:32:11.375] ℹ️ Navegador dejado abierto para revisión manual.
[2026-05-04 14:31:14.084] 📨 Enviaré 43 mensaje(s).
[2026-05-04 14:31:14.086] 🚀 Lanzando script de navegador: C:\Users\Santiago\medplay\scripts\start-edge-wa.bat
[2026-05-04 14:31:14.112] ⏳ Esperando CDP…
[2026-05-04 14:31:17.744] 🟡 Preparando WhatsApp Web…
[2026-05-04 14:31:24.510] ✅ WhatsApp Web listo.
[2026-05-04 14:31:24.511] 
[1/43] → 573158771114
[2026-05-04 14:31:24.512] 🔁 Abriendo chat (intento 1/3) con: https://web.whatsapp.com/send?phone=573158771114&text=Hola%20Yilmer%2C%20te%20escribimos%20de%20MEDPLAY.%0A%0A%E2%80%A2%20Tu%20Crunchyroll%20(pantalla%201)%2C%20con%20el%20correo%20hartleysak1238%40hotmail.com%2C%20vence%20el%20*02%2F05%2F2026*%2C%20quer%C3%ADa%20saber%20si%20deseas%20*realizar%20la%20renovaci%C3%B3n*%2C%20tiene%20un%20costo%20de%20*%24%204%2C900*.%0A%0A*PARA%20PAGOS%20POR%20NEQUI%20SOLICITAR%20EL%20QR%20POR%20FAVOR*
[2026-05-04 14:31:32.835] ✉️ Enviando…
[2026-05-04 14:31:43.689] ↩️ Enviado (Enter)
[2026-05-04 14:31:43.690] ⏳ Pausa post-envío: 12s…
[2026-05-04 14:31:55.703] 
[2/43] → 573104463720
[2026-05-04 14:31:55.704] 🔁 Abriendo chat (intento 1/3) con: https://web.whatsapp.com/send?phone=573104463720&text=Hola%2C%20te%20escribimos%20de%20MEDPLAY.%0A%0A%E2%80%A2%20Tu%20Crunchyroll%20(pantalla%203)%2C%20con%20el%20correo%20crunchr1209%40gmail.com%2C%20vence%20el%20*03%2F05%2F2026*%2C%20quer%C3%ADa%20saber%20si%20deseas%20*realizar%20la%20renovaci%C3%B3n*%2C%20tiene%20un%20costo%20de%20*%24%206%2C900*.%0A%0A*PARA%20PAGOS%20POR%20NEQUI%20SOLICITAR%20EL%20QR%20POR%20FAVOR*
[2026-05-04 14:32:06.621] ✉️ Enviando…
[2026-05-04 14:32:12.676] ↩️ Enviado (Enter)
[2026-05-04 14:32:12.676] ⏳ Pausa post-envío: 12s…
[2026-05-04 14:32:24.700] 
[3/43] → 573053351240
[2026-05-04 14:32:24.700] 🔁 Abriendo chat (intento 1/3) con: https://web.whatsapp.com/send?phone=573053351240&text=Hola%20sebastian%2C%20te%20escribimos%20de%20MEDPLAY.%0A%0A%E2%80%A2%20Tu%20Disney%20Premium%20(pantalla%204)%2C%20con%20el%20correo%20medplay93%2Bc01%40gmail.com%2C%20vence%20el%20*03%2F05%2F2026*%2C%20quer%C3%ADa%20saber%20si%20deseas%20*realizar%20la%20renovaci%C3%B3n*%2C%20tiene%20un%20costo%20de%20*%24%2012%2C900*.%0A%0A*PARA%20PAGOS%20POR%20NEQUI%20SOLICITAR%20EL%20QR%20POR%20FAVOR*
[2026-05-04 14:32:34.919] ✉️ Enviando…
[2026-05-04 14:32:40.566] ↩️ Enviado (Enter)
[2026-05-04 14:32:40.567] ⏳ Pausa post-envío: 12s…
[2026-05-04 14:32:52.582] 
[4/43] → 573148385983
[2026-05-04 14:32:52.583] 🔁 Abriendo chat (intento 1/3) con: https://web.whatsapp.com/send?phone=573148385983&text=Hola%20Juan%2C%20te%20escribimos%20de%20MEDPLAY.%0A%0A%E2%80%A2%20Tu%20Amazon%20(pantalla%205)%2C%20con%20el%20correo%20mxreya44%40gmail.com%2C%20vence%20el%20*03%2F05%2F2026*%2C%20quer%C3%ADa%20saber%20si%20deseas%20*realizar%20la%20renovaci%C3%B3n*%2C%20tiene%20un%20costo%20de%20*%24%207%2C900*.%0A%0A*PARA%20PAGOS%20POR%20NEQUI%20SOLICITAR%20EL%20QR%20POR%20FAVOR*
[2026-05-04 14:33:02.657] ✉️ Enviando…
[2026-05-04 14:33:09.769] ↩️ Enviado (Enter)
[2026-05-04 14:33:09.769] ⏳ Pausa post-envío: 12s…
[2026-05-04 14:33:21.776] 
[5/43] → 573214277571
[2026-05-04 14:33:21.777] 🔁 Abriendo chat (intento 1/3) con: https://web.whatsapp.com/send?phone=573214277571&text=Hola%2C%20te%20escribimos%20de%20MEDPLAY.%0A%0A%E2%80%A2%20Tu%20Crunchyroll%20(pantalla%204)%2C%20con%20el%20correo%20crunchr1209%40gmail.com%2C%20vence%20el%20*03%2F05%2F2026*%2C%20quer%C3%ADa%20saber%20si%20deseas%20*realizar%20la%20renovaci%C3%B3n*%2C%20tiene%20un%20costo%20de%20*%24%206%2C900*.%0A%0A*PARA%20PAGOS%20POR%20NEQUI%20SOLICITAR%20EL%20QR%20POR%20FAVOR*
[2026-05-04 14:33:27.682] ✉️ Enviando…
[2026-05-04 14:33:37.617] ↩️ Enviado (Enter)
[2026-05-04 14:33:37.617] ⏳ Pausa post-envío: 12s…
[2026-05-04 14:33:49.627] 
[6/43] → 573247726970
[2026-05-04 14:33:49.628] 🔁 Abriendo chat (intento 1/3) con: https://web.whatsapp.com/send?phone=573247726970&text=Hola%2C%20te%20escribimos%20de%20MEDPLAY.%0A%0A%E2%80%A2%20Tu%20VIX%20(pantalla%205)%2C%20con%20el%20correo%20medplay93%2Bqa8eh%40gmail.com%2C%20vence%20el%20*03%2F05%2F2026*%2C%20quer%C3%ADa%20saber%20si%20deseas%20*realizar%20la%20renovaci%C3%B3n*%2C%20tiene%20un%20costo%20de%20*%24%203%2C900*.%0A%E2%80%A2%20Tu%20Amazon%20(pantalla%206)%2C%20con%20el%20correo%20mxreya44%40gmail.com%2C%20vence%20el%20*03%2F05%2F2026*%2C%20quer%C3%ADa%20saber%20si%20deseas%20*realizar%20la%20renovaci%C3%B3n*%2C%20tiene%20un%20costo%20de%20*%24%207%2C900*.%0A%0A*PARA%20PAGOS%20POR%20NEQUI%20SOLICITAR%20EL%20QR%20POR%20FAVOR*
[2026-05-04 14:33:55.443] ✉️ Enviando…
[2026-05-04 14:34:08.857] ↩️ Enviado (Enter)
[2026-05-04 14:34:08.858] ⏳ Pausa post-envío: 12s…
[2026-05-04 14:34:20.861] 
[7/43] → 573144658592
[2026-05-04 14:34:20.862] 🔁 Abriendo chat (intento 1/3) con: https://web.whatsapp.com/send?phone=573144658592&text=Hola%2C%20te%20escribimos%20de%20MEDPLAY.%0A%0A%E2%80%A2%20Tu%20Crunchyroll%20(pantalla%204)%2C%20con%20el%20correo%20ppapacalcalit%40gmail.com%2C%20vence%20el%20*03%2F05%2F2026*%2C%20quer%C3%ADa%20saber%20si%20deseas%20*realizar%20la%20renovaci%C3%B3n*%2C%20tiene%20un%20costo%20de%20*%24%206%2C900*.%0A%0A*PARA%20PAGOS%20POR%20NEQUI%20SOLICITAR%20EL%20QR%20POR%20FAVOR*
[2026-05-04 14:34:27.895] ✉️ Enviando…
[2026-05-04 14:34:40.427] ↩️ Enviado (Enter)
[2026-05-04 14:34:40.427] ⏳ Pausa post-envío: 12s…
[2026-05-04 14:34:52.430] 
[8/43] → 573007688866
[2026-05-04 14:34:52.431] 🔁 Abriendo chat (intento 1/3) con: https://web.whatsapp.com/send?phone=573007688866&text=Hola%2C%20te%20escribimos%20de%20MEDPLAY.%0A%0A%E2%80%A2%20Tu%20Netflix%20(pantalla%205)%2C%20con%20el%20correo%20paige9498freda2001%2B2%40outlook.com%2C%20vence%20el%20*03%2F05%2F2026*%2C%20quer%C3%ADa%20saber%20si%20deseas%20*realizar%20la%20renovaci%C3%B3n*%2C%20tiene%20un%20costo%20de%20*%24%2014%2C900*.%0A%0A*PARA%20PAGOS%20POR%20NEQUI%20SOLICITAR%20EL%20QR%20POR%20FAVOR*
[2026-05-04 14:34:59.571] ✉️ Enviando…
[2026-05-04 14:35:10.388] ↩️ Enviado (Enter)
[2026-05-04 14:35:10.388] ⏳ Pausa post-envío: 12s…
[2026-05-04 14:35:22.391] 
[9/43] → 573507222562
[2026-05-04 14:35:22.392] 🔁 Abriendo chat (intento 1/3) con: https://web.whatsapp.com/send?phone=573507222562&text=Hola%2C%20te%20escribimos%20de%20MEDPLAY.%0A%0A%E2%80%A2%20Tu%20Disney%20Premium%20(pantalla%206)%2C%20con%20el%20correo%20medplay93%2Bc01%40gmail.com%2C%20vence%20el%20*04%2F05%2F2026*%2C%20quer%C3%ADa%20saber%20si%20deseas%20*realizar%20la%20renovaci%C3%B3n*%2C%20tiene%20un%20costo%20de%20*%24%2012%2C900*.%0A%0A*PARA%20PAGOS%20POR%20NEQUI%20SOLICITAR%20EL%20QR%20POR%20FAVOR*
[2026-05-04 14:35:29.275] ✉️ Enviando…
[2026-05-04 14:35:41.558] ↩️ Enviado (Enter)
[2026-05-04 14:35:41.558] ⏳ Pausa post-envío: 12s…
[2026-05-04 14:35:53.566] 
[10/43] → 573156566667
[2026-05-04 14:35:53.566] 🔁 Abriendo chat (intento 1/3) con: https://web.whatsapp.com/send?phone=573156566667&text=Hola%2C%20te%20escribimos%20de%20MEDPLAY.%0A%0A%E2%80%A2%20Tu%20Crunchyroll%20(pantalla%204)%2C%20con%20el%20correo%20medolayplanatt%40gmail.com%2C%20vence%20el%20*04%2F05%2F2026*%2C%20quer%C3%ADa%20saber%20si%20deseas%20*realizar%20la%20renovaci%C3%B3n*%2C%20tiene%20un%20costo%20de%20*%24%206%2C900*.%0A%0A*PARA%20PAGOS%20POR%20NEQUI%20SOLICITAR%20EL%20QR%20POR%20FAVOR*
[2026-05-04 14:36:01.571] ✉️ Enviando…
[2026-05-04 14:36:06.382] ↩️ Enviado (Enter)
[2026-05-04 14:36:06.382] ⏳ Pausa post-envío: 12s…
[2026-05-04 14:36:18.386] 
[11/43] → 573236276421
[2026-05-04 14:36:18.388] 🔁 Abriendo chat (intento 1/3) con: https://web.whatsapp.com/send?phone=573236276421&text=Hola%2C%20te%20escribimos%20de%20MEDPLAY.%0A%0A%E2%80%A2%20Tu%20Disney%20Premium%20(pantalla%207)%2C%20con%20el%20correo%20medplay93%2Bc01%40gmail.com%2C%20vence%20el%20*04%2F05%2F2026*%2C%20quer%C3%ADa%20saber%20si%20deseas%20*realizar%20la%20renovaci%C3%B3n*%2C%20tiene%20un%20costo%20de%20*%24%2012%2C900*.%0A%0A*PARA%20PAGOS%20POR%20NEQUI%20SOLICITAR%20EL%20QR%20POR%20FAVOR*
[2026-05-04 14:36:23.878] ✉️ Enviando…
[2026-05-04 14:36:32.089] ↩️ Enviado (Enter)
[2026-05-04 14:36:32.090] ⏳ Pausa post-envío: 12s…
[2026-05-04 14:36:44.095] 
[12/43] → 573043319108
[2026-05-04 14:36:44.096] 🔁 Abriendo chat (intento 1/3) con: https://web.whatsapp.com/send?phone=573043319108&text=Hola%2C%20te%20escribimos%20de%20MEDPLAY.%0A%0A%E2%80%A2%20Tu%20Crunchyroll%20(pantalla%206)%2C%20con%20el%20correo%20crunchr1209%40gmail.com%2C%20vence%20el%20*04%2F05%2F2026*%2C%20quer%C3%ADa%20saber%20si%20deseas%20*realizar%20la%20renovaci%C3%B3n*%2C%20tiene%20un%20costo%20de%20*%24%206%2C900*.%0A%0A*PARA%20PAGOS%20POR%20NEQUI%20SOLICITAR%20EL%20QR%20POR%20FAVOR*
[2026-05-04 14:36:49.337] ✉️ Enviando…
[2026-05-04 14:36:57.763] ↩️ Enviado (Enter)
[2026-05-04 14:36:57.763] ⏳ Pausa post-envío: 12s…
[2026-05-04 14:37:09.776] 
[13/43] → 573213931906
[2026-05-04 14:37:09.776] 🔁 Abriendo chat (intento 1/3) con: https://web.whatsapp.com/send?phone=573213931906&text=Hola%2C%20te%20escribimos%20de%20MEDPLAY.%0A%0A%E2%80%A2%20Tu%20VIX%20(pantalla%201)%2C%20con%20el%20correo%20medplay93%2Bvj3y1%40gmail.com%2C%20vence%20el%20*04%2F05%2F2026*%2C%20quer%C3%ADa%20saber%20si%20deseas%20*realizar%20la%20renovaci%C3%B3n*%2C%20tiene%20un%20costo%20de%20*%24%203%2C900*.%0A%E2%80%A2%20Tu%20Netflix%20(pantalla%201)%2C%20con%20el%20correo%20guadalupekeisha276101987%2B6%40hotmail.com%2C%20vence%20el%20*04%2F05%2F2026*%2C%20quer%C3%ADa%20saber%20si%20deseas%20*realizar%20la%20renovaci%C3%B3n*%2C%20tiene%20un%20costo%20de%20*%24%2014%2C900*.%0A%0A*PARA%20PAGOS%20POR%20NEQUI%20SOLICITAR%20EL%20QR%20POR%20FAVOR*
[2026-05-04 14:37:15.354] ✉️ Enviando…
[2026-05-04 14:37:23.999] ↩️ Enviado (Enter)
[2026-05-04 14:37:23.999] ⏳ Pausa post-envío: 12s…
[2026-05-04 14:37:36.002] 
[14/43] → 573135407993
[2026-05-04 14:37:36.003] 🔁 Abriendo chat (intento 1/3) con: https://web.whatsapp.com/send?phone=573135407993&text=Hola%20Espaciosclimatizados%2C%20te%20escribimos%20de%20MEDPLAY.%0A%0A%E2%80%A2%20Tu%20Disney%20Premium%20(pantalla%204)%2C%20con%20el%20correo%20medplay93%2Blc%40gmail.com%2C%20vence%20el%20*04%2F05%2F2026*%2C%20quer%C3%ADa%20saber%20si%20deseas%20*realizar%20la%20renovaci%C3%B3n*%2C%20tiene%20un%20costo%20de%20*%24%2012%2C900*.%0A%0A*PARA%20PAGOS%20POR%20NEQUI%20SOLICITAR%20EL%20QR%20POR%20FAVOR*
[2026-05-04 14:37:44.656] ✉️ Enviando…
[2026-05-04 14:37:51.749] ↩️ Enviado (Enter)
[2026-05-04 14:37:51.749] ⏳ Pausa post-envío: 12s…
[2026-05-04 14:38:03.757] 
[15/43] → 573246557811
[2026-05-04 14:38:03.758] 🔁 Abriendo chat (intento 1/3) con: https://web.whatsapp.com/send?phone=573246557811&text=Hola%20Thomas%2C%20te%20escribimos%20de%20MEDPLAY.%0A%0A%E2%80%A2%20Tu%20Crunchyroll%20(pantalla%203)%2C%20con%20el%20correo%20alessandraprinciotta065%40hotmail.com%2C%20vence%20el%20*05%2F05%2F2026*%2C%20quer%C3%ADa%20saber%20si%20deseas%20*realizar%20la%20renovaci%C3%B3n*%2C%20tiene%20un%20costo%20de%20*%24%204%2C900*.%0A%0A*PARA%20PAGOS%20POR%20NEQUI%20SOLICITAR%20EL%20QR%20POR%20FAVOR*
[2026-05-04 14:38:09.699] ✉️ Enviando…
[2026-05-04 14:38:18.457] ↩️ Enviado (Enter)
[2026-05-04 14:38:18.458] ⏳ Pausa post-envío: 12s…
[2026-05-04 14:38:30.457] 
[16/43] → 573126652559
[2026-05-04 14:38:30.458] 🔁 Abriendo chat (intento 1/3) con: https://web.whatsapp.com/send?phone=573126652559&text=Hola%20Angie%2C%20te%20escribimos%20de%20MEDPLAY.%0A%0A%E2%80%A2%20Tu%20Netflix%20(pantalla%205)%2C%20con%20el%20correo%20guadalupekeisha276101987%2B6%40hotmail.com%2C%20vence%20el%20*05%2F05%2F2026*%2C%20quer%C3%ADa%20saber%20si%20deseas%20*realizar%20la%20renovaci%C3%B3n*%2C%20tiene%20un%20costo%20de%20*%24%2014%2C900*.%0A%E2%80%A2%20Tu%20Amazon%20(pantalla%202)%2C%20con%20el%20correo%20mxreya44%40gmail.com%2C%20vence%20el%20*05%2F05%2F2026*%2C%20quer%C3%ADa%20saber%20si%20deseas%20*realizar%20la%20renovaci%C3%B3n*%2C%20tiene%20un%20costo%20de%20*%24%207%2C900*.%0A%0A*PARA%20PAGOS%20POR%20NEQUI%20SOLICITAR%20EL%20QR%20POR%20FAVOR*
[2026-05-04 14:38:38.855] ✉️ Enviando…
[2026-05-04 14:38:43.521] ↩️ Enviado (Enter)
[2026-05-04 14:38:43.521] ⏳ Pausa post-envío: 12s…
[2026-05-04 14:38:55.522] 
[17/43] → 573245014566
[2026-05-04 14:38:55.523] 🔁 Abriendo chat (intento 1/3) con: https://web.whatsapp.com/send?phone=573245014566&text=Hola%20Sebastian%2C%20te%20escribimos%20de%20MEDPLAY.%0A%0A%E2%80%A2%20Tu%20Disney%20(pantalla%206)%2C%20con%20el%20correo%20medplay93%2Bdis5%40gmail.com%2C%20vence%20el%20*05%2F05%2F2026*%2C%20quer%C3%ADa%20saber%20si%20deseas%20*realizar%20la%20renovaci%C3%B3n*%2C%20tiene%20un%20costo%20de%20*%24%207%2C900*.%0A%0A*PARA%20PAGOS%20POR%20NEQUI%20SOLICITAR%20EL%20QR%20POR%20FAVOR*
[2026-05-04 14:39:04.073] ✉️ Enviando…
[2026-05-04 14:39:08.677] ↩️ Enviado (Enter)
[2026-05-04 14:39:08.677] ⏳ Pausa post-envío: 12s…
[2026-05-04 14:39:20.691] 
[18/43] → 573136691644
[2026-05-04 14:39:20.692] 🔁 Abriendo chat (intento 1/3) con: https://web.whatsapp.com/send?phone=573136691644&text=Hola%20Jherson%2C%20te%20escribimos%20de%20MEDPLAY.%0A%0A%E2%80%A2%20Tu%20Crunchyroll%20(pantalla%203)%2C%20con%20el%20correo%20colleenyaw4642%40hotmail.com%2C%20vence%20el%20*05%2F05%2F2026*%2C%20quer%C3%ADa%20saber%20si%20deseas%20*realizar%20la%20renovaci%C3%B3n*%2C%20tiene%20un%20costo%20de%20*%24%204%2C900*.%0A%0A*PARA%20PAGOS%20POR%20NEQUI%20SOLICITAR%20EL%20QR%20POR%20FAVOR*
[2026-05-04 14:39:29.164] ✉️ Enviando…
[2026-05-04 14:39:39.176] ↩️ Enviado (Enter)
[2026-05-04 14:39:39.176] ⏳ Pausa post-envío: 12s…
[2026-05-04 14:39:51.186] 
[19/43] → 573197535297
[2026-05-04 14:39:51.187] 🔁 Abriendo chat (intento 1/3) con: https://web.whatsapp.com/send?phone=573197535297&text=Hola%20%2B57%2C%20te%20escribimos%20de%20MEDPLAY.%0A%0A%E2%80%A2%20Tu%20Crunchyroll%20(pantalla%204)%2C%20con%20el%20correo%20colleenyaw4642%40hotmail.com%2C%20vence%20el%20*05%2F05%2F2026*%2C%20quer%C3%ADa%20saber%20si%20deseas%20*realizar%20la%20renovaci%C3%B3n*%2C%20tiene%20un%20costo%20de%20*%24%204%2C900*.%0A%0A*PARA%20PAGOS%20POR%20NEQUI%20SOLICITAR%20EL%20QR%20POR%20FAVOR*
[2026-05-04 14:39:59.834] ✉️ Enviando…
[2026-05-04 14:40:05.216] ↩️ Enviado (Enter)
[2026-05-04 14:40:05.217] ⏳ Pausa post-envío: 12s…
[2026-05-04 14:40:17.226] 
[20/43] → 573233761006
[2026-05-04 14:40:17.227] 🔁 Abriendo chat (intento 1/3) con: https://web.whatsapp.com/send?phone=573233761006&text=Hola%20Deison%2C%20te%20escribimos%20de%20MEDPLAY.%0A%0A%E2%80%A2%20Tu%20Crunchyroll%20(pantalla%205)%2C%20con%20el%20correo%20colleenyaw4642%40hotmail.com%2C%20vence%20el%20*05%2F05%2F2026*%2C%20quer%C3%ADa%20saber%20si%20deseas%20*realizar%20la%20renovaci%C3%B3n*%2C%20tiene%20un%20costo%20de%20*%24%204%2C900*.%0A%0A*PARA%20PAGOS%20POR%20NEQUI%20SOLICITAR%20EL%20QR%20POR%20FAVOR*
[2026-05-04 14:40:22.603] ✉️ Enviando…
[2026-05-04 14:40:39.380] ↩️ Enviado (Enter)
[2026-05-04 14:40:39.381] ⏳ Pausa post-envío: 12s…
[2026-05-04 14:40:51.391] 
[21/43] → 573116785727
[2026-05-04 14:40:51.391] 🔁 Abriendo chat (intento 1/3) con: https://web.whatsapp.com/send?phone=573116785727&text=Hola%20Roberto%2C%20te%20escribimos%20de%20MEDPLAY.%0A%0A%E2%80%A2%20Tu%20Crunchyroll%20(pantalla%201)%2C%20con%20el%20correo%20christieprocsal5461%40hotmail.com%2C%20vence%20el%20*05%2F05%2F2026*%2C%20quer%C3%ADa%20saber%20si%20deseas%20*realizar%20la%20renovaci%C3%B3n*%2C%20tiene%20un%20costo%20de%20*%24%204%2C900*.%0A%0A*PARA%20PAGOS%20POR%20NEQUI%20SOLICITAR%20EL%20QR%20POR%20FAVOR*
[2026-05-04 14:40:59.899] ✉️ Enviando…
[2026-05-04 14:41:05.226] ↩️ Enviado (Enter)
[2026-05-04 14:41:05.226] ⏳ Pausa post-envío: 12s…
[2026-05-04 14:41:17.231] 
[22/43] → 573044337640
[2026-05-04 14:41:17.233] 🔁 Abriendo chat (intento 1/3) con: https://web.whatsapp.com/send?phone=573044337640&text=Hola%20Tatiana%2C%20te%20escribimos%20de%20MEDPLAY.%0A%0A%E2%80%A2%20Tu%20Spotify%2C%20con%20el%20correo%20rblanditow%40gmail.com%2C%20vence%20el%20*04%2F05%2F2026*%2C%20quer%C3%ADa%20saber%20si%20deseas%20*realizar%20la%20renovaci%C3%B3n*%2C%20tiene%20un%20costo%20de%20*%24%2016%2C900*.%0A%0A*PARA%20PAGOS%20POR%20NEQUI%20SOLICITAR%20EL%20QR%20POR%20FAVOR*
[2026-05-04 14:41:25.929] ✉️ Enviando…
[2026-05-04 14:41:29.829] ↩️ Enviado (Enter)
[2026-05-04 14:41:29.830] ⏳ Pausa post-envío: 12s…
[2026-05-04 14:41:41.854] 
[23/43] → 573045703949
[2026-05-04 14:41:41.855] 🔁 Abriendo chat (intento 1/3) con: https://web.whatsapp.com/send?phone=573045703949&text=Hola%20Yhon%2C%20te%20escribimos%20de%20MEDPLAY.%0A%0A%E2%80%A2%20Tu%20Spotify%2C%20con%20el%20correo%20corneliof14%40gmail.com%2C%20vence%20el%20*05%2F05%2F2026*%2C%20quer%C3%ADa%20saber%20si%20deseas%20*realizar%20la%20renovaci%C3%B3n*%2C%20tiene%20un%20costo%20de%20*%24%2016%2C900*.%0A%0A*PARA%20PAGOS%20POR%20NEQUI%20SOLICITAR%20EL%20QR%20POR%20FAVOR*
[2026-05-04 14:41:47.535] ✉️ Enviando…
[2026-05-04 14:41:54.341] ↩️ Enviado (Enter)
[2026-05-04 14:41:54.342] ⏳ Pausa post-envío: 12s…
[2026-05-04 14:42:06.346] 
[24/43] → 573173473215
[2026-05-04 14:42:06.347] 🔁 Abriendo chat (intento 1/3) con: https://web.whatsapp.com/send?phone=573173473215&text=Hola%20Phoenix%2C%20te%20escribimos%20de%20MEDPLAY.%0A%0A%E2%80%A2%20Tu%20ChatGPT%2C%20con%20el%20correo%2031jmvargas%40gmail.com%2C%20vence%20el%20*04%2F05%2F2026*%2C%20quer%C3%ADa%20saber%20si%20deseas%20*realizar%20la%20renovaci%C3%B3n*%2C%20tiene%20un%20costo%20de%20*%24%2016%2C900*.%0A%0A*PARA%20PAGOS%20POR%20NEQUI%20SOLICITAR%20EL%20QR%20POR%20FAVOR*
[2026-05-04 14:42:14.933] ✉️ Enviando…
[2026-05-04 14:42:19.361] ↩️ Enviado (Enter)
[2026-05-04 14:42:19.361] ⏳ Pausa post-envío: 12s…
[2026-05-04 14:42:31.364] 
[25/43] → 13462103022
[2026-05-04 14:42:31.365] 🔁 Abriendo chat (intento 1/3) con: https://web.whatsapp.com/send?phone=13462103022&text=Hola%2C%20te%20escribimos%20de%20MEDPLAY.%0A%0A%E2%80%A2%20Tu%20Youtube%2C%20con%20el%20correo%20alejo931031suarez%40gmail.com%2C%20vence%20el%20*04%2F05%2F2026*%2C%20quer%C3%ADa%20saber%20si%20deseas%20*realizar%20la%20renovaci%C3%B3n*%2C%20tiene%20un%20costo%20de%20*%24%207%2C900*.%0A%0A*PARA%20PAGOS%20POR%20NEQUI%20SOLICITAR%20EL%20QR%20POR%20FAVOR*
[2026-05-04 14:42:36.895] ✉️ Enviando…
[2026-05-04 14:42:43.947] ↩️ Enviado (Enter)
[2026-05-04 14:42:43.947] ⏳ Pausa post-envío: 12s…
[2026-05-04 14:42:55.956] 
[26/43] → 573222232104
[2026-05-04 14:42:55.957] 🔁 Abriendo chat (intento 1/3) con: https://web.whatsapp.com/send?phone=573222232104&text=Hola%2C%20te%20escribimos%20de%20MEDPLAY.%0A%0A%E2%80%A2%20Tu%20Youtube%2C%20con%20el%20correo%20salpiro73%40gmil.com%2C%20vence%20el%20*04%2F05%2F2026*%2C%20quer%C3%ADa%20saber%20si%20deseas%20*realizar%20la%20renovaci%C3%B3n*%2C%20tiene%20un%20costo%20de%20*%24%207%2C900*.%0A%0A*PARA%20PAGOS%20POR%20NEQUI%20SOLICITAR%20EL%20QR%20POR%20FAVOR*
[2026-05-04 14:43:01.356] ✉️ Enviando…
[2026-05-04 14:43:08.169] ↩️ Enviado (Enter)
[2026-05-04 14:43:08.169] ⏳ Pausa post-envío: 12s…
[2026-05-04 14:43:20.178] 
[27/43] → 573155059250
[2026-05-04 14:43:20.179] 🔁 Abriendo chat (intento 1/3) con: https://web.whatsapp.com/send?phone=573155059250&text=Hola%20%2B57%2C%20te%20escribimos%20de%20MEDPLAY.%0A%0A%E2%80%A2%20Tu%20Youtube%2C%20con%20el%20correo%20santiaginarvaez%40gmail.com%2C%20vence%20el%20*04%2F05%2F2026*%2C%20quer%C3%ADa%20saber%20si%20deseas%20*realizar%20la%20renovaci%C3%B3n*%2C%20tiene%20un%20costo%20de%20*%24%207%2C900*.%0A%0A*PARA%20PAGOS%20POR%20NEQUI%20SOLICITAR%20EL%20QR%20POR%20FAVOR*
[2026-05-04 14:43:26.385] ✉️ Enviando…
[2026-05-04 14:43:33.079] ↩️ Enviado (Enter)
[2026-05-04 14:43:33.080] ⏳ Pausa post-envío: 12s…
[2026-05-04 14:43:45.090] 
[28/43] → 573218923419
[2026-05-04 14:43:45.091] 🔁 Abriendo chat (intento 1/3) con: https://web.whatsapp.com/send?phone=573218923419&text=Hola%2C%20te%20escribimos%20de%20MEDPLAY.%0A%0A%E2%80%A2%20Tu%20Youtube%2C%20con%20el%20correo%20martin8.0000wq%40gmail.com%2C%20vence%20el%20*04%2F05%2F2026*%2C%20quer%C3%ADa%20saber%20si%20deseas%20*realizar%20la%20renovaci%C3%B3n*%2C%20tiene%20un%20costo%20de%20*%24%207%2C900*.%0A%0A*PARA%20PAGOS%20POR%20NEQUI%20SOLICITAR%20EL%20QR%20POR%20FAVOR*
[2026-05-04 14:43:50.990] ✉️ Enviando…
[2026-05-04 14:43:58.952] ↩️ Enviado (Enter)
[2026-05-04 14:43:58.952] ⏳ Pausa post-envío: 12s…
[2026-05-04 14:44:10.964] 
[29/43] → 573124998937
[2026-05-04 14:44:10.965] 🔁 Abriendo chat (intento 1/3) con: https://web.whatsapp.com/send?phone=573124998937&text=Hola%2C%20te%20escribimos%20de%20MEDPLAY.%0A%0A%E2%80%A2%20Tu%20Youtube%2C%20con%20el%20correo%20connyreyesferreira.09%40gmail.com%2C%20vence%20el%20*04%2F05%2F2026*%2C%20quer%C3%ADa%20saber%20si%20deseas%20*realizar%20la%20renovaci%C3%B3n*%2C%20tiene%20un%20costo%20de%20*%24%207%2C900*.%0A%0A*PARA%20PAGOS%20POR%20NEQUI%20SOLICITAR%20EL%20QR%20POR%20FAVOR*
[2026-05-04 14:44:20.312] ✉️ Enviando…
[2026-05-04 14:44:24.173] ↩️ Enviado (Enter)
[2026-05-04 14:44:24.174] ⏳ Pausa post-envío: 12s…
[2026-05-04 14:44:36.182] 
[30/43] → 573015153370
[2026-05-04 14:44:36.183] 🔁 Abriendo chat (intento 1/3) con: https://web.whatsapp.com/send?phone=573015153370&text=Hola%20%2B57%2C%20te%20escribimos%20de%20MEDPLAY.%0A%0A%E2%80%A2%20Tu%20ChatGPT%2C%20con%20el%20correo%20sandramolinazuleta%40gmail.com%2C%20vence%20el%20*04%2F05%2F2026*%2C%20quer%C3%ADa%20saber%20si%20deseas%20*realizar%20la%20renovaci%C3%B3n*%2C%20tiene%20un%20costo%20de%20*%24%2016%2C900*.%0A%0A*PARA%20PAGOS%20POR%20NEQUI%20SOLICITAR%20EL%20QR%20POR%20FAVOR*
[2026-05-04 14:44:44.543] ✉️ Enviando…
[2026-05-04 14:44:49.748] ↩️ Enviado (Enter)
[2026-05-04 14:44:49.749] ⏳ Pausa post-envío: 12s…
[2026-05-04 14:45:01.756] 
[31/43] → 573114445886
[2026-05-04 14:45:01.756] 🔁 Abriendo chat (intento 1/3) con: https://web.whatsapp.com/send?phone=573114445886&text=Hola%20Franck%2C%20te%20escribimos%20de%20MEDPLAY.%0A%0A%E2%80%A2%20Tu%20Youtube%2C%20con%20el%20correo%20fdelgadoyt04%40gmail.com%2C%20vence%20el%20*04%2F05%2F2026*%2C%20quer%C3%ADa%20saber%20si%20deseas%20*realizar%20la%20renovaci%C3%B3n*%2C%20tiene%20un%20costo%20de%20*%24%207%2C900*.%0A%0A*PARA%20PAGOS%20POR%20NEQUI%20SOLICITAR%20EL%20QR%20POR%20FAVOR*
[2026-05-04 14:45:10.741] ✉️ Enviando…
[2026-05-04 14:45:15.782] ↩️ Enviado (Enter)
[2026-05-04 14:45:15.784] ⏳ Pausa post-envío: 12s…
[2026-05-04 14:45:27.787] 
[32/43] → 573238080720
[2026-05-04 14:45:27.787] 🔁 Abriendo chat (intento 1/3) con: https://web.whatsapp.com/send?phone=573238080720&text=Hola%20Christopher%2C%20te%20escribimos%20de%20MEDPLAY.%0A%0A%E2%80%A2%20Tu%20ChatGPT%2C%20con%20el%20correo%20chrisgonzalez0720%40gmail.com%2C%20vence%20el%20*04%2F05%2F2026*%2C%20quer%C3%ADa%20saber%20si%20deseas%20*realizar%20la%20renovaci%C3%B3n*%2C%20tiene%20un%20costo%20de%20*%24%2016%2C900*.%0A%0A*PARA%20PAGOS%20POR%20NEQUI%20SOLICITAR%20EL%20QR%20POR%20FAVOR*
[2026-05-04 14:45:36.565] ✉️ Enviando…
[2026-05-04 14:45:42.213] ↩️ Enviado (Enter)
[2026-05-04 14:45:42.214] ⏳ Pausa post-envío: 12s…
[2026-05-04 14:45:54.216] 
[33/43] → 573104852022
[2026-05-04 14:45:54.217] 🔁 Abriendo chat (intento 1/3) con: https://web.whatsapp.com/send?phone=573104852022&text=Hola%20%2B57%2C%20te%20escribimos%20de%20MEDPLAY.%0A%0A%E2%80%A2%20Tu%20Youtube%2C%20con%20el%20correo%20churoabejas%40gmail.com%2C%20vence%20el%20*04%2F05%2F2026*%2C%20quer%C3%ADa%20saber%20si%20deseas%20*realizar%20la%20renovaci%C3%B3n*%2C%20tiene%20un%20costo%20de%20*%24%207%2C900*.%0A%0A*PARA%20PAGOS%20POR%20NEQUI%20SOLICITAR%20EL%20QR%20POR%20FAVOR*
[2026-05-04 14:46:01.076] ✉️ Enviando…
[2026-05-04 14:46:09.612] ↩️ Enviado (Enter)
[2026-05-04 14:46:09.613] ⏳ Pausa post-envío: 12s…
[2026-05-04 14:46:21.613] 
[34/43] → 573022006664
[2026-05-04 14:46:21.614] 🔁 Abriendo chat (intento 1/3) con: https://web.whatsapp.com/send?phone=573022006664&text=Hola%20%2B57%2C%20te%20escribimos%20de%20MEDPLAY.%0A%0A%E2%80%A2%20Tu%20Youtube%2C%20con%20el%20correo%20ensunchoalvaro78%40gmail.com%2C%20vence%20el%20*04%2F05%2F2026*%2C%20quer%C3%ADa%20saber%20si%20deseas%20*realizar%20la%20renovaci%C3%B3n*%2C%20tiene%20un%20costo%20de%20*%24%207%2C900*.%0A%0A*PARA%20PAGOS%20POR%20NEQUI%20SOLICITAR%20EL%20QR%20POR%20FAVOR*
[2026-05-04 14:46:30.180] ✉️ Enviando…
[2026-05-04 14:46:34.116] ↩️ Enviado (Enter)
[2026-05-04 14:46:34.117] ⏳ Pausa post-envío: 12s…
[2026-05-04 14:46:46.118] 
[35/43] → 573225026687
[2026-05-04 14:46:46.119] 🔁 Abriendo chat (intento 1/3) con: https://web.whatsapp.com/send?phone=573225026687&text=Hola%2C%20te%20escribimos%20de%20MEDPLAY.%0A%0A%E2%80%A2%20Tu%20Youtube%2C%20con%20el%20correo%20bedoyacesar737%40gmail.com%2C%20vence%20el%20*04%2F05%2F2026*%2C%20quer%C3%ADa%20saber%20si%20deseas%20*realizar%20la%20renovaci%C3%B3n*%2C%20tiene%20un%20costo%20de%20*%24%207%2C900*.%0A%0A*PARA%20PAGOS%20POR%20NEQUI%20SOLICITAR%20EL%20QR%20POR%20FAVOR*
[2026-05-04 14:46:52.241] ✉️ Enviando…
[2026-05-04 14:46:59.903] ↩️ Enviado (Enter)
[2026-05-04 14:46:59.903] ⏳ Pausa post-envío: 12s…
[2026-05-04 14:47:11.919] 
[36/43] → 573053025304
[2026-05-04 14:47:11.920] 🔁 Abriendo chat (intento 1/3) con: https://web.whatsapp.com/send?phone=573053025304&text=Hola%20Ricardo%2C%20te%20escribimos%20de%20MEDPLAY.%0A%0A%E2%80%A2%20Tu%20Youtube%2C%20con%20el%20correo%20bibliotecavirtualissaa%40gmail.com%2C%20vence%20el%20*04%2F05%2F2026*%2C%20quer%C3%ADa%20saber%20si%20deseas%20*realizar%20la%20renovaci%C3%B3n*%2C%20tiene%20un%20costo%20de%20*%24%207%2C900*.%0A%0A*PARA%20PAGOS%20POR%20NEQUI%20SOLICITAR%20EL%20QR%20POR%20FAVOR*
[2026-05-04 14:47:17.619] ✉️ Enviando…
[2026-05-04 14:47:26.345] ↩️ Enviado (Enter)
[2026-05-04 14:47:26.346] ⏳ Pausa post-envío: 12s…
[2026-05-04 14:47:38.355] 
[37/43] → 573186793697
[2026-05-04 14:47:38.355] 🔁 Abriendo chat (intento 1/3) con: https://web.whatsapp.com/send?phone=573186793697&text=Hola%20%2B57%2C%20te%20escribimos%20de%20MEDPLAY.%0A%0A%E2%80%A2%20Tu%20Youtube%2C%20con%20el%20correo%20mayoremre%40gmail.com%2C%20vence%20el%20*05%2F05%2F2026*%2C%20quer%C3%ADa%20saber%20si%20deseas%20*realizar%20la%20renovaci%C3%B3n*%2C%20tiene%20un%20costo%20de%20*%24%207%2C900*.%0A%0A*PARA%20PAGOS%20POR%20NEQUI%20SOLICITAR%20EL%20QR%20POR%20FAVOR*
[2026-05-04 14:47:44.391] ✉️ Enviando…
[2026-05-04 14:47:51.940] ↩️ Enviado (Enter)
[2026-05-04 14:47:51.941] ⏳ Pausa post-envío: 12s…
[2026-05-04 14:48:03.945] 
[38/43] → 573134796943
[2026-05-04 14:48:03.945] 🔁 Abriendo chat (intento 1/3) con: https://web.whatsapp.com/send?phone=573134796943&text=Hola%20%2B57%2C%20te%20escribimos%20de%20MEDPLAY.%0A%0A%E2%80%A2%20Tu%20Youtube%2C%20con%20el%20correo%20ruizeduin260%40gmail.com%2C%20vence%20el%20*05%2F05%2F2026*%2C%20quer%C3%ADa%20saber%20si%20deseas%20*realizar%20la%20renovaci%C3%B3n*%2C%20tiene%20un%20costo%20de%20*%24%207%2C900*.%0A%0A*PARA%20PAGOS%20POR%20NEQUI%20SOLICITAR%20EL%20QR%20POR%20FAVOR*
[2026-05-04 14:48:10.978] ✉️ Enviando…
[2026-05-04 14:48:18.416] ↩️ Enviado (Enter)
[2026-05-04 14:48:18.417] ⏳ Pausa post-envío: 12s…
[2026-05-04 14:48:30.423] 
[39/43] → 573012415794
[2026-05-04 14:48:30.423] 🔁 Abriendo chat (intento 1/3) con: https://web.whatsapp.com/send?phone=573012415794&text=Hola%20Rafel%2C%20te%20escribimos%20de%20MEDPLAY.%0A%0A%E2%80%A2%20Tu%20Youtube%2C%20con%20el%20correo%20rafaramirez8160%40gmail.com%2C%20vence%20el%20*05%2F05%2F2026*%2C%20quer%C3%ADa%20saber%20si%20deseas%20*realizar%20la%20renovaci%C3%B3n*%2C%20tiene%20un%20costo%20de%20*%24%207%2C900*.%0A%0A*PARA%20PAGOS%20POR%20NEQUI%20SOLICITAR%20EL%20QR%20POR%20FAVOR*
[2026-05-04 14:48:38.308] ✉️ Enviando…
[2026-05-04 16:37:44.092] ⏳ Pausa post-envío: 12s…
[2026-05-04 16:37:56.107] 
[40/43] → 573107965420
[2026-05-04 16:38:43.721] 📨 Enviaré 43 mensaje(s).
[2026-05-04 16:38:43.722] 🚀 Lanzando script de navegador: C:\Users\Santiago\medplay\scripts\start-edge-wa.bat
[2026-05-04 16:38:43.736] ⏳ Esperando CDP…
[2026-05-04 16:38:47.165] 🟡 Preparando WhatsApp Web…
[2026-05-04 16:38:51.797] ✅ WhatsApp Web listo.
[2026-05-04 16:38:51.798] 
[1/43] → 573158771114
[2026-05-04 16:38:51.799] 🔁 Abriendo chat (intento 1/3) con: https://web.whatsapp.com/send?phone=573158771114&text=Hola%20Yilmer%2C%20te%20escribimos%20de%20MEDPLAY.%0A%0A%E2%80%A2%20Tu%20Crunchyroll%20(pantalla%201)%2C%20con%20el%20correo%20hartleysak1238%40hotmail.com%2C%20vence%20el%20*02%2F05%2F2026*%2C%20quer%C3%ADa%20saber%20si%20deseas%20*realizar%20la%20renovaci%C3%B3n*%2C%20tiene%20un%20costo%20de%20*%24%204%2C900*.%0A%0A*PARA%20PAGOS%20POR%20NEQUI%20SOLICITAR%20EL%20QR%20POR%20FAVOR*
[2026-05-04 16:38:55.562] ✉️ Enviando…
[2026-05-04 16:38:59.000] ↩️ Enviado (Enter)
[2026-05-04 16:38:59.000] ⏳ Pausa post-envío: 12s…
[2026-05-04 16:39:11.008] 
[2/43] → 573104463720
[2026-05-04 16:39:11.009] 🔁 Abriendo chat (intento 1/3) con: https://web.whatsapp.com/send?phone=573104463720&text=Hola%2C%20te%20escribimos%20de%20MEDPLAY.%0A%0A%E2%80%A2%20Tu%20Crunchyroll%20(pantalla%203)%2C%20con%20el%20correo%20crunchr1209%40gmail.com%2C%20vence%20el%20*03%2F05%2F2026*%2C%20quer%C3%ADa%20saber%20si%20deseas%20*realizar%20la%20renovaci%C3%B3n*%2C%20tiene%20un%20costo%20de%20*%24%206%2C900*.%0A%0A*PARA%20PAGOS%20POR%20NEQUI%20SOLICITAR%20EL%20QR%20POR%20FAVOR*
[2026-05-04 16:39:22.683] ✉️ Enviando…
[2026-05-04 16:39:23.573] ↩️ Enviado (Enter)
[2026-05-04 16:39:23.573] ⏳ Pausa post-envío: 12s…
[2026-05-04 16:39:35.587] 
[3/43] → 573053351240
[2026-05-04 16:39:35.587] 🔁 Abriendo chat (intento 1/3) con: https://web.whatsapp.com/send?phone=573053351240&text=Hola%20sebastian%2C%20te%20escribimos%20de%20MEDPLAY.%0A%0A%E2%80%A2%20Tu%20Disney%20Premium%20(pantalla%204)%2C%20con%20el%20correo%20medplay93%2Bc01%40gmail.com%2C%20vence%20el%20*03%2F05%2F2026*%2C%20quer%C3%ADa%20saber%20si%20deseas%20*realizar%20la%20renovaci%C3%B3n*%2C%20tiene%20un%20costo%20de%20*%24%2012%2C900*.%0A%0A*PARA%20PAGOS%20POR%20NEQUI%20SOLICITAR%20EL%20QR%20POR%20FAVOR*
[2026-05-04 16:39:39.639] ✉️ Enviando…
[2026-05-04 16:39:42.813] ↩️ Enviado (Enter)
[2026-05-04 16:39:42.813] ⏳ Pausa post-envío: 12s…
[2026-05-04 16:39:54.815] 
[4/43] → 573148385983
[2026-05-04 16:39:54.815] 🔁 Abriendo chat (intento 1/3) con: https://web.whatsapp.com/send?phone=573148385983&text=Hola%20Juan%2C%20te%20escribimos%20de%20MEDPLAY.%0A%0A%E2%80%A2%20Tu%20Amazon%20(pantalla%205)%2C%20con%20el%20correo%20mxreya44%40gmail.com%2C%20vence%20el%20*03%2F05%2F2026*%2C%20quer%C3%ADa%20saber%20si%20deseas%20*realizar%20la%20renovaci%C3%B3n*%2C%20tiene%20un%20costo%20de%20*%24%207%2C900*.%0A%0A*PARA%20PAGOS%20POR%20NEQUI%20SOLICITAR%20EL%20QR%20POR%20FAVOR*
[2026-05-04 16:40:05.150] ✉️ Enviando…
[2026-05-04 16:40:05.824] ↩️ Enviado (Enter)
[2026-05-04 16:40:05.824] ⏳ Pausa post-envío: 12s…
[2026-05-04 16:40:17.834] 
[5/43] → 573214277571
[2026-05-04 16:40:17.835] 🔁 Abriendo chat (intento 1/3) con: https://web.whatsapp.com/send?phone=573214277571&text=Hola%2C%20te%20escribimos%20de%20MEDPLAY.%0A%0A%E2%80%A2%20Tu%20Crunchyroll%20(pantalla%204)%2C%20con%20el%20correo%20crunchr1209%40gmail.com%2C%20vence%20el%20*03%2F05%2F2026*%2C%20quer%C3%ADa%20saber%20si%20deseas%20*realizar%20la%20renovaci%C3%B3n*%2C%20tiene%20un%20costo%20de%20*%24%206%2C900*.%0A%0A*PARA%20PAGOS%20POR%20NEQUI%20SOLICITAR%20EL%20QR%20POR%20FAVOR*
[2026-05-04 16:40:21.501] ✉️ Enviando…
[2026-05-04 16:40:25.065] ↩️ Enviado (Enter)
[2026-05-04 16:40:25.065] ⏳ Pausa post-envío: 12s…
[2026-05-04 16:40:37.072] 
[6/43] → 573247726970
[2026-05-04 16:40:37.072] 🔁 Abriendo chat (intento 1/3) con: https://web.whatsapp.com/send?phone=573247726970&text=Hola%2C%20te%20escribimos%20de%20MEDPLAY.%0A%0A%E2%80%A2%20Tu%20VIX%20(pantalla%205)%2C%20con%20el%20correo%20medplay93%2Bqa8eh%40gmail.com%2C%20vence%20el%20*03%2F05%2F2026*%2C%20quer%C3%ADa%20saber%20si%20deseas%20*realizar%20la%20renovaci%C3%B3n*%2C%20tiene%20un%20costo%20de%20*%24%203%2C900*.%0A%E2%80%A2%20Tu%20Amazon%20(pantalla%206)%2C%20con%20el%20correo%20mxreya44%40gmail.com%2C%20vence%20el%20*03%2F05%2F2026*%2C%20quer%C3%ADa%20saber%20si%20deseas%20*realizar%20la%20renovaci%C3%B3n*%2C%20tiene%20un%20costo%20de%20*%24%207%2C900*.%0A%0A*PARA%20PAGOS%20POR%20NEQUI%20SOLICITAR%20EL%20QR%20POR%20FAVOR*
[2026-05-04 16:40:50.403] ✉️ Enviando…
[2026-05-04 16:40:51.003] ↩️ Enviado (Enter)
[2026-05-04 16:40:51.004] ⏳ Pausa post-envío: 12s…
[2026-05-04 16:41:03.008] 
[7/43] → 573144658592
[2026-05-04 16:41:03.008] 🔁 Abriendo chat (intento 1/3) con: https://web.whatsapp.com/send?phone=573144658592&text=Hola%2C%20te%20escribimos%20de%20MEDPLAY.%0A%0A%E2%80%A2%20Tu%20Crunchyroll%20(pantalla%204)%2C%20con%20el%20correo%20ppapacalcalit%40gmail.com%2C%20vence%20el%20*03%2F05%2F2026*%2C%20quer%C3%ADa%20saber%20si%20deseas%20*realizar%20la%20renovaci%C3%B3n*%2C%20tiene%20un%20costo%20de%20*%24%206%2C900*.%0A%0A*PARA%20PAGOS%20POR%20NEQUI%20SOLICITAR%20EL%20QR%20POR%20FAVOR*
[2026-05-04 16:41:06.923] ✉️ Enviando…
[2026-05-04 16:41:10.148] ↩️ Enviado (Enter)
[2026-05-04 16:41:10.148] ⏳ Pausa post-envío: 12s…
[2026-05-04 16:41:22.152] 
[8/43] → 573007688866
[2026-05-04 16:41:22.153] 🔁 Abriendo chat (intento 1/3) con: https://web.whatsapp.com/send?phone=573007688866&text=Hola%2C%20te%20escribimos%20de%20MEDPLAY.%0A%0A%E2%80%A2%20Tu%20Netflix%20(pantalla%205)%2C%20con%20el%20correo%20paige9498freda2001%2B2%40outlook.com%2C%20vence%20el%20*03%2F05%2F2026*%2C%20quer%C3%ADa%20saber%20si%20deseas%20*realizar%20la%20renovaci%C3%B3n*%2C%20tiene%20un%20costo%20de%20*%24%2014%2C900*.%0A%0A*PARA%20PAGOS%20POR%20NEQUI%20SOLICITAR%20EL%20QR%20POR%20FAVOR*
[2026-05-04 16:41:26.091] ✉️ Enviando…
[2026-05-04 16:41:28.994] ↩️ Enviado (Enter)
[2026-05-04 16:41:28.994] ⏳ Pausa post-envío: 12s…
[2026-05-04 16:41:41.006] 
[9/43] → 573507222562
[2026-05-04 16:41:41.006] 🔁 Abriendo chat (intento 1/3) con: https://web.whatsapp.com/send?phone=573507222562&text=Hola%2C%20te%20escribimos%20de%20MEDPLAY.%0A%0A%E2%80%A2%20Tu%20Disney%20Premium%20(pantalla%206)%2C%20con%20el%20correo%20medplay93%2Bc01%40gmail.com%2C%20vence%20el%20*04%2F05%2F2026*%2C%20quer%C3%ADa%20saber%20si%20deseas%20*realizar%20la%20renovaci%C3%B3n*%2C%20tiene%20un%20costo%20de%20*%24%2012%2C900*.%0A%0A*PARA%20PAGOS%20POR%20NEQUI%20SOLICITAR%20EL%20QR%20POR%20FAVOR*
[2026-05-04 16:41:45.370] ✉️ Enviando…
[2026-05-04 16:41:48.641] ↩️ Enviado (Enter)
[2026-05-04 16:41:48.642] ⏳ Pausa post-envío: 12s…
[2026-05-04 16:42:00.656] 
[10/43] → 573156566667
[2026-05-04 16:42:00.656] 🔁 Abriendo chat (intento 1/3) con: https://web.whatsapp.com/send?phone=573156566667&text=Hola%2C%20te%20escribimos%20de%20MEDPLAY.%0A%0A%E2%80%A2%20Tu%20Crunchyroll%20(pantalla%204)%2C%20con%20el%20correo%20medolayplanatt%40gmail.com%2C%20vence%20el%20*04%2F05%2F2026*%2C%20quer%C3%ADa%20saber%20si%20deseas%20*realizar%20la%20renovaci%C3%B3n*%2C%20tiene%20un%20costo%20de%20*%24%206%2C900*.%0A%0A*PARA%20PAGOS%20POR%20NEQUI%20SOLICITAR%20EL%20QR%20POR%20FAVOR*
[2026-05-04 16:42:04.850] ✉️ Enviando…
[2026-05-04 16:42:07.544] ↩️ Enviado (Enter)
[2026-05-04 16:42:07.544] ⏳ Pausa post-envío: 12s…
[2026-05-04 16:42:19.553] 
[11/43] → 573236276421
[2026-05-04 16:42:19.554] 🔁 Abriendo chat (intento 1/3) con: https://web.whatsapp.com/send?phone=573236276421&text=Hola%2C%20te%20escribimos%20de%20MEDPLAY.%0A%0A%E2%80%A2%20Tu%20Disney%20Premium%20(pantalla%207)%2C%20con%20el%20correo%20medplay93%2Bc01%40gmail.com%2C%20vence%20el%20*04%2F05%2F2026*%2C%20quer%C3%ADa%20saber%20si%20deseas%20*realizar%20la%20renovaci%C3%B3n*%2C%20tiene%20un%20costo%20de%20*%24%2012%2C900*.%0A%0A*PARA%20PAGOS%20POR%20NEQUI%20SOLICITAR%20EL%20QR%20POR%20FAVOR*
[2026-05-04 16:42:23.784] ✉️ Enviando…
[2026-05-04 16:42:26.788] ↩️ Enviado (Enter)
[2026-05-04 16:42:26.788] ⏳ Pausa post-envío: 12s…
[2026-05-04 16:42:38.790] 
[12/43] → 573043319108
[2026-05-04 16:42:38.791] 🔁 Abriendo chat (intento 1/3) con: https://web.whatsapp.com/send?phone=573043319108&text=Hola%2C%20te%20escribimos%20de%20MEDPLAY.%0A%0A%E2%80%A2%20Tu%20Crunchyroll%20(pantalla%206)%2C%20con%20el%20correo%20crunchr1209%40gmail.com%2C%20vence%20el%20*04%2F05%2F2026*%2C%20quer%C3%ADa%20saber%20si%20deseas%20*realizar%20la%20renovaci%C3%B3n*%2C%20tiene%20un%20costo%20de%20*%24%206%2C900*.%0A%0A*PARA%20PAGOS%20POR%20NEQUI%20SOLICITAR%20EL%20QR%20POR%20FAVOR*
[2026-05-04 16:42:43.032] ✉️ Enviando…
[2026-05-04 16:42:47.032] ↩️ Enviado (Enter)
[2026-05-04 16:42:47.033] ⏳ Pausa post-envío: 12s…
[2026-05-04 16:42:59.042] 
[13/43] → 573213931906
[2026-05-04 16:42:59.043] 🔁 Abriendo chat (intento 1/3) con: https://web.whatsapp.com/send?phone=573213931906&text=Hola%2C%20te%20escribimos%20de%20MEDPLAY.%0A%0A%E2%80%A2%20Tu%20VIX%20(pantalla%201)%2C%20con%20el%20correo%20medplay93%2Bvj3y1%40gmail.com%2C%20vence%20el%20*04%2F05%2F2026*%2C%20quer%C3%ADa%20saber%20si%20deseas%20*realizar%20la%20renovaci%C3%B3n*%2C%20tiene%20un%20costo%20de%20*%24%203%2C900*.%0A%E2%80%A2%20Tu%20Netflix%20(pantalla%201)%2C%20con%20el%20correo%20guadalupekeisha276101987%2B6%40hotmail.com%2C%20vence%20el%20*04%2F05%2F2026*%2C%20quer%C3%ADa%20saber%20si%20deseas%20*realizar%20la%20renovaci%C3%B3n*%2C%20tiene%20un%20costo%20de%20*%24%2014%2C900*.%0A%0A*PARA%20PAGOS%20POR%20NEQUI%20SOLICITAR%20EL%20QR%20POR%20FAVOR*
[2026-05-04 16:43:03.876] ✉️ Enviando…
[2026-05-04 16:43:07.612] ↩️ Enviado (Enter)
[2026-05-04 16:43:07.613] ⏳ Pausa post-envío: 12s…
[2026-05-04 16:43:19.616] 
[14/43] → 573135407993
[2026-05-04 16:43:19.617] 🔁 Abriendo chat (intento 1/3) con: https://web.whatsapp.com/send?phone=573135407993&text=Hola%20Espaciosclimatizados%2C%20te%20escribimos%20de%20MEDPLAY.%0A%0A%E2%80%A2%20Tu%20Disney%20Premium%20(pantalla%204)%2C%20con%20el%20correo%20medplay93%2Blc%40gmail.com%2C%20vence%20el%20*04%2F05%2F2026*%2C%20quer%C3%ADa%20saber%20si%20deseas%20*realizar%20la%20renovaci%C3%B3n*%2C%20tiene%20un%20costo%20de%20*%24%2012%2C900*.%0A%0A*PARA%20PAGOS%20POR%20NEQUI%20SOLICITAR%20EL%20QR%20POR%20FAVOR*
[2026-05-04 16:43:30.018] ✉️ Enviando…
[2026-05-04 16:43:31.139] ↩️ Enviado (Enter)
[2026-05-04 16:43:31.139] ⏳ Pausa post-envío: 12s…
[2026-05-04 16:43:43.153] 
[15/43] → 573246557811
[2026-05-04 16:43:43.153] 🔁 Abriendo chat (intento 1/3) con: https://web.whatsapp.com/send?phone=573246557811&text=Hola%20Thomas%2C%20te%20escribimos%20de%20MEDPLAY.%0A%0A%E2%80%A2%20Tu%20Crunchyroll%20(pantalla%203)%2C%20con%20el%20correo%20alessandraprinciotta065%40hotmail.com%2C%20vence%20el%20*05%2F05%2F2026*%2C%20quer%C3%ADa%20saber%20si%20deseas%20*realizar%20la%20renovaci%C3%B3n*%2C%20tiene%20un%20costo%20de%20*%24%204%2C900*.%0A%0A*PARA%20PAGOS%20POR%20NEQUI%20SOLICITAR%20EL%20QR%20POR%20FAVOR*
[2026-05-04 16:43:47.376] ✉️ Enviando…
[2026-05-04 16:43:50.763] ↩️ Enviado (Enter)
[2026-05-04 16:43:50.763] ⏳ Pausa post-envío: 12s…
[2026-05-04 16:44:02.773] 
[16/43] → 573126652559
[2026-05-04 16:44:02.773] 🔁 Abriendo chat (intento 1/3) con: https://web.whatsapp.com/send?phone=573126652559&text=Hola%20Angie%2C%20te%20escribimos%20de%20MEDPLAY.%0A%0A%E2%80%A2%20Tu%20Netflix%20(pantalla%205)%2C%20con%20el%20correo%20guadalupekeisha276101987%2B6%40hotmail.com%2C%20vence%20el%20*05%2F05%2F2026*%2C%20quer%C3%ADa%20saber%20si%20deseas%20*realizar%20la%20renovaci%C3%B3n*%2C%20tiene%20un%20costo%20de%20*%24%2014%2C900*.%0A%E2%80%A2%20Tu%20Amazon%20(pantalla%202)%2C%20con%20el%20correo%20mxreya44%40gmail.com%2C%20vence%20el%20*05%2F05%2F2026*%2C%20quer%C3%ADa%20saber%20si%20deseas%20*realizar%20la%20renovaci%C3%B3n*%2C%20tiene%20un%20costo%20de%20*%24%207%2C900*.%0A%0A*PARA%20PAGOS%20POR%20NEQUI%20SOLICITAR%20EL%20QR%20POR%20FAVOR*
[2026-05-04 16:44:06.928] ✉️ Enviando…
[2026-05-04 16:44:10.494] ↩️ Enviado (Enter)
[2026-05-04 16:44:10.494] ⏳ Pausa post-envío: 12s…
[2026-05-04 16:44:22.503] 
[17/43] → 573245014566
[2026-05-04 16:44:22.503] 🔁 Abriendo chat (intento 1/3) con: https://web.whatsapp.com/send?phone=573245014566&text=Hola%20Sebastian%2C%20te%20escribimos%20de%20MEDPLAY.%0A%0A%E2%80%A2%20Tu%20Disney%20(pantalla%206)%2C%20con%20el%20correo%20medplay93%2Bdis5%40gmail.com%2C%20vence%20el%20*05%2F05%2F2026*%2C%20quer%C3%ADa%20saber%20si%20deseas%20*realizar%20la%20renovaci%C3%B3n*%2C%20tiene%20un%20costo%20de%20*%24%207%2C900*.%0A%0A*PARA%20PAGOS%20POR%20NEQUI%20SOLICITAR%20EL%20QR%20POR%20FAVOR*
[2026-05-04 16:44:36.000] ✉️ Enviando…
[2026-05-04 16:44:36.820] ↩️ Enviado (Enter)
[2026-05-04 16:44:36.821] ⏳ Pausa post-envío: 12s…
[2026-05-04 16:44:48.823] 
[18/43] → 573136691644
[2026-05-04 16:44:48.824] 🔁 Abriendo chat (intento 1/3) con: https://web.whatsapp.com/send?phone=573136691644&text=Hola%20Jherson%2C%20te%20escribimos%20de%20MEDPLAY.%0A%0A%E2%80%A2%20Tu%20Crunchyroll%20(pantalla%203)%2C%20con%20el%20correo%20colleenyaw4642%40hotmail.com%2C%20vence%20el%20*05%2F05%2F2026*%2C%20quer%C3%ADa%20saber%20si%20deseas%20*realizar%20la%20renovaci%C3%B3n*%2C%20tiene%20un%20costo%20de%20*%24%204%2C900*.%0A%0A*PARA%20PAGOS%20POR%20NEQUI%20SOLICITAR%20EL%20QR%20POR%20FAVOR*
[2026-05-04 16:44:53.700] ✉️ Enviando…
[2026-05-04 16:44:56.780] ↩️ Enviado (Enter)
[2026-05-04 16:44:56.781] ⏳ Pausa post-envío: 12s…
[2026-05-04 16:45:08.791] 
[19/43] → 573197535297
[2026-05-04 16:45:08.792] 🔁 Abriendo chat (intento 1/3) con: https://web.whatsapp.com/send?phone=573197535297&text=Hola%20%2B57%2C%20te%20escribimos%20de%20MEDPLAY.%0A%0A%E2%80%A2%20Tu%20Crunchyroll%20(pantalla%204)%2C%20con%20el%20correo%20colleenyaw4642%40hotmail.com%2C%20vence%20el%20*05%2F05%2F2026*%2C%20quer%C3%ADa%20saber%20si%20deseas%20*realizar%20la%20renovaci%C3%B3n*%2C%20tiene%20un%20costo%20de%20*%24%204%2C900*.%0A%0A*PARA%20PAGOS%20POR%20NEQUI%20SOLICITAR%20EL%20QR%20POR%20FAVOR*
[2026-05-04 16:45:14.128] ✉️ Enviando…
[2026-05-04 16:45:17.251] ↩️ Enviado (Enter)
[2026-05-04 16:45:17.251] ⏳ Pausa post-envío: 12s…
[2026-05-04 16:45:29.262] 
[20/43] → 573233761006
[2026-05-04 16:45:29.263] 🔁 Abriendo chat (intento 1/3) con: https://web.whatsapp.com/send?phone=573233761006&text=Hola%20Deison%2C%20te%20escribimos%20de%20MEDPLAY.%0A%0A%E2%80%A2%20Tu%20Crunchyroll%20(pantalla%205)%2C%20con%20el%20correo%20colleenyaw4642%40hotmail.com%2C%20vence%20el%20*05%2F05%2F2026*%2C%20quer%C3%ADa%20saber%20si%20deseas%20*realizar%20la%20renovaci%C3%B3n*%2C%20tiene%20un%20costo%20de%20*%24%204%2C900*.%0A%0A*PARA%20PAGOS%20POR%20NEQUI%20SOLICITAR%20EL%20QR%20POR%20FAVOR*
[2026-05-04 16:45:33.406] ✉️ Enviando…
[2026-05-04 16:45:37.326] ↩️ Enviado (Enter)
[2026-05-04 16:45:37.326] ⏳ Pausa post-envío: 12s…
[2026-05-04 16:45:49.341] 
[21/43] → 573116785727
[2026-05-04 16:45:49.341] 🔁 Abriendo chat (intento 1/3) con: https://web.whatsapp.com/send?phone=573116785727&text=Hola%20Roberto%2C%20te%20escribimos%20de%20MEDPLAY.%0A%0A%E2%80%A2%20Tu%20Crunchyroll%20(pantalla%201)%2C%20con%20el%20correo%20christieprocsal5461%40hotmail.com%2C%20vence%20el%20*05%2F05%2F2026*%2C%20quer%C3%ADa%20saber%20si%20deseas%20*realizar%20la%20renovaci%C3%B3n*%2C%20tiene%20un%20costo%20de%20*%24%204%2C900*.%0A%0A*PARA%20PAGOS%20POR%20NEQUI%20SOLICITAR%20EL%20QR%20POR%20FAVOR*
[2026-05-04 16:45:53.844] ✉️ Enviando…
[2026-05-04 16:45:57.694] ↩️ Enviado (Enter)
[2026-05-04 16:45:57.694] ⏳ Pausa post-envío: 12s…
[2026-05-04 16:46:09.709] 
[22/43] → 573044337640
[2026-05-04 16:46:09.710] 🔁 Abriendo chat (intento 1/3) con: https://web.whatsapp.com/send?phone=573044337640&text=Hola%20Tatiana%2C%20te%20escribimos%20de%20MEDPLAY.%0A%0A%E2%80%A2%20Tu%20Spotify%2C%20con%20el%20correo%20rblanditow%40gmail.com%2C%20vence%20el%20*04%2F05%2F2026*%2C%20quer%C3%ADa%20saber%20si%20deseas%20*realizar%20la%20renovaci%C3%B3n*%2C%20tiene%20un%20costo%20de%20*%24%2016%2C900*.%0A%0A*PARA%20PAGOS%20POR%20NEQUI%20SOLICITAR%20EL%20QR%20POR%20FAVOR*
[2026-05-04 16:46:21.740] ✉️ Enviando…
[2026-05-04 16:46:22.838] ↩️ Enviado (Enter)
[2026-05-04 16:46:22.838] ⏳ Pausa post-envío: 12s…
[2026-05-04 16:46:34.848] 
[23/43] → 573045703949
[2026-05-04 16:46:34.848] 🔁 Abriendo chat (intento 1/3) con: https://web.whatsapp.com/send?phone=573045703949&text=Hola%20Yhon%2C%20te%20escribimos%20de%20MEDPLAY.%0A%0A%E2%80%A2%20Tu%20Spotify%2C%20con%20el%20correo%20corneliof14%40gmail.com%2C%20vence%20el%20*05%2F05%2F2026*%2C%20quer%C3%ADa%20saber%20si%20deseas%20*realizar%20la%20renovaci%C3%B3n*%2C%20tiene%20un%20costo%20de%20*%24%2016%2C900*.%0A%0A*PARA%20PAGOS%20POR%20NEQUI%20SOLICITAR%20EL%20QR%20POR%20FAVOR*
[2026-05-04 16:46:39.478] ✉️ Enviando…
[2026-05-04 16:46:43.280] ↩️ Enviado (Enter)
[2026-05-04 16:46:43.281] ⏳ Pausa post-envío: 12s…
[2026-05-04 16:46:55.283] 
[24/43] → 573173473215
[2026-05-04 16:46:55.283] 🔁 Abriendo chat (intento 1/3) con: https://web.whatsapp.com/send?phone=573173473215&text=Hola%20Phoenix%2C%20te%20escribimos%20de%20MEDPLAY.%0A%0A%E2%80%A2%20Tu%20ChatGPT%2C%20con%20el%20correo%2031jmvargas%40gmail.com%2C%20vence%20el%20*04%2F05%2F2026*%2C%20quer%C3%ADa%20saber%20si%20deseas%20*realizar%20la%20renovaci%C3%B3n*%2C%20tiene%20un%20costo%20de%20*%24%2016%2C900*.%0A%0A*PARA%20PAGOS%20POR%20NEQUI%20SOLICITAR%20EL%20QR%20POR%20FAVOR*
[2026-05-04 16:46:59.256] ✉️ Enviando…
[2026-05-04 16:47:02.293] ↩️ Enviado (Enter)
[2026-05-04 16:47:02.293] ⏳ Pausa post-envío: 12s…
[2026-05-04 16:47:14.309] 
[25/43] → 13462103022
[2026-05-04 16:47:14.309] 🔁 Abriendo chat (intento 1/3) con: https://web.whatsapp.com/send?phone=13462103022&text=Hola%2C%20te%20escribimos%20de%20MEDPLAY.%0A%0A%E2%80%A2%20Tu%20Youtube%2C%20con%20el%20correo%20alejo931031suarez%40gmail.com%2C%20vence%20el%20*04%2F05%2F2026*%2C%20quer%C3%ADa%20saber%20si%20deseas%20*realizar%20la%20renovaci%C3%B3n*%2C%20tiene%20un%20costo%20de%20*%24%207%2C900*.%0A%0A*PARA%20PAGOS%20POR%20NEQUI%20SOLICITAR%20EL%20QR%20POR%20FAVOR*
[2026-05-04 16:47:18.746] ✉️ Enviando…
[2026-05-04 16:47:21.759] ↩️ Enviado (Enter)
[2026-05-04 16:47:21.760] ⏳ Pausa post-envío: 12s…
[2026-05-04 16:47:33.762] 
[26/43] → 573222232104
[2026-05-04 16:47:33.763] 🔁 Abriendo chat (intento 1/3) con: https://web.whatsapp.com/send?phone=573222232104&text=Hola%2C%20te%20escribimos%20de%20MEDPLAY.%0A%0A%E2%80%A2%20Tu%20Youtube%2C%20con%20el%20correo%20salpiro73%40gmil.com%2C%20vence%20el%20*04%2F05%2F2026*%2C%20quer%C3%ADa%20saber%20si%20deseas%20*realizar%20la%20renovaci%C3%B3n*%2C%20tiene%20un%20costo%20de%20*%24%207%2C900*.%0A%0A*PARA%20PAGOS%20POR%20NEQUI%20SOLICITAR%20EL%20QR%20POR%20FAVOR*
[2026-05-04 16:47:37.892] ✉️ Enviando…
[2026-05-04 16:47:40.825] ↩️ Enviado (Enter)
[2026-05-04 16:47:40.825] ⏳ Pausa post-envío: 12s…
[2026-05-04 16:47:52.835] 
[27/43] → 573155059250
[2026-05-04 16:47:52.835] 🔁 Abriendo chat (intento 1/3) con: https://web.whatsapp.com/send?phone=573155059250&text=Hola%20%2B57%2C%20te%20escribimos%20de%20MEDPLAY.%0A%0A%E2%80%A2%20Tu%20Youtube%2C%20con%20el%20correo%20santiaginarvaez%40gmail.com%2C%20vence%20el%20*04%2F05%2F2026*%2C%20quer%C3%ADa%20saber%20si%20deseas%20*realizar%20la%20renovaci%C3%B3n*%2C%20tiene%20un%20costo%20de%20*%24%207%2C900*.%0A%0A*PARA%20PAGOS%20POR%20NEQUI%20SOLICITAR%20EL%20QR%20POR%20FAVOR*
[2026-05-04 16:47:57.339] ✉️ Enviando…
[2026-05-04 16:48:00.162] ↩️ Enviado (Enter)
[2026-05-04 16:48:00.163] ⏳ Pausa post-envío: 12s…
[2026-05-04 16:48:12.177] 
[28/43] → 573218923419
[2026-05-04 16:48:12.178] 🔁 Abriendo chat (intento 1/3) con: https://web.whatsapp.com/send?phone=573218923419&text=Hola%2C%20te%20escribimos%20de%20MEDPLAY.%0A%0A%E2%80%A2%20Tu%20Youtube%2C%20con%20el%20correo%20martin8.0000wq%40gmail.com%2C%20vence%20el%20*04%2F05%2F2026*%2C%20quer%C3%ADa%20saber%20si%20deseas%20*realizar%20la%20renovaci%C3%B3n*%2C%20tiene%20un%20costo%20de%20*%24%207%2C900*.%0A%0A*PARA%20PAGOS%20POR%20NEQUI%20SOLICITAR%20EL%20QR%20POR%20FAVOR*
[2026-05-04 16:48:16.482] ✉️ Enviando…
[2026-05-04 16:48:19.795] ↩️ Enviado (Enter)
[2026-05-04 16:48:19.795] ⏳ Pausa post-envío: 12s…
[2026-05-04 16:48:31.796] 
[29/43] → 573124998937
[2026-05-04 16:48:31.797] 🔁 Abriendo chat (intento 1/3) con: https://web.whatsapp.com/send?phone=573124998937&text=Hola%2C%20te%20escribimos%20de%20MEDPLAY.%0A%0A%E2%80%A2%20Tu%20Youtube%2C%20con%20el%20correo%20connyreyesferreira.09%40gmail.com%2C%20vence%20el%20*04%2F05%2F2026*%2C%20quer%C3%ADa%20saber%20si%20deseas%20*realizar%20la%20renovaci%C3%B3n*%2C%20tiene%20un%20costo%20de%20*%24%207%2C900*.%0A%0A*PARA%20PAGOS%20POR%20NEQUI%20SOLICITAR%20EL%20QR%20POR%20FAVOR*
[2026-05-04 16:48:36.434] ✉️ Enviando…
[2026-05-04 16:48:39.152] ↩️ Enviado (Enter)
[2026-05-04 16:48:39.152] ⏳ Pausa post-envío: 12s…
[2026-05-04 16:48:51.166] 
[30/43] → 573015153370
[2026-05-04 16:48:51.167] 🔁 Abriendo chat (intento 1/3) con: https://web.whatsapp.com/send?phone=573015153370&text=Hola%20%2B57%2C%20te%20escribimos%20de%20MEDPLAY.%0A%0A%E2%80%A2%20Tu%20ChatGPT%2C%20con%20el%20correo%20sandramolinazuleta%40gmail.com%2C%20vence%20el%20*04%2F05%2F2026*%2C%20quer%C3%ADa%20saber%20si%20deseas%20*realizar%20la%20renovaci%C3%B3n*%2C%20tiene%20un%20costo%20de%20*%24%2016%2C900*.%0A%0A*PARA%20PAGOS%20POR%20NEQUI%20SOLICITAR%20EL%20QR%20POR%20FAVOR*
[2026-05-04 16:49:01.855] ✉️ Enviando…
[2026-05-04 16:49:02.964] ↩️ Enviado (Enter)
[2026-05-04 16:49:02.964] ⏳ Pausa post-envío: 12s…
[2026-05-04 16:49:14.975] 
[31/43] → 573114445886
[2026-05-04 16:49:14.975] 🔁 Abriendo chat (intento 1/3) con: https://web.whatsapp.com/send?phone=573114445886&text=Hola%20Franck%2C%20te%20escribimos%20de%20MEDPLAY.%0A%0A%E2%80%A2%20Tu%20Youtube%2C%20con%20el%20correo%20fdelgadoyt04%40gmail.com%2C%20vence%20el%20*04%2F05%2F2026*%2C%20quer%C3%ADa%20saber%20si%20deseas%20*realizar%20la%20renovaci%C3%B3n*%2C%20tiene%20un%20costo%20de%20*%24%207%2C900*.%0A%0A*PARA%20PAGOS%20POR%20NEQUI%20SOLICITAR%20EL%20QR%20POR%20FAVOR*
[2026-05-04 16:49:21.109] ✉️ Enviando…
[2026-05-04 16:49:29.524] ↩️ Enviado (Enter)
[2026-05-04 16:49:29.525] ⏳ Pausa post-envío: 12s…
[2026-05-04 16:49:41.534] 
[32/43] → 573238080720
[2026-05-04 16:49:41.538] 🔁 Abriendo chat (intento 1/3) con: https://web.whatsapp.com/send?phone=573238080720&text=Hola%20Christopher%2C%20te%20escribimos%20de%20MEDPLAY.%0A%0A%E2%80%A2%20Tu%20ChatGPT%2C%20con%20el%20correo%20chrisgonzalez0720%40gmail.com%2C%20vence%20el%20*04%2F05%2F2026*%2C%20quer%C3%ADa%20saber%20si%20deseas%20*realizar%20la%20renovaci%C3%B3n*%2C%20tiene%20un%20costo%20de%20*%24%2016%2C900*.%0A%0A*PARA%20PAGOS%20POR%20NEQUI%20SOLICITAR%20EL%20QR%20POR%20FAVOR*
[2026-05-04 16:49:48.221] ✉️ Enviando…
[2026-05-04 16:49:55.243] ↩️ Enviado (Enter)
[2026-05-04 16:49:55.244] ⏳ Pausa post-envío: 12s…
[2026-05-04 16:50:07.247] 
[33/43] → 573104852022
[2026-05-04 16:50:07.247] 🔁 Abriendo chat (intento 1/3) con: https://web.whatsapp.com/send?phone=573104852022&text=Hola%20%2B57%2C%20te%20escribimos%20de%20MEDPLAY.%0A%0A%E2%80%A2%20Tu%20Youtube%2C%20con%20el%20correo%20churoabejas%40gmail.com%2C%20vence%20el%20*04%2F05%2F2026*%2C%20quer%C3%ADa%20saber%20si%20deseas%20*realizar%20la%20renovaci%C3%B3n*%2C%20tiene%20un%20costo%20de%20*%24%207%2C900*.%0A%0A*PARA%20PAGOS%20POR%20NEQUI%20SOLICITAR%20EL%20QR%20POR%20FAVOR*
[2026-05-04 16:50:13.411] ✉️ Enviando…
[2026-05-04 16:50:22.172] ↩️ Enviado (Enter)
[2026-05-04 16:50:22.172] ⏳ Pausa post-envío: 12s…
[2026-05-04 16:50:34.183] 
[34/43] → 573022006664
[2026-05-04 16:50:34.184] 🔁 Abriendo chat (intento 1/3) con: https://web.whatsapp.com/send?phone=573022006664&text=Hola%20%2B57%2C%20te%20escribimos%20de%20MEDPLAY.%0A%0A%E2%80%A2%20Tu%20Youtube%2C%20con%20el%20correo%20ensunchoalvaro78%40gmail.com%2C%20vence%20el%20*04%2F05%2F2026*%2C%20quer%C3%ADa%20saber%20si%20deseas%20*realizar%20la%20renovaci%C3%B3n*%2C%20tiene%20un%20costo%20de%20*%24%207%2C900*.%0A%0A*PARA%20PAGOS%20POR%20NEQUI%20SOLICITAR%20EL%20QR%20POR%20FAVOR*
[2026-05-04 16:50:40.598] ✉️ Enviando…
[2026-05-04 16:50:48.986] ↩️ Enviado (Enter)
[2026-05-04 16:50:48.987] ⏳ Pausa post-envío: 12s…
[2026-05-04 16:51:00.991] 
[35/43] → 573225026687
[2026-05-04 16:51:00.991] 🔁 Abriendo chat (intento 1/3) con: https://web.whatsapp.com/send?phone=573225026687&text=Hola%2C%20te%20escribimos%20de%20MEDPLAY.%0A%0A%E2%80%A2%20Tu%20Youtube%2C%20con%20el%20correo%20bedoyacesar737%40gmail.com%2C%20vence%20el%20*04%2F05%2F2026*%2C%20quer%C3%ADa%20saber%20si%20deseas%20*realizar%20la%20renovaci%C3%B3n*%2C%20tiene%20un%20costo%20de%20*%24%207%2C900*.%0A%0A*PARA%20PAGOS%20POR%20NEQUI%20SOLICITAR%20EL%20QR%20POR%20FAVOR*
[2026-05-04 16:51:10.459] ✉️ Enviando…
[2026-05-04 16:51:15.820] ↩️ Enviado (Enter)
[2026-05-04 16:51:15.821] ⏳ Pausa post-envío: 12s…
[2026-05-04 16:51:27.827] 
[36/43] → 573053025304
[2026-05-04 16:51:27.827] 🔁 Abriendo chat (intento 1/3) con: https://web.whatsapp.com/send?phone=573053025304&text=Hola%20Ricardo%2C%20te%20escribimos%20de%20MEDPLAY.%0A%0A%E2%80%A2%20Tu%20Youtube%2C%20con%20el%20correo%20bibliotecavirtualissaa%40gmail.com%2C%20vence%20el%20*04%2F05%2F2026*%2C%20quer%C3%ADa%20saber%20si%20deseas%20*realizar%20la%20renovaci%C3%B3n*%2C%20tiene%20un%20costo%20de%20*%24%207%2C900*.%0A%0A*PARA%20PAGOS%20POR%20NEQUI%20SOLICITAR%20EL%20QR%20POR%20FAVOR*
[2026-05-04 16:51:36.921] ✉️ Enviando…
[2026-05-04 16:51:41.579] ↩️ Enviado (Enter)
[2026-05-04 16:51:41.579] ⏳ Pausa post-envío: 12s…
[2026-05-04 16:51:53.582] 
[37/43] → 573186793697
[2026-05-04 16:51:53.582] 🔁 Abriendo chat (intento 1/3) con: https://web.whatsapp.com/send?phone=573186793697&text=Hola%20%2B57%2C%20te%20escribimos%20de%20MEDPLAY.%0A%0A%E2%80%A2%20Tu%20Youtube%2C%20con%20el%20correo%20mayoremre%40gmail.com%2C%20vence%20el%20*05%2F05%2F2026*%2C%20quer%C3%ADa%20saber%20si%20deseas%20*realizar%20la%20renovaci%C3%B3n*%2C%20tiene%20un%20costo%20de%20*%24%207%2C900*.%0A%0A*PARA%20PAGOS%20POR%20NEQUI%20SOLICITAR%20EL%20QR%20POR%20FAVOR*
[2026-05-04 16:51:59.905] ✉️ Enviando…
[2026-05-04 16:52:09.076] ↩️ Enviado (Enter)
[2026-05-04 16:52:09.076] ⏳ Pausa post-envío: 12s…
[2026-05-04 16:52:21.089] 
[38/43] → 573134796943
[2026-05-04 16:52:21.089] 🔁 Abriendo chat (intento 1/3) con: https://web.whatsapp.com/send?phone=573134796943&text=Hola%20%2B57%2C%20te%20escribimos%20de%20MEDPLAY.%0A%0A%E2%80%A2%20Tu%20Youtube%2C%20con%20el%20correo%20ruizeduin260%40gmail.com%2C%20vence%20el%20*05%2F05%2F2026*%2C%20quer%C3%ADa%20saber%20si%20deseas%20*realizar%20la%20renovaci%C3%B3n*%2C%20tiene%20un%20costo%20de%20*%24%207%2C900*.%0A%0A*PARA%20PAGOS%20POR%20NEQUI%20SOLICITAR%20EL%20QR%20POR%20FAVOR*
[2026-05-04 16:52:30.551] ✉️ Enviando…
[2026-05-04 16:52:36.871] ↩️ Enviado (Enter)
[2026-05-04 16:52:36.871] ⏳ Pausa post-envío: 12s…
[2026-05-04 16:52:48.879] 
[39/43] → 573012415794
[2026-05-04 16:52:48.882] 🔁 Abriendo chat (intento 1/3) con: https://web.whatsapp.com/send?phone=573012415794&text=Hola%20Rafel%2C%20te%20escribimos%20de%20MEDPLAY.%0A%0A%E2%80%A2%20Tu%20Youtube%2C%20con%20el%20correo%20rafaramirez8160%40gmail.com%2C%20vence%20el%20*05%2F05%2F2026*%2C%20quer%C3%ADa%20saber%20si%20deseas%20*realizar%20la%20renovaci%C3%B3n*%2C%20tiene%20un%20costo%20de%20*%24%207%2C900*.%0A%0A*PARA%20PAGOS%20POR%20NEQUI%20SOLICITAR%20EL%20QR%20POR%20FAVOR*
[2026-05-04 16:52:55.391] ✉️ Enviando…
[2026-05-04 16:53:04.684] ↩️ Enviado (Enter)
[2026-05-04 16:53:04.685] ⏳ Pausa post-envío: 12s…
[2026-05-04 16:53:16.695] 
[40/43] → 573107965420
[2026-05-04 16:53:16.695] 🔁 Abriendo chat (intento 1/3) con: https://web.whatsapp.com/send?phone=573107965420&text=Hola%20Ruben%2C%20te%20escribimos%20de%20MEDPLAY.%0A%0A%E2%80%A2%20Tu%20Youtube%2C%20con%20el%20correo%20rubenrcayon00%40gmail.com%2C%20vence%20el%20*05%2F05%2F2026*%2C%20quer%C3%ADa%20saber%20si%20deseas%20*realizar%20la%20renovaci%C3%B3n*%2C%20tiene%20un%20costo%20de%20*%24%207%2C900*.%0A%0A*PARA%20PAGOS%20POR%20NEQUI%20SOLICITAR%20EL%20QR%20POR%20FAVOR*
[2026-05-04 16:53:23.536] ✉️ Enviando…
[2026-05-04 16:53:38.264] ↩️ Enviado (Enter)
[2026-05-04 16:53:38.265] ⏳ Pausa post-envío: 12s…
[2026-05-04 16:53:50.280] 
[41/43] → 573212887602
[2026-05-04 16:53:50.281] 🔁 Abriendo chat (intento 1/3) con: https://web.whatsapp.com/send?phone=573212887602&text=Hola%20Wilber%2C%20te%20escribimos%20de%20MEDPLAY.%0A%0A%E2%80%A2%20Tu%20Youtube%2C%20con%20el%20correo%20pinzondj01%40gmail.com%2C%20vence%20el%20*05%2F05%2F2026*%2C%20quer%C3%ADa%20saber%20si%20deseas%20*realizar%20la%20renovaci%C3%B3n*%2C%20tiene%20un%20costo%20de%20*%24%207%2C900*.%0A%0A*PARA%20PAGOS%20POR%20NEQUI%20SOLICITAR%20EL%20QR%20POR%20FAVOR*
[2026-05-04 16:53:57.989] ✉️ Enviando…
[2026-05-04 16:54:12.747] ↩️ Enviado (Enter)
[2026-05-04 16:54:12.748] ⏳ Pausa post-envío: 12s…
[2026-05-04 16:54:24.759] 
[42/43] → 573143959126
[2026-05-04 16:54:24.760] 🔁 Abriendo chat (intento 1/3) con: https://web.whatsapp.com/send?phone=573143959126&text=Hola%20Lui%2C%20te%20escribimos%20de%20MEDPLAY.%0A%0A%E2%80%A2%20Tu%20Spotify%2C%20con%20el%20correo%20spo%40spo.com%2C%20vence%20el%20*05%2F05%2F2026*%2C%20quer%C3%ADa%20saber%20si%20deseas%20*realizar%20la%20renovaci%C3%B3n*%2C%20tiene%20un%20costo%20de%20*%24%2012%2C900*.%0A%0A*PARA%20PAGOS%20POR%20NEQUI%20SOLICITAR%20EL%20QR%20POR%20FAVOR*
[2026-05-04 16:54:33.465] ✉️ Enviando…
[2026-05-04 16:54:40.844] ↩️ Enviado (Enter)
[2026-05-04 16:54:40.845] ⏳ Pausa post-envío: 12s…
[2026-05-04 16:54:52.852] 
[43/43] → 573222577844
[2026-05-04 16:54:52.852] 🔁 Abriendo chat (intento 1/3) con: https://web.whatsapp.com/send?phone=573222577844&text=Hola%20Sofia%2C%20te%20escribimos%20de%20MEDPLAY.%0A%0A%E2%80%A2%20Tu%20Youtube%2C%20con%20el%20correo%20cuentayousof17%40gmail.com%2C%20vence%20el%20*05%2F05%2F2026*%2C%20quer%C3%ADa%20saber%20si%20deseas%20*realizar%20la%20renovaci%C3%B3n*%2C%20tiene%20un%20costo%20de%20*%24%207%2C900*.%0A%0A*PARA%20PAGOS%20POR%20NEQUI%20SOLICITAR%20EL%20QR%20POR%20FAVOR*
[2026-05-04 16:54:59.365] ✉️ Enviando…
[2026-05-04 16:55:06.475] ↩️ Enviado (Enter)
[2026-05-04 16:55:06.475] ⏳ Pausa post-envío: 12s…
[2026-05-04 16:55:18.488] 
✅ Finalizado. Enviados: 43. Omitidos: 0.
[2026-05-04 16:55:18.489] ℹ️ Navegador dejado abierto para revisión manual.
[2026-05-05 14:38:50.480] 📨 Enviaré 26 mensaje(s).
[2026-05-05 14:38:50.481] 🚀 Lanzando script de navegador: C:\Users\Santiago\medplay\scripts\start-edge-wa.bat
[2026-05-05 14:38:50.493] ⏳ Esperando CDP…
[2026-05-05 14:38:55.211] 🟡 Preparando WhatsApp Web…
[2026-05-05 14:39:35.969] ✅ WhatsApp Web listo.
[2026-05-05 14:39:35.970] 
[1/26] → 573246557811
[2026-05-05 14:39:35.971] 🔁 Abriendo chat (intento 1/3) con: https://web.whatsapp.com/send?phone=573246557811&text=Hola%20Thomas%2C%20te%20escribimos%20de%20MEDPLAY.%0A%0A%E2%80%A2%20Tu%20Crunchyroll%20(pantalla%203)%2C%20con%20el%20correo%20alessandraprinciotta065%40hotmail.com%2C%20vence%20el%20*05%2F05%2F2026*%2C%20quer%C3%ADa%20saber%20si%20deseas%20*realizar%20la%20renovaci%C3%B3n*%2C%20tiene%20un%20costo%20de%20*%24%204%2C900*.%0A%0A*PARA%20PAGOS%20POR%20NEQUI%20SOLICITAR%20EL%20QR%20POR%20FAVOR*
[2026-05-05 14:39:40.513] ✉️ Enviando…
[2026-05-05 14:39:43.928] ↩️ Enviado (Enter)
[2026-05-05 14:39:43.928] ⏳ Pausa post-envío: 12s…
[2026-05-05 14:39:55.939] 
[2/26] → 573126652559
[2026-05-05 14:39:55.940] 🔁 Abriendo chat (intento 1/3) con: https://web.whatsapp.com/send?phone=573126652559&text=Hola%20Angie%2C%20te%20escribimos%20de%20MEDPLAY.%0A%0A%E2%80%A2%20Tu%20Netflix%20(pantalla%205)%2C%20con%20el%20correo%20guadalupekeisha276101987%2B6%40hotmail.com%2C%20vence%20el%20*05%2F05%2F2026*%2C%20quer%C3%ADa%20saber%20si%20deseas%20*realizar%20la%20renovaci%C3%B3n*%2C%20tiene%20un%20costo%20de%20*%24%2014%2C900*.%0A%E2%80%A2%20Tu%20Amazon%20(pantalla%202)%2C%20con%20el%20correo%20mxreya44%40gmail.com%2C%20vence%20el%20*05%2F05%2F2026*%2C%20quer%C3%ADa%20saber%20si%20deseas%20*realizar%20la%20renovaci%C3%B3n*%2C%20tiene%20un%20costo%20de%20*%24%207%2C900*.%0A%0A*PARA%20PAGOS%20POR%20NEQUI%20SOLICITAR%20EL%20QR%20POR%20FAVOR*
[2026-05-05 14:39:59.504] ✉️ Enviando…
[2026-05-05 14:40:02.681] ↩️ Enviado (Enter)
[2026-05-05 14:40:02.682] ⏳ Pausa post-envío: 12s…
[2026-05-05 14:40:14.695] 
[3/26] → 573245014566
[2026-05-05 14:40:14.695] 🔁 Abriendo chat (intento 1/3) con: https://web.whatsapp.com/send?phone=573245014566&text=Hola%20Sebastian%2C%20te%20escribimos%20de%20MEDPLAY.%0A%0A%E2%80%A2%20Tu%20Disney%20(pantalla%206)%2C%20con%20el%20correo%20medplay93%2Bdis5%40gmail.com%2C%20vence%20el%20*05%2F05%2F2026*%2C%20quer%C3%ADa%20saber%20si%20deseas%20*realizar%20la%20renovaci%C3%B3n*%2C%20tiene%20un%20costo%20de%20*%24%207%2C900*.%0A%0A*PARA%20PAGOS%20POR%20NEQUI%20SOLICITAR%20EL%20QR%20POR%20FAVOR*
[2026-05-05 14:40:18.212] ✉️ Enviando…
[2026-05-05 14:40:21.129] ↩️ Enviado (Enter)
[2026-05-05 14:40:21.129] ⏳ Pausa post-envío: 12s…
[2026-05-05 14:40:33.141] 
[4/26] → 573136691644
[2026-05-05 14:40:33.141] 🔁 Abriendo chat (intento 1/3) con: https://web.whatsapp.com/send?phone=573136691644&text=Hola%20Jherson%2C%20te%20escribimos%20de%20MEDPLAY.%0A%0A%E2%80%A2%20Tu%20Crunchyroll%20(pantalla%203)%2C%20con%20el%20correo%20colleenyaw4642%40hotmail.com%2C%20vence%20el%20*05%2F05%2F2026*%2C%20quer%C3%ADa%20saber%20si%20deseas%20*realizar%20la%20renovaci%C3%B3n*%2C%20tiene%20un%20costo%20de%20*%24%204%2C900*.%0A%0A*PARA%20PAGOS%20POR%20NEQUI%20SOLICITAR%20EL%20QR%20POR%20FAVOR*
[2026-05-05 14:40:36.933] ✉️ Enviando…
[2026-05-05 14:40:40.423] ↩️ Enviado (Enter)
[2026-05-05 14:40:40.423] ⏳ Pausa post-envío: 12s…
[2026-05-05 14:40:52.429] 
[5/26] → 573197535297
[2026-05-05 14:40:52.429] 🔁 Abriendo chat (intento 1/3) con: https://web.whatsapp.com/send?phone=573197535297&text=Hola%20%2B57%2C%20te%20escribimos%20de%20MEDPLAY.%0A%0A%E2%80%A2%20Tu%20Crunchyroll%20(pantalla%204)%2C%20con%20el%20correo%20colleenyaw4642%40hotmail.com%2C%20vence%20el%20*05%2F05%2F2026*%2C%20quer%C3%ADa%20saber%20si%20deseas%20*realizar%20la%20renovaci%C3%B3n*%2C%20tiene%20un%20costo%20de%20*%24%204%2C900*.%0A%0A*PARA%20PAGOS%20POR%20NEQUI%20SOLICITAR%20EL%20QR%20POR%20FAVOR*
[2026-05-05 14:40:56.196] ✉️ Enviando…
[2026-05-05 14:41:00.081] ↩️ Enviado (Enter)
[2026-05-05 14:41:00.082] ⏳ Pausa post-envío: 12s…
[2026-05-05 14:41:12.094] 
[6/26] → 573233761006
[2026-05-05 14:41:12.095] 🔁 Abriendo chat (intento 1/3) con: https://web.whatsapp.com/send?phone=573233761006&text=Hola%20Deison%2C%20te%20escribimos%20de%20MEDPLAY.%0A%0A%E2%80%A2%20Tu%20Crunchyroll%20(pantalla%205)%2C%20con%20el%20correo%20colleenyaw4642%40hotmail.com%2C%20vence%20el%20*05%2F05%2F2026*%2C%20quer%C3%ADa%20saber%20si%20deseas%20*realizar%20la%20renovaci%C3%B3n*%2C%20tiene%20un%20costo%20de%20*%24%204%2C900*.%0A%0A*PARA%20PAGOS%20POR%20NEQUI%20SOLICITAR%20EL%20QR%20POR%20FAVOR*
[2026-05-05 14:41:21.203] ✉️ Enviando…
[2026-05-05 14:41:21.883] ↩️ Enviado (Enter)
[2026-05-05 14:41:21.883] ⏳ Pausa post-envío: 12s…
[2026-05-05 14:41:33.885] 
[7/26] → 573154151811
[2026-05-05 14:41:33.886] 🔁 Abriendo chat (intento 1/3) con: https://web.whatsapp.com/send?phone=573154151811&text=Hola%2C%20te%20escribimos%20de%20MEDPLAY.%0A%0A%E2%80%A2%20Tu%20Crunchyroll%20(pantalla%202)%2C%20con%20el%20correo%20christieprocsal5461%40hotmail.com%2C%20vence%20el%20*06%2F05%2F2026*%2C%20quer%C3%ADa%20saber%20si%20deseas%20*realizar%20la%20renovaci%C3%B3n*%2C%20tiene%20un%20costo%20de%20*%24%206%2C900*.%0A%0A*PARA%20PAGOS%20POR%20NEQUI%20SOLICITAR%20EL%20QR%20POR%20FAVOR*
[2026-05-05 14:41:37.420] ✉️ Enviando…
[2026-05-05 14:41:41.173] ↩️ Enviado (Enter)
[2026-05-05 14:41:41.174] ⏳ Pausa post-envío: 12s…
[2026-05-05 14:41:53.174] 
[8/26] → 573104093411
[2026-05-05 14:41:53.175] 🔁 Abriendo chat (intento 1/3) con: https://web.whatsapp.com/send?phone=573104093411&text=Hola%2C%20te%20escribimos%20de%20MEDPLAY.%0A%0A%E2%80%A2%20Tu%20Crunchyroll%20(pantalla%203)%2C%20con%20el%20correo%20christieprocsal5461%40hotmail.com%2C%20vence%20el%20*06%2F05%2F2026*%2C%20quer%C3%ADa%20saber%20si%20deseas%20*realizar%20la%20renovaci%C3%B3n*%2C%20tiene%20un%20costo%20de%20*%24%206%2C900*.%0A%E2%80%A2%20Tu%20Crunchyroll%20(pantalla%205)%2C%20con%20el%20correo%20christieprocsal5461%40hotmail.com%2C%20vence%20el%20*06%2F05%2F2026*%2C%20quer%C3%ADa%20saber%20si%20deseas%20*realizar%20la%20renovaci%C3%B3n*%2C%20tiene%20un%20costo%20de%20*%24%206%2C900*.%0A%0A*PARA%20PAGOS%20POR%20NEQUI%20SOLICITAR%20EL%20QR%20POR%20FAVOR*
[2026-05-05 14:41:57.555] ✉️ Enviando…
[2026-05-05 14:42:01.257] ↩️ Enviado (Enter)
[2026-05-05 14:42:01.261] ⏳ Pausa post-envío: 12s…
[2026-05-05 14:42:13.272] 
[9/26] → 573222470982
[2026-05-05 14:42:13.272] 🔁 Abriendo chat (intento 1/3) con: https://web.whatsapp.com/send?phone=573222470982&text=Hola%2C%20te%20escribimos%20de%20MEDPLAY.%0A%0A%E2%80%A2%20Tu%20Crunchyroll%20(pantalla%206)%2C%20con%20el%20correo%20christieprocsal5461%40hotmail.com%2C%20vence%20el%20*06%2F05%2F2026*%2C%20quer%C3%ADa%20saber%20si%20deseas%20*realizar%20la%20renovaci%C3%B3n*%2C%20tiene%20un%20costo%20de%20*%24%206%2C900*.%0A%0A*PARA%20PAGOS%20POR%20NEQUI%20SOLICITAR%20EL%20QR%20POR%20FAVOR*
[2026-05-05 14:42:16.683] ✉️ Enviando…
[2026-05-05 14:42:20.630] ↩️ Enviado (Enter)
[2026-05-05 14:42:20.630] ⏳ Pausa post-envío: 12s…
[2026-05-05 14:42:32.646] 
[10/26] → 573025367947
[2026-05-05 14:42:32.646] 🔁 Abriendo chat (intento 1/3) con: https://web.whatsapp.com/send?phone=573025367947&text=Hola%2C%20te%20escribimos%20de%20MEDPLAY.%0A%0A%E2%80%A2%20Tu%20Crunchyroll%20(pantalla%206)%2C%20con%20el%20correo%20colleenyaw4642%40hotmail.com%2C%20vence%20el%20*06%2F05%2F2026*%2C%20quer%C3%ADa%20saber%20si%20deseas%20*realizar%20la%20renovaci%C3%B3n*%2C%20tiene%20un%20costo%20de%20*%24%206%2C900*.%0A%0A*PARA%20PAGOS%20POR%20NEQUI%20SOLICITAR%20EL%20QR%20POR%20FAVOR*
[2026-05-05 14:42:36.099] ✉️ Enviando…
[2026-05-05 14:42:40.829] ↩️ Enviado (Enter)
[2026-05-05 14:42:40.829] ⏳ Pausa post-envío: 12s…
[2026-05-05 14:42:52.830] 
[11/26] → 573045703949
[2026-05-05 14:42:52.831] 🔁 Abriendo chat (intento 1/3) con: https://web.whatsapp.com/send?phone=573045703949&text=Hola%20Yhon%2C%20te%20escribimos%20de%20MEDPLAY.%0A%0A%E2%80%A2%20Tu%20Spotify%2C%20con%20el%20correo%20corneliof14%40gmail.com%2C%20vence%20el%20*05%2F05%2F2026*%2C%20quer%C3%ADa%20saber%20si%20deseas%20*realizar%20la%20renovaci%C3%B3n*%2C%20tiene%20un%20costo%20de%20*%24%2016%2C900*.%0A%0A*PARA%20PAGOS%20POR%20NEQUI%20SOLICITAR%20EL%20QR%20POR%20FAVOR*
[2026-05-05 14:42:56.220] ✉️ Enviando…
[2026-05-05 14:42:59.141] ↩️ Enviado (Enter)
[2026-05-05 14:42:59.141] ⏳ Pausa post-envío: 12s…
[2026-05-05 14:43:11.154] 
[12/26] → 573214402451
[2026-05-05 14:43:11.154] 🔁 Abriendo chat (intento 1/3) con: https://web.whatsapp.com/send?phone=573214402451&text=Hola%20%2B57%2C%20te%20escribimos%20de%20MEDPLAY.%0A%0A%E2%80%A2%20Tu%20Spotify%2C%20con%20el%20correo%20donmercado90%40gmail.com%2C%20vence%20el%20*06%2F05%2F2026*%2C%20quer%C3%ADa%20saber%20si%20deseas%20*realizar%20la%20renovaci%C3%B3n*%2C%20tiene%20un%20costo%20de%20*%24%2016%2C900*.%0A%0A*PARA%20PAGOS%20POR%20NEQUI%20SOLICITAR%20EL%20QR%20POR%20FAVOR*
[2026-05-05 14:43:14.640] ✉️ Enviando…
[2026-05-05 14:43:19.224] ↩️ Enviado (Enter)
[2026-05-05 14:43:19.224] ⏳ Pausa post-envío: 12s…
[2026-05-05 14:43:31.227] 
[13/26] → 573186793697
[2026-05-05 14:43:31.227] 🔁 Abriendo chat (intento 1/3) con: https://web.whatsapp.com/send?phone=573186793697&text=Hola%20%2B57%2C%20te%20escribimos%20de%20MEDPLAY.%0A%0A%E2%80%A2%20Tu%20Youtube%2C%20con%20el%20correo%20mayoremre%40gmail.com%2C%20vence%20el%20*05%2F05%2F2026*%2C%20quer%C3%ADa%20saber%20si%20deseas%20*realizar%20la%20renovaci%C3%B3n*%2C%20tiene%20un%20costo%20de%20*%24%207%2C900*.%0A%0A*PARA%20PAGOS%20POR%20NEQUI%20SOLICITAR%20EL%20QR%20POR%20FAVOR*
[2026-05-05 14:43:41.601] ✉️ Enviando…
[2026-05-05 14:43:42.330] ↩️ Enviado (Enter)
[2026-05-05 14:43:42.330] ⏳ Pausa post-envío: 12s…
[2026-05-05 14:43:54.331] 
[14/26] → 573134796943
[2026-05-05 14:43:54.332] 🔁 Abriendo chat (intento 1/3) con: https://web.whatsapp.com/send?phone=573134796943&text=Hola%20%2B57%2C%20te%20escribimos%20de%20MEDPLAY.%0A%0A%E2%80%A2%20Tu%20Youtube%2C%20con%20el%20correo%20ruizeduin260%40gmail.com%2C%20vence%20el%20*05%2F05%2F2026*%2C%20quer%C3%ADa%20saber%20si%20deseas%20*realizar%20la%20renovaci%C3%B3n*%2C%20tiene%20un%20costo%20de%20*%24%207%2C900*.%0A%0A*PARA%20PAGOS%20POR%20NEQUI%20SOLICITAR%20EL%20QR%20POR%20FAVOR*
[2026-05-05 14:43:58.343] ✉️ Enviando…
[2026-05-05 14:44:01.519] ↩️ Enviado (Enter)
[2026-05-05 14:44:01.519] ⏳ Pausa post-envío: 12s…
[2026-05-05 14:44:13.522] 
[15/26] → 573012415794
[2026-05-05 14:44:13.523] 🔁 Abriendo chat (intento 1/3) con: https://web.whatsapp.com/send?phone=573012415794&text=Hola%20Rafel%2C%20te%20escribimos%20de%20MEDPLAY.%0A%0A%E2%80%A2%20Tu%20Youtube%2C%20con%20el%20correo%20rafaramirez8160%40gmail.com%2C%20vence%20el%20*05%2F05%2F2026*%2C%20quer%C3%ADa%20saber%20si%20deseas%20*realizar%20la%20renovaci%C3%B3n*%2C%20tiene%20un%20costo%20de%20*%24%207%2C900*.%0A%0A*PARA%20PAGOS%20POR%20NEQUI%20SOLICITAR%20EL%20QR%20POR%20FAVOR*
[2026-05-05 14:44:17.497] ✉️ Enviando…
[2026-05-05 14:44:21.399] ↩️ Enviado (Enter)
[2026-05-05 14:44:21.400] ⏳ Pausa post-envío: 12s…
[2026-05-05 14:44:33.412] 
[16/26] → 573107965420
[2026-05-05 14:44:33.412] 🔁 Abriendo chat (intento 1/3) con: https://web.whatsapp.com/send?phone=573107965420&text=Hola%20Ruben%2C%20te%20escribimos%20de%20MEDPLAY.%0A%0A%E2%80%A2%20Tu%20Youtube%2C%20con%20el%20correo%20rubenrcayon00%40gmail.com%2C%20vence%20el%20*05%2F05%2F2026*%2C%20quer%C3%ADa%20saber%20si%20deseas%20*realizar%20la%20renovaci%C3%B3n*%2C%20tiene%20un%20costo%20de%20*%24%207%2C900*.%0A%0A*PARA%20PAGOS%20POR%20NEQUI%20SOLICITAR%20EL%20QR%20POR%20FAVOR*
[2026-05-05 14:44:37.691] ✉️ Enviando…
[2026-05-05 14:44:40.729] ↩️ Enviado (Enter)
[2026-05-05 14:44:40.730] ⏳ Pausa post-envío: 12s…
[2026-05-05 14:44:52.730] 
[17/26] → 573212887602
[2026-05-05 14:44:52.730] 🔁 Abriendo chat (intento 1/3) con: https://web.whatsapp.com/send?phone=573212887602&text=Hola%20Wilber%2C%20te%20escribimos%20de%20MEDPLAY.%0A%0A%E2%80%A2%20Tu%20Youtube%2C%20con%20el%20correo%20pinzondj01%40gmail.com%2C%20vence%20el%20*05%2F05%2F2026*%2C%20quer%C3%ADa%20saber%20si%20deseas%20*realizar%20la%20renovaci%C3%B3n*%2C%20tiene%20un%20costo%20de%20*%24%207%2C900*.%0A%0A*PARA%20PAGOS%20POR%20NEQUI%20SOLICITAR%20EL%20QR%20POR%20FAVOR*
[2026-05-05 14:44:56.538] ✉️ Enviando…
[2026-05-05 14:45:00.256] ↩️ Enviado (Enter)
[2026-05-05 14:45:00.257] ⏳ Pausa post-envío: 12s…
[2026-05-05 14:45:12.261] 
[18/26] → 573143959126
[2026-05-05 14:45:12.261] 🔁 Abriendo chat (intento 1/3) con: https://web.whatsapp.com/send?phone=573143959126&text=Hola%20Lui%2C%20te%20escribimos%20de%20MEDPLAY.%0A%0A%E2%80%A2%20Tu%20Spotify%2C%20con%20el%20correo%20spo%40spo.com%2C%20vence%20el%20*05%2F05%2F2026*%2C%20quer%C3%ADa%20saber%20si%20deseas%20*realizar%20la%20renovaci%C3%B3n*%2C%20tiene%20un%20costo%20de%20*%24%2012%2C900*.%0A%0A*PARA%20PAGOS%20POR%20NEQUI%20SOLICITAR%20EL%20QR%20POR%20FAVOR*
[2026-05-05 14:45:16.382] ✉️ Enviando…
[2026-05-05 14:45:19.321] ↩️ Enviado (Enter)
[2026-05-05 14:45:19.321] ⏳ Pausa post-envío: 12s…
[2026-05-05 14:45:31.337] 
[19/26] → 573222577844
[2026-05-05 14:45:31.338] 🔁 Abriendo chat (intento 1/3) con: https://web.whatsapp.com/send?phone=573222577844&text=Hola%20Sofia%2C%20te%20escribimos%20de%20MEDPLAY.%0A%0A%E2%80%A2%20Tu%20Youtube%2C%20con%20el%20correo%20cuentayousof17%40gmail.com%2C%20vence%20el%20*05%2F05%2F2026*%2C%20quer%C3%ADa%20saber%20si%20deseas%20*realizar%20la%20renovaci%C3%B3n*%2C%20tiene%20un%20costo%20de%20*%24%207%2C900*.%0A%0A*PARA%20PAGOS%20POR%20NEQUI%20SOLICITAR%20EL%20QR%20POR%20FAVOR*
[2026-05-05 14:45:35.234] ✉️ Enviando…
[2026-05-05 14:45:38.227] ↩️ Enviado (Enter)
[2026-05-05 14:45:38.228] ⏳ Pausa post-envío: 12s…
[2026-05-05 14:45:50.233] 
[20/26] → 573227277192
[2026-05-05 14:45:50.234] 🔁 Abriendo chat (intento 1/3) con: https://web.whatsapp.com/send?phone=573227277192&text=Hola%2C%20te%20escribimos%20de%20MEDPLAY.%0A%0A%E2%80%A2%20Tu%20Disney%2C%20con%20el%20correo%20viajero63mex%2Bdd%40gmail.com%2C%20vence%20el%20*06%2F05%2F2026*%2C%20quer%C3%ADa%20saber%20si%20deseas%20*realizar%20la%20renovaci%C3%B3n*%2C%20tiene%20un%20costo%20de%20*%24%2020%2C900*.%0A%E2%80%A2%20Tu%20MAX%2C%20con%20el%20correo%20medplay93%2B63663%40gmail.com%2C%20vence%20el%20*06%2F05%2F2026*%2C%20quer%C3%ADa%20saber%20si%20deseas%20*realizar%20la%20renovaci%C3%B3n*%2C%20tiene%20un%20costo%20de%20*%24%2022%2C900*.%0A%E2%80%A2%20Tu%20Disney%2C%20con%20el%20correo%20medplay93%2Bbr3%40gmail.com%2C%20vence%20el%20*06%2F05%2F2026*%2C%20quer%C3%ADa%20saber%20si%20deseas%20*realizar%20la%20renovaci%C3%B3n*%2C%20tiene%20un%20costo%20de%20*%24%2020%2C900*.%0A%0A*PARA%20PAGOS%20POR%20NEQUI%20SOLICITAR%20EL%20QR%20POR%20FAVOR*
[2026-05-05 14:45:54.371] ✉️ Enviando…
[2026-05-05 14:45:58.234] ↩️ Enviado (Enter)
[2026-05-05 14:45:58.235] ⏳ Pausa post-envío: 12s…
[2026-05-05 14:46:10.240] 
[21/26] → 573105941157
[2026-05-05 14:46:10.240] 🔁 Abriendo chat (intento 1/3) con: https://web.whatsapp.com/send?phone=573105941157&text=Hola%20Harley%2C%20te%20escribimos%20de%20MEDPLAY.%0A%0A%E2%80%A2%20Tu%20Youtube%2C%20con%20el%20correo%20emprendimientovisionarios1%40gmail.com%2C%20vence%20el%20*06%2F05%2F2026*%2C%20quer%C3%ADa%20saber%20si%20deseas%20*realizar%20la%20renovaci%C3%B3n*%2C%20tiene%20un%20costo%20de%20*%24%207%2C900*.%0A%0A*PARA%20PAGOS%20POR%20NEQUI%20SOLICITAR%20EL%20QR%20POR%20FAVOR*
[2026-05-05 14:46:14.681] ✉️ Enviando…
[2026-05-05 14:46:17.408] ↩️ Enviado (Enter)
[2026-05-05 14:46:17.409] ⏳ Pausa post-envío: 12s…
[2026-05-05 14:46:29.413] 
[22/26] → 573135474425
[2026-05-05 14:46:29.414] 🔁 Abriendo chat (intento 1/3) con: https://web.whatsapp.com/send?phone=573135474425&text=Hola%2C%20te%20escribimos%20de%20MEDPLAY.%0A%0A%E2%80%A2%20Tu%20Youtube%2C%20con%20el%20correo%20bramagafe123%40gmail.com%2C%20vence%20el%20*06%2F05%2F2026*%2C%20quer%C3%ADa%20saber%20si%20deseas%20*realizar%20la%20renovaci%C3%B3n*%2C%20tiene%20un%20costo%20de%20*%24%207%2C900*.%0A%0A*PARA%20PAGOS%20POR%20NEQUI%20SOLICITAR%20EL%20QR%20POR%20FAVOR*
[2026-05-05 14:46:33.923] ✉️ Enviando…
[2026-05-05 14:46:38.137] ↩️ Enviado (Enter)
[2026-05-05 14:46:38.138] ⏳ Pausa post-envío: 12s…
[2026-05-05 14:46:50.142] 
[23/26] → 573219356609
[2026-05-05 14:46:50.143] 🔁 Abriendo chat (intento 1/3) con: https://web.whatsapp.com/send?phone=573219356609&text=Hola%2C%20te%20escribimos%20de%20MEDPLAY.%0A%0A%E2%80%A2%20Tu%20Youtube%2C%20con%20el%20correo%20lopocomo893%40gmail.com%2C%20vence%20el%20*06%2F05%2F2026*%2C%20quer%C3%ADa%20saber%20si%20deseas%20*realizar%20la%20renovaci%C3%B3n*%2C%20tiene%20un%20costo%20de%20*%24%207%2C900*.%0A%0A*PARA%20PAGOS%20POR%20NEQUI%20SOLICITAR%20EL%20QR%20POR%20FAVOR*
[2026-05-05 14:46:54.245] ✉️ Enviando…
[2026-05-05 14:46:58.654] ↩️ Enviado (Enter)
[2026-05-05 14:46:58.655] ⏳ Pausa post-envío: 12s…
[2026-05-05 14:47:10.670] 
[24/26] → 573507533059
[2026-05-05 14:47:10.671] 🔁 Abriendo chat (intento 1/3) con: https://web.whatsapp.com/send?phone=573507533059&text=Hola%20Rosalba%2C%20te%20escribimos%20de%20MEDPLAY.%0A%0A%E2%80%A2%20Tu%20Youtube%2C%20con%20el%20correo%20vegabelqui7%40gmail.com%2C%20vence%20el%20*06%2F05%2F2026*%2C%20quer%C3%ADa%20saber%20si%20deseas%20*realizar%20la%20renovaci%C3%B3n*%2C%20tiene%20un%20costo%20de%20*%24%207%2C900*.%0A%0A*PARA%20PAGOS%20POR%20NEQUI%20SOLICITAR%20EL%20QR%20POR%20FAVOR*
[2026-05-05 14:47:22.527] ✉️ Enviando…
[2026-05-05 14:47:22.788] ↩️ Enviado (Enter)
[2026-05-05 14:47:22.788] ⏳ Pausa post-envío: 12s…
[2026-05-05 14:47:34.799] 
[25/26] → 573160559692
[2026-05-05 14:47:34.800] 🔁 Abriendo chat (intento 1/3) con: https://web.whatsapp.com/send?phone=573160559692&text=Hola%2C%20te%20escribimos%20de%20MEDPLAY.%0A%0A%E2%80%A2%20Tu%20ChatGPT%2C%20con%20el%20correo%20santanderoscar163%40gmail.com%2C%20vence%20el%20*06%2F05%2F2026*%2C%20quer%C3%ADa%20saber%20si%20deseas%20*realizar%20la%20renovaci%C3%B3n*%2C%20tiene%20un%20costo%20de%20*%24%2016%2C900*.%0A%0A*PARA%20PAGOS%20POR%20NEQUI%20SOLICITAR%20EL%20QR%20POR%20FAVOR*
[2026-05-05 14:47:38.612] ✉️ Enviando…
[2026-05-05 14:47:41.264] ↩️ Enviado (Enter)
[2026-05-05 14:47:41.265] ⏳ Pausa post-envío: 12s…
[2026-05-05 14:47:53.272] 
[26/26] → 573107947464
[2026-05-05 14:47:53.273] 🔁 Abriendo chat (intento 1/3) con: https://web.whatsapp.com/send?phone=573107947464&text=Hola%2C%20te%20escribimos%20de%20MEDPLAY.%0A%0A%E2%80%A2%20Tu%20Youtube%2C%20con%20el%20correo%20waor2025%40gmail.com%2C%20vence%20el%20*06%2F05%2F2026*%2C%20quer%C3%ADa%20saber%20si%20deseas%20*realizar%20la%20renovaci%C3%B3n*%2C%20tiene%20un%20costo%20de%20*%24%207%2C900*.%0A%0A*PARA%20PAGOS%20POR%20NEQUI%20SOLICITAR%20EL%20QR%20POR%20FAVOR*
[2026-05-05 14:47:57.417] ✉️ Enviando…
[2026-05-05 14:48:01.436] ↩️ Enviado (Enter)
[2026-05-05 14:48:01.436] ⏳ Pausa post-envío: 12s…
[2026-05-05 14:48:13.450] 
✅ Finalizado. Enviados: 26. Omitidos: 0.
[2026-05-05 14:48:13.451] ℹ️ Navegador dejado abierto para revisión manual.
[2026-05-06 13:07:45.712] 📨 Enviaré 43 mensaje(s).
[2026-05-06 13:07:45.714] 🚀 Lanzando script de navegador: C:\Users\Santiago\medplay\scripts\start-edge-wa.bat
[2026-05-06 13:07:45.757] ⏳ Esperando CDP…
[2026-05-06 13:07:49.376] 🟡 Preparando WhatsApp Web…
[2026-05-06 13:07:56.668] ✅ WhatsApp Web listo.
[2026-05-06 13:07:56.669] 
[1/43] → 573154151811
[2026-05-06 13:07:56.670] 🔁 Abriendo chat (intento 1/3) con: https://web.whatsapp.com/send?phone=573154151811&text=Hola%2C%20te%20escribimos%20de%20MEDPLAY.%0A%0A%E2%80%A2%20Tu%20Crunchyroll%20(pantalla%202)%2C%20con%20el%20correo%20christieprocsal5461%40hotmail.com%2C%20vence%20el%20*06%2F05%2F2026*%2C%20quer%C3%ADa%20saber%20si%20deseas%20*realizar%20la%20renovaci%C3%B3n*%2C%20tiene%20un%20costo%20de%20*%24%206%2C900*.%0A%0A*PARA%20PAGOS%20POR%20NEQUI%20SOLICITAR%20EL%20QR%20POR%20FAVOR*
[2026-05-06 13:08:01.578] ✉️ Enviando…
[2026-05-06 13:08:05.440] ↩️ Enviado (Enter)
[2026-05-06 13:08:05.440] ⏳ Pausa post-envío: 12s…
[2026-05-06 13:08:17.445] 
[2/43] → 573104093411
[2026-05-06 13:08:17.447] 🔁 Abriendo chat (intento 1/3) con: https://web.whatsapp.com/send?phone=573104093411&text=Hola%2C%20te%20escribimos%20de%20MEDPLAY.%0A%0A%E2%80%A2%20Tu%20Crunchyroll%20(pantalla%203)%2C%20con%20el%20correo%20christieprocsal5461%40hotmail.com%2C%20vence%20el%20*06%2F05%2F2026*%2C%20quer%C3%ADa%20saber%20si%20deseas%20*realizar%20la%20renovaci%C3%B3n*%2C%20tiene%20un%20costo%20de%20*%24%206%2C900*.%0A%E2%80%A2%20Tu%20Crunchyroll%20(pantalla%205)%2C%20con%20el%20correo%20christieprocsal5461%40hotmail.com%2C%20vence%20el%20*06%2F05%2F2026*%2C%20quer%C3%ADa%20saber%20si%20deseas%20*realizar%20la%20renovaci%C3%B3n*%2C%20tiene%20un%20costo%20de%20*%24%206%2C900*.%0A%0A*PARA%20PAGOS%20POR%20NEQUI%20SOLICITAR%20EL%20QR%20POR%20FAVOR*
[2026-05-06 13:08:21.908] ✉️ Enviando…
[2026-05-06 13:08:28.389] ↩️ Enviado (Enter)
[2026-05-06 13:08:28.389] ⏳ Pausa post-envío: 12s…
[2026-05-06 13:08:40.397] 
[3/43] → 573222470982
[2026-05-06 13:08:40.399] 🔁 Abriendo chat (intento 1/3) con: https://web.whatsapp.com/send?phone=573222470982&text=Hola%2C%20te%20escribimos%20de%20MEDPLAY.%0A%0A%E2%80%A2%20Tu%20Crunchyroll%20(pantalla%206)%2C%20con%20el%20correo%20christieprocsal5461%40hotmail.com%2C%20vence%20el%20*06%2F05%2F2026*%2C%20quer%C3%ADa%20saber%20si%20deseas%20*realizar%20la%20renovaci%C3%B3n*%2C%20tiene%20un%20costo%20de%20*%24%206%2C900*.%0A%0A*PARA%20PAGOS%20POR%20NEQUI%20SOLICITAR%20EL%20QR%20POR%20FAVOR*
[2026-05-06 13:08:44.176] ✉️ Enviando…
[2026-05-06 13:08:49.974] ↩️ Enviado (Enter)
[2026-05-06 13:08:49.974] ⏳ Pausa post-envío: 12s…
[2026-05-06 13:09:01.996] 
[4/43] → 573025367947
[2026-05-06 13:09:01.997] 🔁 Abriendo chat (intento 1/3) con: https://web.whatsapp.com/send?phone=573025367947&text=Hola%2C%20te%20escribimos%20de%20MEDPLAY.%0A%0A%E2%80%A2%20Tu%20Crunchyroll%20(pantalla%206)%2C%20con%20el%20correo%20colleenyaw4642%40hotmail.com%2C%20vence%20el%20*06%2F05%2F2026*%2C%20quer%C3%ADa%20saber%20si%20deseas%20*realizar%20la%20renovaci%C3%B3n*%2C%20tiene%20un%20costo%20de%20*%24%206%2C900*.%0A%0A*PARA%20PAGOS%20POR%20NEQUI%20SOLICITAR%20EL%20QR%20POR%20FAVOR*
[2026-05-06 13:09:06.106] ✉️ Enviando…
[2026-05-06 13:09:12.155] ↩️ Enviado (Enter)
[2026-05-06 13:09:12.155] ⏳ Pausa post-envío: 12s…
[2026-05-06 13:09:24.158] 
[5/43] → 573042523854
[2026-05-06 13:09:24.158] 🔁 Abriendo chat (intento 1/3) con: https://web.whatsapp.com/send?phone=573042523854&text=Hola%2C%20te%20escribimos%20de%20MEDPLAY.%0A%0A%E2%80%A2%20Tu%20Disney%20(pantalla%201)%2C%20con%20el%20correo%20medplay93%2Bg4%40gmail.com%2C%20vence%20el%20*07%2F05%2F2026*%2C%20quer%C3%ADa%20saber%20si%20deseas%20*realizar%20la%20renovaci%C3%B3n*%2C%20tiene%20un%20costo%20de%20*%24%207%2C900*.%0A%0A*PARA%20PAGOS%20POR%20NEQUI%20SOLICITAR%20EL%20QR%20POR%20FAVOR*
[2026-05-06 13:09:30.067] ✉️ Enviando…
[2026-05-06 13:09:34.813] ↩️ Enviado (Enter)
[2026-05-06 13:09:34.813] ⏳ Pausa post-envío: 12s…
[2026-05-06 13:09:46.837] 
[6/43] → 573214495781
[2026-05-06 13:09:46.837] 🔁 Abriendo chat (intento 1/3) con: https://web.whatsapp.com/send?phone=573214495781&text=Hola%2C%20te%20escribimos%20de%20MEDPLAY.%0A%0A%E2%80%A2%20Tu%20VIX%20(pantalla%202)%2C%20con%20el%20correo%20medplay93%2Bvj3y1%40gmail.com%2C%20vence%20el%20*07%2F05%2F2026*%2C%20quer%C3%ADa%20saber%20si%20deseas%20*realizar%20la%20renovaci%C3%B3n*%2C%20tiene%20un%20costo%20de%20*%24%203%2C900*.%0A%E2%80%A2%20Tu%20Youtube%2C%20con%20el%20correo%20pajaroloco844%40gmail.com%2C%20vence%20el%20*07%2F05%2F2026*%2C%20quer%C3%ADa%20saber%20si%20deseas%20*realizar%20la%20renovaci%C3%B3n*%2C%20tiene%20un%20costo%20de%20*%24%207%2C900*.%0A%0A*PARA%20PAGOS%20POR%20NEQUI%20SOLICITAR%20EL%20QR%20POR%20FAVOR*
[2026-05-06 13:09:52.494] ✉️ Enviando…
[2026-05-06 13:09:56.839] ↩️ Enviado (Enter)
[2026-05-06 13:09:56.839] ⏳ Pausa post-envío: 12s…
[2026-05-06 13:10:08.844] 
[7/43] → 573504018046
[2026-05-06 13:10:08.845] 🔁 Abriendo chat (intento 1/3) con: https://web.whatsapp.com/send?phone=573504018046&text=Hola%2C%20te%20escribimos%20de%20MEDPLAY.%0A%0A%E2%80%A2%20Tu%20Crunchyroll%20(pantalla%206)%2C%20con%20el%20correo%20ronaldaort447%40hotmail.com%2C%20vence%20el%20*07%2F05%2F2026*%2C%20quer%C3%ADa%20saber%20si%20deseas%20*realizar%20la%20renovaci%C3%B3n*%2C%20tiene%20un%20costo%20de%20*%24%206%2C900*.%0A%0A*PARA%20PAGOS%20POR%20NEQUI%20SOLICITAR%20EL%20QR%20POR%20FAVOR*
[2026-05-06 13:10:14.572] ✉️ Enviando…
[2026-05-06 13:10:18.689] ↩️ Enviado (Enter)
[2026-05-06 13:10:18.690] ⏳ Pausa post-envío: 12s…
[2026-05-06 13:10:30.694] 
[8/43] → 573161488859
[2026-05-06 13:10:30.695] 🔁 Abriendo chat (intento 1/3) con: https://web.whatsapp.com/send?phone=573161488859&text=Hola%2C%20te%20escribimos%20de%20MEDPLAY.%0A%0A%E2%80%A2%20Tu%20Crunchyroll%20(pantalla%203)%2C%20con%20el%20correo%20hartleysak1238%40hotmail.com%2C%20vence%20el%20*07%2F05%2F2026*%2C%20quer%C3%ADa%20saber%20si%20deseas%20*realizar%20la%20renovaci%C3%B3n*%2C%20tiene%20un%20costo%20de%20*%24%206%2C900*.%0A%0A*PARA%20PAGOS%20POR%20NEQUI%20SOLICITAR%20EL%20QR%20POR%20FAVOR*
[2026-05-06 13:10:34.640] ✉️ Enviando…
[2026-05-06 13:10:40.582] ↩️ Enviado (Enter)
[2026-05-06 13:10:40.583] ⏳ Pausa post-envío: 12s…
[2026-05-06 13:10:52.597] 
[9/43] → 573005089661
[2026-05-06 13:10:52.598] 🔁 Abriendo chat (intento 1/3) con: https://web.whatsapp.com/send?phone=573005089661&text=Hola%20%2B57%2C%20te%20escribimos%20de%20MEDPLAY.%0A%0A%E2%80%A2%20Tu%20Disney%20Premium%20(pantalla%202)%2C%20con%20el%20correo%20medplay93%2Bc01%40gmail.com%2C%20vence%20el%20*07%2F05%2F2026*%2C%20quer%C3%ADa%20saber%20si%20deseas%20*realizar%20la%20renovaci%C3%B3n*%2C%20tiene%20un%20costo%20de%20*%24%2012%2C900*.%0A%0A*PARA%20PAGOS%20POR%20NEQUI%20SOLICITAR%20EL%20QR%20POR%20FAVOR*
[2026-05-06 13:10:57.728] ✉️ Enviando…
[2026-05-06 13:11:02.111] ↩️ Enviado (Enter)
[2026-05-06 13:11:02.112] ⏳ Pausa post-envío: 12s…
[2026-05-06 13:11:14.123] 
[10/43] → 573135533891
[2026-05-06 13:11:14.124] 🔁 Abriendo chat (intento 1/3) con: https://web.whatsapp.com/send?phone=573135533891&text=Hola%20%2B57%2C%20te%20escribimos%20de%20MEDPLAY.%0A%0A%E2%80%A2%20Tu%20Disney%20Premium%20(pantalla%208)%2C%20con%20el%20correo%20medplay93%2Bc01%40gmail.com%2C%20vence%20el%20*07%2F05%2F2026*%2C%20quer%C3%ADa%20saber%20si%20deseas%20*realizar%20la%20renovaci%C3%B3n*%2C%20tiene%20un%20costo%20de%20*%24%2012%2C900*.%0A%0A*PARA%20PAGOS%20POR%20NEQUI%20SOLICITAR%20EL%20QR%20POR%20FAVOR*
[2026-05-06 13:11:17.849] ✉️ Enviando…
[2026-05-06 13:11:24.629] ↩️ Enviado (Enter)
[2026-05-06 13:11:24.629] ⏳ Pausa post-envío: 12s…
[2026-05-06 13:11:36.638] 
[11/43] → 573223572154
[2026-05-06 13:11:36.639] 🔁 Abriendo chat (intento 1/3) con: https://web.whatsapp.com/send?phone=573223572154&text=Hola%20Elias%2C%20te%20escribimos%20de%20MEDPLAY.%0A%0A%E2%80%A2%20Tu%20Crunchyroll%20(pantalla%203)%2C%20con%20el%20correo%20arveljaap86%40hotmail.com%2C%20vence%20el%20*07%2F05%2F2026*%2C%20quer%C3%ADa%20saber%20si%20deseas%20*realizar%20la%20renovaci%C3%B3n*%2C%20tiene%20un%20costo%20de%20*%24%204%2C900*.%0A%0A*PARA%20PAGOS%20POR%20NEQUI%20SOLICITAR%20EL%20QR%20POR%20FAVOR*
[2026-05-06 13:11:42.529] ✉️ Enviando…
[2026-05-06 13:11:46.488] ↩️ Enviado (Enter)
[2026-05-06 13:11:46.490] ⏳ Pausa post-envío: 12s…
[2026-05-06 13:11:58.490] 
[12/43] → 573212236961
[2026-05-06 13:11:58.491] 🔁 Abriendo chat (intento 1/3) con: https://web.whatsapp.com/send?phone=573212236961&text=Hola%20%2B57%2C%20te%20escribimos%20de%20MEDPLAY.%0A%0A%E2%80%A2%20Tu%20Netflix%20(pantalla%204)%2C%20con%20el%20correo%20barbra19367tricia2001%2B2%40hotmail.com%2C%20vence%20el%20*07%2F05%2F2026*%2C%20quer%C3%ADa%20saber%20si%20deseas%20*realizar%20la%20renovaci%C3%B3n*%2C%20tiene%20un%20costo%20de%20*%24%2014%2C900*.%0A%0A*PARA%20PAGOS%20POR%20NEQUI%20SOLICITAR%20EL%20QR%20POR%20FAVOR*
[2026-05-06 13:12:04.364] ✉️ Enviando…
[2026-05-06 13:12:07.997] ↩️ Enviado (Enter)
[2026-05-06 13:12:07.997] ⏳ Pausa post-envío: 12s…
[2026-05-06 13:12:20.006] 
[13/43] → 573158640671
[2026-05-06 13:12:20.007] 🔁 Abriendo chat (intento 1/3) con: https://web.whatsapp.com/send?phone=573158640671&text=Hola%20Luiz%2C%20te%20escribimos%20de%20MEDPLAY.%0A%0A%E2%80%A2%20Tu%20Crunchyroll%20(pantalla%204)%2C%20con%20el%20correo%20arveljaap86%40hotmail.com%2C%20vence%20el%20*07%2F05%2F2026*%2C%20quer%C3%ADa%20saber%20si%20deseas%20*realizar%20la%20renovaci%C3%B3n*%2C%20tiene%20un%20costo%20de%20*%24%204%2C900*.%0A%0A*PARA%20PAGOS%20POR%20NEQUI%20SOLICITAR%20EL%20QR%20POR%20FAVOR*
[2026-05-06 13:12:25.513] ✉️ Enviando…
[2026-05-06 13:12:29.491] ↩️ Enviado (Enter)
[2026-05-06 13:12:29.491] ⏳ Pausa post-envío: 12s…
[2026-05-06 13:12:41.495] 
[14/43] → 573126494601
[2026-05-06 13:12:41.496] 🔁 Abriendo chat (intento 1/3) con: https://web.whatsapp.com/send?phone=573126494601&text=Hola%20ROBINSON%2C%20te%20escribimos%20de%20MEDPLAY.%0A%0A%E2%80%A2%20Tu%20Crunchyroll%20(pantalla%205)%2C%20con%20el%20correo%20arveljaap86%40hotmail.com%2C%20vence%20el%20*07%2F05%2F2026*%2C%20quer%C3%ADa%20saber%20si%20deseas%20*realizar%20la%20renovaci%C3%B3n*%2C%20tiene%20un%20costo%20de%20*%24%204%2C900*.%0A%0A*PARA%20PAGOS%20POR%20NEQUI%20SOLICITAR%20EL%20QR%20POR%20FAVOR*
[2026-05-06 13:12:47.435] ✉️ Enviando…
[2026-05-06 13:12:56.483] ↩️ Enviado (Enter)
[2026-05-06 13:12:56.484] ⏳ Pausa post-envío: 12s…
[2026-05-06 13:13:08.497] 
[15/43] → 573116400774
[2026-05-06 13:13:08.499] 🔁 Abriendo chat (intento 1/3) con: https://web.whatsapp.com/send?phone=573116400774&text=Hola%20Dannia%2C%20te%20escribimos%20de%20MEDPLAY.%0A%0A%E2%80%A2%20Tu%20VIX%20(pantalla%203)%2C%20con%20el%20correo%20medplay93%2Bvj3y1%40gmail.com%2C%20vence%20el%20*07%2F05%2F2026*%2C%20quer%C3%ADa%20saber%20si%20deseas%20*realizar%20la%20renovaci%C3%B3n*%2C%20tiene%20un%20costo%20de%20*%24%203%2C900*.%0A%0A*PARA%20PAGOS%20POR%20NEQUI%20SOLICITAR%20EL%20QR%20POR%20FAVOR*
[2026-05-06 13:13:14.711] ✉️ Enviando…
[2026-05-06 13:13:24.291] ↩️ Enviado (Enter)
[2026-05-06 13:13:24.292] ⏳ Pausa post-envío: 12s…
[2026-05-06 13:13:36.302] 
[16/43] → 573214402451
[2026-05-06 13:13:36.302] 🔁 Abriendo chat (intento 1/3) con: https://web.whatsapp.com/send?phone=573214402451&text=Hola%20%2B57%2C%20te%20escribimos%20de%20MEDPLAY.%0A%0A%E2%80%A2%20Tu%20Spotify%2C%20con%20el%20correo%20donmercado90%40gmail.com%2C%20vence%20el%20*06%2F05%2F2026*%2C%20quer%C3%ADa%20saber%20si%20deseas%20*realizar%20la%20renovaci%C3%B3n*%2C%20tiene%20un%20costo%20de%20*%24%2016%2C900*.%0A%0A*PARA%20PAGOS%20POR%20NEQUI%20SOLICITAR%20EL%20QR%20POR%20FAVOR*
[2026-05-06 13:13:42.578] ✉️ Enviando…
[2026-05-06 13:13:51.670] ↩️ Enviado (Enter)
[2026-05-06 13:13:51.670] ⏳ Pausa post-envío: 12s…
[2026-05-06 13:14:03.676] 
[17/43] → 573105941157
[2026-05-06 13:14:03.677] 🔁 Abriendo chat (intento 1/3) con: https://web.whatsapp.com/send?phone=573105941157&text=Hola%20Harley%2C%20te%20escribimos%20de%20MEDPLAY.%0A%0A%E2%80%A2%20Tu%20Youtube%2C%20con%20el%20correo%20emprendimientovisionarios1%40gmail.com%2C%20vence%20el%20*06%2F05%2F2026*%2C%20quer%C3%ADa%20saber%20si%20deseas%20*realizar%20la%20renovaci%C3%B3n*%2C%20tiene%20un%20costo%20de%20*%24%207%2C900*.%0A%0A*PARA%20PAGOS%20POR%20NEQUI%20SOLICITAR%20EL%20QR%20POR%20FAVOR*
[2026-05-06 13:14:12.804] ✉️ Enviando…
[2026-05-06 13:14:19.615] ↩️ Enviado (Enter)
[2026-05-06 13:14:19.616] ⏳ Pausa post-envío: 12s…
[2026-05-06 13:14:31.618] 
[18/43] → 573135474425
[2026-05-06 13:14:31.619] 🔁 Abriendo chat (intento 1/3) con: https://web.whatsapp.com/send?phone=573135474425&text=Hola%2C%20te%20escribimos%20de%20MEDPLAY.%0A%0A%E2%80%A2%20Tu%20Youtube%2C%20con%20el%20correo%20bramagafe123%40gmail.com%2C%20vence%20el%20*06%2F05%2F2026*%2C%20quer%C3%ADa%20saber%20si%20deseas%20*realizar%20la%20renovaci%C3%B3n*%2C%20tiene%20un%20costo%20de%20*%24%207%2C900*.%0A%0A*PARA%20PAGOS%20POR%20NEQUI%20SOLICITAR%20EL%20QR%20POR%20FAVOR*
[2026-05-06 13:14:35.648] ✉️ Enviando…
[2026-05-06 13:14:41.589] ↩️ Enviado (Enter)
[2026-05-06 13:14:41.589] ⏳ Pausa post-envío: 12s…
[2026-05-06 13:14:53.595] 
[19/43] → 573219356609
[2026-05-06 13:14:53.596] 🔁 Abriendo chat (intento 1/3) con: https://web.whatsapp.com/send?phone=573219356609&text=Hola%2C%20te%20escribimos%20de%20MEDPLAY.%0A%0A%E2%80%A2%20Tu%20Youtube%2C%20con%20el%20correo%20lopocomo893%40gmail.com%2C%20vence%20el%20*06%2F05%2F2026*%2C%20quer%C3%ADa%20saber%20si%20deseas%20*realizar%20la%20renovaci%C3%B3n*%2C%20tiene%20un%20costo%20de%20*%24%207%2C900*.%0A%0A*PARA%20PAGOS%20POR%20NEQUI%20SOLICITAR%20EL%20QR%20POR%20FAVOR*
[2026-05-06 13:14:57.841] ✉️ Enviando…
[2026-05-06 13:15:03.622] ↩️ Enviado (Enter)
[2026-05-06 13:15:03.623] ⏳ Pausa post-envío: 12s…
[2026-05-06 13:15:15.636] 
[20/43] → 573507533059
[2026-05-06 13:15:15.637] 🔁 Abriendo chat (intento 1/3) con: https://web.whatsapp.com/send?phone=573507533059&text=Hola%20Rosalba%2C%20te%20escribimos%20de%20MEDPLAY.%0A%0A%E2%80%A2%20Tu%20Youtube%2C%20con%20el%20correo%20vegabelqui7%40gmail.com%2C%20vence%20el%20*06%2F05%2F2026*%2C%20quer%C3%ADa%20saber%20si%20deseas%20*realizar%20la%20renovaci%C3%B3n*%2C%20tiene%20un%20costo%20de%20*%24%207%2C900*.%0A%0A*PARA%20PAGOS%20POR%20NEQUI%20SOLICITAR%20EL%20QR%20POR%20FAVOR*
[2026-05-06 13:15:19.783] ✉️ Enviando…
[2026-05-06 13:15:25.673] ↩️ Enviado (Enter)
[2026-05-06 13:15:25.674] ⏳ Pausa post-envío: 12s…
[2026-05-06 13:15:37.689] 
[21/43] → 573160559692
[2026-05-06 13:15:37.690] 🔁 Abriendo chat (intento 1/3) con: https://web.whatsapp.com/send?phone=573160559692&text=Hola%2C%20te%20escribimos%20de%20MEDPLAY.%0A%0A%E2%80%A2%20Tu%20ChatGPT%2C%20con%20el%20correo%20santanderoscar163%40gmail.com%2C%20vence%20el%20*06%2F05%2F2026*%2C%20quer%C3%ADa%20saber%20si%20deseas%20*realizar%20la%20renovaci%C3%B3n*%2C%20tiene%20un%20costo%20de%20*%24%2016%2C900*.%0A%0A*PARA%20PAGOS%20POR%20NEQUI%20SOLICITAR%20EL%20QR%20POR%20FAVOR*
[2026-05-06 13:15:43.397] ✉️ Enviando…
[2026-05-06 13:15:47.755] ↩️ Enviado (Enter)
[2026-05-06 13:15:47.755] ⏳ Pausa post-envío: 12s…
[2026-05-06 13:15:59.763] 
[22/43] → 573107947464
[2026-05-06 13:15:59.764] 🔁 Abriendo chat (intento 1/3) con: https://web.whatsapp.com/send?phone=573107947464&text=Hola%2C%20te%20escribimos%20de%20MEDPLAY.%0A%0A%E2%80%A2%20Tu%20Youtube%2C%20con%20el%20correo%20waor2025%40gmail.com%2C%20vence%20el%20*06%2F05%2F2026*%2C%20quer%C3%ADa%20saber%20si%20deseas%20*realizar%20la%20renovaci%C3%B3n*%2C%20tiene%20un%20costo%20de%20*%24%207%2C900*.%0A%0A*PARA%20PAGOS%20POR%20NEQUI%20SOLICITAR%20EL%20QR%20POR%20FAVOR*
[2026-05-06 13:16:05.536] ✉️ Enviando…
[2026-05-06 13:16:09.137] ↩️ Enviado (Enter)
[2026-05-06 13:16:09.137] ⏳ Pausa post-envío: 12s…
[2026-05-06 13:16:21.148] 
[23/43] → 573186036763
[2026-05-06 13:16:21.149] 🔁 Abriendo chat (intento 1/3) con: https://web.whatsapp.com/send?phone=573186036763&text=Hola%20%2B57%2C%20te%20escribimos%20de%20MEDPLAY.%0A%0A%E2%80%A2%20Tu%20Youtube%2C%20con%20el%20correo%20foroan1971%40gmail.com%2C%20vence%20el%20*07%2F05%2F2026*%2C%20quer%C3%ADa%20saber%20si%20deseas%20*realizar%20la%20renovaci%C3%B3n*%2C%20tiene%20un%20costo%20de%20*%24%207%2C900*.%0A%0A*PARA%20PAGOS%20POR%20NEQUI%20SOLICITAR%20EL%20QR%20POR%20FAVOR*
[2026-05-06 13:16:26.931] ✉️ Enviando…
[2026-05-06 13:16:30.980] ↩️ Enviado (Enter)
[2026-05-06 13:16:30.981] ⏳ Pausa post-envío: 12s…
[2026-05-06 13:16:42.986] 
[24/43] → 573016722845
[2026-05-06 13:16:42.987] 🔁 Abriendo chat (intento 1/3) con: https://web.whatsapp.com/send?phone=573016722845&text=Hola%2C%20te%20escribimos%20de%20MEDPLAY.%0A%0A%E2%80%A2%20Tu%20Youtube%2C%20con%20el%20correo%20t.4.s.h23%40gmail.com%2C%20vence%20el%20*07%2F05%2F2026*%2C%20quer%C3%ADa%20saber%20si%20deseas%20*realizar%20la%20renovaci%C3%B3n*%2C%20tiene%20un%20costo%20de%20*%24%207%2C900*.%0A%0A*PARA%20PAGOS%20POR%20NEQUI%20SOLICITAR%20EL%20QR%20POR%20FAVOR*
[2026-05-06 13:16:48.954] ✉️ Enviando…
[2026-05-06 13:16:55.077] ↩️ Enviado (Enter)
[2026-05-06 13:16:55.077] ⏳ Pausa post-envío: 12s…
[2026-05-06 13:17:07.094] 
[25/43] → 573013477713
[2026-05-06 13:17:07.095] 🔁 Abriendo chat (intento 1/3) con: https://web.whatsapp.com/send?phone=573013477713&text=Hola%20Lceballos%2C%20te%20escribimos%20de%20MEDPLAY.%0A%0A%E2%80%A2%20Tu%20ChatGPT%2C%20con%20el%20correo%20lceballos0122%40gmail.com%2C%20vence%20el%20*07%2F05%2F2026*%2C%20quer%C3%ADa%20saber%20si%20deseas%20*realizar%20la%20renovaci%C3%B3n*%2C%20tiene%20un%20costo%20de%20*%24%2016%2C900*.%0A%0A*PARA%20PAGOS%20POR%20NEQUI%20SOLICITAR%20EL%20QR%20POR%20FAVOR*
[2026-05-06 13:17:12.520] ✉️ Enviando…
[2026-05-06 13:17:16.426] ↩️ Enviado (Enter)
[2026-05-06 13:17:16.427] ⏳ Pausa post-envío: 12s…
[2026-05-06 13:17:28.439] 
[26/43] → 573123874450
[2026-05-06 13:17:28.440] 🔁 Abriendo chat (intento 1/3) con: https://web.whatsapp.com/send?phone=573123874450&text=Hola%2C%20te%20escribimos%20de%20MEDPLAY.%0A%0A%E2%80%A2%20Tu%20Youtube%2C%20con%20el%20correo%20pinilla3282%40gmail.com%2C%20vence%20el%20*07%2F05%2F2026*%2C%20quer%C3%ADa%20saber%20si%20deseas%20*realizar%20la%20renovaci%C3%B3n*%2C%20tiene%20un%20costo%20de%20*%24%207%2C900*.%0A%0A*PARA%20PAGOS%20POR%20NEQUI%20SOLICITAR%20EL%20QR%20POR%20FAVOR*
[2026-05-06 13:17:34.149] ✉️ Enviando…
[2026-05-06 13:17:38.441] ↩️ Enviado (Enter)
[2026-05-06 13:17:38.441] ⏳ Pausa post-envío: 12s…
[2026-05-06 13:17:50.447] 
[27/43] → 573134891681
[2026-05-06 13:17:50.448] 🔁 Abriendo chat (intento 1/3) con: https://web.whatsapp.com/send?phone=573134891681&text=Hola%2C%20te%20escribimos%20de%20MEDPLAY.%0A%0A%E2%80%A2%20Tu%20Youtube%2C%20con%20el%20correo%20hectorfalla%40gmail.com%2C%20vence%20el%20*07%2F05%2F2026*%2C%20quer%C3%ADa%20saber%20si%20deseas%20*realizar%20la%20renovaci%C3%B3n*%2C%20tiene%20un%20costo%20de%20*%24%207%2C900*.%0A%0A*PARA%20PAGOS%20POR%20NEQUI%20SOLICITAR%20EL%20QR%20POR%20FAVOR*
[2026-05-06 13:17:55.744] ✉️ Enviando…
[2026-05-06 13:18:01.699] ↩️ Enviado (Enter)
[2026-05-06 13:18:01.700] ⏳ Pausa post-envío: 12s…
[2026-05-06 13:18:13.713] 
[28/43] → 573013225548
[2026-05-06 13:18:13.714] 🔁 Abriendo chat (intento 1/3) con: https://web.whatsapp.com/send?phone=573013225548&text=Hola%2C%20te%20escribimos%20de%20MEDPLAY.%0A%0A%E2%80%A2%20Tu%20Youtube%2C%20con%20el%20correo%20cristian07cabarcas%40icloud.com%2C%20vence%20el%20*07%2F05%2F2026*%2C%20quer%C3%ADa%20saber%20si%20deseas%20*realizar%20la%20renovaci%C3%B3n*%2C%20tiene%20un%20costo%20de%20*%24%207%2C900*.%0A%0A*PARA%20PAGOS%20POR%20NEQUI%20SOLICITAR%20EL%20QR%20POR%20FAVOR*
[2026-05-06 13:18:17.965] ✉️ Enviando…
[2026-05-06 13:18:25.508] ↩️ Enviado (Enter)
[2026-05-06 13:18:25.508] ⏳ Pausa post-envío: 12s…
[2026-05-06 13:18:37.524] 
[29/43] → 573173473215
[2026-05-06 13:18:37.524] 🔁 Abriendo chat (intento 1/3) con: https://web.whatsapp.com/send?phone=573173473215&text=Hola%20Phoenix%2C%20te%20escribimos%20de%20MEDPLAY.%0A%0A%E2%80%A2%20Tu%20ChatGPT%2C%20con%20el%20correo%20disn.phoenix%2Bdigm%40gmail.com%2C%20vence%20el%20*07%2F05%2F2026*%2C%20quer%C3%ADa%20saber%20si%20deseas%20*realizar%20la%20renovaci%C3%B3n*%2C%20tiene%20un%20costo%20de%20*%24%2016%2C900*.%0A%0A*PARA%20PAGOS%20POR%20NEQUI%20SOLICITAR%20EL%20QR%20POR%20FAVOR*
[2026-05-06 13:18:46.039] ✉️ Enviando…
[2026-05-06 13:18:54.735] ↩️ Enviado (Enter)
[2026-05-06 13:18:54.735] ⏳ Pausa post-envío: 12s…
[2026-05-06 13:19:06.737] 
[30/43] → 573003245462
[2026-05-06 13:19:06.738] 🔁 Abriendo chat (intento 1/3) con: https://web.whatsapp.com/send?phone=573003245462&text=Hola%20Eimy%2C%20te%20escribimos%20de%20MEDPLAY.%0A%0A%E2%80%A2%20Tu%20Spotify%2C%20con%20el%20correo%20spo.ti%40gmail.com%2C%20vence%20el%20*07%2F05%2F2026*%2C%20quer%C3%ADa%20saber%20si%20deseas%20*realizar%20la%20renovaci%C3%B3n*%2C%20tiene%20un%20costo%20de%20*%24%2016%2C900*.%0A%0A*PARA%20PAGOS%20POR%20NEQUI%20SOLICITAR%20EL%20QR%20POR%20FAVOR*
[2026-05-06 13:19:13.353] ✉️ Enviando…
[2026-05-06 13:19:21.883] ↩️ Enviado (Enter)
[2026-05-06 13:19:21.884] ⏳ Pausa post-envío: 12s…
[2026-05-06 13:19:33.888] 
[31/43] → 573175167909
[2026-05-06 13:19:33.889] 🔁 Abriendo chat (intento 1/3) con: https://web.whatsapp.com/send?phone=573175167909&text=Hola%2C%20te%20escribimos%20de%20MEDPLAY.%0A%0A%E2%80%A2%20Tu%20Youtube%2C%20con%20el%20correo%20caixunmartinez27%40gmail.com%2C%20vence%20el%20*07%2F05%2F2026*%2C%20quer%C3%ADa%20saber%20si%20deseas%20*realizar%20la%20renovaci%C3%B3n*%2C%20tiene%20un%20costo%20de%20*%24%207%2C900*.%0A%0A*PARA%20PAGOS%20POR%20NEQUI%20SOLICITAR%20EL%20QR%20POR%20FAVOR*
[2026-05-06 13:19:40.253] ✉️ Enviando…
[2026-05-06 13:19:53.010] ↩️ Enviado (Enter)
[2026-05-06 13:19:53.011] ⏳ Pausa post-envío: 12s…
[2026-05-06 13:20:05.012] 
[32/43] → 573058035836
[2026-05-06 13:20:05.013] 🔁 Abriendo chat (intento 1/3) con: https://web.whatsapp.com/send?phone=573058035836&text=Hola%2C%20te%20escribimos%20de%20MEDPLAY.%0A%0A%E2%80%A2%20Tu%20Youtube%2C%20con%20el%20correo%20Comatsussas%40gmail.com%2C%20vence%20el%20*07%2F05%2F2026*%2C%20quer%C3%ADa%20saber%20si%20deseas%20*realizar%20la%20renovaci%C3%B3n*%2C%20tiene%20un%20costo%20de%20*%24%207%2C900*.%0A%0A*PARA%20PAGOS%20POR%20NEQUI%20SOLICITAR%20EL%20QR%20POR%20FAVOR*
[2026-05-06 13:20:10.922] ✉️ Enviando…
[2026-05-06 13:20:22.088] ↩️ Enviado (Enter)
[2026-05-06 13:20:22.088] ⏳ Pausa post-envío: 12s…
[2026-05-06 13:20:34.091] 
[33/43] → 573187752030
[2026-05-06 13:20:34.092] 🔁 Abriendo chat (intento 1/3) con: https://web.whatsapp.com/send?phone=573187752030&text=Hola%2C%20te%20escribimos%20de%20MEDPLAY.%0A%0A%E2%80%A2%20Tu%20Youtube%2C%20con%20el%20correo%20juancho1973jcb%40gmail.com%2C%20vence%20el%20*07%2F05%2F2026*%2C%20quer%C3%ADa%20saber%20si%20deseas%20*realizar%20la%20renovaci%C3%B3n*%2C%20tiene%20un%20costo%20de%20*%24%207%2C900*.%0A%0A*PARA%20PAGOS%20POR%20NEQUI%20SOLICITAR%20EL%20QR%20POR%20FAVOR*
[2026-05-06 13:20:42.577] ✉️ Enviando…
[2026-05-06 13:20:51.839] ↩️ Enviado (Enter)
[2026-05-06 13:20:51.840] ⏳ Pausa post-envío: 12s…
[2026-05-06 13:21:03.844] 
[34/43] → 573218981922
[2026-05-06 13:21:03.845] 🔁 Abriendo chat (intento 1/3) con: https://web.whatsapp.com/send?phone=573218981922&text=Hola%2C%20te%20escribimos%20de%20MEDPLAY.%0A%0A%E2%80%A2%20Tu%20Youtube%2C%20con%20el%20correo%20andrescuaican%40gmail.com%2C%20vence%20el%20*07%2F05%2F2026*%2C%20quer%C3%ADa%20saber%20si%20deseas%20*realizar%20la%20renovaci%C3%B3n*%2C%20tiene%20un%20costo%20de%20*%24%207%2C900*.%0A%0A*PARA%20PAGOS%20POR%20NEQUI%20SOLICITAR%20EL%20QR%20POR%20FAVOR*
[2026-05-06 13:21:09.685] ✉️ Enviando…
[2026-05-06 13:21:21.061] ↩️ Enviado (Enter)
[2026-05-06 13:21:21.061] ⏳ Pausa post-envío: 12s…
[2026-05-06 13:21:33.069] 
[35/43] → 573136705225
[2026-05-06 13:21:33.070] 🔁 Abriendo chat (intento 1/3) con: https://web.whatsapp.com/send?phone=573136705225&text=Hola%2C%20te%20escribimos%20de%20MEDPLAY.%0A%0A%E2%80%A2%20Tu%20Youtube%2C%20con%20el%20correo%20edilsonruizbedoya%40gmail.com%2C%20vence%20el%20*07%2F05%2F2026*%2C%20quer%C3%ADa%20saber%20si%20deseas%20*realizar%20la%20renovaci%C3%B3n*%2C%20tiene%20un%20costo%20de%20*%24%207%2C900*.%0A%0A*PARA%20PAGOS%20POR%20NEQUI%20SOLICITAR%20EL%20QR%20POR%20FAVOR*
[2026-05-06 13:21:39.020] ✉️ Enviando…
[2026-05-06 13:21:51.491] ↩️ Enviado (Enter)
[2026-05-06 13:21:51.493] ⏳ Pausa post-envío: 12s…
[2026-05-06 13:22:03.501] 
[36/43] → 573024728394
[2026-05-06 13:22:03.502] 🔁 Abriendo chat (intento 1/3) con: https://web.whatsapp.com/send?phone=573024728394&text=Hola%20Daniel%2C%20te%20escribimos%20de%20MEDPLAY.%0A%0A%E2%80%A2%20Tu%20Spotify%2C%20con%20el%20correo%20andresbetancur%40spotify.com%2C%20vence%20el%20*07%2F05%2F2026*%2C%20quer%C3%ADa%20saber%20si%20deseas%20*realizar%20la%20renovaci%C3%B3n*%2C%20tiene%20un%20costo%20de%20*%24%2012%2C900*.%0A%0A*PARA%20PAGOS%20POR%20NEQUI%20SOLICITAR%20EL%20QR%20POR%20FAVOR*
[2026-05-06 13:22:09.624] ✉️ Enviando…
[2026-05-06 13:22:17.788] ↩️ Enviado (Enter)
[2026-05-06 13:22:17.789] ⏳ Pausa post-envío: 12s…
[2026-05-06 13:22:29.796] 
[37/43] → 573209862547
[2026-05-06 13:22:29.798] 🔁 Abriendo chat (intento 1/3) con: https://web.whatsapp.com/send?phone=573209862547&text=Hola%20Johan%2C%20te%20escribimos%20de%20MEDPLAY.%0A%0A%E2%80%A2%20Tu%20Youtube%2C%20con%20el%20correo%20johanestivenrojasguio%40gmail.com%2C%20vence%20el%20*07%2F05%2F2026*%2C%20quer%C3%ADa%20saber%20si%20deseas%20*realizar%20la%20renovaci%C3%B3n*%2C%20tiene%20un%20costo%20de%20*%24%207%2C900*.%0A%0A*PARA%20PAGOS%20POR%20NEQUI%20SOLICITAR%20EL%20QR%20POR%20FAVOR*
[2026-05-06 13:22:36.550] ✉️ Enviando…
[2026-05-06 13:22:50.789] ↩️ Enviado (Enter)
[2026-05-06 13:22:50.790] ⏳ Pausa post-envío: 12s…
[2026-05-06 13:23:02.800] 
[38/43] → 573127347252
[2026-05-06 13:23:02.801] 🔁 Abriendo chat (intento 1/3) con: https://web.whatsapp.com/send?phone=573127347252&text=Hola%20David%2C%20te%20escribimos%20de%20MEDPLAY.%0A%0A%E2%80%A2%20Tu%20Youtube%2C%20con%20el%20correo%20davidpin941%40gmail.com%2C%20vence%20el%20*07%2F05%2F2026*%2C%20quer%C3%ADa%20saber%20si%20deseas%20*realizar%20la%20renovaci%C3%B3n*%2C%20tiene%20un%20costo%20de%20*%24%207%2C900*.%0A%0A*PARA%20PAGOS%20POR%20NEQUI%20SOLICITAR%20EL%20QR%20POR%20FAVOR*
[2026-05-06 13:23:08.497] ✉️ Enviando…
[2026-05-06 13:23:16.301] ↩️ Enviado (Enter)
[2026-05-06 13:23:16.301] ⏳ Pausa post-envío: 12s…
[2026-05-06 13:23:28.313] 
[39/43] → 573042847404
[2026-05-06 13:23:28.313] 🔁 Abriendo chat (intento 1/3) con: https://web.whatsapp.com/send?phone=573042847404&text=Hola%20Jorge%2C%20te%20escribimos%20de%20MEDPLAY.%0A%0A%E2%80%A2%20Tu%20Youtube%2C%20con%20el%20correo%20jorgeluismosquera223%40gmail.com%2C%20vence%20el%20*07%2F05%2F2026*%2C%20quer%C3%ADa%20saber%20si%20deseas%20*realizar%20la%20renovaci%C3%B3n*%2C%20tiene%20un%20costo%20de%20*%24%207%2C900*.%0A%0A*PARA%20PAGOS%20POR%20NEQUI%20SOLICITAR%20EL%20QR%20POR%20FAVOR*
[2026-05-06 13:23:34.942] ✉️ Enviando…
[2026-05-06 13:23:42.820] ↩️ Enviado (Enter)
[2026-05-06 13:23:42.821] ⏳ Pausa post-envío: 12s…
[2026-05-06 13:23:54.830] 
[40/43] → 573106910340
[2026-05-06 13:23:54.830] 🔁 Abriendo chat (intento 1/3) con: https://web.whatsapp.com/send?phone=573106910340&text=Hola%20Jean%2C%20te%20escribimos%20de%20MEDPLAY.%0A%0A%E2%80%A2%20Tu%20Youtube%2C%20con%20el%20correo%20gamerjean300%40gmail.com%2C%20vence%20el%20*07%2F05%2F2026*%2C%20quer%C3%ADa%20saber%20si%20deseas%20*realizar%20la%20renovaci%C3%B3n*%2C%20tiene%20un%20costo%20de%20*%24%207%2C900*.%0A%0A*PARA%20PAGOS%20POR%20NEQUI%20SOLICITAR%20EL%20QR%20POR%20FAVOR*
[2026-05-06 13:24:00.594] ✉️ Enviando…
[2026-05-06 13:24:08.393] ↩️ Enviado (Enter)
[2026-05-06 13:24:08.394] ⏳ Pausa post-envío: 12s…
[2026-05-06 13:24:20.401] 
[41/43] → 573239500251
[2026-05-06 13:24:20.401] 🔁 Abriendo chat (intento 1/3) con: https://web.whatsapp.com/send?phone=573239500251&text=Hola%20Griselda%2C%20te%20escribimos%20de%20MEDPLAY.%0A%0A%E2%80%A2%20Tu%20Youtube%2C%20con%20el%20correo%20griseldaruiz1043%40gmail.com%2C%20vence%20el%20*07%2F05%2F2026*%2C%20quer%C3%ADa%20saber%20si%20deseas%20*realizar%20la%20renovaci%C3%B3n*%2C%20tiene%20un%20costo%20de%20*%24%207%2C900*.%0A%0A*PARA%20PAGOS%20POR%20NEQUI%20SOLICITAR%20EL%20QR%20POR%20FAVOR*
[2026-05-06 13:24:26.269] ✉️ Enviando…
[2026-05-06 13:24:37.082] ↩️ Enviado (Enter)
[2026-05-06 13:24:37.083] ⏳ Pausa post-envío: 12s…
[2026-05-06 13:24:49.085] 
[42/43] → 573212949327
[2026-05-06 13:24:49.087] 🔁 Abriendo chat (intento 1/3) con: https://web.whatsapp.com/send?phone=573212949327&text=Hola%20Daniela%2C%20te%20escribimos%20de%20MEDPLAY.%0A%0A%E2%80%A2%20Tu%20Youtube%2C%20con%20el%20correo%2022.01.dtp%40gmail.com%2C%20vence%20el%20*07%2F05%2F2026*%2C%20quer%C3%ADa%20saber%20si%20deseas%20*realizar%20la%20renovaci%C3%B3n*%2C%20tiene%20un%20costo%20de%20*%24%207%2C900*.%0A%0A*PARA%20PAGOS%20POR%20NEQUI%20SOLICITAR%20EL%20QR%20POR%20FAVOR*
[2026-05-06 13:24:55.866] ✉️ Enviando…
[2026-05-06 13:25:08.516] ↩️ Enviado (Enter)
[2026-05-06 13:25:08.517] ⏳ Pausa post-envío: 12s…
[2026-05-06 13:25:20.519] 
[43/43] → 573054368413
[2026-05-06 13:25:20.520] 🔁 Abriendo chat (intento 1/3) con: https://web.whatsapp.com/send?phone=573054368413&text=Hola%20Yhon%2C%20te%20escribimos%20de%20MEDPLAY.%0A%0A%E2%80%A2%20Tu%20Youtube%2C%20con%20el%20correo%20yhoncamayo56%40gmail.com%2C%20vence%20el%20*07%2F05%2F2026*%2C%20quer%C3%ADa%20saber%20si%20deseas%20*realizar%20la%20renovaci%C3%B3n*%2C%20tiene%20un%20costo%20de%20*%24%207%2C900*.%0A%0A*PARA%20PAGOS%20POR%20NEQUI%20SOLICITAR%20EL%20QR%20POR%20FAVOR*
[2026-05-06 13:25:27.292] ✉️ Enviando…
[2026-05-06 13:25:37.741] ↩️ Enviado (Enter)
[2026-05-06 13:25:37.742] ⏳ Pausa post-envío: 12s…
[2026-05-06 13:25:49.757] 
✅ Finalizado. Enviados: 43. Omitidos: 0.
[2026-05-06 13:25:49.758] ℹ️ Navegador dejado abierto para revisión manual.
[2026-05-07 13:44:07.810] 📨 Enviaré 43 mensaje(s).
[2026-05-07 13:44:07.811] 🚀 Lanzando script de navegador: C:\Users\Santiago\medplay\scripts\start-edge-wa.bat
[2026-05-07 13:44:07.822] ⏳ Esperando CDP…
[2026-05-07 13:44:12.563] 🟡 Preparando WhatsApp Web…
[2026-05-07 13:44:37.344] ✅ WhatsApp Web listo.
[2026-05-07 13:44:37.344] 
[1/43] → 573042523854
[2026-05-07 13:44:37.345] 🔁 Abriendo chat (intento 1/3) con: https://web.whatsapp.com/send?phone=573042523854&text=Hola%2C%20te%20escribimos%20de%20MEDPLAY.%0A%0A%E2%80%A2%20Tu%20Disney%20(pantalla%201)%2C%20con%20el%20correo%20medplay93%2Bg4%40gmail.com%2C%20vence%20el%20*07%2F05%2F2026*%2C%20quer%C3%ADa%20saber%20si%20deseas%20*realizar%20la%20renovaci%C3%B3n*%2C%20tiene%20un%20costo%20de%20*%24%207%2C900*.%0A%0A*PARA%20PAGOS%20POR%20NEQUI%20SOLICITAR%20EL%20QR%20POR%20FAVOR*
[2026-05-07 13:44:41.581] ✉️ Enviando…
[2026-05-07 13:44:45.401] ↩️ Enviado (Enter)
[2026-05-07 13:44:45.401] ⏳ Pausa post-envío: 12s…
[2026-05-07 13:44:57.411] 
[2/43] → 573214495781
[2026-05-07 13:44:57.412] 🔁 Abriendo chat (intento 1/3) con: https://web.whatsapp.com/send?phone=573214495781&text=Hola%2C%20te%20escribimos%20de%20MEDPLAY.%0A%0A%E2%80%A2%20Tu%20VIX%20(pantalla%202)%2C%20con%20el%20correo%20medplay93%2Bvj3y1%40gmail.com%2C%20vence%20el%20*07%2F05%2F2026*%2C%20quer%C3%ADa%20saber%20si%20deseas%20*realizar%20la%20renovaci%C3%B3n*%2C%20tiene%20un%20costo%20de%20*%24%203%2C900*.%0A%E2%80%A2%20Tu%20Youtube%2C%20con%20el%20correo%20pajaroloco844%40gmail.com%2C%20vence%20el%20*07%2F05%2F2026*%2C%20quer%C3%ADa%20saber%20si%20deseas%20*realizar%20la%20renovaci%C3%B3n*%2C%20tiene%20un%20costo%20de%20*%24%207%2C900*.%0A%0A*PARA%20PAGOS%20POR%20NEQUI%20SOLICITAR%20EL%20QR%20POR%20FAVOR*
[2026-05-07 13:45:01.012] ✉️ Enviando…
[2026-05-07 13:45:04.562] ↩️ Enviado (Enter)
[2026-05-07 13:45:04.563] ⏳ Pausa post-envío: 12s…
[2026-05-07 13:45:16.576] 
[3/43] → 573504018046
[2026-05-07 13:45:16.577] 🔁 Abriendo chat (intento 1/3) con: https://web.whatsapp.com/send?phone=573504018046&text=Hola%2C%20te%20escribimos%20de%20MEDPLAY.%0A%0A%E2%80%A2%20Tu%20Crunchyroll%20(pantalla%206)%2C%20con%20el%20correo%20ronaldaort447%40hotmail.com%2C%20vence%20el%20*07%2F05%2F2026*%2C%20quer%C3%ADa%20saber%20si%20deseas%20*realizar%20la%20renovaci%C3%B3n*%2C%20tiene%20un%20costo%20de%20*%24%206%2C900*.%0A%0A*PARA%20PAGOS%20POR%20NEQUI%20SOLICITAR%20EL%20QR%20POR%20FAVOR*
[2026-05-07 13:45:19.795] ✉️ Enviando…
[2026-05-07 13:45:22.771] ↩️ Enviado (Enter)
[2026-05-07 13:45:22.772] ⏳ Pausa post-envío: 12s…
[2026-05-07 13:45:34.776] 
[4/43] → 573161488859
[2026-05-07 13:45:34.776] 🔁 Abriendo chat (intento 1/3) con: https://web.whatsapp.com/send?phone=573161488859&text=Hola%2C%20te%20escribimos%20de%20MEDPLAY.%0A%0A%E2%80%A2%20Tu%20Crunchyroll%20(pantalla%203)%2C%20con%20el%20correo%20hartleysak1238%40hotmail.com%2C%20vence%20el%20*07%2F05%2F2026*%2C%20quer%C3%ADa%20saber%20si%20deseas%20*realizar%20la%20renovaci%C3%B3n*%2C%20tiene%20un%20costo%20de%20*%24%206%2C900*.%0A%0A*PARA%20PAGOS%20POR%20NEQUI%20SOLICITAR%20EL%20QR%20POR%20FAVOR*
[2026-05-07 13:45:38.164] ✉️ Enviando…
[2026-05-07 13:45:41.451] ↩️ Enviado (Enter)
[2026-05-07 13:45:41.452] ⏳ Pausa post-envío: 12s…
[2026-05-07 13:45:53.467] 
[5/43] → 573005089661
[2026-05-07 13:45:53.468] 🔁 Abriendo chat (intento 1/3) con: https://web.whatsapp.com/send?phone=573005089661&text=Hola%20%2B57%2C%20te%20escribimos%20de%20MEDPLAY.%0A%0A%E2%80%A2%20Tu%20Disney%20Premium%20(pantalla%202)%2C%20con%20el%20correo%20medplay93%2Bc01%40gmail.com%2C%20vence%20el%20*07%2F05%2F2026*%2C%20quer%C3%ADa%20saber%20si%20deseas%20*realizar%20la%20renovaci%C3%B3n*%2C%20tiene%20un%20costo%20de%20*%24%2012%2C900*.%0A%0A*PARA%20PAGOS%20POR%20NEQUI%20SOLICITAR%20EL%20QR%20POR%20FAVOR*
[2026-05-07 13:45:56.821] ✉️ Enviando…
[2026-05-07 13:45:59.785] ↩️ Enviado (Enter)
[2026-05-07 13:45:59.785] ⏳ Pausa post-envío: 12s…
[2026-05-07 13:46:11.786] 
[6/43] → 573135533891
[2026-05-07 13:46:11.787] 🔁 Abriendo chat (intento 1/3) con: https://web.whatsapp.com/send?phone=573135533891&text=Hola%20%2B57%2C%20te%20escribimos%20de%20MEDPLAY.%0A%0A%E2%80%A2%20Tu%20Disney%20Premium%20(pantalla%208)%2C%20con%20el%20correo%20medplay93%2Bc01%40gmail.com%2C%20vence%20el%20*07%2F05%2F2026*%2C%20quer%C3%ADa%20saber%20si%20deseas%20*realizar%20la%20renovaci%C3%B3n*%2C%20tiene%20un%20costo%20de%20*%24%2012%2C900*.%0A%0A*PARA%20PAGOS%20POR%20NEQUI%20SOLICITAR%20EL%20QR%20POR%20FAVOR*
[2026-05-07 13:46:15.363] ✉️ Enviando…
[2026-05-07 13:46:18.934] ↩️ Enviado (Enter)
[2026-05-07 13:46:18.934] ⏳ Pausa post-envío: 12s…
[2026-05-07 13:46:30.937] 
[7/43] → 573223572154
[2026-05-07 13:46:30.938] 🔁 Abriendo chat (intento 1/3) con: https://web.whatsapp.com/send?phone=573223572154&text=Hola%20Elias%2C%20te%20escribimos%20de%20MEDPLAY.%0A%0A%E2%80%A2%20Tu%20Crunchyroll%20(pantalla%203)%2C%20con%20el%20correo%20arveljaap86%40hotmail.com%2C%20vence%20el%20*07%2F05%2F2026*%2C%20quer%C3%ADa%20saber%20si%20deseas%20*realizar%20la%20renovaci%C3%B3n*%2C%20tiene%20un%20costo%20de%20*%24%204%2C900*.%0A%0A*PARA%20PAGOS%20POR%20NEQUI%20SOLICITAR%20EL%20QR%20POR%20FAVOR*
[2026-05-07 13:46:34.781] ✉️ Enviando…
[2026-05-07 13:46:38.204] ↩️ Enviado (Enter)
[2026-05-07 13:46:38.204] ⏳ Pausa post-envío: 12s…
[2026-05-07 13:46:50.212] 
[8/43] → 573212236961
[2026-05-07 13:46:50.213] 🔁 Abriendo chat (intento 1/3) con: https://web.whatsapp.com/send?phone=573212236961&text=Hola%20%2B57%2C%20te%20escribimos%20de%20MEDPLAY.%0A%0A%E2%80%A2%20Tu%20Netflix%20(pantalla%204)%2C%20con%20el%20correo%20barbra19367tricia2001%2B2%40hotmail.com%2C%20vence%20el%20*07%2F05%2F2026*%2C%20quer%C3%ADa%20saber%20si%20deseas%20*realizar%20la%20renovaci%C3%B3n*%2C%20tiene%20un%20costo%20de%20*%24%2014%2C900*.%0A%0A*PARA%20PAGOS%20POR%20NEQUI%20SOLICITAR%20EL%20QR%20POR%20FAVOR*
[2026-05-07 13:47:02.397] ✉️ Enviando…
[2026-05-07 13:47:02.669] ↩️ Enviado (Enter)
[2026-05-07 13:47:02.669] ⏳ Pausa post-envío: 12s…
[2026-05-07 13:47:14.680] 
[9/43] → 573126494601
[2026-05-07 13:47:14.681] 🔁 Abriendo chat (intento 1/3) con: https://web.whatsapp.com/send?phone=573126494601&text=Hola%20ROBINSON%2C%20te%20escribimos%20de%20MEDPLAY.%0A%0A%E2%80%A2%20Tu%20Crunchyroll%20(pantalla%205)%2C%20con%20el%20correo%20arveljaap86%40hotmail.com%2C%20vence%20el%20*07%2F05%2F2026*%2C%20quer%C3%ADa%20saber%20si%20deseas%20*realizar%20la%20renovaci%C3%B3n*%2C%20tiene%20un%20costo%20de%20*%24%204%2C900*.%0A%0A*PARA%20PAGOS%20POR%20NEQUI%20SOLICITAR%20EL%20QR%20POR%20FAVOR*
[2026-05-07 13:47:18.006] ✉️ Enviando…
[2026-05-07 13:47:21.444] ↩️ Enviado (Enter)
[2026-05-07 13:47:21.444] ⏳ Pausa post-envío: 12s…
[2026-05-07 13:47:33.446] 
[10/43] → 573116400774
[2026-05-07 13:47:33.447] 🔁 Abriendo chat (intento 1/3) con: https://web.whatsapp.com/send?phone=573116400774&text=Hola%20Dannia%2C%20te%20escribimos%20de%20MEDPLAY.%0A%0A%E2%80%A2%20Tu%20VIX%20(pantalla%203)%2C%20con%20el%20correo%20medplay93%2Bvj3y1%40gmail.com%2C%20vence%20el%20*07%2F05%2F2026*%2C%20quer%C3%ADa%20saber%20si%20deseas%20*realizar%20la%20renovaci%C3%B3n*%2C%20tiene%20un%20costo%20de%20*%24%203%2C900*.%0A%E2%80%A2%20Tu%20Amazon%20(pantalla%207)%2C%20con%20el%20correo%20keirenhgg17890%40hotmail.com%2C%20vence%20el%20*08%2F05%2F2026*%2C%20quer%C3%ADa%20saber%20si%20deseas%20*realizar%20la%20renovaci%C3%B3n*%2C%20tiene%20un%20costo%20de%20*%24%207%2C900*.%0A%0A*PARA%20PAGOS%20POR%20NEQUI%20SOLICITAR%20EL%20QR%20POR%20FAVOR*
[2026-05-07 13:47:36.940] ✉️ Enviando…
[2026-05-07 13:47:40.550] ↩️ Enviado (Enter)
[2026-05-07 13:47:40.551] ⏳ Pausa post-envío: 12s…
[2026-05-07 13:47:52.560] 
[11/43] → 573027093640
[2026-05-07 13:47:52.561] 🔁 Abriendo chat (intento 1/3) con: https://web.whatsapp.com/send?phone=573027093640&text=Hola%20Juanes%2C%20te%20escribimos%20de%20MEDPLAY.%0A%0A%E2%80%A2%20Tu%20Crunchyroll%20(pantalla%206)%2C%20con%20el%20correo%20joisselumukanda188%40hotmail.com%2C%20vence%20el%20*08%2F05%2F2026*%2C%20quer%C3%ADa%20saber%20si%20deseas%20*realizar%20la%20renovaci%C3%B3n*%2C%20tiene%20un%20costo%20de%20*%24%204%2C900*.%0A%0A*PARA%20PAGOS%20POR%20NEQUI%20SOLICITAR%20EL%20QR%20POR%20FAVOR*
[2026-05-07 13:47:56.392] ✉️ Enviando…
[2026-05-07 13:48:00.588] ↩️ Enviado (Enter)
[2026-05-07 13:48:00.589] ⏳ Pausa post-envío: 12s…
[2026-05-07 13:48:12.597] 
[12/43] → 573123423399
[2026-05-07 13:48:12.598] 🔁 Abriendo chat (intento 1/3) con: https://web.whatsapp.com/send?phone=573123423399&text=Hola%20Cristian%2C%20te%20escribimos%20de%20MEDPLAY.%0A%0A%E2%80%A2%20Tu%20Disney%20Premium%20(pantalla%205)%2C%20con%20el%20correo%20medplay93%2Blc%40gmail.com%2C%20vence%20el%20*08%2F05%2F2026*%2C%20quer%C3%ADa%20saber%20si%20deseas%20*realizar%20la%20renovaci%C3%B3n*%2C%20tiene%20un%20costo%20de%20*%24%2012%2C900*.%0A%0A*PARA%20PAGOS%20POR%20NEQUI%20SOLICITAR%20EL%20QR%20POR%20FAVOR*
[2026-05-07 13:48:19.053] ✉️ Enviando…
[2026-05-07 13:48:28.579] ↩️ Enviado (Enter)
[2026-05-07 13:48:28.580] ⏳ Pausa post-envío: 12s…
[2026-05-07 13:48:40.587] 
[13/43] → 573166274566
[2026-05-07 13:48:40.589] 🔁 Abriendo chat (intento 1/3) con: https://web.whatsapp.com/send?phone=573166274566&text=Hola%20Jeyson%2C%20te%20escribimos%20de%20MEDPLAY.%0A%0A%E2%80%A2%20Tu%20Amazon%20(pantalla%202)%2C%20con%20el%20correo%20keirenhgg17890%40hotmail.com%2C%20vence%20el%20*08%2F05%2F2026*%2C%20quer%C3%ADa%20saber%20si%20deseas%20*realizar%20la%20renovaci%C3%B3n*%2C%20tiene%20un%20costo%20de%20*%24%207%2C900*.%0A%0A*PARA%20PAGOS%20POR%20NEQUI%20SOLICITAR%20EL%20QR%20POR%20FAVOR*
[2026-05-07 13:48:45.559] ✉️ Enviando…
[2026-05-07 13:48:54.731] ↩️ Enviado (Enter)
[2026-05-07 13:48:54.731] ⏳ Pausa post-envío: 12s…
[2026-05-07 13:49:06.735] 
[14/43] → 573184110606
[2026-05-07 13:49:06.736] 🔁 Abriendo chat (intento 1/3) con: https://web.whatsapp.com/send?phone=573184110606&text=Hola%20Elsa%2C%20te%20escribimos%20de%20MEDPLAY.%0A%0A%E2%80%A2%20Tu%20Netflix%20(pantalla%205)%2C%20con%20el%20correo%20barbra19367tricia2001%2B2%40hotmail.com%2C%20vence%20el%20*08%2F05%2F2026*%2C%20quer%C3%ADa%20saber%20si%20deseas%20*realizar%20la%20renovaci%C3%B3n*%2C%20tiene%20un%20costo%20de%20*%24%2014%2C900*.%0A%0A*PARA%20PAGOS%20POR%20NEQUI%20SOLICITAR%20EL%20QR%20POR%20FAVOR*
[2026-05-07 13:49:12.198] ✉️ Enviando…
[2026-05-07 13:49:21.265] ↩️ Enviado (Enter)
[2026-05-07 13:49:21.266] ⏳ Pausa post-envío: 12s…
[2026-05-07 13:49:33.275] 
[15/43] → 573205825365
[2026-05-07 13:49:33.280] 🔁 Abriendo chat (intento 1/3) con: https://web.whatsapp.com/send?phone=573205825365&text=Hola%20%2B57%2C%20te%20escribimos%20de%20MEDPLAY.%0A%0A%E2%80%A2%20Tu%20Crunchyroll%20(pantalla%206)%2C%20con%20el%20correo%20crunxhymex%40gmail.com%2C%20vence%20el%20*08%2F05%2F2026*%2C%20quer%C3%ADa%20saber%20si%20deseas%20*realizar%20la%20renovaci%C3%B3n*%2C%20tiene%20un%20costo%20de%20*%24%204%2C900*.%0A%0A*PARA%20PAGOS%20POR%20NEQUI%20SOLICITAR%20EL%20QR%20POR%20FAVOR*
[2026-05-07 13:49:38.518] ✉️ Enviando…
[2026-05-07 13:49:45.469] ↩️ Enviado (Enter)
[2026-05-07 13:49:45.470] ⏳ Pausa post-envío: 12s…
[2026-05-07 13:49:57.479] 
[16/43] → 573004132117
[2026-05-07 13:49:57.480] 🔁 Abriendo chat (intento 1/3) con: https://web.whatsapp.com/send?phone=573004132117&text=Hola%20%2B57%2C%20te%20escribimos%20de%20MEDPLAY.%0A%0A%E2%80%A2%20Tu%20Crunchyroll%20(pantalla%201)%2C%20con%20el%20correo%20samaradonaghue66%40hotmail.com%2C%20vence%20el%20*08%2F05%2F2026*%2C%20quer%C3%ADa%20saber%20si%20deseas%20*realizar%20la%20renovaci%C3%B3n*%2C%20tiene%20un%20costo%20de%20*%24%204%2C900*.%0A%0A*PARA%20PAGOS%20POR%20NEQUI%20SOLICITAR%20EL%20QR%20POR%20FAVOR*
[2026-05-07 13:50:02.634] ✉️ Enviando…
[2026-05-07 13:50:11.219] ↩️ Enviado (Enter)
[2026-05-07 13:50:11.219] ⏳ Pausa post-envío: 12s…
[2026-05-07 13:50:23.224] 
[17/43] → 573017301786
[2026-05-07 13:50:23.224] 🔁 Abriendo chat (intento 1/3) con: https://web.whatsapp.com/send?phone=573017301786&text=Hola%20Esneider%2C%20te%20escribimos%20de%20MEDPLAY.%0A%0A%E2%80%A2%20Tu%20Disney%20(pantalla%204)%2C%20con%20el%20correo%20medplay93%2Bnv2%40gmail.com%2C%20vence%20el%20*08%2F05%2F2026*%2C%20quer%C3%ADa%20saber%20si%20deseas%20*realizar%20la%20renovaci%C3%B3n*%2C%20tiene%20un%20costo%20de%20*%24%207%2C900*.%0A%0A*PARA%20PAGOS%20POR%20NEQUI%20SOLICITAR%20EL%20QR%20POR%20FAVOR*
[2026-05-07 13:50:28.710] ✉️ Enviando…
[2026-05-07 13:50:38.071] ↩️ Enviado (Enter)
[2026-05-07 13:50:38.072] ⏳ Pausa post-envío: 12s…
[2026-05-07 13:50:50.077] 
[18/43] → 573214446870
[2026-05-07 13:50:50.077] 🔁 Abriendo chat (intento 1/3) con: https://web.whatsapp.com/send?phone=573214446870&text=Hola%20Martha%2C%20te%20escribimos%20de%20MEDPLAY.%0A%0A%E2%80%A2%20Tu%20Crunchyroll%20(pantalla%206)%2C%20con%20el%20correo%20crunchnedply%40gmail.com%2C%20vence%20el%20*08%2F05%2F2026*%2C%20quer%C3%ADa%20saber%20si%20deseas%20*realizar%20la%20renovaci%C3%B3n*%2C%20tiene%20un%20costo%20de%20*%24%204%2C900*.%0A%0A*PARA%20PAGOS%20POR%20NEQUI%20SOLICITAR%20EL%20QR%20POR%20FAVOR*
[2026-05-07 13:50:55.249] ✉️ Enviando…
[2026-05-07 13:51:04.590] ↩️ Enviado (Enter)
[2026-05-07 13:51:04.591] ⏳ Pausa post-envío: 12s…
[2026-05-07 13:51:16.597] 
[19/43] → 573133903580
[2026-05-07 13:51:16.598] 🔁 Abriendo chat (intento 1/3) con: https://web.whatsapp.com/send?phone=573133903580&text=Hola%20DRBB%2C%20te%20escribimos%20de%20MEDPLAY.%0A%0A%E2%80%A2%20Tu%20Crunchyroll%20(pantalla%204)%2C%20con%20el%20correo%20kristaswieca30%40hotmail.com%2C%20vence%20el%20*08%2F05%2F2026*%2C%20quer%C3%ADa%20saber%20si%20deseas%20*realizar%20la%20renovaci%C3%B3n*%2C%20tiene%20un%20costo%20de%20*%24%204%2C900*.%0A%0A*PARA%20PAGOS%20POR%20NEQUI%20SOLICITAR%20EL%20QR%20POR%20FAVOR*
[2026-05-07 13:51:22.249] ✉️ Enviando…
[2026-05-07 13:51:35.360] ↩️ Enviado (Enter)
[2026-05-07 13:51:35.361] ⏳ Pausa post-envío: 12s…
[2026-05-07 13:51:47.379] 
[20/43] → 573213674066
[2026-05-07 13:51:47.380] 🔁 Abriendo chat (intento 1/3) con: https://web.whatsapp.com/send?phone=573213674066&text=Hola%20Jaime%2C%20te%20escribimos%20de%20MEDPLAY.%0A%0A%E2%80%A2%20Tu%20Disney%20(pantalla%202)%2C%20con%20el%20correo%20medplay93%2Bxo%40gmail.com%2C%20vence%20el%20*08%2F05%2F2026*%2C%20quer%C3%ADa%20saber%20si%20deseas%20*realizar%20la%20renovaci%C3%B3n*%2C%20tiene%20un%20costo%20de%20*%24%207%2C900*.%0A%0A*PARA%20PAGOS%20POR%20NEQUI%20SOLICITAR%20EL%20QR%20POR%20FAVOR*
[2026-05-07 13:51:52.534] ✉️ Enviando…
[2026-05-07 13:52:01.344] ↩️ Enviado (Enter)
[2026-05-07 13:52:01.345] ⏳ Pausa post-envío: 12s…
[2026-05-07 13:52:13.346] 
[21/43] → 573045467492
[2026-05-07 13:52:13.349] 🔁 Abriendo chat (intento 1/3) con: https://web.whatsapp.com/send?phone=573045467492&text=Hola%20AyC%2C%20te%20escribimos%20de%20MEDPLAY.%0A%0A%E2%80%A2%20Tu%20Disney%20(pantalla%202)%2C%20con%20el%20correo%20medplay93%2Bg4%40gmail.com%2C%20vence%20el%20*08%2F05%2F2026*%2C%20quer%C3%ADa%20saber%20si%20deseas%20*realizar%20la%20renovaci%C3%B3n*%2C%20tiene%20un%20costo%20de%20*%24%207%2C900*.%0A%E2%80%A2%20Tu%20Crunchyroll%20(pantalla%201)%2C%20con%20el%20correo%20kristaswieca30%40hotmail.com%2C%20vence%20el%20*08%2F05%2F2026*%2C%20quer%C3%ADa%20saber%20si%20deseas%20*realizar%20la%20renovaci%C3%B3n*%2C%20tiene%20un%20costo%20de%20*%24%206%2C900*.%0A%0A*PARA%20PAGOS%20POR%20NEQUI%20SOLICITAR%20EL%20QR%20POR%20FAVOR*
[2026-05-07 13:52:19.062] ✉️ Enviando…
[2026-05-07 13:52:27.048] ↩️ Enviado (Enter)
[2026-05-07 13:52:27.048] ⏳ Pausa post-envío: 12s…
[2026-05-07 13:52:39.051] 
[22/43] → 573045527236
[2026-05-07 13:52:39.051] 🔁 Abriendo chat (intento 1/3) con: https://web.whatsapp.com/send?phone=573045527236&text=Hola%20Diego%2C%20te%20escribimos%20de%20MEDPLAY.%0A%0A%E2%80%A2%20Tu%20Disney%20Premium%20(pantalla%201)%2C%20con%20el%20correo%20medplay93%2Bc01%40gmail.com%2C%20vence%20el%20*08%2F05%2F2026*%2C%20quer%C3%ADa%20saber%20si%20deseas%20*realizar%20la%20renovaci%C3%B3n*%2C%20tiene%20un%20costo%20de%20*%24%2012%2C900*.%0A%0A*PARA%20PAGOS%20POR%20NEQUI%20SOLICITAR%20EL%20QR%20POR%20FAVOR*
[2026-05-07 13:52:47.523] ✉️ Enviando…
[2026-05-07 13:52:52.183] ↩️ Enviado (Enter)
[2026-05-07 13:52:52.184] ⏳ Pausa post-envío: 12s…
[2026-05-07 13:53:04.186] 
[23/43] → 573205268352
[2026-05-07 13:53:04.187] 🔁 Abriendo chat (intento 1/3) con: https://web.whatsapp.com/send?phone=573205268352&text=Hola%20Rey%2C%20te%20escribimos%20de%20MEDPLAY.%0A%0A%E2%80%A2%20Tu%20Crunchyroll%20(pantalla%206)%2C%20con%20el%20correo%20medplay93j%40gmail.com%2C%20vence%20el%20*08%2F05%2F2026*%2C%20quer%C3%ADa%20saber%20si%20deseas%20*realizar%20la%20renovaci%C3%B3n*%2C%20tiene%20un%20costo%20de%20*%24%206%2C900*.%0A%0A*PARA%20PAGOS%20POR%20NEQUI%20SOLICITAR%20EL%20QR%20POR%20FAVOR*
[2026-05-07 13:53:10.195] ✉️ Enviando…
[2026-05-07 13:53:17.013] ↩️ Enviado (Enter)
[2026-05-07 13:53:17.013] ⏳ Pausa post-envío: 12s…
[2026-05-07 13:53:29.028] 
[24/43] → 573186036763
[2026-05-07 13:53:29.029] 🔁 Abriendo chat (intento 1/3) con: https://web.whatsapp.com/send?phone=573186036763&text=Hola%20%2B57%2C%20te%20escribimos%20de%20MEDPLAY.%0A%0A%E2%80%A2%20Tu%20Youtube%2C%20con%20el%20correo%20foroan1971%40gmail.com%2C%20vence%20el%20*07%2F05%2F2026*%2C%20quer%C3%ADa%20saber%20si%20deseas%20*realizar%20la%20renovaci%C3%B3n*%2C%20tiene%20un%20costo%20de%20*%24%207%2C900*.%0A%0A*PARA%20PAGOS%20POR%20NEQUI%20SOLICITAR%20EL%20QR%20POR%20FAVOR*
[2026-05-07 13:53:37.089] ✉️ Enviando…
[2026-05-07 13:53:43.096] ↩️ Enviado (Enter)
[2026-05-07 13:53:43.097] ⏳ Pausa post-envío: 12s…
[2026-05-07 13:53:55.112] 
[25/43] → 573016722845
[2026-05-07 13:53:55.112] 🔁 Abriendo chat (intento 1/3) con: https://web.whatsapp.com/send?phone=573016722845&text=Hola%2C%20te%20escribimos%20de%20MEDPLAY.%0A%0A%E2%80%A2%20Tu%20Youtube%2C%20con%20el%20correo%20t.4.s.h23%40gmail.com%2C%20vence%20el%20*07%2F05%2F2026*%2C%20quer%C3%ADa%20saber%20si%20deseas%20*realizar%20la%20renovaci%C3%B3n*%2C%20tiene%20un%20costo%20de%20*%24%207%2C900*.%0A%0A*PARA%20PAGOS%20POR%20NEQUI%20SOLICITAR%20EL%20QR%20POR%20FAVOR*
[2026-05-07 13:54:00.356] ✉️ Enviando…
[2026-05-07 13:54:09.000] ↩️ Enviado (Enter)
[2026-05-07 13:54:09.000] ⏳ Pausa post-envío: 12s…
[2026-05-07 13:54:21.007] 
[26/43] → 573013477713
[2026-05-07 13:54:21.007] 🔁 Abriendo chat (intento 1/3) con: https://web.whatsapp.com/send?phone=573013477713&text=Hola%20Lceballos%2C%20te%20escribimos%20de%20MEDPLAY.%0A%0A%E2%80%A2%20Tu%20ChatGPT%2C%20con%20el%20correo%20lceballos0122%40gmail.com%2C%20vence%20el%20*07%2F05%2F2026*%2C%20quer%C3%ADa%20saber%20si%20deseas%20*realizar%20la%20renovaci%C3%B3n*%2C%20tiene%20un%20costo%20de%20*%24%2016%2C900*.%0A%0A*PARA%20PAGOS%20POR%20NEQUI%20SOLICITAR%20EL%20QR%20POR%20FAVOR*
[2026-05-07 13:54:26.981] ✉️ Enviando…
[2026-05-07 13:54:34.528] ↩️ Enviado (Enter)
[2026-05-07 13:54:34.529] ⏳ Pausa post-envío: 12s…
[2026-05-07 13:54:46.543] 
[27/43] → 573123874450
[2026-05-07 13:54:46.544] 🔁 Abriendo chat (intento 1/3) con: https://web.whatsapp.com/send?phone=573123874450&text=Hola%2C%20te%20escribimos%20de%20MEDPLAY.%0A%0A%E2%80%A2%20Tu%20Youtube%2C%20con%20el%20correo%20pinilla3282%40gmail.com%2C%20vence%20el%20*07%2F05%2F2026*%2C%20quer%C3%ADa%20saber%20si%20deseas%20*realizar%20la%20renovaci%C3%B3n*%2C%20tiene%20un%20costo%20de%20*%24%207%2C900*.%0A%0A*PARA%20PAGOS%20POR%20NEQUI%20SOLICITAR%20EL%20QR%20POR%20FAVOR*
[2026-05-07 13:54:52.389] ✉️ Enviando…
[2026-05-07 13:55:00.347] ↩️ Enviado (Enter)
[2026-05-07 13:55:00.348] ⏳ Pausa post-envío: 12s…
[2026-05-07 13:55:12.349] 
[28/43] → 573134891681
[2026-05-07 13:55:12.350] 🔁 Abriendo chat (intento 1/3) con: https://web.whatsapp.com/send?phone=573134891681&text=Hola%2C%20te%20escribimos%20de%20MEDPLAY.%0A%0A%E2%80%A2%20Tu%20Youtube%2C%20con%20el%20correo%20hectorfalla%40gmail.com%2C%20vence%20el%20*07%2F05%2F2026*%2C%20quer%C3%ADa%20saber%20si%20deseas%20*realizar%20la%20renovaci%C3%B3n*%2C%20tiene%20un%20costo%20de%20*%24%207%2C900*.%0A%0A*PARA%20PAGOS%20POR%20NEQUI%20SOLICITAR%20EL%20QR%20POR%20FAVOR*
[2026-05-07 13:55:20.817] ✉️ Enviando…
[2026-05-07 13:55:24.998] ↩️ Enviado (Enter)
[2026-05-07 13:55:24.999] ⏳ Pausa post-envío: 12s…
[2026-05-07 13:55:37.006] 
[29/43] → 573013225548
[2026-05-07 13:55:37.006] 🔁 Abriendo chat (intento 1/3) con: https://web.whatsapp.com/send?phone=573013225548&text=Hola%2C%20te%20escribimos%20de%20MEDPLAY.%0A%0A%E2%80%A2%20Tu%20Youtube%2C%20con%20el%20correo%20cristian07cabarcas%40icloud.com%2C%20vence%20el%20*07%2F05%2F2026*%2C%20quer%C3%ADa%20saber%20si%20deseas%20*realizar%20la%20renovaci%C3%B3n*%2C%20tiene%20un%20costo%20de%20*%24%207%2C900*.%0A%0A*PARA%20PAGOS%20POR%20NEQUI%20SOLICITAR%20EL%20QR%20POR%20FAVOR*
[2026-05-07 13:55:42.948] ✉️ Enviando…
[2026-05-07 13:55:49.960] ↩️ Enviado (Enter)
[2026-05-07 13:55:49.960] ⏳ Pausa post-envío: 12s…
[2026-05-07 13:56:01.971] 
[30/43] → 573173473215
[2026-05-07 13:56:01.971] 🔁 Abriendo chat (intento 1/3) con: https://web.whatsapp.com/send?phone=573173473215&text=Hola%20Phoenix%2C%20te%20escribimos%20de%20MEDPLAY.%0A%0A%E2%80%A2%20Tu%20ChatGPT%2C%20con%20el%20correo%20disn.phoenix%2Bdigm%40gmail.com%2C%20vence%20el%20*07%2F05%2F2026*%2C%20quer%C3%ADa%20saber%20si%20deseas%20*realizar%20la%20renovaci%C3%B3n*%2C%20tiene%20un%20costo%20de%20*%24%2016%2C900*.%0A%0A*PARA%20PAGOS%20POR%20NEQUI%20SOLICITAR%20EL%20QR%20POR%20FAVOR*
[2026-05-07 13:56:07.869] ✉️ Enviando…
[2026-05-07 13:56:14.504] ↩️ Enviado (Enter)
[2026-05-07 13:56:14.506] ⏳ Pausa post-envío: 12s…
[2026-05-07 13:56:26.516] 
[31/43] → 573003245462
[2026-05-07 13:56:26.516] 🔁 Abriendo chat (intento 1/3) con: https://web.whatsapp.com/send?phone=573003245462&text=Hola%20Eimy%2C%20te%20escribimos%20de%20MEDPLAY.%0A%0A%E2%80%A2%20Tu%20Spotify%2C%20con%20el%20correo%20spo.ti%40gmail.com%2C%20vence%20el%20*07%2F05%2F2026*%2C%20quer%C3%ADa%20saber%20si%20deseas%20*realizar%20la%20renovaci%C3%B3n*%2C%20tiene%20un%20costo%20de%20*%24%2016%2C900*.%0A%0A*PARA%20PAGOS%20POR%20NEQUI%20SOLICITAR%20EL%20QR%20POR%20FAVOR*
[2026-05-07 13:56:31.770] ✉️ Enviando…
[2026-05-07 13:56:39.303] ↩️ Enviado (Enter)
[2026-05-07 13:56:39.304] ⏳ Pausa post-envío: 12s…
[2026-05-07 13:56:51.309] 
[32/43] → 573175167909
[2026-05-07 13:56:51.310] 🔁 Abriendo chat (intento 1/3) con: https://web.whatsapp.com/send?phone=573175167909&text=Hola%2C%20te%20escribimos%20de%20MEDPLAY.%0A%0A%E2%80%A2%20Tu%20Youtube%2C%20con%20el%20correo%20caixunmartinez27%40gmail.com%2C%20vence%20el%20*07%2F05%2F2026*%2C%20quer%C3%ADa%20saber%20si%20deseas%20*realizar%20la%20renovaci%C3%B3n*%2C%20tiene%20un%20costo%20de%20*%24%207%2C900*.%0A%0A*PARA%20PAGOS%20POR%20NEQUI%20SOLICITAR%20EL%20QR%20POR%20FAVOR*
[2026-05-07 13:56:57.050] ✉️ Enviando…
[2026-05-07 13:57:04.826] ↩️ Enviado (Enter)
[2026-05-07 13:57:04.826] ⏳ Pausa post-envío: 12s…
[2026-05-07 13:57:16.828] 
[33/43] → 573058035836
[2026-05-07 13:57:16.828] 🔁 Abriendo chat (intento 1/3) con: https://web.whatsapp.com/send?phone=573058035836&text=Hola%2C%20te%20escribimos%20de%20MEDPLAY.%0A%0A%E2%80%A2%20Tu%20Youtube%2C%20con%20el%20correo%20Comatsussas%40gmail.com%2C%20vence%20el%20*07%2F05%2F2026*%2C%20quer%C3%ADa%20saber%20si%20deseas%20*realizar%20la%20renovaci%C3%B3n*%2C%20tiene%20un%20costo%20de%20*%24%207%2C900*.%0A%0A*PARA%20PAGOS%20POR%20NEQUI%20SOLICITAR%20EL%20QR%20POR%20FAVOR*
[2026-05-07 13:57:22.140] ✉️ Enviando…
[2026-05-07 13:57:30.035] ↩️ Enviado (Enter)
[2026-05-07 13:57:30.035] ⏳ Pausa post-envío: 12s…
[2026-05-07 13:57:42.051] 
[34/43] → 573187752030
[2026-05-07 13:57:42.056] 🔁 Abriendo chat (intento 1/3) con: https://web.whatsapp.com/send?phone=573187752030&text=Hola%2C%20te%20escribimos%20de%20MEDPLAY.%0A%0A%E2%80%A2%20Tu%20Youtube%2C%20con%20el%20correo%20juancho1973jcb%40gmail.com%2C%20vence%20el%20*07%2F05%2F2026*%2C%20quer%C3%ADa%20saber%20si%20deseas%20*realizar%20la%20renovaci%C3%B3n*%2C%20tiene%20un%20costo%20de%20*%24%207%2C900*.%0A%0A*PARA%20PAGOS%20POR%20NEQUI%20SOLICITAR%20EL%20QR%20POR%20FAVOR*
[2026-05-07 13:57:47.709] ✉️ Enviando…
[2026-05-07 13:57:56.081] ↩️ Enviado (Enter)
[2026-05-07 13:57:56.081] ⏳ Pausa post-envío: 12s…
[2026-05-07 13:58:08.094] 
[35/43] → 573218981922
[2026-05-07 13:58:08.094] 🔁 Abriendo chat (intento 1/3) con: https://web.whatsapp.com/send?phone=573218981922&text=Hola%2C%20te%20escribimos%20de%20MEDPLAY.%0A%0A%E2%80%A2%20Tu%20Youtube%2C%20con%20el%20correo%20andrescuaican%40gmail.com%2C%20vence%20el%20*07%2F05%2F2026*%2C%20quer%C3%ADa%20saber%20si%20deseas%20*realizar%20la%20renovaci%C3%B3n*%2C%20tiene%20un%20costo%20de%20*%24%207%2C900*.%0A%0A*PARA%20PAGOS%20POR%20NEQUI%20SOLICITAR%20EL%20QR%20POR%20FAVOR*
[2026-05-07 13:58:13.731] ✉️ Enviando…
[2026-05-07 13:58:21.454] ↩️ Enviado (Enter)
[2026-05-07 13:58:21.455] ⏳ Pausa post-envío: 12s…
[2026-05-07 13:58:33.469] 
[36/43] → 573136705225
[2026-05-07 13:58:33.471] 🔁 Abriendo chat (intento 1/3) con: https://web.whatsapp.com/send?phone=573136705225&text=Hola%2C%20te%20escribimos%20de%20MEDPLAY.%0A%0A%E2%80%A2%20Tu%20Youtube%2C%20con%20el%20correo%20edilsonruizbedoya%40gmail.com%2C%20vence%20el%20*07%2F05%2F2026*%2C%20quer%C3%ADa%20saber%20si%20deseas%20*realizar%20la%20renovaci%C3%B3n*%2C%20tiene%20un%20costo%20de%20*%24%207%2C900*.%0A%0A*PARA%20PAGOS%20POR%20NEQUI%20SOLICITAR%20EL%20QR%20POR%20FAVOR*
[2026-05-07 13:58:38.754] ✉️ Enviando…
[2026-05-07 13:58:46.462] ↩️ Enviado (Enter)
[2026-05-07 13:58:46.462] ⏳ Pausa post-envío: 12s…
[2026-05-07 13:58:58.468] 
[37/43] → 573209862547
[2026-05-07 13:58:58.468] 🔁 Abriendo chat (intento 1/3) con: https://web.whatsapp.com/send?phone=573209862547&text=Hola%20Johan%2C%20te%20escribimos%20de%20MEDPLAY.%0A%0A%E2%80%A2%20Tu%20Youtube%2C%20con%20el%20correo%20johanestivenrojasguio%40gmail.com%2C%20vence%20el%20*07%2F05%2F2026*%2C%20quer%C3%ADa%20saber%20si%20deseas%20*realizar%20la%20renovaci%C3%B3n*%2C%20tiene%20un%20costo%20de%20*%24%207%2C900*.%0A%0A*PARA%20PAGOS%20POR%20NEQUI%20SOLICITAR%20EL%20QR%20POR%20FAVOR*
[2026-05-07 13:59:03.994] ✉️ Enviando…
[2026-05-07 13:59:10.796] ↩️ Enviado (Enter)
[2026-05-07 13:59:10.797] ⏳ Pausa post-envío: 12s…
[2026-05-07 13:59:22.805] 
[38/43] → 573127347252
[2026-05-07 13:59:22.807] 🔁 Abriendo chat (intento 1/3) con: https://web.whatsapp.com/send?phone=573127347252&text=Hola%20David%2C%20te%20escribimos%20de%20MEDPLAY.%0A%0A%E2%80%A2%20Tu%20Youtube%2C%20con%20el%20correo%20davidpin941%40gmail.com%2C%20vence%20el%20*07%2F05%2F2026*%2C%20quer%C3%ADa%20saber%20si%20deseas%20*realizar%20la%20renovaci%C3%B3n*%2C%20tiene%20un%20costo%20de%20*%24%207%2C900*.%0A%0A*PARA%20PAGOS%20POR%20NEQUI%20SOLICITAR%20EL%20QR%20POR%20FAVOR*
[2026-05-07 13:59:31.167] ✉️ Enviando…
[2026-05-07 13:59:34.869] ↩️ Enviado (Enter)
[2026-05-07 13:59:34.871] ⏳ Pausa post-envío: 12s…
[2026-05-07 13:59:46.881] 
[39/43] → 573042847404
[2026-05-07 13:59:46.881] 🔁 Abriendo chat (intento 1/3) con: https://web.whatsapp.com/send?phone=573042847404&text=Hola%20Jorge%2C%20te%20escribimos%20de%20MEDPLAY.%0A%0A%E2%80%A2%20Tu%20Youtube%2C%20con%20el%20correo%20jorgeluismosquera223%40gmail.com%2C%20vence%20el%20*07%2F05%2F2026*%2C%20quer%C3%ADa%20saber%20si%20deseas%20*realizar%20la%20renovaci%C3%B3n*%2C%20tiene%20un%20costo%20de%20*%24%207%2C900*.%0A%0A*PARA%20PAGOS%20POR%20NEQUI%20SOLICITAR%20EL%20QR%20POR%20FAVOR*
[2026-05-07 13:59:52.489] ✉️ Enviando…
[2026-05-07 14:00:00.077] ↩️ Enviado (Enter)
[2026-05-07 14:00:00.078] ⏳ Pausa post-envío: 12s…
[2026-05-07 14:00:12.082] 
[40/43] → 573106910340
[2026-05-07 14:00:12.083] 🔁 Abriendo chat (intento 1/3) con: https://web.whatsapp.com/send?phone=573106910340&text=Hola%20Jean%2C%20te%20escribimos%20de%20MEDPLAY.%0A%0A%E2%80%A2%20Tu%20Youtube%2C%20con%20el%20correo%20gamerjean300%40gmail.com%2C%20vence%20el%20*07%2F05%2F2026*%2C%20quer%C3%ADa%20saber%20si%20deseas%20*realizar%20la%20renovaci%C3%B3n*%2C%20tiene%20un%20costo%20de%20*%24%207%2C900*.%0A%0A*PARA%20PAGOS%20POR%20NEQUI%20SOLICITAR%20EL%20QR%20POR%20FAVOR*
[2026-05-07 14:00:17.418] ✉️ Enviando…
[2026-05-07 14:00:24.935] ↩️ Enviado (Enter)
[2026-05-07 14:00:24.935] ⏳ Pausa post-envío: 12s…
[2026-05-07 14:00:36.940] 
[41/43] → 573239500251
[2026-05-07 14:00:36.941] 🔁 Abriendo chat (intento 1/3) con: https://web.whatsapp.com/send?phone=573239500251&text=Hola%20Griselda%2C%20te%20escribimos%20de%20MEDPLAY.%0A%0A%E2%80%A2%20Tu%20Youtube%2C%20con%20el%20correo%20griseldaruiz1043%40gmail.com%2C%20vence%20el%20*07%2F05%2F2026*%2C%20quer%C3%ADa%20saber%20si%20deseas%20*realizar%20la%20renovaci%C3%B3n*%2C%20tiene%20un%20costo%20de%20*%24%207%2C900*.%0A%0A*PARA%20PAGOS%20POR%20NEQUI%20SOLICITAR%20EL%20QR%20POR%20FAVOR*
[2026-05-07 14:00:41.998] ✉️ Enviando…
[2026-05-07 14:00:50.937] ↩️ Enviado (Enter)
[2026-05-07 14:00:50.938] ⏳ Pausa post-envío: 12s…
[2026-05-07 14:01:02.944] 
[42/43] → 573212949327
[2026-05-07 14:01:02.944] 🔁 Abriendo chat (intento 1/3) con: https://web.whatsapp.com/send?phone=573212949327&text=Hola%20Daniela%2C%20te%20escribimos%20de%20MEDPLAY.%0A%0A%E2%80%A2%20Tu%20Youtube%2C%20con%20el%20correo%2022.01.dtp%40gmail.com%2C%20vence%20el%20*07%2F05%2F2026*%2C%20quer%C3%ADa%20saber%20si%20deseas%20*realizar%20la%20renovaci%C3%B3n*%2C%20tiene%20un%20costo%20de%20*%24%207%2C900*.%0A%0A*PARA%20PAGOS%20POR%20NEQUI%20SOLICITAR%20EL%20QR%20POR%20FAVOR*
[2026-05-07 14:01:11.508] ✉️ Enviando…
[2026-05-07 14:01:16.723] ↩️ Enviado (Enter)
[2026-05-07 14:01:16.723] ⏳ Pausa post-envío: 12s…
[2026-05-07 14:01:28.732] 
[43/43] → 573054368413
[2026-05-07 14:01:28.732] 🔁 Abriendo chat (intento 1/3) con: https://web.whatsapp.com/send?phone=573054368413&text=Hola%20Yhon%2C%20te%20escribimos%20de%20MEDPLAY.%0A%0A%E2%80%A2%20Tu%20Youtube%2C%20con%20el%20correo%20yhoncamayo56%40gmail.com%2C%20vence%20el%20*07%2F05%2F2026*%2C%20quer%C3%ADa%20saber%20si%20deseas%20*realizar%20la%20renovaci%C3%B3n*%2C%20tiene%20un%20costo%20de%20*%24%207%2C900*.%0A%0A*PARA%20PAGOS%20POR%20NEQUI%20SOLICITAR%20EL%20QR%20POR%20FAVOR*
[2026-05-07 14:01:34.362] ✉️ Enviando…
[2026-05-07 14:01:41.697] ↩️ Enviado (Enter)
[2026-05-07 14:01:41.698] ⏳ Pausa post-envío: 12s…
[2026-05-07 14:01:53.712] 
✅ Finalizado. Enviados: 43. Omitidos: 0.
[2026-05-07 14:01:53.713] ℹ️ Navegador dejado abierto para revisión manual.
[2026-05-08 14:38:28.292] 📨 Enviaré 61 mensaje(s).
[2026-05-08 14:38:28.293] 🚀 Lanzando script de navegador: C:\Users\Santiago\medplay\scripts\start-edge-wa.bat
[2026-05-08 14:38:28.304] ⏳ Esperando CDP…
[2026-05-08 14:38:31.449] 🟡 Preparando WhatsApp Web…
[2026-05-08 14:38:42.721] ✅ WhatsApp Web listo.
[2026-05-08 14:38:42.721] 
[1/61] → 573042523854
[2026-05-08 14:38:42.722] 🔁 Abriendo chat (intento 1/3) con: https://web.whatsapp.com/send?phone=573042523854&text=Hola%2C%20te%20escribimos%20de%20MEDPLAY.%0A%0A%E2%80%A2%20Tu%20Disney%20(pantalla%201)%2C%20con%20el%20correo%20medplay93%2Bg4%40gmail.com%2C%20vence%20el%20*07%2F05%2F2026*%2C%20quer%C3%ADa%20saber%20si%20deseas%20*realizar%20la%20renovaci%C3%B3n*%2C%20tiene%20un%20costo%20de%20*%24%207%2C900*.%0A%0A*PARA%20PAGOS%20POR%20NEQUI%20SOLICITAR%20EL%20QR%20POR%20FAVOR*
[2026-05-08 14:38:46.188] ✉️ Enviando…
[2026-05-08 14:38:50.510] ↩️ Enviado (Enter)
[2026-05-08 14:38:50.510] ⏳ Pausa post-envío: 12s…
[2026-05-08 14:39:02.514] 
[2/61] → 573214495781
[2026-05-08 14:39:02.518] 🔁 Abriendo chat (intento 1/3) con: https://web.whatsapp.com/send?phone=573214495781&text=Hola%2C%20te%20escribimos%20de%20MEDPLAY.%0A%0A%E2%80%A2%20Tu%20VIX%20(pantalla%202)%2C%20con%20el%20correo%20medplay93%2Bvj3y1%40gmail.com%2C%20vence%20el%20*07%2F05%2F2026*%2C%20quer%C3%ADa%20saber%20si%20deseas%20*realizar%20la%20renovaci%C3%B3n*%2C%20tiene%20un%20costo%20de%20*%24%203%2C900*.%0A%E2%80%A2%20Tu%20Youtube%2C%20con%20el%20correo%20pajaroloco844%40gmail.com%2C%20vence%20el%20*07%2F05%2F2026*%2C%20quer%C3%ADa%20saber%20si%20deseas%20*realizar%20la%20renovaci%C3%B3n*%2C%20tiene%20un%20costo%20de%20*%24%207%2C900*.%0A%0A*PARA%20PAGOS%20POR%20NEQUI%20SOLICITAR%20EL%20QR%20POR%20FAVOR*
[2026-05-08 14:39:06.310] ✉️ Enviando…
[2026-05-08 14:39:09.724] ↩️ Enviado (Enter)
[2026-05-08 14:39:09.725] ⏳ Pausa post-envío: 12s…
[2026-05-08 14:39:21.740] 
[3/61] → 573504018046
[2026-05-08 14:39:21.741] 🔁 Abriendo chat (intento 1/3) con: https://web.whatsapp.com/send?phone=573504018046&text=Hola%2C%20te%20escribimos%20de%20MEDPLAY.%0A%0A%E2%80%A2%20Tu%20Crunchyroll%20(pantalla%206)%2C%20con%20el%20correo%20ronaldaort447%40hotmail.com%2C%20vence%20el%20*07%2F05%2F2026*%2C%20quer%C3%ADa%20saber%20si%20deseas%20*realizar%20la%20renovaci%C3%B3n*%2C%20tiene%20un%20costo%20de%20*%24%206%2C900*.%0A%0A*PARA%20PAGOS%20POR%20NEQUI%20SOLICITAR%20EL%20QR%20POR%20FAVOR*
[2026-05-08 14:39:25.437] ✉️ Enviando…
[2026-05-08 14:39:28.821] ↩️ Enviado (Enter)
[2026-05-08 14:39:28.822] ⏳ Pausa post-envío: 12s…
[2026-05-08 14:39:40.834] 
[4/61] → 573161488859
[2026-05-08 14:39:40.834] 🔁 Abriendo chat (intento 1/3) con: https://web.whatsapp.com/send?phone=573161488859&text=Hola%2C%20te%20escribimos%20de%20MEDPLAY.%0A%0A%E2%80%A2%20Tu%20Crunchyroll%20(pantalla%203)%2C%20con%20el%20correo%20hartleysak1238%40hotmail.com%2C%20vence%20el%20*07%2F05%2F2026*%2C%20quer%C3%ADa%20saber%20si%20deseas%20*realizar%20la%20renovaci%C3%B3n*%2C%20tiene%20un%20costo%20de%20*%24%206%2C900*.%0A%0A*PARA%20PAGOS%20POR%20NEQUI%20SOLICITAR%20EL%20QR%20POR%20FAVOR*
[2026-05-08 14:39:59.649] ✉️ Enviando…
[2026-05-08 14:39:59.963] ↩️ Enviado (Enter)
[2026-05-08 14:39:59.963] ⏳ Pausa post-envío: 12s…
[2026-05-08 14:40:11.965] 
[5/61] → 573005089661
[2026-05-08 14:40:11.966] 🔁 Abriendo chat (intento 1/3) con: https://web.whatsapp.com/send?phone=573005089661&text=Hola%20%2B57%2C%20te%20escribimos%20de%20MEDPLAY.%0A%0A%E2%80%A2%20Tu%20Disney%20Premium%20(pantalla%202)%2C%20con%20el%20correo%20medplay93%2Bc01%40gmail.com%2C%20vence%20el%20*07%2F05%2F2026*%2C%20quer%C3%ADa%20saber%20si%20deseas%20*realizar%20la%20renovaci%C3%B3n*%2C%20tiene%20un%20costo%20de%20*%24%2012%2C900*.%0A%0A*PARA%20PAGOS%20POR%20NEQUI%20SOLICITAR%20EL%20QR%20POR%20FAVOR*
[2026-05-08 14:40:15.722] ✉️ Enviando…
[2026-05-08 14:40:18.737] ↩️ Enviado (Enter)
[2026-05-08 14:40:18.737] ⏳ Pausa post-envío: 12s…
[2026-05-08 14:40:30.751] 
[6/61] → 573135533891
[2026-05-08 14:40:30.752] 🔁 Abriendo chat (intento 1/3) con: https://web.whatsapp.com/send?phone=573135533891&text=Hola%20%2B57%2C%20te%20escribimos%20de%20MEDPLAY.%0A%0A%E2%80%A2%20Tu%20Disney%20Premium%20(pantalla%208)%2C%20con%20el%20correo%20medplay93%2Bc01%40gmail.com%2C%20vence%20el%20*07%2F05%2F2026*%2C%20quer%C3%ADa%20saber%20si%20deseas%20*realizar%20la%20renovaci%C3%B3n*%2C%20tiene%20un%20costo%20de%20*%24%2012%2C900*.%0A%0A*PARA%20PAGOS%20POR%20NEQUI%20SOLICITAR%20EL%20QR%20POR%20FAVOR*
[2026-05-08 14:40:34.358] ✉️ Enviando…
[2026-05-08 14:40:37.515] ↩️ Enviado (Enter)
[2026-05-08 14:40:37.515] ⏳ Pausa post-envío: 12s…
[2026-05-08 14:40:49.522] 
[7/61] → 573223572154
[2026-05-08 14:40:49.525] 🔁 Abriendo chat (intento 1/3) con: https://web.whatsapp.com/send?phone=573223572154&text=Hola%20Elias%2C%20te%20escribimos%20de%20MEDPLAY.%0A%0A%E2%80%A2%20Tu%20Crunchyroll%20(pantalla%203)%2C%20con%20el%20correo%20arveljaap86%40hotmail.com%2C%20vence%20el%20*07%2F05%2F2026*%2C%20quer%C3%ADa%20saber%20si%20deseas%20*realizar%20la%20renovaci%C3%B3n*%2C%20tiene%20un%20costo%20de%20*%24%204%2C900*.%0A%0A*PARA%20PAGOS%20POR%20NEQUI%20SOLICITAR%20EL%20QR%20POR%20FAVOR*
[2026-05-08 14:40:53.047] ✉️ Enviando…
[2026-05-08 14:40:57.699] ↩️ Enviado (Enter)
[2026-05-08 14:40:57.700] ⏳ Pausa post-envío: 12s…
[2026-05-08 14:41:09.707] 
[8/61] → 573212236961
[2026-05-08 14:41:09.707] 🔁 Abriendo chat (intento 1/3) con: https://web.whatsapp.com/send?phone=573212236961&text=Hola%20%2B57%2C%20te%20escribimos%20de%20MEDPLAY.%0A%0A%E2%80%A2%20Tu%20Netflix%20(pantalla%204)%2C%20con%20el%20correo%20barbra19367tricia2001%2B2%40hotmail.com%2C%20vence%20el%20*07%2F05%2F2026*%2C%20quer%C3%ADa%20saber%20si%20deseas%20*realizar%20la%20renovaci%C3%B3n*%2C%20tiene%20un%20costo%20de%20*%24%2014%2C900*.%0A%0A*PARA%20PAGOS%20POR%20NEQUI%20SOLICITAR%20EL%20QR%20POR%20FAVOR*
[2026-05-08 14:41:13.267] ✉️ Enviando…
[2026-05-08 14:41:16.956] ↩️ Enviado (Enter)
[2026-05-08 14:41:16.959] ⏳ Pausa post-envío: 12s…
[2026-05-08 14:41:28.963] 
[9/61] → 573126494601
[2026-05-08 14:41:28.964] 🔁 Abriendo chat (intento 1/3) con: https://web.whatsapp.com/send?phone=573126494601&text=Hola%20ROBINSON%2C%20te%20escribimos%20de%20MEDPLAY.%0A%0A%E2%80%A2%20Tu%20Crunchyroll%20(pantalla%205)%2C%20con%20el%20correo%20arveljaap86%40hotmail.com%2C%20vence%20el%20*07%2F05%2F2026*%2C%20quer%C3%ADa%20saber%20si%20deseas%20*realizar%20la%20renovaci%C3%B3n*%2C%20tiene%20un%20costo%20de%20*%24%204%2C900*.%0A%0A*PARA%20PAGOS%20POR%20NEQUI%20SOLICITAR%20EL%20QR%20POR%20FAVOR*
[2026-05-08 14:41:32.656] ✉️ Enviando…
[2026-05-08 14:41:36.080] ↩️ Enviado (Enter)
[2026-05-08 14:41:36.081] ⏳ Pausa post-envío: 12s…
[2026-05-08 14:41:48.083] 
[10/61] → 573116400774
[2026-05-08 14:41:48.085] 🔁 Abriendo chat (intento 1/3) con: https://web.whatsapp.com/send?phone=573116400774&text=Hola%20Dannia%2C%20te%20escribimos%20de%20MEDPLAY.%0A%0A%E2%80%A2%20Tu%20VIX%20(pantalla%203)%2C%20con%20el%20correo%20medplay93%2Bvj3y1%40gmail.com%2C%20vence%20el%20*07%2F05%2F2026*%2C%20quer%C3%ADa%20saber%20si%20deseas%20*realizar%20la%20renovaci%C3%B3n*%2C%20tiene%20un%20costo%20de%20*%24%203%2C900*.%0A%E2%80%A2%20Tu%20Amazon%20(pantalla%207)%2C%20con%20el%20correo%20keirenhgg17890%40hotmail.com%2C%20vence%20el%20*08%2F05%2F2026*%2C%20quer%C3%ADa%20saber%20si%20deseas%20*realizar%20la%20renovaci%C3%B3n*%2C%20tiene%20un%20costo%20de%20*%24%207%2C900*.%0A%0A*PARA%20PAGOS%20POR%20NEQUI%20SOLICITAR%20EL%20QR%20POR%20FAVOR*
[2026-05-08 14:41:51.663] ✉️ Enviando…
[2026-05-08 14:41:55.239] ↩️ Enviado (Enter)
[2026-05-08 14:41:55.239] ⏳ Pausa post-envío: 12s…
[2026-05-08 14:42:07.248] 
[11/61] → 573027093640
[2026-05-08 14:42:07.248] 🔁 Abriendo chat (intento 1/3) con: https://web.whatsapp.com/send?phone=573027093640&text=Hola%20Juanes%2C%20te%20escribimos%20de%20MEDPLAY.%0A%0A%E2%80%A2%20Tu%20Crunchyroll%20(pantalla%206)%2C%20con%20el%20correo%20joisselumukanda188%40hotmail.com%2C%20vence%20el%20*08%2F05%2F2026*%2C%20quer%C3%ADa%20saber%20si%20deseas%20*realizar%20la%20renovaci%C3%B3n*%2C%20tiene%20un%20costo%20de%20*%24%204%2C900*.%0A%0A*PARA%20PAGOS%20POR%20NEQUI%20SOLICITAR%20EL%20QR%20POR%20FAVOR*
[2026-05-08 14:42:11.107] ✉️ Enviando…
[2026-05-08 14:42:15.474] ↩️ Enviado (Enter)
[2026-05-08 14:42:15.475] ⏳ Pausa post-envío: 12s…
[2026-05-08 14:42:27.484] 
[12/61] → 573123423399
[2026-05-08 14:42:27.485] 🔁 Abriendo chat (intento 1/3) con: https://web.whatsapp.com/send?phone=573123423399&text=Hola%20Cristian%2C%20te%20escribimos%20de%20MEDPLAY.%0A%0A%E2%80%A2%20Tu%20Disney%20Premium%20(pantalla%205)%2C%20con%20el%20correo%20medplay93%2Blc%40gmail.com%2C%20vence%20el%20*08%2F05%2F2026*%2C%20quer%C3%ADa%20saber%20si%20deseas%20*realizar%20la%20renovaci%C3%B3n*%2C%20tiene%20un%20costo%20de%20*%24%2012%2C900*.%0A%0A*PARA%20PAGOS%20POR%20NEQUI%20SOLICITAR%20EL%20QR%20POR%20FAVOR*
[2026-05-08 14:42:31.285] ✉️ Enviando…
[2026-05-08 14:42:35.052] ↩️ Enviado (Enter)
[2026-05-08 14:42:35.052] ⏳ Pausa post-envío: 12s…
[2026-05-08 14:42:47.054] 
[13/61] → 573166274566
[2026-05-08 14:42:47.055] 🔁 Abriendo chat (intento 1/3) con: https://web.whatsapp.com/send?phone=573166274566&text=Hola%20Jeyson%2C%20te%20escribimos%20de%20MEDPLAY.%0A%0A%E2%80%A2%20Tu%20Amazon%20(pantalla%202)%2C%20con%20el%20correo%20keirenhgg17890%40hotmail.com%2C%20vence%20el%20*08%2F05%2F2026*%2C%20quer%C3%ADa%20saber%20si%20deseas%20*realizar%20la%20renovaci%C3%B3n*%2C%20tiene%20un%20costo%20de%20*%24%207%2C900*.%0A%0A*PARA%20PAGOS%20POR%20NEQUI%20SOLICITAR%20EL%20QR%20POR%20FAVOR*
[2026-05-08 14:42:51.071] ✉️ Enviando…
[2026-05-08 14:42:54.191] ↩️ Enviado (Enter)
[2026-05-08 14:42:54.192] ⏳ Pausa post-envío: 12s…
[2026-05-08 14:43:06.203] 
[14/61] → 573184110606
[2026-05-08 14:43:06.203] 🔁 Abriendo chat (intento 1/3) con: https://web.whatsapp.com/send?phone=573184110606&text=Hola%20Elsa%2C%20te%20escribimos%20de%20MEDPLAY.%0A%0A%E2%80%A2%20Tu%20Netflix%20(pantalla%205)%2C%20con%20el%20correo%20barbra19367tricia2001%2B2%40hotmail.com%2C%20vence%20el%20*08%2F05%2F2026*%2C%20quer%C3%ADa%20saber%20si%20deseas%20*realizar%20la%20renovaci%C3%B3n*%2C%20tiene%20un%20costo%20de%20*%24%2014%2C900*.%0A%0A*PARA%20PAGOS%20POR%20NEQUI%20SOLICITAR%20EL%20QR%20POR%20FAVOR*
[2026-05-08 14:43:09.782] ✉️ Enviando…
[2026-05-08 14:43:13.257] ↩️ Enviado (Enter)
[2026-05-08 14:43:13.259] ⏳ Pausa post-envío: 12s…
[2026-05-08 14:43:25.268] 
[15/61] → 573205825365
[2026-05-08 14:43:25.269] 🔁 Abriendo chat (intento 1/3) con: https://web.whatsapp.com/send?phone=573205825365&text=Hola%20%2B57%2C%20te%20escribimos%20de%20MEDPLAY.%0A%0A%E2%80%A2%20Tu%20Crunchyroll%20(pantalla%206)%2C%20con%20el%20correo%20crunxhymex%40gmail.com%2C%20vence%20el%20*08%2F05%2F2026*%2C%20quer%C3%ADa%20saber%20si%20deseas%20*realizar%20la%20renovaci%C3%B3n*%2C%20tiene%20un%20costo%20de%20*%24%204%2C900*.%0A%0A*PARA%20PAGOS%20POR%20NEQUI%20SOLICITAR%20EL%20QR%20POR%20FAVOR*
[2026-05-08 14:43:28.997] ✉️ Enviando…
[2026-05-08 14:43:32.467] ↩️ Enviado (Enter)
[2026-05-08 14:43:32.467] ⏳ Pausa post-envío: 12s…
[2026-05-08 14:43:44.468] 
[16/61] → 573004132117
[2026-05-08 14:43:44.468] 🔁 Abriendo chat (intento 1/3) con: https://web.whatsapp.com/send?phone=573004132117&text=Hola%20%2B57%2C%20te%20escribimos%20de%20MEDPLAY.%0A%0A%E2%80%A2%20Tu%20Crunchyroll%20(pantalla%201)%2C%20con%20el%20correo%20samaradonaghue66%40hotmail.com%2C%20vence%20el%20*08%2F05%2F2026*%2C%20quer%C3%ADa%20saber%20si%20deseas%20*realizar%20la%20renovaci%C3%B3n*%2C%20tiene%20un%20costo%20de%20*%24%204%2C900*.%0A%0A*PARA%20PAGOS%20POR%20NEQUI%20SOLICITAR%20EL%20QR%20POR%20FAVOR*
[2026-05-08 14:43:48.386] ✉️ Enviando…
[2026-05-08 14:43:51.913] ↩️ Enviado (Enter)
[2026-05-08 14:43:51.913] ⏳ Pausa post-envío: 12s…
[2026-05-08 14:44:03.919] 
[17/61] → 573017301786
[2026-05-08 14:44:03.919] 🔁 Abriendo chat (intento 1/3) con: https://web.whatsapp.com/send?phone=573017301786&text=Hola%20Esneider%2C%20te%20escribimos%20de%20MEDPLAY.%0A%0A%E2%80%A2%20Tu%20Disney%20(pantalla%204)%2C%20con%20el%20correo%20medplay93%2Bnv2%40gmail.com%2C%20vence%20el%20*08%2F05%2F2026*%2C%20quer%C3%ADa%20saber%20si%20deseas%20*realizar%20la%20renovaci%C3%B3n*%2C%20tiene%20un%20costo%20de%20*%24%207%2C900*.%0A%0A*PARA%20PAGOS%20POR%20NEQUI%20SOLICITAR%20EL%20QR%20POR%20FAVOR*
[2026-05-08 14:44:07.654] ✉️ Enviando…
[2026-05-08 14:44:11.154] ↩️ Enviado (Enter)
[2026-05-08 14:44:11.155] ⏳ Pausa post-envío: 12s…
[2026-05-08 14:44:23.175] 
[18/61] → 573214446870
[2026-05-08 14:44:23.175] 🔁 Abriendo chat (intento 1/3) con: https://web.whatsapp.com/send?phone=573214446870&text=Hola%20Martha%2C%20te%20escribimos%20de%20MEDPLAY.%0A%0A%E2%80%A2%20Tu%20Crunchyroll%20(pantalla%206)%2C%20con%20el%20correo%20crunchnedply%40gmail.com%2C%20vence%20el%20*08%2F05%2F2026*%2C%20quer%C3%ADa%20saber%20si%20deseas%20*realizar%20la%20renovaci%C3%B3n*%2C%20tiene%20un%20costo%20de%20*%24%204%2C900*.%0A%0A*PARA%20PAGOS%20POR%20NEQUI%20SOLICITAR%20EL%20QR%20POR%20FAVOR*
[2026-05-08 14:44:26.796] ✉️ Enviando…
[2026-05-08 14:44:30.367] ↩️ Enviado (Enter)
[2026-05-08 14:44:30.368] ⏳ Pausa post-envío: 12s…
[2026-05-08 14:44:42.378] 
[19/61] → 573133903580
[2026-05-08 14:44:42.379] 🔁 Abriendo chat (intento 1/3) con: https://web.whatsapp.com/send?phone=573133903580&text=Hola%20DRBB%2C%20te%20escribimos%20de%20MEDPLAY.%0A%0A%E2%80%A2%20Tu%20Crunchyroll%20(pantalla%204)%2C%20con%20el%20correo%20kristaswieca30%40hotmail.com%2C%20vence%20el%20*08%2F05%2F2026*%2C%20quer%C3%ADa%20saber%20si%20deseas%20*realizar%20la%20renovaci%C3%B3n*%2C%20tiene%20un%20costo%20de%20*%24%204%2C900*.%0A%0A*PARA%20PAGOS%20POR%20NEQUI%20SOLICITAR%20EL%20QR%20POR%20FAVOR*
[2026-05-08 14:44:46.020] ✉️ Enviando…
[2026-05-08 14:44:49.216] ↩️ Enviado (Enter)
[2026-05-08 14:44:49.217] ⏳ Pausa post-envío: 12s…
[2026-05-08 14:45:01.228] 
[20/61] → 573213674066
[2026-05-08 14:45:01.229] 🔁 Abriendo chat (intento 1/3) con: https://web.whatsapp.com/send?phone=573213674066&text=Hola%20Jaime%2C%20te%20escribimos%20de%20MEDPLAY.%0A%0A%E2%80%A2%20Tu%20Disney%20(pantalla%202)%2C%20con%20el%20correo%20medplay93%2Bxo%40gmail.com%2C%20vence%20el%20*08%2F05%2F2026*%2C%20quer%C3%ADa%20saber%20si%20deseas%20*realizar%20la%20renovaci%C3%B3n*%2C%20tiene%20un%20costo%20de%20*%24%207%2C900*.%0A%0A*PARA%20PAGOS%20POR%20NEQUI%20SOLICITAR%20EL%20QR%20POR%20FAVOR*
[2026-05-08 14:45:04.861] ✉️ Enviando…
[2026-05-08 14:45:08.650] ↩️ Enviado (Enter)
[2026-05-08 14:45:08.650] ⏳ Pausa post-envío: 12s…
[2026-05-08 14:45:20.663] 
[21/61] → 573045467492
[2026-05-08 14:45:20.664] 🔁 Abriendo chat (intento 1/3) con: https://web.whatsapp.com/send?phone=573045467492&text=Hola%20AyC%2C%20te%20escribimos%20de%20MEDPLAY.%0A%0A%E2%80%A2%20Tu%20Disney%20(pantalla%202)%2C%20con%20el%20correo%20medplay93%2Bg4%40gmail.com%2C%20vence%20el%20*08%2F05%2F2026*%2C%20quer%C3%ADa%20saber%20si%20deseas%20*realizar%20la%20renovaci%C3%B3n*%2C%20tiene%20un%20costo%20de%20*%24%207%2C900*.%0A%E2%80%A2%20Tu%20Crunchyroll%20(pantalla%201)%2C%20con%20el%20correo%20kristaswieca30%40hotmail.com%2C%20vence%20el%20*08%2F05%2F2026*%2C%20quer%C3%ADa%20saber%20si%20deseas%20*realizar%20la%20renovaci%C3%B3n*%2C%20tiene%20un%20costo%20de%20*%24%206%2C900*.%0A%0A*PARA%20PAGOS%20POR%20NEQUI%20SOLICITAR%20EL%20QR%20POR%20FAVOR*
[2026-05-08 14:45:24.394] ✉️ Enviando…
[2026-05-08 14:45:27.334] ↩️ Enviado (Enter)
[2026-05-08 14:45:27.335] ⏳ Pausa post-envío: 12s…
[2026-05-08 14:45:39.338] 
[22/61] → 573045527236
[2026-05-08 14:45:39.345] 🔁 Abriendo chat (intento 1/3) con: https://web.whatsapp.com/send?phone=573045527236&text=Hola%20Diego%2C%20te%20escribimos%20de%20MEDPLAY.%0A%0A%E2%80%A2%20Tu%20Disney%20Premium%20(pantalla%201)%2C%20con%20el%20correo%20medplay93%2Bc01%40gmail.com%2C%20vence%20el%20*08%2F05%2F2026*%2C%20quer%C3%ADa%20saber%20si%20deseas%20*realizar%20la%20renovaci%C3%B3n*%2C%20tiene%20un%20costo%20de%20*%24%2012%2C900*.%0A%0A*PARA%20PAGOS%20POR%20NEQUI%20SOLICITAR%20EL%20QR%20POR%20FAVOR*
[2026-05-08 14:45:43.118] ✉️ Enviando…
[2026-05-08 14:45:46.087] ↩️ Enviado (Enter)
[2026-05-08 14:45:46.087] ⏳ Pausa post-envío: 12s…
[2026-05-08 14:45:58.100] 
[23/61] → 573205268352
[2026-05-08 14:45:58.100] 🔁 Abriendo chat (intento 1/3) con: https://web.whatsapp.com/send?phone=573205268352&text=Hola%20Rey%2C%20te%20escribimos%20de%20MEDPLAY.%0A%0A%E2%80%A2%20Tu%20Crunchyroll%20(pantalla%206)%2C%20con%20el%20correo%20medplay93j%40gmail.com%2C%20vence%20el%20*08%2F05%2F2026*%2C%20quer%C3%ADa%20saber%20si%20deseas%20*realizar%20la%20renovaci%C3%B3n*%2C%20tiene%20un%20costo%20de%20*%24%206%2C900*.%0A%0A*PARA%20PAGOS%20POR%20NEQUI%20SOLICITAR%20EL%20QR%20POR%20FAVOR*
[2026-05-08 14:46:01.978] ✉️ Enviando…
[2026-05-08 14:46:04.971] ↩️ Enviado (Enter)
[2026-05-08 14:46:04.972] ⏳ Pausa post-envío: 12s…
[2026-05-08 14:46:16.977] 
[24/61] → 573155240263
[2026-05-08 14:46:16.977] 🔁 Abriendo chat (intento 1/3) con: https://web.whatsapp.com/send?phone=573155240263&text=Hola%20KyAr%2C%20te%20escribimos%20de%20MEDPLAY.%0A%0A%E2%80%A2%20Tu%20Netflix%20(pantalla%202)%2C%20con%20el%20correo%20guadalupekeisha276101987%2B6%40hotmail.com%2C%20vence%20el%20*09%2F05%2F2026*%2C%20quer%C3%ADa%20saber%20si%20deseas%20*realizar%20la%20renovaci%C3%B3n*%2C%20tiene%20un%20costo%20de%20*%24%2014%2C900*.%0A%0A*PARA%20PAGOS%20POR%20NEQUI%20SOLICITAR%20EL%20QR%20POR%20FAVOR*
[2026-05-08 14:46:20.836] ✉️ Enviando…
[2026-05-08 14:46:23.397] ↩️ Enviado (Enter)
[2026-05-08 14:46:23.397] ⏳ Pausa post-envío: 12s…
[2026-05-08 14:46:35.404] 
[25/61] → 573004813587
[2026-05-08 14:46:35.404] 🔁 Abriendo chat (intento 1/3) con: https://web.whatsapp.com/send?phone=573004813587&text=Hola%20%2B57%2C%20te%20escribimos%20de%20MEDPLAY.%0A%0A%E2%80%A2%20Tu%20Crunchyroll%20(pantalla%204)%2C%20con%20el%20correo%20samaradonaghue66%40hotmail.com%2C%20vence%20el%20*09%2F05%2F2026*%2C%20quer%C3%ADa%20saber%20si%20deseas%20*realizar%20la%20renovaci%C3%B3n*%2C%20tiene%20un%20costo%20de%20*%24%204%2C900*.%0A%0A*PARA%20PAGOS%20POR%20NEQUI%20SOLICITAR%20EL%20QR%20POR%20FAVOR*
[2026-05-08 14:46:39.069] ✉️ Enviando…
[2026-05-08 14:46:42.789] ↩️ Enviado (Enter)
[2026-05-08 14:46:42.790] ⏳ Pausa post-envío: 12s…
[2026-05-08 14:46:54.799] 
[26/61] → 573125697062
[2026-05-08 14:46:54.800] 🔁 Abriendo chat (intento 1/3) con: https://web.whatsapp.com/send?phone=573125697062&text=Hola%20%2B57%2C%20te%20escribimos%20de%20MEDPLAY.%0A%0A%E2%80%A2%20Tu%20Crunchyroll%20(pantalla%205)%2C%20con%20el%20correo%20kelceyfrazier698%40hotmail.com%2C%20vence%20el%20*09%2F05%2F2026*%2C%20quer%C3%ADa%20saber%20si%20deseas%20*realizar%20la%20renovaci%C3%B3n*%2C%20tiene%20un%20costo%20de%20*%24%204%2C900*.%0A%0A*PARA%20PAGOS%20POR%20NEQUI%20SOLICITAR%20EL%20QR%20POR%20FAVOR*
[2026-05-08 14:46:58.363] ✉️ Enviando…
[2026-05-08 14:47:01.383] ↩️ Enviado (Enter)
[2026-05-08 14:47:01.383] ⏳ Pausa post-envío: 12s…
[2026-05-08 14:47:13.388] 
[27/61] → 573505460738
[2026-05-08 14:47:13.393] 🔁 Abriendo chat (intento 1/3) con: https://web.whatsapp.com/send?phone=573505460738&text=Hola%20Freddy%2C%20te%20escribimos%20de%20MEDPLAY.%0A%0A%E2%80%A2%20Tu%20Crunchyroll%20(pantalla%205)%2C%20con%20el%20correo%20g83356714%40gmail.com%2C%20vence%20el%20*09%2F05%2F2026*%2C%20quer%C3%ADa%20saber%20si%20deseas%20*realizar%20la%20renovaci%C3%B3n*%2C%20tiene%20un%20costo%20de%20*%24%204%2C900*.%0A%0A*PARA%20PAGOS%20POR%20NEQUI%20SOLICITAR%20EL%20QR%20POR%20FAVOR*
[2026-05-08 14:47:16.955] ✉️ Enviando…
[2026-05-08 14:47:19.918] ↩️ Enviado (Enter)
[2026-05-08 14:47:19.919] ⏳ Pausa post-envío: 12s…
[2026-05-08 14:47:31.934] 
[28/61] → 573146262743
[2026-05-08 14:47:31.939] 🔁 Abriendo chat (intento 1/3) con: https://web.whatsapp.com/send?phone=573146262743&text=Hola%20BERTULFO%2C%20te%20escribimos%20de%20MEDPLAY.%0A%0A%E2%80%A2%20Tu%20Disney%20Premium%20(pantalla%202)%2C%20con%20el%20correo%20medplay93%2Bcnvl%40gmail.com%2C%20vence%20el%20*09%2F05%2F2026*%2C%20quer%C3%ADa%20saber%20si%20deseas%20*realizar%20la%20renovaci%C3%B3n*%2C%20tiene%20un%20costo%20de%20*%24%2012%2C900*.%0A%0A*PARA%20PAGOS%20POR%20NEQUI%20SOLICITAR%20EL%20QR%20POR%20FAVOR*
[2026-05-08 14:47:35.891] ✉️ Enviando…
[2026-05-08 14:47:38.820] ↩️ Enviado (Enter)
[2026-05-08 14:47:38.820] ⏳ Pausa post-envío: 12s…
[2026-05-08 14:47:50.844] 
[29/61] → 573148848762
[2026-05-08 14:47:50.845] 🔁 Abriendo chat (intento 1/3) con: https://web.whatsapp.com/send?phone=573148848762&text=Hola%20Danier%2C%20te%20escribimos%20de%20MEDPLAY.%0A%0A%E2%80%A2%20Tu%20Spotify%2C%20con%20el%20correo%20cksue850%40gmail.com%2C%20vence%20el%20*09%2F05%2F2026*%2C%20quer%C3%ADa%20saber%20si%20deseas%20*realizar%20la%20renovaci%C3%B3n*%2C%20tiene%20un%20costo%20de%20*%24%2016%2C900*.%0A%0A*PARA%20PAGOS%20POR%20NEQUI%20SOLICITAR%20EL%20QR%20POR%20FAVOR*
[2026-05-08 14:47:54.459] ✉️ Enviando…
[2026-05-08 14:47:57.539] ↩️ Enviado (Enter)
[2026-05-08 14:47:57.540] ⏳ Pausa post-envío: 12s…
[2026-05-08 14:48:09.543] 
[30/61] → 573186036763
[2026-05-08 14:48:09.544] 🔁 Abriendo chat (intento 1/3) con: https://web.whatsapp.com/send?phone=573186036763&text=Hola%20%2B57%2C%20te%20escribimos%20de%20MEDPLAY.%0A%0A%E2%80%A2%20Tu%20Youtube%2C%20con%20el%20correo%20foroan1971%40gmail.com%2C%20vence%20el%20*07%2F05%2F2026*%2C%20quer%C3%ADa%20saber%20si%20deseas%20*realizar%20la%20renovaci%C3%B3n*%2C%20tiene%20un%20costo%20de%20*%24%207%2C900*.%0A%0A*PARA%20PAGOS%20POR%20NEQUI%20SOLICITAR%20EL%20QR%20POR%20FAVOR*
[2026-05-08 14:48:13.015] ✉️ Enviando…
[2026-05-08 14:48:15.851] ↩️ Enviado (Enter)
[2026-05-08 14:48:15.851] ⏳ Pausa post-envío: 12s…
[2026-05-08 14:48:27.858] 
[31/61] → 573016722845
[2026-05-08 14:48:27.859] 🔁 Abriendo chat (intento 1/3) con: https://web.whatsapp.com/send?phone=573016722845&text=Hola%2C%20te%20escribimos%20de%20MEDPLAY.%0A%0A%E2%80%A2%20Tu%20Youtube%2C%20con%20el%20correo%20t.4.s.h23%40gmail.com%2C%20vence%20el%20*07%2F05%2F2026*%2C%20quer%C3%ADa%20saber%20si%20deseas%20*realizar%20la%20renovaci%C3%B3n*%2C%20tiene%20un%20costo%20de%20*%24%207%2C900*.%0A%0A*PARA%20PAGOS%20POR%20NEQUI%20SOLICITAR%20EL%20QR%20POR%20FAVOR*
[2026-05-08 14:48:31.576] ✉️ Enviando…
[2026-05-08 14:48:34.611] ↩️ Enviado (Enter)
[2026-05-08 14:48:34.611] ⏳ Pausa post-envío: 12s…
[2026-05-08 14:48:46.624] 
[32/61] → 573013477713
[2026-05-08 14:48:46.625] 🔁 Abriendo chat (intento 1/3) con: https://web.whatsapp.com/send?phone=573013477713&text=Hola%20Lceballos%2C%20te%20escribimos%20de%20MEDPLAY.%0A%0A%E2%80%A2%20Tu%20ChatGPT%2C%20con%20el%20correo%20lceballos0122%40gmail.com%2C%20vence%20el%20*07%2F05%2F2026*%2C%20quer%C3%ADa%20saber%20si%20deseas%20*realizar%20la%20renovaci%C3%B3n*%2C%20tiene%20un%20costo%20de%20*%24%2016%2C900*.%0A%0A*PARA%20PAGOS%20POR%20NEQUI%20SOLICITAR%20EL%20QR%20POR%20FAVOR*
[2026-05-08 14:48:50.201] ✉️ Enviando…
[2026-05-08 14:48:53.008] ↩️ Enviado (Enter)
[2026-05-08 14:48:53.009] ⏳ Pausa post-envío: 12s…
[2026-05-08 14:49:05.011] 
[33/61] → 573123874450
[2026-05-08 14:49:05.011] 🔁 Abriendo chat (intento 1/3) con: https://web.whatsapp.com/send?phone=573123874450&text=Hola%2C%20te%20escribimos%20de%20MEDPLAY.%0A%0A%E2%80%A2%20Tu%20Youtube%2C%20con%20el%20correo%20pinilla3282%40gmail.com%2C%20vence%20el%20*07%2F05%2F2026*%2C%20quer%C3%ADa%20saber%20si%20deseas%20*realizar%20la%20renovaci%C3%B3n*%2C%20tiene%20un%20costo%20de%20*%24%207%2C900*.%0A%0A*PARA%20PAGOS%20POR%20NEQUI%20SOLICITAR%20EL%20QR%20POR%20FAVOR*
[2026-05-08 14:49:09.068] ✉️ Enviando…
[2026-05-08 14:49:12.281] ↩️ Enviado (Enter)
[2026-05-08 14:49:12.282] ⏳ Pausa post-envío: 12s…
[2026-05-08 14:49:24.290] 
[34/61] → 573134891681
[2026-05-08 14:49:24.297] 🔁 Abriendo chat (intento 1/3) con: https://web.whatsapp.com/send?phone=573134891681&text=Hola%2C%20te%20escribimos%20de%20MEDPLAY.%0A%0A%E2%80%A2%20Tu%20Youtube%2C%20con%20el%20correo%20hectorfalla%40gmail.com%2C%20vence%20el%20*07%2F05%2F2026*%2C%20quer%C3%ADa%20saber%20si%20deseas%20*realizar%20la%20renovaci%C3%B3n*%2C%20tiene%20un%20costo%20de%20*%24%207%2C900*.%0A%0A*PARA%20PAGOS%20POR%20NEQUI%20SOLICITAR%20EL%20QR%20POR%20FAVOR*
[2026-05-08 14:49:28.433] ✉️ Enviando…
[2026-05-08 14:49:32.517] ↩️ Enviado (Enter)
[2026-05-08 14:49:32.517] ⏳ Pausa post-envío: 12s…
[2026-05-08 14:49:44.519] 
[35/61] → 573013225548
[2026-05-08 14:49:44.520] 🔁 Abriendo chat (intento 1/3) con: https://web.whatsapp.com/send?phone=573013225548&text=Hola%2C%20te%20escribimos%20de%20MEDPLAY.%0A%0A%E2%80%A2%20Tu%20Youtube%2C%20con%20el%20correo%20cristian07cabarcas%40icloud.com%2C%20vence%20el%20*07%2F05%2F2026*%2C%20quer%C3%ADa%20saber%20si%20deseas%20*realizar%20la%20renovaci%C3%B3n*%2C%20tiene%20un%20costo%20de%20*%24%207%2C900*.%0A%0A*PARA%20PAGOS%20POR%20NEQUI%20SOLICITAR%20EL%20QR%20POR%20FAVOR*
[2026-05-08 14:49:49.081] ✉️ Enviando…
[2026-05-08 14:49:52.614] ↩️ Enviado (Enter)
[2026-05-08 14:49:52.614] ⏳ Pausa post-envío: 12s…
[2026-05-08 14:50:04.627] 
[36/61] → 573173473215
[2026-05-08 14:50:04.627] 🔁 Abriendo chat (intento 1/3) con: https://web.whatsapp.com/send?phone=573173473215&text=Hola%20Phoenix%2C%20te%20escribimos%20de%20MEDPLAY.%0A%0A%E2%80%A2%20Tu%20ChatGPT%2C%20con%20el%20correo%20disn.phoenix%2Bdigm%40gmail.com%2C%20vence%20el%20*07%2F05%2F2026*%2C%20quer%C3%ADa%20saber%20si%20deseas%20*realizar%20la%20renovaci%C3%B3n*%2C%20tiene%20un%20costo%20de%20*%24%2016%2C900*.%0A%0A*PARA%20PAGOS%20POR%20NEQUI%20SOLICITAR%20EL%20QR%20POR%20FAVOR*
[2026-05-08 14:50:09.055] ✉️ Enviando…
[2026-05-08 14:50:12.835] ↩️ Enviado (Enter)
[2026-05-08 14:50:12.835] ⏳ Pausa post-envío: 12s…
[2026-05-08 14:50:24.841] 
[37/61] → 573003245462
[2026-05-08 14:50:24.842] 🔁 Abriendo chat (intento 1/3) con: https://web.whatsapp.com/send?phone=573003245462&text=Hola%20Eimy%2C%20te%20escribimos%20de%20MEDPLAY.%0A%0A%E2%80%A2%20Tu%20Spotify%2C%20con%20el%20correo%20spo.ti%40gmail.com%2C%20vence%20el%20*07%2F05%2F2026*%2C%20quer%C3%ADa%20saber%20si%20deseas%20*realizar%20la%20renovaci%C3%B3n*%2C%20tiene%20un%20costo%20de%20*%24%2016%2C900*.%0A%0A*PARA%20PAGOS%20POR%20NEQUI%20SOLICITAR%20EL%20QR%20POR%20FAVOR*
[2026-05-08 14:50:28.747] ✉️ Enviando…
[2026-05-08 14:50:32.443] ↩️ Enviado (Enter)
[2026-05-08 14:50:32.443] ⏳ Pausa post-envío: 12s…
[2026-05-08 14:50:44.448] 
[38/61] → 573175167909
[2026-05-08 14:50:44.448] 🔁 Abriendo chat (intento 1/3) con: https://web.whatsapp.com/send?phone=573175167909&text=Hola%2C%20te%20escribimos%20de%20MEDPLAY.%0A%0A%E2%80%A2%20Tu%20Youtube%2C%20con%20el%20correo%20caixunmartinez27%40gmail.com%2C%20vence%20el%20*07%2F05%2F2026*%2C%20quer%C3%ADa%20saber%20si%20deseas%20*realizar%20la%20renovaci%C3%B3n*%2C%20tiene%20un%20costo%20de%20*%24%207%2C900*.%0A%0A*PARA%20PAGOS%20POR%20NEQUI%20SOLICITAR%20EL%20QR%20POR%20FAVOR*
[2026-05-08 14:50:48.487] ✉️ Enviando…
[2026-05-08 14:50:52.836] ↩️ Enviado (Enter)
[2026-05-08 14:50:52.837] ⏳ Pausa post-envío: 12s…
[2026-05-08 14:51:04.852] 
[39/61] → 573058035836
[2026-05-08 14:51:04.852] 🔁 Abriendo chat (intento 1/3) con: https://web.whatsapp.com/send?phone=573058035836&text=Hola%2C%20te%20escribimos%20de%20MEDPLAY.%0A%0A%E2%80%A2%20Tu%20Youtube%2C%20con%20el%20correo%20Comatsussas%40gmail.com%2C%20vence%20el%20*07%2F05%2F2026*%2C%20quer%C3%ADa%20saber%20si%20deseas%20*realizar%20la%20renovaci%C3%B3n*%2C%20tiene%20un%20costo%20de%20*%24%207%2C900*.%0A%0A*PARA%20PAGOS%20POR%20NEQUI%20SOLICITAR%20EL%20QR%20POR%20FAVOR*
[2026-05-08 14:51:08.984] ✉️ Enviando…
[2026-05-08 14:51:12.637] ↩️ Enviado (Enter)
[2026-05-08 14:51:12.637] ⏳ Pausa post-envío: 12s…
[2026-05-08 14:51:24.638] 
[40/61] → 573187752030
[2026-05-08 14:51:24.638] 🔁 Abriendo chat (intento 1/3) con: https://web.whatsapp.com/send?phone=573187752030&text=Hola%2C%20te%20escribimos%20de%20MEDPLAY.%0A%0A%E2%80%A2%20Tu%20Youtube%2C%20con%20el%20correo%20juancho1973jcb%40gmail.com%2C%20vence%20el%20*07%2F05%2F2026*%2C%20quer%C3%ADa%20saber%20si%20deseas%20*realizar%20la%20renovaci%C3%B3n*%2C%20tiene%20un%20costo%20de%20*%24%207%2C900*.%0A%0A*PARA%20PAGOS%20POR%20NEQUI%20SOLICITAR%20EL%20QR%20POR%20FAVOR*
[2026-05-08 14:51:28.883] ✉️ Enviando…
[2026-05-08 14:51:32.881] ↩️ Enviado (Enter)
[2026-05-08 14:51:32.882] ⏳ Pausa post-envío: 12s…
[2026-05-08 14:51:44.882] 
[41/61] → 573218981922
[2026-05-08 14:51:44.882] 🔁 Abriendo chat (intento 1/3) con: https://web.whatsapp.com/send?phone=573218981922&text=Hola%2C%20te%20escribimos%20de%20MEDPLAY.%0A%0A%E2%80%A2%20Tu%20Youtube%2C%20con%20el%20correo%20andrescuaican%40gmail.com%2C%20vence%20el%20*07%2F05%2F2026*%2C%20quer%C3%ADa%20saber%20si%20deseas%20*realizar%20la%20renovaci%C3%B3n*%2C%20tiene%20un%20costo%20de%20*%24%207%2C900*.%0A%0A*PARA%20PAGOS%20POR%20NEQUI%20SOLICITAR%20EL%20QR%20POR%20FAVOR*
[2026-05-08 14:51:49.079] ✉️ Enviando…
[2026-05-08 14:51:52.346] ↩️ Enviado (Enter)
[2026-05-08 14:51:52.347] ⏳ Pausa post-envío: 12s…
[2026-05-08 14:52:04.347] 
[42/61] → 573136705225
[2026-05-08 14:52:04.348] 🔁 Abriendo chat (intento 1/3) con: https://web.whatsapp.com/send?phone=573136705225&text=Hola%2C%20te%20escribimos%20de%20MEDPLAY.%0A%0A%E2%80%A2%20Tu%20Youtube%2C%20con%20el%20correo%20edilsonruizbedoya%40gmail.com%2C%20vence%20el%20*07%2F05%2F2026*%2C%20quer%C3%ADa%20saber%20si%20deseas%20*realizar%20la%20renovaci%C3%B3n*%2C%20tiene%20un%20costo%20de%20*%24%207%2C900*.%0A%0A*PARA%20PAGOS%20POR%20NEQUI%20SOLICITAR%20EL%20QR%20POR%20FAVOR*
[2026-05-08 14:52:08.057] ✉️ Enviando…
[2026-05-08 14:52:11.339] ↩️ Enviado (Enter)
[2026-05-08 14:52:11.341] ⏳ Pausa post-envío: 12s…
[2026-05-08 14:52:23.347] 
[43/61] → 573209862547
[2026-05-08 14:52:23.347] 🔁 Abriendo chat (intento 1/3) con: https://web.whatsapp.com/send?phone=573209862547&text=Hola%20Johan%2C%20te%20escribimos%20de%20MEDPLAY.%0A%0A%E2%80%A2%20Tu%20Youtube%2C%20con%20el%20correo%20johanestivenrojasguio%40gmail.com%2C%20vence%20el%20*07%2F05%2F2026*%2C%20quer%C3%ADa%20saber%20si%20deseas%20*realizar%20la%20renovaci%C3%B3n*%2C%20tiene%20un%20costo%20de%20*%24%207%2C900*.%0A%0A*PARA%20PAGOS%20POR%20NEQUI%20SOLICITAR%20EL%20QR%20POR%20FAVOR*
[2026-05-08 14:52:27.312] ✉️ Enviando…
[2026-05-08 14:52:30.411] ↩️ Enviado (Enter)
[2026-05-08 14:52:30.411] ⏳ Pausa post-envío: 12s…
[2026-05-08 14:52:42.426] 
[44/61] → 573127347252
[2026-05-08 14:52:42.426] 🔁 Abriendo chat (intento 1/3) con: https://web.whatsapp.com/send?phone=573127347252&text=Hola%20David%2C%20te%20escribimos%20de%20MEDPLAY.%0A%0A%E2%80%A2%20Tu%20Youtube%2C%20con%20el%20correo%20davidpin941%40gmail.com%2C%20vence%20el%20*07%2F05%2F2026*%2C%20quer%C3%ADa%20saber%20si%20deseas%20*realizar%20la%20renovaci%C3%B3n*%2C%20tiene%20un%20costo%20de%20*%24%207%2C900*.%0A%0A*PARA%20PAGOS%20POR%20NEQUI%20SOLICITAR%20EL%20QR%20POR%20FAVOR*
[2026-05-08 14:52:46.356] ✉️ Enviando…
[2026-05-08 14:52:49.985] ↩️ Enviado (Enter)
[2026-05-08 14:52:49.986] ⏳ Pausa post-envío: 12s…
[2026-05-08 14:53:01.996] 
[45/61] → 573042847404
[2026-05-08 14:53:01.997] 🔁 Abriendo chat (intento 1/3) con: https://web.whatsapp.com/send?phone=573042847404&text=Hola%20Jorge%2C%20te%20escribimos%20de%20MEDPLAY.%0A%0A%E2%80%A2%20Tu%20Youtube%2C%20con%20el%20correo%20jorgeluismosquera223%40gmail.com%2C%20vence%20el%20*07%2F05%2F2026*%2C%20quer%C3%ADa%20saber%20si%20deseas%20*realizar%20la%20renovaci%C3%B3n*%2C%20tiene%20un%20costo%20de%20*%24%207%2C900*.%0A%0A*PARA%20PAGOS%20POR%20NEQUI%20SOLICITAR%20EL%20QR%20POR%20FAVOR*
[2026-05-08 14:53:06.202] ✉️ Enviando…
[2026-05-08 14:53:09.311] ↩️ Enviado (Enter)
[2026-05-08 14:53:09.312] ⏳ Pausa post-envío: 12s…
[2026-05-08 14:53:21.323] 
[46/61] → 573106910340
[2026-05-08 14:53:21.329] 🔁 Abriendo chat (intento 1/3) con: https://web.whatsapp.com/send?phone=573106910340&text=Hola%20Jean%2C%20te%20escribimos%20de%20MEDPLAY.%0A%0A%E2%80%A2%20Tu%20Youtube%2C%20con%20el%20correo%20gamerjean300%40gmail.com%2C%20vence%20el%20*07%2F05%2F2026*%2C%20quer%C3%ADa%20saber%20si%20deseas%20*realizar%20la%20renovaci%C3%B3n*%2C%20tiene%20un%20costo%20de%20*%24%207%2C900*.%0A%0A*PARA%20PAGOS%20POR%20NEQUI%20SOLICITAR%20EL%20QR%20POR%20FAVOR*
[2026-05-08 14:53:25.195] ✉️ Enviando…
[2026-05-08 14:53:29.152] ↩️ Enviado (Enter)
[2026-05-08 14:53:29.152] ⏳ Pausa post-envío: 12s…
[2026-05-08 14:53:41.165] 
[47/61] → 573239500251
[2026-05-08 14:53:41.166] 🔁 Abriendo chat (intento 1/3) con: https://web.whatsapp.com/send?phone=573239500251&text=Hola%20Griselda%2C%20te%20escribimos%20de%20MEDPLAY.%0A%0A%E2%80%A2%20Tu%20Youtube%2C%20con%20el%20correo%20griseldaruiz1043%40gmail.com%2C%20vence%20el%20*07%2F05%2F2026*%2C%20quer%C3%ADa%20saber%20si%20deseas%20*realizar%20la%20renovaci%C3%B3n*%2C%20tiene%20un%20costo%20de%20*%24%207%2C900*.%0A%0A*PARA%20PAGOS%20POR%20NEQUI%20SOLICITAR%20EL%20QR%20POR%20FAVOR*
[2026-05-08 14:53:45.520] ✉️ Enviando…
[2026-05-08 14:53:49.631] ↩️ Enviado (Enter)
[2026-05-08 14:53:49.632] ⏳ Pausa post-envío: 12s…
[2026-05-08 14:54:01.640] 
[48/61] → 573186043709
[2026-05-08 14:54:01.641] 🔁 Abriendo chat (intento 1/3) con: https://web.whatsapp.com/send?phone=573186043709&text=Hola%20Jimmy's%2C%20te%20escribimos%20de%20MEDPLAY.%0A%0A%E2%80%A2%20Tu%20Crunchyroll%2C%20con%20el%20correo%20LeoEntress271%40hotmail.com%2C%20vence%20el%20*09%2F05%2F2026*%2C%20quer%C3%ADa%20saber%20si%20deseas%20*realizar%20la%20renovaci%C3%B3n*%2C%20tiene%20un%20costo%20de%20*%24%2016%2C900*.%0A%0A*PARA%20PAGOS%20POR%20NEQUI%20SOLICITAR%20EL%20QR%20POR%20FAVOR*
[2026-05-08 14:54:06.402] ✉️ Enviando…
[2026-05-08 14:54:09.555] ↩️ Enviado (Enter)
[2026-05-08 14:54:09.555] ⏳ Pausa post-envío: 12s…
[2026-05-08 14:54:21.561] 
[49/61] → 573212949327
[2026-05-08 14:54:21.567] 🔁 Abriendo chat (intento 1/3) con: https://web.whatsapp.com/send?phone=573212949327&text=Hola%20Daniela%2C%20te%20escribimos%20de%20MEDPLAY.%0A%0A%E2%80%A2%20Tu%20Youtube%2C%20con%20el%20correo%2022.01.dtp%40gmail.com%2C%20vence%20el%20*07%2F05%2F2026*%2C%20quer%C3%ADa%20saber%20si%20deseas%20*realizar%20la%20renovaci%C3%B3n*%2C%20tiene%20un%20costo%20de%20*%24%207%2C900*.%0A%0A*PARA%20PAGOS%20POR%20NEQUI%20SOLICITAR%20EL%20QR%20POR%20FAVOR*
[2026-05-08 14:54:26.343] ✉️ Enviando…
[2026-05-08 14:54:29.921] ↩️ Enviado (Enter)
[2026-05-08 14:54:29.922] ⏳ Pausa post-envío: 12s…
[2026-05-08 14:54:41.935] 
[50/61] → 573005112033
[2026-05-08 14:54:41.936] 🔁 Abriendo chat (intento 1/3) con: https://web.whatsapp.com/send?phone=573005112033&text=Hola%20Andres%2C%20te%20escribimos%20de%20MEDPLAY.%0A%0A%E2%80%A2%20Tu%20Youtube%2C%20con%20el%20correo%20aguerrero7520%40gmail.com%2C%20vence%20el%20*09%2F05%2F2026*%2C%20quer%C3%ADa%20saber%20si%20deseas%20*realizar%20la%20renovaci%C3%B3n*%2C%20tiene%20un%20costo%20de%20*%24%207%2C900*.%0A%0A*PARA%20PAGOS%20POR%20NEQUI%20SOLICITAR%20EL%20QR%20POR%20FAVOR*
[2026-05-08 14:54:46.805] ✉️ Enviando…
[2026-05-08 14:54:49.517] ↩️ Enviado (Enter)
[2026-05-08 14:54:49.517] ⏳ Pausa post-envío: 12s…
[2026-05-08 14:55:01.527] 
[51/61] → 573195746923
[2026-05-08 14:55:01.528] 🔁 Abriendo chat (intento 1/3) con: https://web.whatsapp.com/send?phone=573195746923&text=Hola%20Juan%2C%20te%20escribimos%20de%20MEDPLAY.%0A%0A%E2%80%A2%20Tu%20Youtube%2C%20con%20el%20correo%20naujulloa%40gmail.com%2C%20vence%20el%20*09%2F05%2F2026*%2C%20quer%C3%ADa%20saber%20si%20deseas%20*realizar%20la%20renovaci%C3%B3n*%2C%20tiene%20un%20costo%20de%20*%24%207%2C900*.%0A%0A*PARA%20PAGOS%20POR%20NEQUI%20SOLICITAR%20EL%20QR%20POR%20FAVOR*
[2026-05-08 14:55:05.818] ✉️ Enviando…
[2026-05-08 14:55:09.146] ↩️ Enviado (Enter)
[2026-05-08 14:55:09.149] ⏳ Pausa post-envío: 12s…
[2026-05-08 14:55:21.159] 
[52/61] → 573018577797
[2026-05-08 14:55:21.161] 🔁 Abriendo chat (intento 1/3) con: https://web.whatsapp.com/send?phone=573018577797&text=Hola%20Angel%2C%20te%20escribimos%20de%20MEDPLAY.%0A%0A%E2%80%A2%20Tu%20Youtube%2C%20con%20el%20correo%20andregreno79%40gmail.com%2C%20vence%20el%20*09%2F05%2F2026*%2C%20quer%C3%ADa%20saber%20si%20deseas%20*realizar%20la%20renovaci%C3%B3n*%2C%20tiene%20un%20costo%20de%20*%24%207%2C900*.%0A%0A*PARA%20PAGOS%20POR%20NEQUI%20SOLICITAR%20EL%20QR%20POR%20FAVOR*
[2026-05-08 14:55:25.020] ✉️ Enviando…
[2026-05-08 14:55:27.999] ↩️ Enviado (Enter)
[2026-05-08 14:55:28.000] ⏳ Pausa post-envío: 12s…
[2026-05-08 14:55:40.002] 
[53/61] → 573144531615
[2026-05-08 14:55:40.002] 🔁 Abriendo chat (intento 1/3) con: https://web.whatsapp.com/send?phone=573144531615&text=Hola%20usuariomil202%2C%20te%20escribimos%20de%20MEDPLAY.%0A%0A%E2%80%A2%20Tu%20Youtube%2C%20con%20el%20correo%20usuariomil202%40gmail.com%2C%20vence%20el%20*09%2F05%2F2026*%2C%20quer%C3%ADa%20saber%20si%20deseas%20*realizar%20la%20renovaci%C3%B3n*%2C%20tiene%20un%20costo%20de%20*%24%207%2C900*.%0A%0A*PARA%20PAGOS%20POR%20NEQUI%20SOLICITAR%20EL%20QR%20POR%20FAVOR*
[2026-05-08 14:55:44.440] ✉️ Enviando…
[2026-05-08 14:55:49.034] ↩️ Enviado (Enter)
[2026-05-08 14:55:49.035] ⏳ Pausa post-envío: 12s…
[2026-05-08 14:56:01.042] 
[54/61] → 573054368413
[2026-05-08 14:56:01.042] 🔁 Abriendo chat (intento 1/3) con: https://web.whatsapp.com/send?phone=573054368413&text=Hola%20Yhon%2C%20te%20escribimos%20de%20MEDPLAY.%0A%0A%E2%80%A2%20Tu%20Youtube%2C%20con%20el%20correo%20yhoncamayo56%40gmail.com%2C%20vence%20el%20*07%2F05%2F2026*%2C%20quer%C3%ADa%20saber%20si%20deseas%20*realizar%20la%20renovaci%C3%B3n*%2C%20tiene%20un%20costo%20de%20*%24%207%2C900*.%0A%0A*PARA%20PAGOS%20POR%20NEQUI%20SOLICITAR%20EL%20QR%20POR%20FAVOR*
[2026-05-08 14:56:05.226] ✉️ Enviando…
[2026-05-08 14:56:08.734] ↩️ Enviado (Enter)
[2026-05-08 14:56:08.734] ⏳ Pausa post-envío: 12s…
[2026-05-08 14:56:20.749] 
[55/61] → 573012190436
[2026-05-08 14:56:20.750] 🔁 Abriendo chat (intento 1/3) con: https://web.whatsapp.com/send?phone=573012190436&text=Hola%20Daniel%2C%20te%20escribimos%20de%20MEDPLAY.%0A%0A%E2%80%A2%20Tu%20ChatGPT%2C%20con%20el%20correo%20dlozanomendez%40icloud.com%2C%20vence%20el%20*09%2F05%2F2026*%2C%20quer%C3%ADa%20saber%20si%20deseas%20*realizar%20la%20renovaci%C3%B3n*%2C%20tiene%20un%20costo%20de%20*%24%2016%2C900*.%0A%0A*PARA%20PAGOS%20POR%20NEQUI%20SOLICITAR%20EL%20QR%20POR%20FAVOR*
[2026-05-08 14:56:24.880] ✉️ Enviando…
[2026-05-08 14:56:27.564] ↩️ Enviado (Enter)
[2026-05-08 14:56:27.565] ⏳ Pausa post-envío: 12s…
[2026-05-08 14:56:39.566] 
[56/61] → 573001370498
[2026-05-08 14:56:39.566] 🔁 Abriendo chat (intento 1/3) con: https://web.whatsapp.com/send?phone=573001370498&text=Hola%20%2B57%2C%20te%20escribimos%20de%20MEDPLAY.%0A%0A%E2%80%A2%20Tu%20ChatGPT%2C%20con%20el%20correo%20mercadoballestaivandavid%40gmail.com%2C%20vence%20el%20*09%2F05%2F2026*%2C%20quer%C3%ADa%20saber%20si%20deseas%20*realizar%20la%20renovaci%C3%B3n*%2C%20tiene%20un%20costo%20de%20*%24%2016%2C900*.%0A%0A*PARA%20PAGOS%20POR%20NEQUI%20SOLICITAR%20EL%20QR%20POR%20FAVOR*
[2026-05-08 14:56:43.520] ✉️ Enviando…
[2026-05-08 14:56:47.195] ↩️ Enviado (Enter)
[2026-05-08 14:56:47.195] ⏳ Pausa post-envío: 12s…
[2026-05-08 14:56:59.197] 
[57/61] → 573187924623
[2026-05-08 14:56:59.198] 🔁 Abriendo chat (intento 1/3) con: https://web.whatsapp.com/send?phone=573187924623&text=Hola%20Fer%2C%20te%20escribimos%20de%20MEDPLAY.%0A%0A%E2%80%A2%20Tu%20Youtube%2C%20con%20el%20correo%20loki062526%40gmail.com%2C%20vence%20el%20*09%2F05%2F2026*%2C%20quer%C3%ADa%20saber%20si%20deseas%20*realizar%20la%20renovaci%C3%B3n*%2C%20tiene%20un%20costo%20de%20*%24%207%2C900*.%0A%0A*PARA%20PAGOS%20POR%20NEQUI%20SOLICITAR%20EL%20QR%20POR%20FAVOR*
[2026-05-08 14:57:03.835] ✉️ Enviando…
[2026-05-08 14:57:07.156] ↩️ Enviado (Enter)
[2026-05-08 14:57:07.156] ⏳ Pausa post-envío: 12s…
[2026-05-08 14:57:19.157] 
[58/61] → 573042523314
[2026-05-08 14:57:19.158] 🔁 Abriendo chat (intento 1/3) con: https://web.whatsapp.com/send?phone=573042523314&text=Hola%20Brayan%2C%20te%20escribimos%20de%20MEDPLAY.%0A%0A%E2%80%A2%20Tu%20Youtube%2C%20con%20el%20correo%20antonellapeinadoosorio%40gmail.com%2C%20vence%20el%20*09%2F05%2F2026*%2C%20quer%C3%ADa%20saber%20si%20deseas%20*realizar%20la%20renovaci%C3%B3n*%2C%20tiene%20un%20costo%20de%20*%24%207%2C900*.%0A%0A*PARA%20PAGOS%20POR%20NEQUI%20SOLICITAR%20EL%20QR%20POR%20FAVOR*
[2026-05-08 14:57:33.587] ✉️ Enviando…
[2026-05-08 14:57:33.826] ↩️ Enviado (Enter)
[2026-05-08 14:57:33.826] ⏳ Pausa post-envío: 12s…
[2026-05-08 14:57:45.839] 
[59/61] → 573133568913
[2026-05-08 14:57:45.850] 🔁 Abriendo chat (intento 1/3) con: https://web.whatsapp.com/send?phone=573133568913&text=Hola%20Elkin%2C%20te%20escribimos%20de%20MEDPLAY.%0A%0A%E2%80%A2%20Tu%20Youtube%2C%20con%20el%20correo%20isabelarangotellez%40gmail.com%2C%20vence%20el%20*09%2F05%2F2026*%2C%20quer%C3%ADa%20saber%20si%20deseas%20*realizar%20la%20renovaci%C3%B3n*%2C%20tiene%20un%20costo%20de%20*%24%207%2C900*.%0A%0A*PARA%20PAGOS%20POR%20NEQUI%20SOLICITAR%20EL%20QR%20POR%20FAVOR*
[2026-05-08 14:57:50.066] ✉️ Enviando…
[2026-05-08 14:57:54.679] ↩️ Enviado (Enter)
[2026-05-08 14:57:54.679] ⏳ Pausa post-envío: 12s…
[2026-05-08 14:58:06.694] 
[60/61] → 573223262471
[2026-05-08 14:58:06.701] 🔁 Abriendo chat (intento 1/3) con: https://web.whatsapp.com/send?phone=573223262471&text=Hola%20Jair%2C%20te%20escribimos%20de%20MEDPLAY.%0A%0A%E2%80%A2%20Tu%20Youtube%2C%20con%20el%20correo%20huesojair39%40gmail.com%2C%20vence%20el%20*09%2F05%2F2026*%2C%20quer%C3%ADa%20saber%20si%20deseas%20*realizar%20la%20renovaci%C3%B3n*%2C%20tiene%20un%20costo%20de%20*%24%207%2C900*.%0A%0A*PARA%20PAGOS%20POR%20NEQUI%20SOLICITAR%20EL%20QR%20POR%20FAVOR*
[2026-05-08 14:58:10.845] ✉️ Enviando…
[2026-05-08 14:58:15.821] ↩️ Enviado (Enter)
[2026-05-08 14:58:15.821] ⏳ Pausa post-envío: 12s…
[2026-05-08 14:58:27.833] 
[61/61] → 573027914686
[2026-05-08 14:58:27.834] 🔁 Abriendo chat (intento 1/3) con: https://web.whatsapp.com/send?phone=573027914686&text=Hola%20%2B57%2C%20te%20escribimos%20de%20MEDPLAY.%0A%0A%E2%80%A2%20Tu%20Youtube%2C%20con%20el%20correo%20jhsm7228%40gmail.com%2C%20vence%20el%20*09%2F05%2F2026*%2C%20quer%C3%ADa%20saber%20si%20deseas%20*realizar%20la%20renovaci%C3%B3n*%2C%20tiene%20un%20costo%20de%20*%24%207%2C900*.%0A%0A*PARA%20PAGOS%20POR%20NEQUI%20SOLICITAR%20EL%20QR%20POR%20FAVOR*
[2026-05-08 14:58:31.852] ✉️ Enviando…
[2026-05-08 14:58:34.871] ↩️ Enviado (Enter)
[2026-05-08 14:58:34.871] ⏳ Pausa post-envío: 12s…
[2026-05-08 14:58:46.875] 
✅ Finalizado. Enviados: 61. Omitidos: 0.
[2026-05-08 14:58:46.876] ℹ️ Navegador dejado abierto para revisión manual.
[2026-05-09 14:52:14.880] 📨 Enviaré 44 mensaje(s).
[2026-05-09 14:52:14.881] 🚀 Lanzando script de navegador: C:\Users\Santiago\medplay\scripts\start-edge-wa.bat
[2026-05-09 14:52:14.892] ⏳ Esperando CDP…
[2026-05-09 14:52:20.280] 🟡 Preparando WhatsApp Web…
[2026-05-09 14:52:39.371] ✅ WhatsApp Web listo.
[2026-05-09 14:52:39.372] 
[1/44] → 573027093640
[2026-05-09 14:52:39.373] 🔁 Abriendo chat (intento 1/3) con: https://web.whatsapp.com/send?phone=573027093640&text=Hola%20Juanes%2C%20te%20escribimos%20de%20MEDPLAY.%0A%0A%E2%80%A2%20Tu%20Crunchyroll%20(pantalla%206)%2C%20con%20el%20correo%20joisselumukanda188%40hotmail.com%2C%20vence%20el%20*08%2F05%2F2026*%2C%20quer%C3%ADa%20saber%20si%20deseas%20*realizar%20la%20renovaci%C3%B3n*%2C%20tiene%20un%20costo%20de%20*%24%206%2C900*.%0A%0A*PARA%20PAGOS%20POR%20NEQUI%20SOLICITAR%20EL%20QR%20POR%20FAVOR*
[2026-05-09 14:53:00.539] ✉️ Enviando…
[2026-05-09 14:53:15.746] ↩️ Enviado (Enter)
[2026-05-09 14:53:15.746] ⏳ Pausa post-envío: 12s…
[2026-05-09 14:53:27.752] 
[2/44] → 573123423399
[2026-05-09 14:53:27.753] 🔁 Abriendo chat (intento 1/3) con: https://web.whatsapp.com/send?phone=573123423399&text=Hola%20Cristian%2C%20te%20escribimos%20de%20MEDPLAY.%0A%0A%E2%80%A2%20Tu%20Disney%20Premium%20(pantalla%205)%2C%20con%20el%20correo%20medplay93%2Blc%40gmail.com%2C%20vence%20el%20*08%2F05%2F2026*%2C%20quer%C3%ADa%20saber%20si%20deseas%20*realizar%20la%20renovaci%C3%B3n*%2C%20tiene%20un%20costo%20de%20*%24%2012%2C900*.%0A%0A*PARA%20PAGOS%20POR%20NEQUI%20SOLICITAR%20EL%20QR%20POR%20FAVOR*
[2026-05-09 14:53:56.638] ✉️ Enviando…
[2026-05-09 14:53:56.939] ↩️ Enviado (Enter)
[2026-05-09 14:53:56.939] ⏳ Pausa post-envío: 12s…
[2026-05-09 14:54:08.945] 
[3/44] → 573184110606
[2026-05-09 14:54:08.946] 🔁 Abriendo chat (intento 1/3) con: https://web.whatsapp.com/send?phone=573184110606&text=Hola%20Elsa%2C%20te%20escribimos%20de%20MEDPLAY.%0A%0A%E2%80%A2%20Tu%20Netflix%20(pantalla%205)%2C%20con%20el%20correo%20barbra19367tricia2001%2B2%40hotmail.com%2C%20vence%20el%20*08%2F05%2F2026*%2C%20quer%C3%ADa%20saber%20si%20deseas%20*realizar%20la%20renovaci%C3%B3n*%2C%20tiene%20un%20costo%20de%20*%24%2014%2C900*.%0A%0A*PARA%20PAGOS%20POR%20NEQUI%20SOLICITAR%20EL%20QR%20POR%20FAVOR*
[2026-05-09 14:54:12.877] ✉️ Enviando…
[2026-05-09 14:54:17.084] ↩️ Enviado (Enter)
[2026-05-09 14:54:17.084] ⏳ Pausa post-envío: 12s…
[2026-05-09 14:54:29.086] 
[4/44] → 573116400774
[2026-05-09 14:54:29.087] 🔁 Abriendo chat (intento 1/3) con: https://web.whatsapp.com/send?phone=573116400774&text=Hola%20Dannia%2C%20te%20escribimos%20de%20MEDPLAY.%0A%0A%E2%80%A2%20Tu%20Amazon%20(pantalla%207)%2C%20con%20el%20correo%20keirenhgg17890%40hotmail.com%2C%20vence%20el%20*08%2F05%2F2026*%2C%20quer%C3%ADa%20saber%20si%20deseas%20*realizar%20la%20renovaci%C3%B3n*%2C%20tiene%20un%20costo%20de%20*%24%207%2C900*.%0A%0A*PARA%20PAGOS%20POR%20NEQUI%20SOLICITAR%20EL%20QR%20POR%20FAVOR*
[2026-05-09 14:54:32.737] ✉️ Enviando…
[2026-05-09 14:54:36.668] ↩️ Enviado (Enter)
[2026-05-09 14:54:36.669] ⏳ Pausa post-envío: 12s…
[2026-05-09 14:54:48.680] 
[5/44] → 573205825365
[2026-05-09 14:54:48.680] 🔁 Abriendo chat (intento 1/3) con: https://web.whatsapp.com/send?phone=573205825365&text=Hola%20%2B57%2C%20te%20escribimos%20de%20MEDPLAY.%0A%0A%E2%80%A2%20Tu%20Crunchyroll%20(pantalla%206)%2C%20con%20el%20correo%20crunxhymex%40gmail.com%2C%20vence%20el%20*08%2F05%2F2026*%2C%20quer%C3%ADa%20saber%20si%20deseas%20*realizar%20la%20renovaci%C3%B3n*%2C%20tiene%20un%20costo%20de%20*%24%206%2C900*.%0A%0A*PARA%20PAGOS%20POR%20NEQUI%20SOLICITAR%20EL%20QR%20POR%20FAVOR*
[2026-05-09 14:54:52.464] ✉️ Enviando…
[2026-05-09 14:54:55.982] ↩️ Enviado (Enter)
[2026-05-09 14:54:55.982] ⏳ Pausa post-envío: 12s…
[2026-05-09 14:55:07.995] 
[6/44] → 573004132117
[2026-05-09 14:55:07.996] 🔁 Abriendo chat (intento 1/3) con: https://web.whatsapp.com/send?phone=573004132117&text=Hola%20%2B57%2C%20te%20escribimos%20de%20MEDPLAY.%0A%0A%E2%80%A2%20Tu%20Crunchyroll%20(pantalla%201)%2C%20con%20el%20correo%20samaradonaghue66%40hotmail.com%2C%20vence%20el%20*08%2F05%2F2026*%2C%20quer%C3%ADa%20saber%20si%20deseas%20*realizar%20la%20renovaci%C3%B3n*%2C%20tiene%20un%20costo%20de%20*%24%206%2C900*.%0A%0A*PARA%20PAGOS%20POR%20NEQUI%20SOLICITAR%20EL%20QR%20POR%20FAVOR*
[2026-05-09 14:55:14.224] ✉️ Enviando…
[2026-05-09 14:55:18.002] ↩️ Enviado (Enter)
[2026-05-09 14:55:18.003] ⏳ Pausa post-envío: 12s…
[2026-05-09 14:55:30.014] 
[7/44] → 573017301786
[2026-05-09 14:55:30.015] 🔁 Abriendo chat (intento 1/3) con: https://web.whatsapp.com/send?phone=573017301786&text=Hola%20Esneider%2C%20te%20escribimos%20de%20MEDPLAY.%0A%0A%E2%80%A2%20Tu%20Disney%20(pantalla%204)%2C%20con%20el%20correo%20medplay93%2Bnv2%40gmail.com%2C%20vence%20el%20*08%2F05%2F2026*%2C%20quer%C3%ADa%20saber%20si%20deseas%20*realizar%20la%20renovaci%C3%B3n*%2C%20tiene%20un%20costo%20de%20*%24%207%2C900*.%0A%0A*PARA%20PAGOS%20POR%20NEQUI%20SOLICITAR%20EL%20QR%20POR%20FAVOR*
[2026-05-09 14:55:33.774] ✉️ Enviando…
[2026-05-09 14:55:38.134] ↩️ Enviado (Enter)
[2026-05-09 14:55:38.134] ⏳ Pausa post-envío: 12s…
[2026-05-09 14:55:50.142] 
[8/44] → 573214446870
[2026-05-09 14:55:50.142] 🔁 Abriendo chat (intento 1/3) con: https://web.whatsapp.com/send?phone=573214446870&text=Hola%20Martha%2C%20te%20escribimos%20de%20MEDPLAY.%0A%0A%E2%80%A2%20Tu%20Crunchyroll%20(pantalla%206)%2C%20con%20el%20correo%20crunchnedply%40gmail.com%2C%20vence%20el%20*08%2F05%2F2026*%2C%20quer%C3%ADa%20saber%20si%20deseas%20*realizar%20la%20renovaci%C3%B3n*%2C%20tiene%20un%20costo%20de%20*%24%206%2C900*.%0A%0A*PARA%20PAGOS%20POR%20NEQUI%20SOLICITAR%20EL%20QR%20POR%20FAVOR*
[2026-05-09 14:55:53.525] ✉️ Enviando…
[2026-05-09 14:55:57.044] ↩️ Enviado (Enter)
[2026-05-09 14:55:57.044] ⏳ Pausa post-envío: 12s…
[2026-05-09 14:56:09.045] 
[9/44] → 573133903580
[2026-05-09 14:56:09.046] 🔁 Abriendo chat (intento 1/3) con: https://web.whatsapp.com/send?phone=573133903580&text=Hola%20DRBB%2C%20te%20escribimos%20de%20MEDPLAY.%0A%0A%E2%80%A2%20Tu%20Crunchyroll%20(pantalla%204)%2C%20con%20el%20correo%20kristaswieca30%40hotmail.com%2C%20vence%20el%20*08%2F05%2F2026*%2C%20quer%C3%ADa%20saber%20si%20deseas%20*realizar%20la%20renovaci%C3%B3n*%2C%20tiene%20un%20costo%20de%20*%24%206%2C900*.%0A%0A*PARA%20PAGOS%20POR%20NEQUI%20SOLICITAR%20EL%20QR%20POR%20FAVOR*
[2026-05-09 14:56:12.958] ✉️ Enviando…
[2026-05-09 14:56:16.142] ↩️ Enviado (Enter)
[2026-05-09 14:56:16.142] ⏳ Pausa post-envío: 12s…
[2026-05-09 14:56:28.154] 
[10/44] → 573213674066
[2026-05-09 14:56:28.155] 🔁 Abriendo chat (intento 1/3) con: https://web.whatsapp.com/send?phone=573213674066&text=Hola%20Jaime%2C%20te%20escribimos%20de%20MEDPLAY.%0A%0A%E2%80%A2%20Tu%20Disney%20(pantalla%202)%2C%20con%20el%20correo%20medplay93%2Bxo%40gmail.com%2C%20vence%20el%20*08%2F05%2F2026*%2C%20quer%C3%ADa%20saber%20si%20deseas%20*realizar%20la%20renovaci%C3%B3n*%2C%20tiene%20un%20costo%20de%20*%24%207%2C900*.%0A%0A*PARA%20PAGOS%20POR%20NEQUI%20SOLICITAR%20EL%20QR%20POR%20FAVOR*
[2026-05-09 14:56:31.698] ✉️ Enviando…
[2026-05-09 14:56:35.231] ↩️ Enviado (Enter)
[2026-05-09 14:56:35.232] ⏳ Pausa post-envío: 12s…
[2026-05-09 14:56:47.237] 
[11/44] → 573045467492
[2026-05-09 14:56:47.237] 🔁 Abriendo chat (intento 1/3) con: https://web.whatsapp.com/send?phone=573045467492&text=Hola%20AyC%2C%20te%20escribimos%20de%20MEDPLAY.%0A%0A%E2%80%A2%20Tu%20Disney%20(pantalla%202)%2C%20con%20el%20correo%20medplay93%2Bg4%40gmail.com%2C%20vence%20el%20*08%2F05%2F2026*%2C%20quer%C3%ADa%20saber%20si%20deseas%20*realizar%20la%20renovaci%C3%B3n*%2C%20tiene%20un%20costo%20de%20*%24%207%2C900*.%0A%E2%80%A2%20Tu%20Crunchyroll%20(pantalla%201)%2C%20con%20el%20correo%20kristaswieca30%40hotmail.com%2C%20vence%20el%20*08%2F05%2F2026*%2C%20quer%C3%ADa%20saber%20si%20deseas%20*realizar%20la%20renovaci%C3%B3n*%2C%20tiene%20un%20costo%20de%20*%24%206%2C900*.%0A%0A*PARA%20PAGOS%20POR%20NEQUI%20SOLICITAR%20EL%20QR%20POR%20FAVOR*
[2026-05-09 14:56:50.858] ✉️ Enviando…
[2026-05-09 14:56:53.629] ↩️ Enviado (Enter)
[2026-05-09 14:56:53.629] ⏳ Pausa post-envío: 12s…
[2026-05-09 14:57:05.632] 
[12/44] → 573045527236
[2026-05-09 14:57:05.633] 🔁 Abriendo chat (intento 1/3) con: https://web.whatsapp.com/send?phone=573045527236&text=Hola%20Diego%2C%20te%20escribimos%20de%20MEDPLAY.%0A%0A%E2%80%A2%20Tu%20Disney%20Premium%20(pantalla%201)%2C%20con%20el%20correo%20medplay93%2Bc01%40gmail.com%2C%20vence%20el%20*08%2F05%2F2026*%2C%20quer%C3%ADa%20saber%20si%20deseas%20*realizar%20la%20renovaci%C3%B3n*%2C%20tiene%20un%20costo%20de%20*%24%2012%2C900*.%0A%0A*PARA%20PAGOS%20POR%20NEQUI%20SOLICITAR%20EL%20QR%20POR%20FAVOR*
[2026-05-09 14:57:09.468] ✉️ Enviando…
[2026-05-09 14:57:12.997] ↩️ Enviado (Enter)
[2026-05-09 14:57:12.998] ⏳ Pausa post-envío: 12s…
[2026-05-09 14:57:25.008] 
[13/44] → 573205268352
[2026-05-09 14:57:25.011] 🔁 Abriendo chat (intento 1/3) con: https://web.whatsapp.com/send?phone=573205268352&text=Hola%20Rey%2C%20te%20escribimos%20de%20MEDPLAY.%0A%0A%E2%80%A2%20Tu%20Crunchyroll%20(pantalla%206)%2C%20con%20el%20correo%20medplay93j%40gmail.com%2C%20vence%20el%20*08%2F05%2F2026*%2C%20quer%C3%ADa%20saber%20si%20deseas%20*realizar%20la%20renovaci%C3%B3n*%2C%20tiene%20un%20costo%20de%20*%24%206%2C900*.%0A%0A*PARA%20PAGOS%20POR%20NEQUI%20SOLICITAR%20EL%20QR%20POR%20FAVOR*
[2026-05-09 14:57:29.416] ✉️ Enviando…
[2026-05-09 14:57:32.905] ↩️ Enviado (Enter)
[2026-05-09 14:57:32.905] ⏳ Pausa post-envío: 12s…
[2026-05-09 14:57:44.918] 
[14/44] → 573155240263
[2026-05-09 14:57:44.920] 🔁 Abriendo chat (intento 1/3) con: https://web.whatsapp.com/send?phone=573155240263&text=Hola%20KyAr%2C%20te%20escribimos%20de%20MEDPLAY.%0A%0A%E2%80%A2%20Tu%20Netflix%20(pantalla%202)%2C%20con%20el%20correo%20guadalupekeisha276101987%2B6%40hotmail.com%2C%20vence%20el%20*09%2F05%2F2026*%2C%20quer%C3%ADa%20saber%20si%20deseas%20*realizar%20la%20renovaci%C3%B3n*%2C%20tiene%20un%20costo%20de%20*%24%2014%2C900*.%0A%0A*PARA%20PAGOS%20POR%20NEQUI%20SOLICITAR%20EL%20QR%20POR%20FAVOR*
[2026-05-09 14:57:48.636] ✉️ Enviando…
[2026-05-09 14:57:54.577] ↩️ Enviado (Enter)
[2026-05-09 14:57:54.578] ⏳ Pausa post-envío: 12s…
[2026-05-09 14:58:06.584] 
[15/44] → 573004813587
[2026-05-09 14:58:06.585] 🔁 Abriendo chat (intento 1/3) con: https://web.whatsapp.com/send?phone=573004813587&text=Hola%20%2B57%2C%20te%20escribimos%20de%20MEDPLAY.%0A%0A%E2%80%A2%20Tu%20Crunchyroll%20(pantalla%204)%2C%20con%20el%20correo%20samaradonaghue66%40hotmail.com%2C%20vence%20el%20*09%2F05%2F2026*%2C%20quer%C3%ADa%20saber%20si%20deseas%20*realizar%20la%20renovaci%C3%B3n*%2C%20tiene%20un%20costo%20de%20*%24%206%2C900*.%0A%0A*PARA%20PAGOS%20POR%20NEQUI%20SOLICITAR%20EL%20QR%20POR%20FAVOR*
[2026-05-09 14:58:10.179] ✉️ Enviando…
[2026-05-09 14:58:13.540] ↩️ Enviado (Enter)
[2026-05-09 14:58:13.541] ⏳ Pausa post-envío: 12s…
[2026-05-09 14:58:25.542] 
[16/44] → 573125697062
[2026-05-09 14:58:25.543] 🔁 Abriendo chat (intento 1/3) con: https://web.whatsapp.com/send?phone=573125697062&text=Hola%20%2B57%2C%20te%20escribimos%20de%20MEDPLAY.%0A%0A%E2%80%A2%20Tu%20Crunchyroll%20(pantalla%205)%2C%20con%20el%20correo%20kelceyfrazier698%40hotmail.com%2C%20vence%20el%20*09%2F05%2F2026*%2C%20quer%C3%ADa%20saber%20si%20deseas%20*realizar%20la%20renovaci%C3%B3n*%2C%20tiene%20un%20costo%20de%20*%24%206%2C900*.%0A%0A*PARA%20PAGOS%20POR%20NEQUI%20SOLICITAR%20EL%20QR%20POR%20FAVOR*
[2026-05-09 14:58:29.260] ✉️ Enviando…
[2026-05-09 14:58:32.290] ↩️ Enviado (Enter)
[2026-05-09 14:58:32.291] ⏳ Pausa post-envío: 12s…
[2026-05-09 14:58:44.294] 
[17/44] → 573505460738
[2026-05-09 14:58:44.294] 🔁 Abriendo chat (intento 1/3) con: https://web.whatsapp.com/send?phone=573505460738&text=Hola%20Freddy%2C%20te%20escribimos%20de%20MEDPLAY.%0A%0A%E2%80%A2%20Tu%20Crunchyroll%20(pantalla%205)%2C%20con%20el%20correo%20g83356714%40gmail.com%2C%20vence%20el%20*09%2F05%2F2026*%2C%20quer%C3%ADa%20saber%20si%20deseas%20*realizar%20la%20renovaci%C3%B3n*%2C%20tiene%20un%20costo%20de%20*%24%206%2C900*.%0A%0A*PARA%20PAGOS%20POR%20NEQUI%20SOLICITAR%20EL%20QR%20POR%20FAVOR*
[2026-05-09 14:58:55.286] ✉️ Enviando…
[2026-05-09 14:58:56.049] ↩️ Enviado (Enter)
[2026-05-09 14:58:56.049] ⏳ Pausa post-envío: 12s…
[2026-05-09 14:59:08.051] 
[18/44] → 573146262743
[2026-05-09 14:59:08.052] 🔁 Abriendo chat (intento 1/3) con: https://web.whatsapp.com/send?phone=573146262743&text=Hola%20BERTULFO%2C%20te%20escribimos%20de%20MEDPLAY.%0A%0A%E2%80%A2%20Tu%20Disney%20Premium%20(pantalla%202)%2C%20con%20el%20correo%20medplay93%2Bcnvl%40gmail.com%2C%20vence%20el%20*09%2F05%2F2026*%2C%20quer%C3%ADa%20saber%20si%20deseas%20*realizar%20la%20renovaci%C3%B3n*%2C%20tiene%20un%20costo%20de%20*%24%2012%2C900*.%0A%0A*PARA%20PAGOS%20POR%20NEQUI%20SOLICITAR%20EL%20QR%20POR%20FAVOR*
[2026-05-09 14:59:20.168] ✉️ Enviando…
[2026-05-09 14:59:21.254] ↩️ Enviado (Enter)
[2026-05-09 14:59:21.254] ⏳ Pausa post-envío: 12s…
[2026-05-09 14:59:33.261] 
[19/44] → 573215968113
[2026-05-09 14:59:33.262] 🔁 Abriendo chat (intento 1/3) con: https://web.whatsapp.com/send?phone=573215968113&text=Hola%20%2B57%2C%20te%20escribimos%20de%20MEDPLAY.%0A%0A%E2%80%A2%20Tu%20Crunchyroll%20(pantalla%201)%2C%20con%20el%20correo%20foxfosfire%40gmail.com%2C%20vence%20el%20*10%2F05%2F2026*%2C%20quer%C3%ADa%20saber%20si%20deseas%20*realizar%20la%20renovaci%C3%B3n*%2C%20tiene%20un%20costo%20de%20*%24%206%2C900*.%0A%0A*PARA%20PAGOS%20POR%20NEQUI%20SOLICITAR%20EL%20QR%20POR%20FAVOR*
[2026-05-09 14:59:44.716] ✉️ Enviando…
[2026-05-09 14:59:45.582] ↩️ Enviado (Enter)
[2026-05-09 14:59:45.583] ⏳ Pausa post-envío: 12s…
[2026-05-09 14:59:57.585] 
[20/44] → 573209943709
[2026-05-09 14:59:57.585] 🔁 Abriendo chat (intento 1/3) con: https://web.whatsapp.com/send?phone=573209943709&text=Hola%20Yulitza%2C%20te%20escribimos%20de%20MEDPLAY.%0A%0A%E2%80%A2%20Tu%20Crunchyroll%20(pantalla%203)%2C%20con%20el%20correo%20foxfosfire%40gmail.com%2C%20vence%20el%20*10%2F05%2F2026*%2C%20quer%C3%ADa%20saber%20si%20deseas%20*realizar%20la%20renovaci%C3%B3n*%2C%20tiene%20un%20costo%20de%20*%24%206%2C900*.%0A%0A*PARA%20PAGOS%20POR%20NEQUI%20SOLICITAR%20EL%20QR%20POR%20FAVOR*
[2026-05-09 15:00:01.479] ✉️ Enviando…
[2026-05-09 15:00:04.428] ↩️ Enviado (Enter)
[2026-05-09 15:00:04.428] ⏳ Pausa post-envío: 12s…
[2026-05-09 15:00:16.440] 
[21/44] → 573212418468
[2026-05-09 15:00:16.441] 🔁 Abriendo chat (intento 1/3) con: https://web.whatsapp.com/send?phone=573212418468&text=Hola%20Claudio%2C%20te%20escribimos%20de%20MEDPLAY.%0A%0A%E2%80%A2%20Tu%20Crunchyroll%20(pantalla%201)%2C%20con%20el%20correo%20ppapacalcalit%40gmail.com%2C%20vence%20el%20*10%2F05%2F2026*%2C%20quer%C3%ADa%20saber%20si%20deseas%20*realizar%20la%20renovaci%C3%B3n*%2C%20tiene%20un%20costo%20de%20*%24%206%2C900*.%0A%0A*PARA%20PAGOS%20POR%20NEQUI%20SOLICITAR%20EL%20QR%20POR%20FAVOR*
[2026-05-09 15:00:19.883] ✉️ Enviando…
[2026-05-09 15:00:23.799] ↩️ Enviado (Enter)
[2026-05-09 15:00:23.799] ⏳ Pausa post-envío: 12s…
[2026-05-09 15:00:35.817] 
[22/44] → 573148848762
[2026-05-09 15:00:35.818] 🔁 Abriendo chat (intento 1/3) con: https://web.whatsapp.com/send?phone=573148848762&text=Hola%20Danier%2C%20te%20escribimos%20de%20MEDPLAY.%0A%0A%E2%80%A2%20Tu%20Spotify%2C%20con%20el%20correo%20cksue850%40gmail.com%2C%20vence%20el%20*09%2F05%2F2026*%2C%20quer%C3%ADa%20saber%20si%20deseas%20*realizar%20la%20renovaci%C3%B3n*%2C%20tiene%20un%20costo%20de%20*%24%2016%2C900*.%0A%0A*PARA%20PAGOS%20POR%20NEQUI%20SOLICITAR%20EL%20QR%20POR%20FAVOR*
[2026-05-09 15:00:39.477] ✉️ Enviando…
[2026-05-09 15:00:42.524] ↩️ Enviado (Enter)
[2026-05-09 15:00:42.525] ⏳ Pausa post-envío: 12s…
[2026-05-09 15:00:54.529] 
[23/44] → 573186043709
[2026-05-09 15:00:54.530] 🔁 Abriendo chat (intento 1/3) con: https://web.whatsapp.com/send?phone=573186043709&text=Hola%20Jimmy's%2C%20te%20escribimos%20de%20MEDPLAY.%0A%0A%E2%80%A2%20Tu%20Crunchyroll%2C%20con%20el%20correo%20LeoEntress271%40hotmail.com%2C%20vence%20el%20*09%2F05%2F2026*%2C%20quer%C3%ADa%20saber%20si%20deseas%20*realizar%20la%20renovaci%C3%B3n*%2C%20tiene%20un%20costo%20de%20*%24%2016%2C900*.%0A%0A*PARA%20PAGOS%20POR%20NEQUI%20SOLICITAR%20EL%20QR%20POR%20FAVOR*
[2026-05-09 15:01:00.114] ✉️ Enviando…
[2026-05-09 15:01:03.018] ↩️ Enviado (Enter)
[2026-05-09 15:01:03.019] ⏳ Pausa post-envío: 12s…
[2026-05-09 15:01:15.026] 
[24/44] → 573005112033
[2026-05-09 15:01:15.026] 🔁 Abriendo chat (intento 1/3) con: https://web.whatsapp.com/send?phone=573005112033&text=Hola%20Andres%2C%20te%20escribimos%20de%20MEDPLAY.%0A%0A%E2%80%A2%20Tu%20Youtube%2C%20con%20el%20correo%20aguerrero7520%40gmail.com%2C%20vence%20el%20*09%2F05%2F2026*%2C%20quer%C3%ADa%20saber%20si%20deseas%20*realizar%20la%20renovaci%C3%B3n*%2C%20tiene%20un%20costo%20de%20*%24%207%2C900*.%0A%0A*PARA%20PAGOS%20POR%20NEQUI%20SOLICITAR%20EL%20QR%20POR%20FAVOR*
[2026-05-09 15:01:27.565] ✉️ Enviando…
[2026-05-09 15:01:28.618] ↩️ Enviado (Enter)
[2026-05-09 15:01:28.619] ⏳ Pausa post-envío: 12s…
[2026-05-09 15:01:40.628] 
[25/44] → 573195746923
[2026-05-09 15:01:40.630] 🔁 Abriendo chat (intento 1/3) con: https://web.whatsapp.com/send?phone=573195746923&text=Hola%20Juan%2C%20te%20escribimos%20de%20MEDPLAY.%0A%0A%E2%80%A2%20Tu%20Youtube%2C%20con%20el%20correo%20naujulloa%40gmail.com%2C%20vence%20el%20*09%2F05%2F2026*%2C%20quer%C3%ADa%20saber%20si%20deseas%20*realizar%20la%20renovaci%C3%B3n*%2C%20tiene%20un%20costo%20de%20*%24%207%2C900*.%0A%0A*PARA%20PAGOS%20POR%20NEQUI%20SOLICITAR%20EL%20QR%20POR%20FAVOR*
[2026-05-09 15:01:44.378] ✉️ Enviando…
[2026-05-09 15:01:47.491] ↩️ Enviado (Enter)
[2026-05-09 15:01:47.493] ⏳ Pausa post-envío: 12s…
[2026-05-09 15:01:59.499] 
[26/44] → 573018577797
[2026-05-09 15:01:59.499] 🔁 Abriendo chat (intento 1/3) con: https://web.whatsapp.com/send?phone=573018577797&text=Hola%20Angel%2C%20te%20escribimos%20de%20MEDPLAY.%0A%0A%E2%80%A2%20Tu%20Youtube%2C%20con%20el%20correo%20andregreno79%40gmail.com%2C%20vence%20el%20*09%2F05%2F2026*%2C%20quer%C3%ADa%20saber%20si%20deseas%20*realizar%20la%20renovaci%C3%B3n*%2C%20tiene%20un%20costo%20de%20*%24%207%2C900*.%0A%0A*PARA%20PAGOS%20POR%20NEQUI%20SOLICITAR%20EL%20QR%20POR%20FAVOR*
[2026-05-09 15:02:03.622] ✉️ Enviando…
[2026-05-09 15:02:07.331] ↩️ Enviado (Enter)
[2026-05-09 15:02:07.331] ⏳ Pausa post-envío: 12s…
[2026-05-09 15:02:19.335] 
[27/44] → 573144531615
[2026-05-09 15:02:19.335] 🔁 Abriendo chat (intento 1/3) con: https://web.whatsapp.com/send?phone=573144531615&text=Hola%20usuariomil202%2C%20te%20escribimos%20de%20MEDPLAY.%0A%0A%E2%80%A2%20Tu%20Youtube%2C%20con%20el%20correo%20usuariomil202%40gmail.com%2C%20vence%20el%20*09%2F05%2F2026*%2C%20quer%C3%ADa%20saber%20si%20deseas%20*realizar%20la%20renovaci%C3%B3n*%2C%20tiene%20un%20costo%20de%20*%24%207%2C900*.%0A%0A*PARA%20PAGOS%20POR%20NEQUI%20SOLICITAR%20EL%20QR%20POR%20FAVOR*
[2026-05-09 15:02:23.435] ✉️ Enviando…
[2026-05-09 15:02:26.709] ↩️ Enviado (Enter)
[2026-05-09 15:02:26.711] ⏳ Pausa post-envío: 12s…
[2026-05-09 15:02:38.715] 
[28/44] → 573012190436
[2026-05-09 15:02:38.716] 🔁 Abriendo chat (intento 1/3) con: https://web.whatsapp.com/send?phone=573012190436&text=Hola%20Daniel%2C%20te%20escribimos%20de%20MEDPLAY.%0A%0A%E2%80%A2%20Tu%20ChatGPT%2C%20con%20el%20correo%20dlozanomendez%40icloud.com%2C%20vence%20el%20*09%2F05%2F2026*%2C%20quer%C3%ADa%20saber%20si%20deseas%20*realizar%20la%20renovaci%C3%B3n*%2C%20tiene%20un%20costo%20de%20*%24%2016%2C900*.%0A%0A*PARA%20PAGOS%20POR%20NEQUI%20SOLICITAR%20EL%20QR%20POR%20FAVOR*
[2026-05-09 15:02:42.521] ✉️ Enviando…
[2026-05-09 15:02:46.138] ↩️ Enviado (Enter)
[2026-05-09 15:02:46.138] ⏳ Pausa post-envío: 12s…
[2026-05-09 15:02:58.149] 
[29/44] → 573001370498
[2026-05-09 15:02:58.150] 🔁 Abriendo chat (intento 1/3) con: https://web.whatsapp.com/send?phone=573001370498&text=Hola%20%2B57%2C%20te%20escribimos%20de%20MEDPLAY.%0A%0A%E2%80%A2%20Tu%20ChatGPT%2C%20con%20el%20correo%20mercadoballestaivandavid%40gmail.com%2C%20vence%20el%20*09%2F05%2F2026*%2C%20quer%C3%ADa%20saber%20si%20deseas%20*realizar%20la%20renovaci%C3%B3n*%2C%20tiene%20un%20costo%20de%20*%24%2016%2C900*.%0A%0A*PARA%20PAGOS%20POR%20NEQUI%20SOLICITAR%20EL%20QR%20POR%20FAVOR*
[2026-05-09 15:03:03.993] ✉️ Enviando…
[2026-05-09 15:03:12.496] ↩️ Enviado (Enter)
[2026-05-09 15:03:12.496] ⏳ Pausa post-envío: 12s…
[2026-05-09 15:03:24.508] 
[30/44] → 573187924623
[2026-05-09 15:03:24.509] 🔁 Abriendo chat (intento 1/3) con: https://web.whatsapp.com/send?phone=573187924623&text=Hola%20Fer%2C%20te%20escribimos%20de%20MEDPLAY.%0A%0A%E2%80%A2%20Tu%20Youtube%2C%20con%20el%20correo%20loki062526%40gmail.com%2C%20vence%20el%20*09%2F05%2F2026*%2C%20quer%C3%ADa%20saber%20si%20deseas%20*realizar%20la%20renovaci%C3%B3n*%2C%20tiene%20un%20costo%20de%20*%24%207%2C900*.%0A%0A*PARA%20PAGOS%20POR%20NEQUI%20SOLICITAR%20EL%20QR%20POR%20FAVOR*
[2026-05-09 15:03:30.722] ✉️ Enviando…
[2026-05-09 15:03:39.050] ↩️ Enviado (Enter)
[2026-05-09 15:03:39.050] ⏳ Pausa post-envío: 12s…
[2026-05-09 15:03:51.053] 
[31/44] → 573042523314
[2026-05-09 15:03:51.054] 🔁 Abriendo chat (intento 1/3) con: https://web.whatsapp.com/send?phone=573042523314&text=Hola%20Brayan%2C%20te%20escribimos%20de%20MEDPLAY.%0A%0A%E2%80%A2%20Tu%20Youtube%2C%20con%20el%20correo%20antonellapeinadoosorio%40gmail.com%2C%20vence%20el%20*09%2F05%2F2026*%2C%20quer%C3%ADa%20saber%20si%20deseas%20*realizar%20la%20renovaci%C3%B3n*%2C%20tiene%20un%20costo%20de%20*%24%207%2C900*.%0A%0A*PARA%20PAGOS%20POR%20NEQUI%20SOLICITAR%20EL%20QR%20POR%20FAVOR*
[2026-05-09 15:04:00.304] ✉️ Enviando…
[2026-05-09 15:04:04.924] ↩️ Enviado (Enter)
[2026-05-09 15:04:04.924] ⏳ Pausa post-envío: 12s…
[2026-05-09 15:04:16.936] 
[32/44] → 573133568913
[2026-05-09 15:04:16.937] 🔁 Abriendo chat (intento 1/3) con: https://web.whatsapp.com/send?phone=573133568913&text=Hola%20Elkin%2C%20te%20escribimos%20de%20MEDPLAY.%0A%0A%E2%80%A2%20Tu%20Youtube%2C%20con%20el%20correo%20isabelarangotellez%40gmail.com%2C%20vence%20el%20*09%2F05%2F2026*%2C%20quer%C3%ADa%20saber%20si%20deseas%20*realizar%20la%20renovaci%C3%B3n*%2C%20tiene%20un%20costo%20de%20*%24%207%2C900*.%0A%0A*PARA%20PAGOS%20POR%20NEQUI%20SOLICITAR%20EL%20QR%20POR%20FAVOR*
[2026-05-09 15:04:25.345] ✉️ Enviando…
[2026-05-09 15:04:29.678] ↩️ Enviado (Enter)
[2026-05-09 15:04:29.678] ⏳ Pausa post-envío: 12s…
[2026-05-09 15:04:41.691] 
[33/44] → 573223262471
[2026-05-09 15:04:41.692] 🔁 Abriendo chat (intento 1/3) con: https://web.whatsapp.com/send?phone=573223262471&text=Hola%20Jair%2C%20te%20escribimos%20de%20MEDPLAY.%0A%0A%E2%80%A2%20Tu%20Youtube%2C%20con%20el%20correo%20huesojair39%40gmail.com%2C%20vence%20el%20*09%2F05%2F2026*%2C%20quer%C3%ADa%20saber%20si%20deseas%20*realizar%20la%20renovaci%C3%B3n*%2C%20tiene%20un%20costo%20de%20*%24%207%2C900*.%0A%0A*PARA%20PAGOS%20POR%20NEQUI%20SOLICITAR%20EL%20QR%20POR%20FAVOR*
[2026-05-09 15:04:53.307] ✉️ Enviando…
[2026-05-09 15:05:00.452] ↩️ Enviado (Enter)
[2026-05-09 15:05:00.453] ⏳ Pausa post-envío: 12s…
[2026-05-09 15:05:12.457] 
[34/44] → 573027914686
[2026-05-09 15:05:12.458] 🔁 Abriendo chat (intento 1/3) con: https://web.whatsapp.com/send?phone=573027914686&text=Hola%20%2B57%2C%20te%20escribimos%20de%20MEDPLAY.%0A%0A%E2%80%A2%20Tu%20Youtube%2C%20con%20el%20correo%20jhsm7228%40gmail.com%2C%20vence%20el%20*09%2F05%2F2026*%2C%20quer%C3%ADa%20saber%20si%20deseas%20*realizar%20la%20renovaci%C3%B3n*%2C%20tiene%20un%20costo%20de%20*%24%207%2C900*.%0A%0A*PARA%20PAGOS%20POR%20NEQUI%20SOLICITAR%20EL%20QR%20POR%20FAVOR*
[2026-05-09 15:05:18.139] ✉️ Enviando…
[2026-05-09 15:05:25.934] ↩️ Enviado (Enter)
[2026-05-09 15:05:25.934] ⏳ Pausa post-envío: 12s…
[2026-05-09 15:05:37.935] 
[35/44] → 573214689563
[2026-05-09 15:05:37.936] 🔁 Abriendo chat (intento 1/3) con: https://web.whatsapp.com/send?phone=573214689563&text=Hola%20Henry%2C%20te%20escribimos%20de%20MEDPLAY.%0A%0A%E2%80%A2%20Tu%20Youtube%2C%20con%20el%20correo%20henrysperez2%40gmail.com%2C%20vence%20el%20*10%2F05%2F2026*%2C%20quer%C3%ADa%20saber%20si%20deseas%20*realizar%20la%20renovaci%C3%B3n*%2C%20tiene%20un%20costo%20de%20*%24%207%2C900*.%0A%0A*PARA%20PAGOS%20POR%20NEQUI%20SOLICITAR%20EL%20QR%20POR%20FAVOR*
[2026-05-09 15:05:43.370] ✉️ Enviando…
[2026-05-09 15:05:51.328] ↩️ Enviado (Enter)
[2026-05-09 15:05:51.329] ⏳ Pausa post-envío: 12s…
[2026-05-09 15:06:03.329] 
[36/44] → 573206353047
[2026-05-09 15:06:03.331] 🔁 Abriendo chat (intento 1/3) con: https://web.whatsapp.com/send?phone=573206353047&text=Hola%20Claudia%2C%20te%20escribimos%20de%20MEDPLAY.%0A%0A%E2%80%A2%20Tu%20Youtube%2C%20con%20el%20correo%20claudiaospina974%40gmail.com%2C%20vence%20el%20*10%2F05%2F2026*%2C%20quer%C3%ADa%20saber%20si%20deseas%20*realizar%20la%20renovaci%C3%B3n*%2C%20tiene%20un%20costo%20de%20*%24%207%2C900*.%0A%0A*PARA%20PAGOS%20POR%20NEQUI%20SOLICITAR%20EL%20QR%20POR%20FAVOR*
[2026-05-09 15:06:12.267] ✉️ Enviando…
[2026-05-09 15:06:16.980] ↩️ Enviado (Enter)
[2026-05-09 15:06:16.980] ⏳ Pausa post-envío: 12s…
[2026-05-09 15:06:28.981] 
[37/44] → 573212025069
[2026-05-09 15:06:28.982] 🔁 Abriendo chat (intento 1/3) con: https://web.whatsapp.com/send?phone=573212025069&text=Hola%20Turbo%2C%20te%20escribimos%20de%20MEDPLAY.%0A%0A%E2%80%A2%20Tu%20Youtube%2C%20con%20el%20correo%20turboonix87%40gmail.com%2C%20vence%20el%20*10%2F05%2F2026*%2C%20quer%C3%ADa%20saber%20si%20deseas%20*realizar%20la%20renovaci%C3%B3n*%2C%20tiene%20un%20costo%20de%20*%24%207%2C900*.%0A%0A*PARA%20PAGOS%20POR%20NEQUI%20SOLICITAR%20EL%20QR%20POR%20FAVOR*
[2026-05-09 15:06:37.352] ✉️ Enviando…
[2026-05-09 15:06:41.740] ↩️ Enviado (Enter)
[2026-05-09 15:06:41.741] ⏳ Pausa post-envío: 12s…
[2026-05-09 15:06:53.744] 
[38/44] → 573242653597
[2026-05-09 15:06:53.744] 🔁 Abriendo chat (intento 1/3) con: https://web.whatsapp.com/send?phone=573242653597&text=Hola%20Robin%2C%20te%20escribimos%20de%20MEDPLAY.%0A%0A%E2%80%A2%20Tu%20Youtube%2C%20con%20el%20correo%20robinherrerab10%40gmail.com%2C%20vence%20el%20*10%2F05%2F2026*%2C%20quer%C3%ADa%20saber%20si%20deseas%20*realizar%20la%20renovaci%C3%B3n*%2C%20tiene%20un%20costo%20de%20*%24%207%2C900*.%0A%0A*PARA%20PAGOS%20POR%20NEQUI%20SOLICITAR%20EL%20QR%20POR%20FAVOR*
[2026-05-09 15:07:01.101] ✉️ Enviando…
[2026-05-09 15:07:13.848] ↩️ Enviado (Enter)
[2026-05-09 15:07:13.849] ⏳ Pausa post-envío: 12s…
[2026-05-09 15:07:25.855] 
[39/44] → 573196249349
[2026-05-09 15:07:25.855] 🔁 Abriendo chat (intento 1/3) con: https://web.whatsapp.com/send?phone=573196249349&text=Hola%20Valeria%2C%20te%20escribimos%20de%20MEDPLAY.%0A%0A%E2%80%A2%20Tu%20Youtube%2C%20con%20el%20correo%20pyp.asesorvaleria%40gmail.com%2C%20vence%20el%20*10%2F05%2F2026*%2C%20quer%C3%ADa%20saber%20si%20deseas%20*realizar%20la%20renovaci%C3%B3n*%2C%20tiene%20un%20costo%20de%20*%24%207%2C900*.%0A%0A*PARA%20PAGOS%20POR%20NEQUI%20SOLICITAR%20EL%20QR%20POR%20FAVOR*
[2026-05-09 15:07:31.374] ✉️ Enviando…
[2026-05-09 15:07:51.159] ↩️ Enviado (Enter)
[2026-05-09 15:07:51.160] ⏳ Pausa post-envío: 12s…
[2026-05-09 15:08:03.169] 
[40/44] → 573015396107
[2026-05-09 15:08:03.170] 🔁 Abriendo chat (intento 1/3) con: https://web.whatsapp.com/send?phone=573015396107&text=Hola%20Ferxoo%2C%20te%20escribimos%20de%20MEDPLAY.%0A%0A%E2%80%A2%20Tu%20Youtube%2C%20con%20el%20correo%20ferxoo1986%40gmail.com%2C%20vence%20el%20*10%2F05%2F2026*%2C%20quer%C3%ADa%20saber%20si%20deseas%20*realizar%20la%20renovaci%C3%B3n*%2C%20tiene%20un%20costo%20de%20*%24%207%2C900*.%0A%0A*PARA%20PAGOS%20POR%20NEQUI%20SOLICITAR%20EL%20QR%20POR%20FAVOR*
[2026-05-09 15:08:08.532] ✉️ Enviando…
[2026-05-09 15:08:16.778] ↩️ Enviado (Enter)
[2026-05-09 15:08:16.778] ⏳ Pausa post-envío: 12s…
[2026-05-09 15:08:28.780] 
[41/44] → 573013110710
[2026-05-09 15:08:28.783] 🔁 Abriendo chat (intento 1/3) con: https://web.whatsapp.com/send?phone=573013110710&text=Hola%20Felipe%2C%20te%20escribimos%20de%20MEDPLAY.%0A%0A%E2%80%A2%20Tu%20Youtube%2C%20con%20el%20correo%20felipetiguaque4%40gmail.com%2C%20vence%20el%20*10%2F05%2F2026*%2C%20quer%C3%ADa%20saber%20si%20deseas%20*realizar%20la%20renovaci%C3%B3n*%2C%20tiene%20un%20costo%20de%20*%24%207%2C900*.%0A%0A*PARA%20PAGOS%20POR%20NEQUI%20SOLICITAR%20EL%20QR%20POR%20FAVOR*
[2026-05-09 15:08:34.939] ✉️ Enviando…
[2026-05-09 15:08:48.495] ↩️ Enviado (Enter)
[2026-05-09 15:08:48.496] ⏳ Pausa post-envío: 12s…
[2026-05-09 15:09:00.509] 
[42/44] → 573148920959
[2026-05-09 15:09:00.510] 🔁 Abriendo chat (intento 1/3) con: https://web.whatsapp.com/send?phone=573148920959&text=Hola%20Isidro%2C%20te%20escribimos%20de%20MEDPLAY.%0A%0A%E2%80%A2%20Tu%20Youtube%2C%20con%20el%20correo%20isidrojmaldonadoch1989%40gmail.com%2C%20vence%20el%20*10%2F05%2F2026*%2C%20quer%C3%ADa%20saber%20si%20deseas%20*realizar%20la%20renovaci%C3%B3n*%2C%20tiene%20un%20costo%20de%20*%24%207%2C900*.%0A%0A*PARA%20PAGOS%20POR%20NEQUI%20SOLICITAR%20EL%20QR%20POR%20FAVOR*
[2026-05-09 15:09:06.180] ✉️ Enviando…
[2026-05-09 15:09:17.969] ↩️ Enviado (Enter)
[2026-05-09 15:09:17.969] ⏳ Pausa post-envío: 12s…
[2026-05-09 15:09:29.980] 
[43/44] → 573156835138
[2026-05-09 15:09:29.981] 🔁 Abriendo chat (intento 1/3) con: https://web.whatsapp.com/send?phone=573156835138&text=Hola%20Carlos%2C%20te%20escribimos%20de%20MEDPLAY.%0A%0A%E2%80%A2%20Tu%20Youtube%2C%20con%20el%20correo%20cmosqueraurrutia%40gmail.com%2C%20vence%20el%20*10%2F05%2F2026*%2C%20quer%C3%ADa%20saber%20si%20deseas%20*realizar%20la%20renovaci%C3%B3n*%2C%20tiene%20un%20costo%20de%20*%24%207%2C900*.%0A%0A*PARA%20PAGOS%20POR%20NEQUI%20SOLICITAR%20EL%20QR%20POR%20FAVOR*
[2026-05-09 15:09:35.431] ✉️ Enviando…
[2026-05-09 15:09:49.426] ↩️ Enviado (Enter)
[2026-05-09 15:09:49.427] ⏳ Pausa post-envío: 12s…
[2026-05-09 15:10:01.437] 
[44/44] → 573122599154
[2026-05-09 15:10:01.438] 🔁 Abriendo chat (intento 1/3) con: https://web.whatsapp.com/send?phone=573122599154&text=Hola%20Obercardona%2C%20te%20escribimos%20de%20MEDPLAY.%0A%0A%E2%80%A2%20Tu%20Youtube%2C%20con%20el%20correo%20obercardona724%40gmail.com%2C%20vence%20el%20*10%2F05%2F2026*%2C%20quer%C3%ADa%20saber%20si%20deseas%20*realizar%20la%20renovaci%C3%B3n*%2C%20tiene%20un%20costo%20de%20*%24%207%2C900*.%0A%0A*PARA%20PAGOS%20POR%20NEQUI%20SOLICITAR%20EL%20QR%20POR%20FAVOR*
[2026-05-09 15:10:10.397] ✉️ Enviando…
[2026-05-09 15:10:20.782] ↩️ Enviado (Enter)
[2026-05-09 15:10:20.782] ⏳ Pausa post-envío: 12s…
[2026-05-09 15:10:32.784] 
✅ Finalizado. Enviados: 44. Omitidos: 0.
[2026-05-09 15:10:32.787] ℹ️ Navegador dejado abierto para revisión manual.
