[2026-04-17T02:26:41.750Z] [STEP 6.3] Preparando WhatsApp Web…
[2026-04-17T02:26:55.833Z] [STEP 6.3] ✅ WhatsApp Web listo.
[2026-04-17T02:26:55.834Z] [STEP 7] base gapEnv=12000ms
[2026-04-17T02:26:55.835Z] — BLOQUE — correo=keirenhgg17890@hotmail.com | plataforma_id=1 (Amazon)
[2026-04-17T02:26:55.839Z] → [1/9] phone=573028532988 correo=keirenhgg17890@hotmail.com plataforma_id=1 (Amazon) servicio=Pantalla pantalla=3 vence=18/04/2026
[2026-04-17T02:26:55.842Z] [STEP 7] 🔁 Abriendo chat (intento 1/3) con: https://web.whatsapp.com/send?phone=573028532988&text=Hola%20%2B57%2C%20te%20notificamos%20el%20*cambio%20de%20contrase%C3%B1a*%20asociado%20a%20tu%20correo%3A%20*keirenhgg17890%40hotmail.com*.%0A%0A%E2%80%A2%20Amazon%20%E2%80%94%20Pantalla%20%7C%20*Pantalla%203*%20%7C%20vence%3A%2018%2F04%2F2026%0A%0A*La%20nueva%20contrase%C3%B1a%20es%3A*%20medprime82%20%0ANo%20la%20compartas%20con%20nadie%3B%20%C2%A1que%20est%C3%A9s%20s%C3%BAper%20bien!%0A*Recuerda%20tu%20pantalla%20es%20la%20que%20ves%20arriba%3B%20solo%20puedes%20utilizar%20esa.*%0A%0A%0ANOTA%3A*NO%20MODIFICAR%20LOS%20NUMEROS%20DEL%20PERFIL%2C%20USAR%20UNICAMENTE%20EL%20QUE%20SE%20LE%20ASIGNO%20SIN%20CAMBIARLO*%0APARA%20EVITAR%20CODIGOS%20DEBES%20BORRAR%20HISTORIAL%20Y%20COOKIES%20----%3E%20%20%20%20%0AEN%20CELULAR%3A%20https%3A%2F%2Fwww.youtube.com%2Fwatch%3Fv%3DrEsApVI1-lk%0AEN%20EL%20COMPUTADOR%3A%20https%3A%2F%2Fwww.youtube.com%2Fwatch%3Fv%3D2pYn4px0YWI
[2026-04-17T02:26:56.744Z] [STEP 7] ↪ asentando vista ~7s…
[2026-04-17T02:27:31.685Z] [STEP 8] ↩️ Enviado (Enter)
[2026-04-17T02:27:31.687Z]    ↪ post-send pause ~10s…
[2026-04-17T02:27:41.425Z] ⏳ Pausa entre mensajes: ~20s…
[2026-04-17T02:28:01.664Z] → [2/9] phone=573057779193 correo=keirenhgg17890@hotmail.com plataforma_id=1 (Amazon) servicio=Pantalla pantalla=2 vence=14/05/2026
[2026-04-17T02:28:01.665Z] [STEP 7] 🔁 Abriendo chat (intento 1/3) con: https://web.whatsapp.com/send?phone=573057779193&text=Hola%20Thomas%2C%20te%20notificamos%20el%20*cambio%20de%20contrase%C3%B1a*%20asociado%20a%20tu%20correo%3A%20*keirenhgg17890%40hotmail.com*.%0A%0A%E2%80%A2%20Amazon%20%E2%80%94%20Pantalla%20%7C%20*Pantalla%202*%20%7C%20vence%3A%2014%2F05%2F2026%0A%0A*La%20nueva%20contrase%C3%B1a%20es%3A*%20medprime82%20%0ANo%20la%20compartas%20con%20nadie%3B%20%C2%A1que%20est%C3%A9s%20s%C3%BAper%20bien!%0A*Recuerda%20tu%20pantalla%20es%20la%20que%20ves%20arriba%3B%20solo%20puedes%20utilizar%20esa.*%0A%0A%0ANOTA%3A*NO%20MODIFICAR%20LOS%20NUMEROS%20DEL%20PERFIL%2C%20USAR%20UNICAMENTE%20EL%20QUE%20SE%20LE%20ASIGNO%20SIN%20CAMBIARLO*%0APARA%20EVITAR%20CODIGOS%20DEBES%20BORRAR%20HISTORIAL%20Y%20COOKIES%20----%3E%20%20%20%20%0AEN%20CELULAR%3A%20https%3A%2F%2Fwww.youtube.com%2Fwatch%3Fv%3DrEsApVI1-lk%0AEN%20EL%20COMPUTADOR%3A%20https%3A%2F%2Fwww.youtube.com%2Fwatch%3Fv%3D2pYn4px0YWI
[2026-04-17T02:28:02.588Z] [STEP 7] ↪ asentando vista ~9s…
[2026-04-17T02:28:15.513Z] [STEP 8] ↩️ Enviado (Enter)
[2026-04-17T02:28:15.514Z]    ↪ post-send pause ~8s…
[2026-04-17T02:28:23.759Z] ⏳ Pausa entre mensajes: ~20s…
[2026-04-17T02:28:44.157Z] → [3/9] phone=573116400774 correo=keirenhgg17890@hotmail.com plataforma_id=1 (Amazon) servicio=Pantalla pantalla=7 vence=08/05/2026
[2026-04-17T02:28:44.159Z] [STEP 7] 🔁 Abriendo chat (intento 1/3) con: https://web.whatsapp.com/send?phone=573116400774&text=Hola%20Dannia%2C%20te%20notificamos%20el%20*cambio%20de%20contrase%C3%B1a*%20asociado%20a%20tu%20correo%3A%20*keirenhgg17890%40hotmail.com*.%0A%0A%E2%80%A2%20Amazon%20%E2%80%94%20Pantalla%20%7C%20*Pantalla%207*%20%7C%20vence%3A%2008%2F05%2F2026%0A%0A*La%20nueva%20contrase%C3%B1a%20es%3A*%20medprime82%20%0ANo%20la%20compartas%20con%20nadie%3B%20%C2%A1que%20est%C3%A9s%20s%C3%BAper%20bien!%0A*Recuerda%20tu%20pantalla%20es%20la%20que%20ves%20arriba%3B%20solo%20puedes%20utilizar%20esa.*%0A%0A%0ANOTA%3A*NO%20MODIFICAR%20LOS%20NUMEROS%20DEL%20PERFIL%2C%20USAR%20UNICAMENTE%20EL%20QUE%20SE%20LE%20ASIGNO%20SIN%20CAMBIARLO*%0APARA%20EVITAR%20CODIGOS%20DEBES%20BORRAR%20HISTORIAL%20Y%20COOKIES%20----%3E%20%20%20%20%0AEN%20CELULAR%3A%20https%3A%2F%2Fwww.youtube.com%2Fwatch%3Fv%3DrEsApVI1-lk%0AEN%20EL%20COMPUTADOR%3A%20https%3A%2F%2Fwww.youtube.com%2Fwatch%3Fv%3D2pYn4px0YWI
[2026-04-17T02:28:45.386Z] [STEP 7] ↪ asentando vista ~10s…
[2026-04-17T02:28:58.308Z] [STEP 8] ↩️ Enviado (Enter)
[2026-04-17T02:28:58.309Z]    ↪ post-send pause ~10s…
[2026-04-17T02:29:08.000Z] ⏳ Pausa entre mensajes: ~17s…
[2026-04-17T02:29:25.307Z] → [4/9] phone=573124667478 correo=keirenhgg17890@hotmail.com plataforma_id=1 (Amazon) servicio=Pantalla pantalla=4 vence=28/04/2026
[2026-04-17T02:29:25.309Z] [STEP 7] 🔁 Abriendo chat (intento 1/3) con: https://web.whatsapp.com/send?phone=573124667478&text=Hola%20Felipe%2C%20te%20notificamos%20el%20*cambio%20de%20contrase%C3%B1a*%20asociado%20a%20tu%20correo%3A%20*keirenhgg17890%40hotmail.com*.%0A%0A%E2%80%A2%20Amazon%20%E2%80%94%20Pantalla%20%7C%20*Pantalla%204*%20%7C%20vence%3A%2028%2F04%2F2026%0A%0A*La%20nueva%20contrase%C3%B1a%20es%3A*%20medprime82%20%0ANo%20la%20compartas%20con%20nadie%3B%20%C2%A1que%20est%C3%A9s%20s%C3%BAper%20bien!%0A*Recuerda%20tu%20pantalla%20es%20la%20que%20ves%20arriba%3B%20solo%20puedes%20utilizar%20esa.*%0A%0A%0ANOTA%3A*NO%20MODIFICAR%20LOS%20NUMEROS%20DEL%20PERFIL%2C%20USAR%20UNICAMENTE%20EL%20QUE%20SE%20LE%20ASIGNO%20SIN%20CAMBIARLO*%0APARA%20EVITAR%20CODIGOS%20DEBES%20BORRAR%20HISTORIAL%20Y%20COOKIES%20----%3E%20%20%20%20%0AEN%20CELULAR%3A%20https%3A%2F%2Fwww.youtube.com%2Fwatch%3Fv%3DrEsApVI1-lk%0AEN%20EL%20COMPUTADOR%3A%20https%3A%2F%2Fwww.youtube.com%2Fwatch%3Fv%3D2pYn4px0YWI
[2026-04-17T02:29:26.297Z] [STEP 7] ↪ asentando vista ~7s…
[2026-04-17T02:29:37.839Z] [STEP 8] ↩️ Enviado (Enter)
[2026-04-17T02:29:37.841Z]    ↪ post-send pause ~9s…
[2026-04-17T02:29:46.992Z] ⏳ Pausa entre mensajes: ~16s…
[2026-04-17T02:30:03.352Z] → [5/9] phone=573135407993 correo=keirenhgg17890@hotmail.com plataforma_id=1 (Amazon) servicio=Pantalla pantalla=6 vence=22/04/2026
[2026-04-17T02:30:03.353Z] [STEP 7] 🔁 Abriendo chat (intento 1/3) con: https://web.whatsapp.com/send?phone=573135407993&text=Hola%20Espaciosclimatizados%2C%20te%20notificamos%20el%20*cambio%20de%20contrase%C3%B1a*%20asociado%20a%20tu%20correo%3A%20*keirenhgg17890%40hotmail.com*.%0A%0A%E2%80%A2%20Amazon%20%E2%80%94%20Pantalla%20%7C%20*Pantalla%206*%20%7C%20vence%3A%2022%2F04%2F2026%0A%0A*La%20nueva%20contrase%C3%B1a%20es%3A*%20medprime82%20%0ANo%20la%20compartas%20con%20nadie%3B%20%C2%A1que%20est%C3%A9s%20s%C3%BAper%20bien!%0A*Recuerda%20tu%20pantalla%20es%20la%20que%20ves%20arriba%3B%20solo%20puedes%20utilizar%20esa.*%0A%0A%0ANOTA%3A*NO%20MODIFICAR%20LOS%20NUMEROS%20DEL%20PERFIL%2C%20USAR%20UNICAMENTE%20EL%20QUE%20SE%20LE%20ASIGNO%20SIN%20CAMBIARLO*%0APARA%20EVITAR%20CODIGOS%20DEBES%20BORRAR%20HISTORIAL%20Y%20COOKIES%20----%3E%20%20%20%20%0AEN%20CELULAR%3A%20https%3A%2F%2Fwww.youtube.com%2Fwatch%3Fv%3DrEsApVI1-lk%0AEN%20EL%20COMPUTADOR%3A%20https%3A%2F%2Fwww.youtube.com%2Fwatch%3Fv%3D2pYn4px0YWI
[2026-04-17T02:30:04.173Z] [STEP 7] ↪ asentando vista ~7s…
[2026-04-17T02:30:14.331Z] [STEP 8] ↩️ Enviado (Enter)
[2026-04-17T02:30:14.334Z]    ↪ post-send pause ~8s…
[2026-04-17T02:30:22.506Z] ⏳ Pausa entre mensajes: ~17s…
[2026-04-17T02:30:39.223Z] → [6/9] phone=573153864944 correo=keirenhgg17890@hotmail.com plataforma_id=1 (Amazon) servicio=Pantalla pantalla=1 vence=12/05/2026
[2026-04-17T02:30:39.224Z] [STEP 7] 🔁 Abriendo chat (intento 1/3) con: https://web.whatsapp.com/send?phone=573153864944&text=Hola%20%2B57%2C%20te%20notificamos%20el%20*cambio%20de%20contrase%C3%B1a*%20asociado%20a%20tu%20correo%3A%20*keirenhgg17890%40hotmail.com*.%0A%0A%E2%80%A2%20Amazon%20%E2%80%94%20Pantalla%20%7C%20*Pantalla%201*%20%7C%20vence%3A%2012%2F05%2F2026%0A%0A*La%20nueva%20contrase%C3%B1a%20es%3A*%20medprime82%20%0ANo%20la%20compartas%20con%20nadie%3B%20%C2%A1que%20est%C3%A9s%20s%C3%BAper%20bien!%0A*Recuerda%20tu%20pantalla%20es%20la%20que%20ves%20arriba%3B%20solo%20puedes%20utilizar%20esa.*%0A%0A%0ANOTA%3A*NO%20MODIFICAR%20LOS%20NUMEROS%20DEL%20PERFIL%2C%20USAR%20UNICAMENTE%20EL%20QUE%20SE%20LE%20ASIGNO%20SIN%20CAMBIARLO*%0APARA%20EVITAR%20CODIGOS%20DEBES%20BORRAR%20HISTORIAL%20Y%20COOKIES%20----%3E%20%20%20%20%0AEN%20CELULAR%3A%20https%3A%2F%2Fwww.youtube.com%2Fwatch%3Fv%3DrEsApVI1-lk%0AEN%20EL%20COMPUTADOR%3A%20https%3A%2F%2Fwww.youtube.com%2Fwatch%3Fv%3D2pYn4px0YWI
[2026-04-17T02:30:40.142Z] [STEP 7] ↪ asentando vista ~8s…
[2026-04-17T02:30:50.116Z] [STEP 8] ↩️ Enviado (Enter)
[2026-04-17T02:30:50.117Z]    ↪ post-send pause ~9s…
[2026-04-17T02:30:58.935Z] ⏳ Pausa entre mensajes: ~16s…
[2026-04-17T02:31:15.109Z] → [7/9] phone=573158436608 correo=keirenhgg17890@hotmail.com plataforma_id=1 (Amazon) servicio=Pantalla pantalla=5 vence=21/04/2026
[2026-04-17T02:31:15.111Z] [STEP 7] 🔁 Abriendo chat (intento 1/3) con: https://web.whatsapp.com/send?phone=573158436608&text=Hola%20!%2C%20te%20notificamos%20el%20*cambio%20de%20contrase%C3%B1a*%20asociado%20a%20tu%20correo%3A%20*keirenhgg17890%40hotmail.com*.%0A%0A%E2%80%A2%20Amazon%20%E2%80%94%20Pantalla%20%7C%20*Pantalla%205*%20%7C%20vence%3A%2021%2F04%2F2026%0A%0A*La%20nueva%20contrase%C3%B1a%20es%3A*%20medprime82%20%0ANo%20la%20compartas%20con%20nadie%3B%20%C2%A1que%20est%C3%A9s%20s%C3%BAper%20bien!%0A*Recuerda%20tu%20pantalla%20es%20la%20que%20ves%20arriba%3B%20solo%20puedes%20utilizar%20esa.*%0A%0A%0ANOTA%3A*NO%20MODIFICAR%20LOS%20NUMEROS%20DEL%20PERFIL%2C%20USAR%20UNICAMENTE%20EL%20QUE%20SE%20LE%20ASIGNO%20SIN%20CAMBIARLO*%0APARA%20EVITAR%20CODIGOS%20DEBES%20BORRAR%20HISTORIAL%20Y%20COOKIES%20----%3E%20%20%20%20%0AEN%20CELULAR%3A%20https%3A%2F%2Fwww.youtube.com%2Fwatch%3Fv%3DrEsApVI1-lk%0AEN%20EL%20COMPUTADOR%3A%20https%3A%2F%2Fwww.youtube.com%2Fwatch%3Fv%3D2pYn4px0YWI
[2026-04-17T02:31:15.954Z] [STEP 7] ↪ asentando vista ~8s…
[2026-04-17T02:31:28.413Z] [STEP 8] ↩️ Enviado (Enter)
[2026-04-17T02:31:28.414Z]    ↪ post-send pause ~8s…
[2026-04-17T02:31:36.088Z] ⏳ Pausa entre mensajes: ~19s…
[2026-04-17T02:31:55.031Z] → [8/9] phone=573166274566 correo=keirenhgg17890@hotmail.com plataforma_id=1 (Amazon) servicio=Pantalla pantalla=2 vence=08/05/2026
[2026-04-17T02:31:55.033Z] [STEP 7] 🔁 Abriendo chat (intento 1/3) con: https://web.whatsapp.com/send?phone=573166274566&text=Hola%20Jeyson%2C%20te%20notificamos%20el%20*cambio%20de%20contrase%C3%B1a*%20asociado%20a%20tu%20correo%3A%20*keirenhgg17890%40hotmail.com*.%0A%0A%E2%80%A2%20Amazon%20%E2%80%94%20Pantalla%20%7C%20*Pantalla%202*%20%7C%20vence%3A%2008%2F05%2F2026%0A%0A*La%20nueva%20contrase%C3%B1a%20es%3A*%20medprime82%20%0ANo%20la%20compartas%20con%20nadie%3B%20%C2%A1que%20est%C3%A9s%20s%C3%BAper%20bien!%0A*Recuerda%20tu%20pantalla%20es%20la%20que%20ves%20arriba%3B%20solo%20puedes%20utilizar%20esa.*%0A%0A%0ANOTA%3A*NO%20MODIFICAR%20LOS%20NUMEROS%20DEL%20PERFIL%2C%20USAR%20UNICAMENTE%20EL%20QUE%20SE%20LE%20ASIGNO%20SIN%20CAMBIARLO*%0APARA%20EVITAR%20CODIGOS%20DEBES%20BORRAR%20HISTORIAL%20Y%20COOKIES%20----%3E%20%20%20%20%0AEN%20CELULAR%3A%20https%3A%2F%2Fwww.youtube.com%2Fwatch%3Fv%3DrEsApVI1-lk%0AEN%20EL%20COMPUTADOR%3A%20https%3A%2F%2Fwww.youtube.com%2Fwatch%3Fv%3D2pYn4px0YWI
[2026-04-17T02:31:55.803Z] [STEP 7] ↪ asentando vista ~7s…
[2026-04-17T02:32:07.435Z] [STEP 8] ↩️ Enviado (Enter)
[2026-04-17T02:32:07.437Z]    ↪ post-send pause ~8s…
[2026-04-17T02:32:15.207Z] ⏳ Pausa entre mensajes: ~19s…
[2026-04-17T02:32:34.609Z] → [9/9] phone=573219330319 correo=keirenhgg17890@hotmail.com plataforma_id=1 (Amazon) servicio=Pantalla pantalla=1 vence=18/04/2026
[2026-04-17T02:32:34.611Z] [STEP 7] 🔁 Abriendo chat (intento 1/3) con: https://web.whatsapp.com/send?phone=573219330319&text=Hola%20Katherine%2C%20te%20notificamos%20el%20*cambio%20de%20contrase%C3%B1a*%20asociado%20a%20tu%20correo%3A%20*keirenhgg17890%40hotmail.com*.%0A%0A%E2%80%A2%20Amazon%20%E2%80%94%20Pantalla%20%7C%20*Pantalla%201*%20%7C%20vence%3A%2018%2F04%2F2026%0A%0A*La%20nueva%20contrase%C3%B1a%20es%3A*%20medprime82%20%0ANo%20la%20compartas%20con%20nadie%3B%20%C2%A1que%20est%C3%A9s%20s%C3%BAper%20bien!%0A*Recuerda%20tu%20pantalla%20es%20la%20que%20ves%20arriba%3B%20solo%20puedes%20utilizar%20esa.*%0A%0A%0ANOTA%3A*NO%20MODIFICAR%20LOS%20NUMEROS%20DEL%20PERFIL%2C%20USAR%20UNICAMENTE%20EL%20QUE%20SE%20LE%20ASIGNO%20SIN%20CAMBIARLO*%0APARA%20EVITAR%20CODIGOS%20DEBES%20BORRAR%20HISTORIAL%20Y%20COOKIES%20----%3E%20%20%20%20%0AEN%20CELULAR%3A%20https%3A%2F%2Fwww.youtube.com%2Fwatch%3Fv%3DrEsApVI1-lk%0AEN%20EL%20COMPUTADOR%3A%20https%3A%2F%2Fwww.youtube.com%2Fwatch%3Fv%3D2pYn4px0YWI
[2026-04-17T02:32:35.528Z] [STEP 7] ↪ asentando vista ~7s…
[2026-04-17T02:32:47.616Z] [STEP 8] ↩️ Enviado (Enter)
[2026-04-17T02:32:47.618Z]    ↪ post-send pause ~9s…
[2026-04-17T02:32:56.367Z] ✅ Notificaciones terminadas.
[2026-04-17T02:32:56.369Z] ℹ️ Navegador dejado abierto para revisión manual.
[2026-04-17T02:32:56.374Z] == fin notify-password-changes ==
[2026-04-17T02:49:28.893Z] LOG_FILE=C:\Users\Santiago\medplay\.logs\notify-password-changes.log
[2026-04-17T02:49:28.895Z] == inicio notify-password-changes ==
[2026-04-17T02:49:28.899Z] [STEP 1] items recibidos: 10
[2026-04-17T02:49:28.900Z] [STEP 2] Correos únicos=10 | plataforma_id únicos=4
[2026-04-17T02:49:28.900Z] [STEP 2] Time=2ms
[2026-04-17T02:49:28.951Z] [STEP 3] DB: conectado
[2026-04-17T02:49:28.968Z] [STEP 3] Filas obtenidas (futuras): 41
[2026-04-17T02:49:28.969Z] [STEP 3] Time=68ms
[2026-04-17T02:49:28.989Z] [STEP 4][RESUMEN] correo=keirenhgg17890@hotmail.com plataforma_id=1 (Amazon) filas=9 phones=573219330319,573028532988,573166274566,573158436608,573135407993,573124667478,573116400774,573153864944,573057779193
[2026-04-17T02:49:28.990Z] [STEP 4][RESUMEN] correo=medplay93@gmail.com plataforma_id=2 (Netflix) filas=4 phones=573012823773,573012465155,573014063130,573144658592
[2026-04-17T02:49:28.991Z] [STEP 4][RESUMEN] correo=medplay93+h5@gmail.com plataforma_id=3 (Disney) filas=6 phones=573207622972,573197987571,573136027492,573125579071,573135427163,573163476684
[2026-04-17T02:49:28.991Z] [STEP 4][RESUMEN] correo=medplay93+nv2@gmail.com plataforma_id=3 (Disney) filas=6 phones=573122756404,573133658509,573013579141,573167001828,573222959907,573017301786
[2026-04-17T02:49:28.992Z] [STEP 4][RESUMEN] correo=yicanitro@gmail.com plataforma_id=8 (Crunchyroll) filas=1 phones=573124807564
[2026-04-17T02:49:28.992Z] [STEP 4][RESUMEN] correo=shantellehoneywell1578@hotmail.com plataforma_id=8 (Crunchyroll) filas=1 phones=573217449630
[2026-04-17T02:49:28.993Z] [STEP 4][RESUMEN] correo=theobaldzevallos76@hotmail.com plataforma_id=8 (Crunchyroll) filas=1 phones=573102934536
[2026-04-17T02:49:28.993Z] [STEP 4][RESUMEN] correo=davinmordini041@hotmail.com plataforma_id=8 (Crunchyroll) filas=5 phones=573026064341,573194222802,573003054723,573105794466,573004132117
[2026-04-17T02:49:28.994Z] [STEP 4][RESUMEN] correo=anjalinebaugh979@hotmail.com plataforma_id=8 (Crunchyroll) filas=3 phones=573246578668,573112369662,573158771114
[2026-04-17T02:49:28.994Z] [STEP 4][RESUMEN] correo=hildalizardi0393@hotmail.com plataforma_id=8 (Crunchyroll) filas=5 phones=573232263456,573213452756,573242387132,573178171587,573161488859
[2026-04-17T02:49:28.994Z] [STEP 4] tasks=41 skippedPhone=0 skippedNoClave=0
[2026-04-17T02:49:28.995Z] [STEP 4] Time=25ms
[2026-04-17T02:49:28.995Z] [STEP 5] OK → hay tareas, continuamos a WA/CDP.
[2026-04-17T02:49:28.996Z] [STEP 6.1] START_SCRIPT=C:\Users\Santiago\medplay\scripts\start-edge-wa.bat
[2026-04-17T02:49:28.997Z] [STEP 6.1] Lanzando start-edge-wa.bat…
[2026-04-17T02:49:30.536Z] [STEP 6.2] Esperando CDP en 127.0.0.1:9222…
[2026-04-17T02:49:30.545Z] [STEP 6.2] CDP ok: true
[2026-04-17T02:49:33.727Z] [STEP 6.3] Preparando WhatsApp Web…
[2026-04-17T02:49:43.030Z] [STEP 6.3] ✅ WhatsApp Web listo.
[2026-04-17T02:49:43.031Z] [STEP 7] base gapEnv=12000ms
[2026-04-17T02:49:43.033Z] — BLOQUE — correo=anjalinebaugh979@hotmail.com | plataforma_id=8 (Crunchyroll)
[2026-04-17T02:49:43.035Z] → [1/41] phone=573112369662 correo=anjalinebaugh979@hotmail.com plataforma_id=8 (Crunchyroll) servicio=Pantalla pantalla=3 vence=21/04/2026
[2026-04-17T02:49:43.037Z] [STEP 7] 🔁 Abriendo chat (intento 1/3) con: https://web.whatsapp.com/send?phone=573112369662&text=Hola%20%2B57%2C%20te%20notificamos%20el%20*cambio%20de%20contrase%C3%B1a*%20asociado%20a%20tu%20correo%3A%20*anjalinebaugh979%40hotmail.com*.%0A%0A%E2%80%A2%20Crunchyroll%20%E2%80%94%20Pantalla%20%7C%20*Pantalla%203*%20%7C%20vence%3A%2021%2F04%2F2026%0A%0A*La%20nueva%20contrase%C3%B1a%20es%3A*%20medcrun66%40%20%0ANo%20la%20compartas%20con%20nadie%3B%20%C2%A1que%20est%C3%A9s%20s%C3%BAper%20bien!%0A*Recuerda%20tu%20pantalla%20es%20la%20que%20ves%20arriba%3B%20solo%20puedes%20utilizar%20esa.*%0A%0A%0ANOTA%3A*NO%20MODIFICAR%20LOS%20NUMEROS%20DEL%20PERFIL%2C%20USAR%20UNICAMENTE%20EL%20QUE%20SE%20LE%20ASIGNO%20SIN%20CAMBIARLO*%0APARA%20EVITAR%20CODIGOS%20DEBES%20BORRAR%20HISTORIAL%20Y%20COOKIES%20----%3E%20%20%20%20%0AEN%20CELULAR%3A%20https%3A%2F%2Fwww.youtube.com%2Fwatch%3Fv%3DrEsApVI1-lk%0AEN%20EL%20COMPUTADOR%3A%20https%3A%2F%2Fwww.youtube.com%2Fwatch%3Fv%3D2pYn4px0YWI
[2026-04-17T02:49:44.947Z] [STEP 7] ↪ asentando vista ~9s…
[2026-04-17T02:50:10.045Z] [STEP 8] ↩️ Enviado (Enter)
[2026-04-17T02:50:10.046Z]    ↪ post-send pause ~9s…
[2026-04-17T02:50:19.365Z] ⏳ Pausa entre mensajes: ~21s…
[2026-04-17T02:50:39.876Z] → [2/41] phone=573158771114 correo=anjalinebaugh979@hotmail.com plataforma_id=8 (Crunchyroll) servicio=Pantalla pantalla=5 vence=02/05/2026
[2026-04-17T02:50:39.878Z] [STEP 7] 🔁 Abriendo chat (intento 1/3) con: https://web.whatsapp.com/send?phone=573158771114&text=Hola%20Yilmer%2C%20te%20notificamos%20el%20*cambio%20de%20contrase%C3%B1a*%20asociado%20a%20tu%20correo%3A%20*anjalinebaugh979%40hotmail.com*.%0A%0A%E2%80%A2%20Crunchyroll%20%E2%80%94%20Pantalla%20%7C%20*Pantalla%205*%20%7C%20vence%3A%2002%2F05%2F2026%0A%0A*La%20nueva%20contrase%C3%B1a%20es%3A*%20medcrun66%40%20%0ANo%20la%20compartas%20con%20nadie%3B%20%C2%A1que%20est%C3%A9s%20s%C3%BAper%20bien!%0A*Recuerda%20tu%20pantalla%20es%20la%20que%20ves%20arriba%3B%20solo%20puedes%20utilizar%20esa.*%0A%0A%0ANOTA%3A*NO%20MODIFICAR%20LOS%20NUMEROS%20DEL%20PERFIL%2C%20USAR%20UNICAMENTE%20EL%20QUE%20SE%20LE%20ASIGNO%20SIN%20CAMBIARLO*%0APARA%20EVITAR%20CODIGOS%20DEBES%20BORRAR%20HISTORIAL%20Y%20COOKIES%20----%3E%20%20%20%20%0AEN%20CELULAR%3A%20https%3A%2F%2Fwww.youtube.com%2Fwatch%3Fv%3DrEsApVI1-lk%0AEN%20EL%20COMPUTADOR%3A%20https%3A%2F%2Fwww.youtube.com%2Fwatch%3Fv%3D2pYn4px0YWI
[2026-04-17T02:50:40.696Z] [STEP 7] ↪ asentando vista ~9s…
[2026-04-17T02:50:55.302Z] [STEP 8] ↩️ Enviado (Enter)
[2026-04-17T02:50:55.304Z]    ↪ post-send pause ~8s…
[2026-04-17T02:51:03.719Z] ⏳ Pausa entre mensajes: ~19s…
[2026-04-17T02:51:22.633Z] → [3/41] phone=573246578668 correo=anjalinebaugh979@hotmail.com plataforma_id=8 (Crunchyroll) servicio=Pantalla pantalla=2 vence=18/04/2026
[2026-04-17T02:51:22.635Z] [STEP 7] 🔁 Abriendo chat (intento 1/3) con: https://web.whatsapp.com/send?phone=573246578668&text=Hola%20Suarez%2C%20te%20notificamos%20el%20*cambio%20de%20contrase%C3%B1a*%20asociado%20a%20tu%20correo%3A%20*anjalinebaugh979%40hotmail.com*.%0A%0A%E2%80%A2%20Crunchyroll%20%E2%80%94%20Pantalla%20%7C%20*Pantalla%202*%20%7C%20vence%3A%2018%2F04%2F2026%0A%0A*La%20nueva%20contrase%C3%B1a%20es%3A*%20medcrun66%40%20%0ANo%20la%20compartas%20con%20nadie%3B%20%C2%A1que%20est%C3%A9s%20s%C3%BAper%20bien!%0A*Recuerda%20tu%20pantalla%20es%20la%20que%20ves%20arriba%3B%20solo%20puedes%20utilizar%20esa.*%0A%0A%0ANOTA%3A*NO%20MODIFICAR%20LOS%20NUMEROS%20DEL%20PERFIL%2C%20USAR%20UNICAMENTE%20EL%20QUE%20SE%20LE%20ASIGNO%20SIN%20CAMBIARLO*%0APARA%20EVITAR%20CODIGOS%20DEBES%20BORRAR%20HISTORIAL%20Y%20COOKIES%20----%3E%20%20%20%20%0AEN%20CELULAR%3A%20https%3A%2F%2Fwww.youtube.com%2Fwatch%3Fv%3DrEsApVI1-lk%0AEN%20EL%20COMPUTADOR%3A%20https%3A%2F%2Fwww.youtube.com%2Fwatch%3Fv%3D2pYn4px0YWI
[2026-04-17T02:51:23.982Z] [STEP 7] ↪ asentando vista ~9s…
[2026-04-17T02:51:36.499Z] [STEP 8] ↩️ Enviado (Enter)
[2026-04-17T02:51:36.502Z]    ↪ post-send pause ~10s…
[2026-04-17T02:51:46.145Z] ⏳ Pausa entre mensajes: ~18s…
[2026-04-17T02:52:04.166Z] — BLOQUE — correo=davinmordini041@hotmail.com | plataforma_id=8 (Crunchyroll)
[2026-04-17T02:52:04.168Z] → [4/41] phone=573003054723 correo=davinmordini041@hotmail.com plataforma_id=8 (Crunchyroll) servicio=Pantalla pantalla=3 vence=28/04/2026
[2026-04-17T02:52:04.170Z] [STEP 7] 🔁 Abriendo chat (intento 1/3) con: https://web.whatsapp.com/send?phone=573003054723&text=Hola%20%2B57%2C%20te%20notificamos%20el%20*cambio%20de%20contrase%C3%B1a*%20asociado%20a%20tu%20correo%3A%20*davinmordini041%40hotmail.com*.%0A%0A%E2%80%A2%20Crunchyroll%20%E2%80%94%20Pantalla%20%7C%20*Pantalla%203*%20%7C%20vence%3A%2028%2F04%2F2026%0A%0A*La%20nueva%20contrase%C3%B1a%20es%3A*%20medcrun66%40%20%0ANo%20la%20compartas%20con%20nadie%3B%20%C2%A1que%20est%C3%A9s%20s%C3%BAper%20bien!%0A*Recuerda%20tu%20pantalla%20es%20la%20que%20ves%20arriba%3B%20solo%20puedes%20utilizar%20esa.*%0A%0A%0ANOTA%3A*NO%20MODIFICAR%20LOS%20NUMEROS%20DEL%20PERFIL%2C%20USAR%20UNICAMENTE%20EL%20QUE%20SE%20LE%20ASIGNO%20SIN%20CAMBIARLO*%0APARA%20EVITAR%20CODIGOS%20DEBES%20BORRAR%20HISTORIAL%20Y%20COOKIES%20----%3E%20%20%20%20%0AEN%20CELULAR%3A%20https%3A%2F%2Fwww.youtube.com%2Fwatch%3Fv%3DrEsApVI1-lk%0AEN%20EL%20COMPUTADOR%3A%20https%3A%2F%2Fwww.youtube.com%2Fwatch%3Fv%3D2pYn4px0YWI
[2026-04-17T02:52:05.175Z] [STEP 7] ↪ asentando vista ~7s…
[2026-04-17T02:52:15.595Z] [STEP 8] ↩️ Enviado (Enter)
[2026-04-17T02:52:15.596Z]    ↪ post-send pause ~10s…
[2026-04-17T02:52:25.586Z] ⏳ Pausa entre mensajes: ~19s…
[2026-04-17T02:52:44.849Z] → [5/41] phone=573004132117 correo=davinmordini041@hotmail.com plataforma_id=8 (Crunchyroll) servicio=Pantalla pantalla=6 vence=08/05/2026
[2026-04-17T02:52:44.851Z] [STEP 7] 🔁 Abriendo chat (intento 1/3) con: https://web.whatsapp.com/send?phone=573004132117&text=Hola%20%2B57%2C%20te%20notificamos%20el%20*cambio%20de%20contrase%C3%B1a*%20asociado%20a%20tu%20correo%3A%20*davinmordini041%40hotmail.com*.%0A%0A%E2%80%A2%20Crunchyroll%20%E2%80%94%20Pantalla%20%7C%20*Pantalla%206*%20%7C%20vence%3A%2008%2F05%2F2026%0A%0A*La%20nueva%20contrase%C3%B1a%20es%3A*%20medcrun66%40%20%0ANo%20la%20compartas%20con%20nadie%3B%20%C2%A1que%20est%C3%A9s%20s%C3%BAper%20bien!%0A*Recuerda%20tu%20pantalla%20es%20la%20que%20ves%20arriba%3B%20solo%20puedes%20utilizar%20esa.*%0A%0A%0ANOTA%3A*NO%20MODIFICAR%20LOS%20NUMEROS%20DEL%20PERFIL%2C%20USAR%20UNICAMENTE%20EL%20QUE%20SE%20LE%20ASIGNO%20SIN%20CAMBIARLO*%0APARA%20EVITAR%20CODIGOS%20DEBES%20BORRAR%20HISTORIAL%20Y%20COOKIES%20----%3E%20%20%20%20%0AEN%20CELULAR%3A%20https%3A%2F%2Fwww.youtube.com%2Fwatch%3Fv%3DrEsApVI1-lk%0AEN%20EL%20COMPUTADOR%3A%20https%3A%2F%2Fwww.youtube.com%2Fwatch%3Fv%3D2pYn4px0YWI
[2026-04-17T02:52:46.065Z] [STEP 7] ↪ asentando vista ~8s…
[2026-04-17T02:52:59.126Z] [STEP 8] ↩️ Enviado (Enter)
[2026-04-17T02:52:59.127Z]    ↪ post-send pause ~6s…
[2026-04-17T02:53:05.578Z] ⏳ Pausa entre mensajes: ~18s…
[2026-04-17T02:53:23.210Z] → [6/41] phone=573026064341 correo=davinmordini041@hotmail.com plataforma_id=8 (Crunchyroll) servicio=Pantalla pantalla=2 vence=26/04/2026
[2026-04-17T02:53:23.212Z] [STEP 7] 🔁 Abriendo chat (intento 1/3) con: https://web.whatsapp.com/send?phone=573026064341&text=Hola%20%2B57%2C%20te%20notificamos%20el%20*cambio%20de%20contrase%C3%B1a*%20asociado%20a%20tu%20correo%3A%20*davinmordini041%40hotmail.com*.%0A%0A%E2%80%A2%20Crunchyroll%20%E2%80%94%20Pantalla%20%7C%20*Pantalla%202*%20%7C%20vence%3A%2026%2F04%2F2026%0A%0A*La%20nueva%20contrase%C3%B1a%20es%3A*%20medcrun66%40%20%0ANo%20la%20compartas%20con%20nadie%3B%20%C2%A1que%20est%C3%A9s%20s%C3%BAper%20bien!%0A*Recuerda%20tu%20pantalla%20es%20la%20que%20ves%20arriba%3B%20solo%20puedes%20utilizar%20esa.*%0A%0A%0ANOTA%3A*NO%20MODIFICAR%20LOS%20NUMEROS%20DEL%20PERFIL%2C%20USAR%20UNICAMENTE%20EL%20QUE%20SE%20LE%20ASIGNO%20SIN%20CAMBIARLO*%0APARA%20EVITAR%20CODIGOS%20DEBES%20BORRAR%20HISTORIAL%20Y%20COOKIES%20----%3E%20%20%20%20%0AEN%20CELULAR%3A%20https%3A%2F%2Fwww.youtube.com%2Fwatch%3Fv%3DrEsApVI1-lk%0AEN%20EL%20COMPUTADOR%3A%20https%3A%2F%2Fwww.youtube.com%2Fwatch%3Fv%3D2pYn4px0YWI
[2026-04-17T02:53:24.333Z] [STEP 7] ↪ asentando vista ~8s…
[2026-04-17T02:53:36.507Z] [STEP 8] ↩️ Enviado (Enter)
[2026-04-17T02:53:36.508Z]    ↪ post-send pause ~10s…
[2026-04-17T02:53:46.222Z] ⏳ Pausa entre mensajes: ~19s…
[2026-04-17T02:54:04.959Z] → [7/41] phone=573105794466 correo=davinmordini041@hotmail.com plataforma_id=8 (Crunchyroll) servicio=Pantalla pantalla=4 vence=28/04/2026
[2026-04-17T02:54:04.962Z] [STEP 7] 🔁 Abriendo chat (intento 1/3) con: https://web.whatsapp.com/send?phone=573105794466&text=Hola%20Julian%2C%20te%20notificamos%20el%20*cambio%20de%20contrase%C3%B1a*%20asociado%20a%20tu%20correo%3A%20*davinmordini041%40hotmail.com*.%0A%0A%E2%80%A2%20Crunchyroll%20%E2%80%94%20Pantalla%20%7C%20*Pantalla%204*%20%7C%20vence%3A%2028%2F04%2F2026%0A%0A*La%20nueva%20contrase%C3%B1a%20es%3A*%20medcrun66%40%20%0ANo%20la%20compartas%20con%20nadie%3B%20%C2%A1que%20est%C3%A9s%20s%C3%BAper%20bien!%0A*Recuerda%20tu%20pantalla%20es%20la%20que%20ves%20arriba%3B%20solo%20puedes%20utilizar%20esa.*%0A%0A%0ANOTA%3A*NO%20MODIFICAR%20LOS%20NUMEROS%20DEL%20PERFIL%2C%20USAR%20UNICAMENTE%20EL%20QUE%20SE%20LE%20ASIGNO%20SIN%20CAMBIARLO*%0APARA%20EVITAR%20CODIGOS%20DEBES%20BORRAR%20HISTORIAL%20Y%20COOKIES%20----%3E%20%20%20%20%0AEN%20CELULAR%3A%20https%3A%2F%2Fwww.youtube.com%2Fwatch%3Fv%3DrEsApVI1-lk%0AEN%20EL%20COMPUTADOR%3A%20https%3A%2F%2Fwww.youtube.com%2Fwatch%3Fv%3D2pYn4px0YWI
[2026-04-17T02:54:06.275Z] [STEP 7] ↪ asentando vista ~7s…
[2026-04-17T02:54:16.579Z] [STEP 8] ↩️ Enviado (Enter)
[2026-04-17T02:54:16.581Z]    ↪ post-send pause ~7s…
[2026-04-17T02:54:23.110Z] ⏳ Pausa entre mensajes: ~18s…
[2026-04-17T02:54:40.682Z] → [8/41] phone=573194222802 correo=davinmordini041@hotmail.com plataforma_id=8 (Crunchyroll) servicio=Pantalla pantalla=1 vence=27/04/2026
[2026-04-17T02:54:40.684Z] [STEP 7] 🔁 Abriendo chat (intento 1/3) con: https://web.whatsapp.com/send?phone=573194222802&text=Hola%20Kevin%2C%20te%20notificamos%20el%20*cambio%20de%20contrase%C3%B1a*%20asociado%20a%20tu%20correo%3A%20*davinmordini041%40hotmail.com*.%0A%0A%E2%80%A2%20Crunchyroll%20%E2%80%94%20Pantalla%20%7C%20*Pantalla%201*%20%7C%20vence%3A%2027%2F04%2F2026%0A%0A*La%20nueva%20contrase%C3%B1a%20es%3A*%20medcrun66%40%20%0ANo%20la%20compartas%20con%20nadie%3B%20%C2%A1que%20est%C3%A9s%20s%C3%BAper%20bien!%0A*Recuerda%20tu%20pantalla%20es%20la%20que%20ves%20arriba%3B%20solo%20puedes%20utilizar%20esa.*%0A%0A%0ANOTA%3A*NO%20MODIFICAR%20LOS%20NUMEROS%20DEL%20PERFIL%2C%20USAR%20UNICAMENTE%20EL%20QUE%20SE%20LE%20ASIGNO%20SIN%20CAMBIARLO*%0APARA%20EVITAR%20CODIGOS%20DEBES%20BORRAR%20HISTORIAL%20Y%20COOKIES%20----%3E%20%20%20%20%0AEN%20CELULAR%3A%20https%3A%2F%2Fwww.youtube.com%2Fwatch%3Fv%3DrEsApVI1-lk%0AEN%20EL%20COMPUTADOR%3A%20https%3A%2F%2Fwww.youtube.com%2Fwatch%3Fv%3D2pYn4px0YWI
[2026-04-17T02:54:41.465Z] [STEP 7] ↪ asentando vista ~6s…
[2026-04-17T02:54:59.623Z] [STEP 8] ↩️ Enviado (Enter)
[2026-04-17T02:54:59.625Z]    ↪ post-send pause ~8s…
[2026-04-17T02:55:07.743Z] ⏳ Pausa entre mensajes: ~17s…
[2026-04-17T02:55:24.359Z] — BLOQUE — correo=hildalizardi0393@hotmail.com | plataforma_id=8 (Crunchyroll)
[2026-04-17T02:55:24.361Z] → [9/41] phone=573161488859 correo=hildalizardi0393@hotmail.com plataforma_id=8 (Crunchyroll) servicio=Pantalla pantalla=6 vence=07/05/2026
[2026-04-17T02:55:24.362Z] [STEP 7] 🔁 Abriendo chat (intento 1/3) con: https://web.whatsapp.com/send?phone=573161488859&text=Hola%20!%2C%20te%20notificamos%20el%20*cambio%20de%20contrase%C3%B1a*%20asociado%20a%20tu%20correo%3A%20*hildalizardi0393%40hotmail.com*.%0A%0A%E2%80%A2%20Crunchyroll%20%E2%80%94%20Pantalla%20%7C%20*Pantalla%206*%20%7C%20vence%3A%2007%2F05%2F2026%0A%0A*La%20nueva%20contrase%C3%B1a%20es%3A*%20medcrun66%40%20%0ANo%20la%20compartas%20con%20nadie%3B%20%C2%A1que%20est%C3%A9s%20s%C3%BAper%20bien!%0A*Recuerda%20tu%20pantalla%20es%20la%20que%20ves%20arriba%3B%20solo%20puedes%20utilizar%20esa.*%0A%0A%0ANOTA%3A*NO%20MODIFICAR%20LOS%20NUMEROS%20DEL%20PERFIL%2C%20USAR%20UNICAMENTE%20EL%20QUE%20SE%20LE%20ASIGNO%20SIN%20CAMBIARLO*%0APARA%20EVITAR%20CODIGOS%20DEBES%20BORRAR%20HISTORIAL%20Y%20COOKIES%20----%3E%20%20%20%20%0AEN%20CELULAR%3A%20https%3A%2F%2Fwww.youtube.com%2Fwatch%3Fv%3DrEsApVI1-lk%0AEN%20EL%20COMPUTADOR%3A%20https%3A%2F%2Fwww.youtube.com%2Fwatch%3Fv%3D2pYn4px0YWI
[2026-04-17T02:55:25.531Z] [STEP 7] ↪ asentando vista ~8s…
[2026-04-17T02:55:36.844Z] [STEP 8] ↩️ Enviado (Enter)
[2026-04-17T02:55:36.844Z]    ↪ post-send pause ~8s…
[2026-04-17T02:55:44.973Z] ⏳ Pausa entre mensajes: ~21s…
[2026-04-17T02:56:05.690Z] → [10/41] phone=573178171587 correo=hildalizardi0393@hotmail.com plataforma_id=8 (Crunchyroll) servicio=Pantalla pantalla=3 vence=01/05/2026
[2026-04-17T02:56:05.693Z] [STEP 7] 🔁 Abriendo chat (intento 1/3) con: https://web.whatsapp.com/send?phone=573178171587&text=Hola%20Pablo%2C%20te%20notificamos%20el%20*cambio%20de%20contrase%C3%B1a*%20asociado%20a%20tu%20correo%3A%20*hildalizardi0393%40hotmail.com*.%0A%0A%E2%80%A2%20Crunchyroll%20%E2%80%94%20Pantalla%20%7C%20*Pantalla%203*%20%7C%20vence%3A%2001%2F05%2F2026%0A%0A*La%20nueva%20contrase%C3%B1a%20es%3A*%20medcrun66%40%20%0ANo%20la%20compartas%20con%20nadie%3B%20%C2%A1que%20est%C3%A9s%20s%C3%BAper%20bien!%0A*Recuerda%20tu%20pantalla%20es%20la%20que%20ves%20arriba%3B%20solo%20puedes%20utilizar%20esa.*%0A%0A%0ANOTA%3A*NO%20MODIFICAR%20LOS%20NUMEROS%20DEL%20PERFIL%2C%20USAR%20UNICAMENTE%20EL%20QUE%20SE%20LE%20ASIGNO%20SIN%20CAMBIARLO*%0APARA%20EVITAR%20CODIGOS%20DEBES%20BORRAR%20HISTORIAL%20Y%20COOKIES%20----%3E%20%20%20%20%0AEN%20CELULAR%3A%20https%3A%2F%2Fwww.youtube.com%2Fwatch%3Fv%3DrEsApVI1-lk%0AEN%20EL%20COMPUTADOR%3A%20https%3A%2F%2Fwww.youtube.com%2Fwatch%3Fv%3D2pYn4px0YWI
[2026-04-17T02:56:06.564Z] [STEP 7] ↪ asentando vista ~9s…
[2026-04-17T02:56:18.097Z] [STEP 8] ↩️ Enviado (Enter)
[2026-04-17T02:56:18.098Z]    ↪ post-send pause ~10s…
[2026-04-17T02:56:27.658Z] ⏳ Pausa entre mensajes: ~18s…
[2026-04-17T02:56:45.859Z] → [11/41] phone=573213452756 correo=hildalizardi0393@hotmail.com plataforma_id=8 (Crunchyroll) servicio=Pantalla pantalla=5 vence=18/04/2026
[2026-04-17T02:56:45.860Z] [STEP 7] 🔁 Abriendo chat (intento 1/3) con: https://web.whatsapp.com/send?phone=573213452756&text=Hola%20Jhon%2C%20te%20notificamos%20el%20*cambio%20de%20contrase%C3%B1a*%20asociado%20a%20tu%20correo%3A%20*hildalizardi0393%40hotmail.com*.%0A%0A%E2%80%A2%20Crunchyroll%20%E2%80%94%20Pantalla%20%7C%20*Pantalla%205*%20%7C%20vence%3A%2018%2F04%2F2026%0A%0A*La%20nueva%20contrase%C3%B1a%20es%3A*%20medcrun66%40%20%0ANo%20la%20compartas%20con%20nadie%3B%20%C2%A1que%20est%C3%A9s%20s%C3%BAper%20bien!%0A*Recuerda%20tu%20pantalla%20es%20la%20que%20ves%20arriba%3B%20solo%20puedes%20utilizar%20esa.*%0A%0A%0ANOTA%3A*NO%20MODIFICAR%20LOS%20NUMEROS%20DEL%20PERFIL%2C%20USAR%20UNICAMENTE%20EL%20QUE%20SE%20LE%20ASIGNO%20SIN%20CAMBIARLO*%0APARA%20EVITAR%20CODIGOS%20DEBES%20BORRAR%20HISTORIAL%20Y%20COOKIES%20----%3E%20%20%20%20%0AEN%20CELULAR%3A%20https%3A%2F%2Fwww.youtube.com%2Fwatch%3Fv%3DrEsApVI1-lk%0AEN%20EL%20COMPUTADOR%3A%20https%3A%2F%2Fwww.youtube.com%2Fwatch%3Fv%3D2pYn4px0YWI
[2026-04-17T02:56:46.596Z] [STEP 7] ↪ asentando vista ~7s…
[2026-04-17T02:56:56.352Z] [STEP 8] ↩️ Enviado (Enter)
[2026-04-17T02:56:56.353Z]    ↪ post-send pause ~9s…
[2026-04-17T02:57:05.849Z] ⏳ Pausa entre mensajes: ~16s…
[2026-04-17T02:57:22.232Z] → [12/41] phone=573232263456 correo=hildalizardi0393@hotmail.com plataforma_id=8 (Crunchyroll) servicio=Pantalla pantalla=2 vence=17/04/2026
[2026-04-17T02:57:22.233Z] [STEP 7] 🔁 Abriendo chat (intento 1/3) con: https://web.whatsapp.com/send?phone=573232263456&text=Hola%20%2B57%2C%20te%20notificamos%20el%20*cambio%20de%20contrase%C3%B1a*%20asociado%20a%20tu%20correo%3A%20*hildalizardi0393%40hotmail.com*.%0A%0A%E2%80%A2%20Crunchyroll%20%E2%80%94%20Pantalla%20%7C%20*Pantalla%202*%20%7C%20vence%3A%2017%2F04%2F2026%0A%0A*La%20nueva%20contrase%C3%B1a%20es%3A*%20medcrun66%40%20%0ANo%20la%20compartas%20con%20nadie%3B%20%C2%A1que%20est%C3%A9s%20s%C3%BAper%20bien!%0A*Recuerda%20tu%20pantalla%20es%20la%20que%20ves%20arriba%3B%20solo%20puedes%20utilizar%20esa.*%0A%0A%0ANOTA%3A*NO%20MODIFICAR%20LOS%20NUMEROS%20DEL%20PERFIL%2C%20USAR%20UNICAMENTE%20EL%20QUE%20SE%20LE%20ASIGNO%20SIN%20CAMBIARLO*%0APARA%20EVITAR%20CODIGOS%20DEBES%20BORRAR%20HISTORIAL%20Y%20COOKIES%20----%3E%20%20%20%20%0AEN%20CELULAR%3A%20https%3A%2F%2Fwww.youtube.com%2Fwatch%3Fv%3DrEsApVI1-lk%0AEN%20EL%20COMPUTADOR%3A%20https%3A%2F%2Fwww.youtube.com%2Fwatch%3Fv%3D2pYn4px0YWI
[2026-04-17T02:57:22.965Z] [STEP 7] ↪ asentando vista ~9s…
[2026-04-17T02:57:34.441Z] [STEP 8] ↩️ Enviado (Enter)
[2026-04-17T02:57:34.441Z]    ↪ post-send pause ~7s…
[2026-04-17T02:57:41.567Z] ⏳ Pausa entre mensajes: ~17s…
[2026-04-17T02:57:58.909Z] → [13/41] phone=573242387132 correo=hildalizardi0393@hotmail.com plataforma_id=8 (Crunchyroll) servicio=Pantalla pantalla=1 vence=01/05/2026
[2026-04-17T02:57:58.911Z] [STEP 7] 🔁 Abriendo chat (intento 1/3) con: https://web.whatsapp.com/send?phone=573242387132&text=Hola%20Andres%2C%20te%20notificamos%20el%20*cambio%20de%20contrase%C3%B1a*%20asociado%20a%20tu%20correo%3A%20*hildalizardi0393%40hotmail.com*.%0A%0A%E2%80%A2%20Crunchyroll%20%E2%80%94%20Pantalla%20%7C%20*Pantalla%201*%20%7C%20vence%3A%2001%2F05%2F2026%0A%0A*La%20nueva%20contrase%C3%B1a%20es%3A*%20medcrun66%40%20%0ANo%20la%20compartas%20con%20nadie%3B%20%C2%A1que%20est%C3%A9s%20s%C3%BAper%20bien!%0A*Recuerda%20tu%20pantalla%20es%20la%20que%20ves%20arriba%3B%20solo%20puedes%20utilizar%20esa.*%0A%0A%0ANOTA%3A*NO%20MODIFICAR%20LOS%20NUMEROS%20DEL%20PERFIL%2C%20USAR%20UNICAMENTE%20EL%20QUE%20SE%20LE%20ASIGNO%20SIN%20CAMBIARLO*%0APARA%20EVITAR%20CODIGOS%20DEBES%20BORRAR%20HISTORIAL%20Y%20COOKIES%20----%3E%20%20%20%20%0AEN%20CELULAR%3A%20https%3A%2F%2Fwww.youtube.com%2Fwatch%3Fv%3DrEsApVI1-lk%0AEN%20EL%20COMPUTADOR%3A%20https%3A%2F%2Fwww.youtube.com%2Fwatch%3Fv%3D2pYn4px0YWI
[2026-04-17T02:57:59.736Z] [STEP 7] ↪ asentando vista ~8s…
[2026-04-17T02:58:11.147Z] [STEP 8] ↩️ Enviado (Enter)
[2026-04-17T02:58:11.148Z]    ↪ post-send pause ~8s…
[2026-04-17T02:58:18.965Z] ⏳ Pausa entre mensajes: ~20s…
[2026-04-17T02:58:39.448Z] — BLOQUE — correo=keirenhgg17890@hotmail.com | plataforma_id=1 (Amazon)
[2026-04-17T02:58:39.449Z] → [14/41] phone=573028532988 correo=keirenhgg17890@hotmail.com plataforma_id=1 (Amazon) servicio=Pantalla pantalla=3 vence=18/04/2026
[2026-04-17T02:58:39.449Z] [STEP 7] 🔁 Abriendo chat (intento 1/3) con: https://web.whatsapp.com/send?phone=573028532988&text=Hola%20%2B57%2C%20te%20notificamos%20el%20*cambio%20de%20contrase%C3%B1a*%20asociado%20a%20tu%20correo%3A%20*keirenhgg17890%40hotmail.com*.%0A%0A%E2%80%A2%20Amazon%20%E2%80%94%20Pantalla%20%7C%20*Pantalla%203*%20%7C%20vence%3A%2018%2F04%2F2026%0A%0A*La%20nueva%20contrase%C3%B1a%20es%3A*%20medprime82%20%0ANo%20la%20compartas%20con%20nadie%3B%20%C2%A1que%20est%C3%A9s%20s%C3%BAper%20bien!%0A*Recuerda%20tu%20pantalla%20es%20la%20que%20ves%20arriba%3B%20solo%20puedes%20utilizar%20esa.*%0A%0A%0ANOTA%3A*NO%20MODIFICAR%20LOS%20NUMEROS%20DEL%20PERFIL%2C%20USAR%20UNICAMENTE%20EL%20QUE%20SE%20LE%20ASIGNO%20SIN%20CAMBIARLO*%0APARA%20EVITAR%20CODIGOS%20DEBES%20BORRAR%20HISTORIAL%20Y%20COOKIES%20----%3E%20%20%20%20%0AEN%20CELULAR%3A%20https%3A%2F%2Fwww.youtube.com%2Fwatch%3Fv%3DrEsApVI1-lk%0AEN%20EL%20COMPUTADOR%3A%20https%3A%2F%2Fwww.youtube.com%2Fwatch%3Fv%3D2pYn4px0YWI
[2026-04-17T02:58:40.205Z] [STEP 7] ↪ asentando vista ~9s…
[2026-04-17T02:58:51.604Z] [STEP 8] ↩️ Enviado (Enter)
[2026-04-17T02:58:51.605Z]    ↪ post-send pause ~6s…
[2026-04-17T02:58:57.748Z] ⏳ Pausa entre mensajes: ~17s…
[2026-04-17T02:59:14.386Z] → [15/41] phone=573057779193 correo=keirenhgg17890@hotmail.com plataforma_id=1 (Amazon) servicio=Pantalla pantalla=2 vence=14/05/2026
[2026-04-17T02:59:14.387Z] [STEP 7] 🔁 Abriendo chat (intento 1/3) con: https://web.whatsapp.com/send?phone=573057779193&text=Hola%20Thomas%2C%20te%20notificamos%20el%20*cambio%20de%20contrase%C3%B1a*%20asociado%20a%20tu%20correo%3A%20*keirenhgg17890%40hotmail.com*.%0A%0A%E2%80%A2%20Amazon%20%E2%80%94%20Pantalla%20%7C%20*Pantalla%202*%20%7C%20vence%3A%2014%2F05%2F2026%0A%0A*La%20nueva%20contrase%C3%B1a%20es%3A*%20medprime82%20%0ANo%20la%20compartas%20con%20nadie%3B%20%C2%A1que%20est%C3%A9s%20s%C3%BAper%20bien!%0A*Recuerda%20tu%20pantalla%20es%20la%20que%20ves%20arriba%3B%20solo%20puedes%20utilizar%20esa.*%0A%0A%0ANOTA%3A*NO%20MODIFICAR%20LOS%20NUMEROS%20DEL%20PERFIL%2C%20USAR%20UNICAMENTE%20EL%20QUE%20SE%20LE%20ASIGNO%20SIN%20CAMBIARLO*%0APARA%20EVITAR%20CODIGOS%20DEBES%20BORRAR%20HISTORIAL%20Y%20COOKIES%20----%3E%20%20%20%20%0AEN%20CELULAR%3A%20https%3A%2F%2Fwww.youtube.com%2Fwatch%3Fv%3DrEsApVI1-lk%0AEN%20EL%20COMPUTADOR%3A%20https%3A%2F%2Fwww.youtube.com%2Fwatch%3Fv%3D2pYn4px0YWI
[2026-04-17T02:59:15.140Z] [STEP 7] ↪ asentando vista ~7s…
[2026-04-17T02:59:25.020Z] [STEP 8] ↩️ Enviado (Enter)
[2026-04-17T02:59:25.021Z]    ↪ post-send pause ~6s…
[2026-04-17T02:59:31.037Z] ⏳ Pausa entre mensajes: ~17s…
[2026-04-17T02:59:47.873Z] → [16/41] phone=573116400774 correo=keirenhgg17890@hotmail.com plataforma_id=1 (Amazon) servicio=Pantalla pantalla=7 vence=08/05/2026
[2026-04-17T02:59:47.873Z] [STEP 7] 🔁 Abriendo chat (intento 1/3) con: https://web.whatsapp.com/send?phone=573116400774&text=Hola%20Dannia%2C%20te%20notificamos%20el%20*cambio%20de%20contrase%C3%B1a*%20asociado%20a%20tu%20correo%3A%20*keirenhgg17890%40hotmail.com*.%0A%0A%E2%80%A2%20Amazon%20%E2%80%94%20Pantalla%20%7C%20*Pantalla%207*%20%7C%20vence%3A%2008%2F05%2F2026%0A%0A*La%20nueva%20contrase%C3%B1a%20es%3A*%20medprime82%20%0ANo%20la%20compartas%20con%20nadie%3B%20%C2%A1que%20est%C3%A9s%20s%C3%BAper%20bien!%0A*Recuerda%20tu%20pantalla%20es%20la%20que%20ves%20arriba%3B%20solo%20puedes%20utilizar%20esa.*%0A%0A%0ANOTA%3A*NO%20MODIFICAR%20LOS%20NUMEROS%20DEL%20PERFIL%2C%20USAR%20UNICAMENTE%20EL%20QUE%20SE%20LE%20ASIGNO%20SIN%20CAMBIARLO*%0APARA%20EVITAR%20CODIGOS%20DEBES%20BORRAR%20HISTORIAL%20Y%20COOKIES%20----%3E%20%20%20%20%0AEN%20CELULAR%3A%20https%3A%2F%2Fwww.youtube.com%2Fwatch%3Fv%3DrEsApVI1-lk%0AEN%20EL%20COMPUTADOR%3A%20https%3A%2F%2Fwww.youtube.com%2Fwatch%3Fv%3D2pYn4px0YWI
[2026-04-17T02:59:48.605Z] [STEP 7] ↪ asentando vista ~9s…
[2026-04-17T02:59:59.979Z] [STEP 8] ↩️ Enviado (Enter)
[2026-04-17T02:59:59.980Z]    ↪ post-send pause ~10s…
[2026-04-17T03:00:09.810Z] ⏳ Pausa entre mensajes: ~19s…
[2026-04-17T03:00:28.719Z] → [17/41] phone=573124667478 correo=keirenhgg17890@hotmail.com plataforma_id=1 (Amazon) servicio=Pantalla pantalla=4 vence=28/04/2026
[2026-04-17T03:00:28.720Z] [STEP 7] 🔁 Abriendo chat (intento 1/3) con: https://web.whatsapp.com/send?phone=573124667478&text=Hola%20Felipe%2C%20te%20notificamos%20el%20*cambio%20de%20contrase%C3%B1a*%20asociado%20a%20tu%20correo%3A%20*keirenhgg17890%40hotmail.com*.%0A%0A%E2%80%A2%20Amazon%20%E2%80%94%20Pantalla%20%7C%20*Pantalla%204*%20%7C%20vence%3A%2028%2F04%2F2026%0A%0A*La%20nueva%20contrase%C3%B1a%20es%3A*%20medprime82%20%0ANo%20la%20compartas%20con%20nadie%3B%20%C2%A1que%20est%C3%A9s%20s%C3%BAper%20bien!%0A*Recuerda%20tu%20pantalla%20es%20la%20que%20ves%20arriba%3B%20solo%20puedes%20utilizar%20esa.*%0A%0A%0ANOTA%3A*NO%20MODIFICAR%20LOS%20NUMEROS%20DEL%20PERFIL%2C%20USAR%20UNICAMENTE%20EL%20QUE%20SE%20LE%20ASIGNO%20SIN%20CAMBIARLO*%0APARA%20EVITAR%20CODIGOS%20DEBES%20BORRAR%20HISTORIAL%20Y%20COOKIES%20----%3E%20%20%20%20%0AEN%20CELULAR%3A%20https%3A%2F%2Fwww.youtube.com%2Fwatch%3Fv%3DrEsApVI1-lk%0AEN%20EL%20COMPUTADOR%3A%20https%3A%2F%2Fwww.youtube.com%2Fwatch%3Fv%3D2pYn4px0YWI
[2026-04-17T03:00:29.670Z] [STEP 7] ↪ asentando vista ~10s…
[2026-04-17T03:00:41.184Z] [STEP 8] ↩️ Enviado (Enter)
[2026-04-17T03:00:41.185Z]    ↪ post-send pause ~9s…
[2026-04-17T03:00:50.465Z] ⏳ Pausa entre mensajes: ~18s…
[2026-04-17T03:01:08.820Z] → [18/41] phone=573135407993 correo=keirenhgg17890@hotmail.com plataforma_id=1 (Amazon) servicio=Pantalla pantalla=6 vence=22/04/2026
[2026-04-17T03:01:08.821Z] [STEP 7] 🔁 Abriendo chat (intento 1/3) con: https://web.whatsapp.com/send?phone=573135407993&text=Hola%20Espaciosclimatizados%2C%20te%20notificamos%20el%20*cambio%20de%20contrase%C3%B1a*%20asociado%20a%20tu%20correo%3A%20*keirenhgg17890%40hotmail.com*.%0A%0A%E2%80%A2%20Amazon%20%E2%80%94%20Pantalla%20%7C%20*Pantalla%206*%20%7C%20vence%3A%2022%2F04%2F2026%0A%0A*La%20nueva%20contrase%C3%B1a%20es%3A*%20medprime82%20%0ANo%20la%20compartas%20con%20nadie%3B%20%C2%A1que%20est%C3%A9s%20s%C3%BAper%20bien!%0A*Recuerda%20tu%20pantalla%20es%20la%20que%20ves%20arriba%3B%20solo%20puedes%20utilizar%20esa.*%0A%0A%0ANOTA%3A*NO%20MODIFICAR%20LOS%20NUMEROS%20DEL%20PERFIL%2C%20USAR%20UNICAMENTE%20EL%20QUE%20SE%20LE%20ASIGNO%20SIN%20CAMBIARLO*%0APARA%20EVITAR%20CODIGOS%20DEBES%20BORRAR%20HISTORIAL%20Y%20COOKIES%20----%3E%20%20%20%20%0AEN%20CELULAR%3A%20https%3A%2F%2Fwww.youtube.com%2Fwatch%3Fv%3DrEsApVI1-lk%0AEN%20EL%20COMPUTADOR%3A%20https%3A%2F%2Fwww.youtube.com%2Fwatch%3Fv%3D2pYn4px0YWI
[2026-04-17T03:01:09.700Z] [STEP 7] ↪ asentando vista ~9s…
[2026-04-17T03:01:21.117Z] [STEP 8] ↩️ Enviado (Enter)
[2026-04-17T03:01:21.118Z]    ↪ post-send pause ~10s…
[2026-04-17T03:01:30.885Z] ⏳ Pausa entre mensajes: ~17s…
[2026-04-17T03:01:47.832Z] → [19/41] phone=573153864944 correo=keirenhgg17890@hotmail.com plataforma_id=1 (Amazon) servicio=Pantalla pantalla=1 vence=12/05/2026
[2026-04-17T03:01:47.833Z] [STEP 7] 🔁 Abriendo chat (intento 1/3) con: https://web.whatsapp.com/send?phone=573153864944&text=Hola%20%2B57%2C%20te%20notificamos%20el%20*cambio%20de%20contrase%C3%B1a*%20asociado%20a%20tu%20correo%3A%20*keirenhgg17890%40hotmail.com*.%0A%0A%E2%80%A2%20Amazon%20%E2%80%94%20Pantalla%20%7C%20*Pantalla%201*%20%7C%20vence%3A%2012%2F05%2F2026%0A%0A*La%20nueva%20contrase%C3%B1a%20es%3A*%20medprime82%20%0ANo%20la%20compartas%20con%20nadie%3B%20%C2%A1que%20est%C3%A9s%20s%C3%BAper%20bien!%0A*Recuerda%20tu%20pantalla%20es%20la%20que%20ves%20arriba%3B%20solo%20puedes%20utilizar%20esa.*%0A%0A%0ANOTA%3A*NO%20MODIFICAR%20LOS%20NUMEROS%20DEL%20PERFIL%2C%20USAR%20UNICAMENTE%20EL%20QUE%20SE%20LE%20ASIGNO%20SIN%20CAMBIARLO*%0APARA%20EVITAR%20CODIGOS%20DEBES%20BORRAR%20HISTORIAL%20Y%20COOKIES%20----%3E%20%20%20%20%0AEN%20CELULAR%3A%20https%3A%2F%2Fwww.youtube.com%2Fwatch%3Fv%3DrEsApVI1-lk%0AEN%20EL%20COMPUTADOR%3A%20https%3A%2F%2Fwww.youtube.com%2Fwatch%3Fv%3D2pYn4px0YWI
[2026-04-17T03:01:48.469Z] [STEP 7] ↪ asentando vista ~9s…
[2026-04-17T03:01:59.936Z] [STEP 8] ↩️ Enviado (Enter)
[2026-04-17T03:01:59.937Z]    ↪ post-send pause ~8s…
[2026-04-17T03:02:08.063Z] ⏳ Pausa entre mensajes: ~19s…
[2026-04-17T03:02:27.115Z] → [20/41] phone=573158436608 correo=keirenhgg17890@hotmail.com plataforma_id=1 (Amazon) servicio=Pantalla pantalla=5 vence=21/04/2026
[2026-04-17T03:02:27.116Z] [STEP 7] 🔁 Abriendo chat (intento 1/3) con: https://web.whatsapp.com/send?phone=573158436608&text=Hola%20!%2C%20te%20notificamos%20el%20*cambio%20de%20contrase%C3%B1a*%20asociado%20a%20tu%20correo%3A%20*keirenhgg17890%40hotmail.com*.%0A%0A%E2%80%A2%20Amazon%20%E2%80%94%20Pantalla%20%7C%20*Pantalla%205*%20%7C%20vence%3A%2021%2F04%2F2026%0A%0A*La%20nueva%20contrase%C3%B1a%20es%3A*%20medprime82%20%0ANo%20la%20compartas%20con%20nadie%3B%20%C2%A1que%20est%C3%A9s%20s%C3%BAper%20bien!%0A*Recuerda%20tu%20pantalla%20es%20la%20que%20ves%20arriba%3B%20solo%20puedes%20utilizar%20esa.*%0A%0A%0ANOTA%3A*NO%20MODIFICAR%20LOS%20NUMEROS%20DEL%20PERFIL%2C%20USAR%20UNICAMENTE%20EL%20QUE%20SE%20LE%20ASIGNO%20SIN%20CAMBIARLO*%0APARA%20EVITAR%20CODIGOS%20DEBES%20BORRAR%20HISTORIAL%20Y%20COOKIES%20----%3E%20%20%20%20%0AEN%20CELULAR%3A%20https%3A%2F%2Fwww.youtube.com%2Fwatch%3Fv%3DrEsApVI1-lk%0AEN%20EL%20COMPUTADOR%3A%20https%3A%2F%2Fwww.youtube.com%2Fwatch%3Fv%3D2pYn4px0YWI
[2026-04-17T03:02:27.798Z] [STEP 7] ↪ asentando vista ~9s…
[2026-04-17T03:02:39.282Z] [STEP 8] ↩️ Enviado (Enter)
[2026-04-17T03:02:39.283Z]    ↪ post-send pause ~10s…
[2026-04-17T03:02:48.887Z] ⏳ Pausa entre mensajes: ~20s…
[2026-04-17T03:03:08.904Z] → [21/41] phone=573166274566 correo=keirenhgg17890@hotmail.com plataforma_id=1 (Amazon) servicio=Pantalla pantalla=2 vence=08/05/2026
[2026-04-17T03:03:08.905Z] [STEP 7] 🔁 Abriendo chat (intento 1/3) con: https://web.whatsapp.com/send?phone=573166274566&text=Hola%20Jeyson%2C%20te%20notificamos%20el%20*cambio%20de%20contrase%C3%B1a*%20asociado%20a%20tu%20correo%3A%20*keirenhgg17890%40hotmail.com*.%0A%0A%E2%80%A2%20Amazon%20%E2%80%94%20Pantalla%20%7C%20*Pantalla%202*%20%7C%20vence%3A%2008%2F05%2F2026%0A%0A*La%20nueva%20contrase%C3%B1a%20es%3A*%20medprime82%20%0ANo%20la%20compartas%20con%20nadie%3B%20%C2%A1que%20est%C3%A9s%20s%C3%BAper%20bien!%0A*Recuerda%20tu%20pantalla%20es%20la%20que%20ves%20arriba%3B%20solo%20puedes%20utilizar%20esa.*%0A%0A%0ANOTA%3A*NO%20MODIFICAR%20LOS%20NUMEROS%20DEL%20PERFIL%2C%20USAR%20UNICAMENTE%20EL%20QUE%20SE%20LE%20ASIGNO%20SIN%20CAMBIARLO*%0APARA%20EVITAR%20CODIGOS%20DEBES%20BORRAR%20HISTORIAL%20Y%20COOKIES%20----%3E%20%20%20%20%0AEN%20CELULAR%3A%20https%3A%2F%2Fwww.youtube.com%2Fwatch%3Fv%3DrEsApVI1-lk%0AEN%20EL%20COMPUTADOR%3A%20https%3A%2F%2Fwww.youtube.com%2Fwatch%3Fv%3D2pYn4px0YWI
[2026-04-17T03:03:09.757Z] [STEP 7] ↪ asentando vista ~7s…
[2026-04-17T03:03:19.009Z] [STEP 8] ↩️ Enviado (Enter)
[2026-04-17T03:03:19.010Z]    ↪ post-send pause ~8s…
[2026-04-17T03:03:26.698Z] ⏳ Pausa entre mensajes: ~16s…
[2026-04-17T03:03:43.129Z] → [22/41] phone=573219330319 correo=keirenhgg17890@hotmail.com plataforma_id=1 (Amazon) servicio=Pantalla pantalla=1 vence=18/04/2026
[2026-04-17T03:03:43.130Z] [STEP 7] 🔁 Abriendo chat (intento 1/3) con: https://web.whatsapp.com/send?phone=573219330319&text=Hola%20Katherine%2C%20te%20notificamos%20el%20*cambio%20de%20contrase%C3%B1a*%20asociado%20a%20tu%20correo%3A%20*keirenhgg17890%40hotmail.com*.%0A%0A%E2%80%A2%20Amazon%20%E2%80%94%20Pantalla%20%7C%20*Pantalla%201*%20%7C%20vence%3A%2018%2F04%2F2026%0A%0A*La%20nueva%20contrase%C3%B1a%20es%3A*%20medprime82%20%0ANo%20la%20compartas%20con%20nadie%3B%20%C2%A1que%20est%C3%A9s%20s%C3%BAper%20bien!%0A*Recuerda%20tu%20pantalla%20es%20la%20que%20ves%20arriba%3B%20solo%20puedes%20utilizar%20esa.*%0A%0A%0ANOTA%3A*NO%20MODIFICAR%20LOS%20NUMEROS%20DEL%20PERFIL%2C%20USAR%20UNICAMENTE%20EL%20QUE%20SE%20LE%20ASIGNO%20SIN%20CAMBIARLO*%0APARA%20EVITAR%20CODIGOS%20DEBES%20BORRAR%20HISTORIAL%20Y%20COOKIES%20----%3E%20%20%20%20%0AEN%20CELULAR%3A%20https%3A%2F%2Fwww.youtube.com%2Fwatch%3Fv%3DrEsApVI1-lk%0AEN%20EL%20COMPUTADOR%3A%20https%3A%2F%2Fwww.youtube.com%2Fwatch%3Fv%3D2pYn4px0YWI
[2026-04-17T03:03:43.861Z] [STEP 7] ↪ asentando vista ~8s…
[2026-04-17T03:03:55.323Z] [STEP 8] ↩️ Enviado (Enter)
[2026-04-17T03:03:55.323Z]    ↪ post-send pause ~7s…
[2026-04-17T03:04:02.630Z] ⏳ Pausa entre mensajes: ~19s…
[2026-04-17T03:04:21.255Z] — BLOQUE — correo=medplay93@gmail.com | plataforma_id=2 (Netflix)
[2026-04-17T03:04:21.256Z] → [23/41] phone=573012465155 correo=medplay93@gmail.com plataforma_id=2 (Netflix) servicio=Pantalla pantalla=4 vence=21/04/2026
[2026-04-17T03:04:21.257Z] [STEP 7] 🔁 Abriendo chat (intento 1/3) con: https://web.whatsapp.com/send?phone=573012465155&text=Hola%20Ronald%2C%20te%20notificamos%20el%20*cambio%20de%20contrase%C3%B1a*%20asociado%20a%20tu%20correo%3A%20*medplay93%40gmail.com*.%0A%0A%E2%80%A2%20Netflix%20%E2%80%94%20Pantalla%20%7C%20*Pantalla%204*%20%7C%20vence%3A%2021%2F04%2F2026%0A%0A*La%20nueva%20contrase%C3%B1a%20es%3A*%20mednet23%40%20%0ANo%20la%20compartas%20con%20nadie%3B%20%C2%A1que%20est%C3%A9s%20s%C3%BAper%20bien!%0A*Recuerda%20tu%20pantalla%20es%20la%20que%20ves%20arriba%3B%20solo%20puedes%20utilizar%20esa.*%0A%0A%0ANOTA%3A*NO%20MODIFICAR%20LOS%20NUMEROS%20DEL%20PERFIL%2C%20USAR%20UNICAMENTE%20EL%20QUE%20SE%20LE%20ASIGNO%20SIN%20CAMBIARLO*%0APARA%20EVITAR%20CODIGOS%20DEBES%20BORRAR%20HISTORIAL%20Y%20COOKIES%20----%3E%20%20%20%20%0AEN%20CELULAR%3A%20https%3A%2F%2Fwww.youtube.com%2Fwatch%3Fv%3DrEsApVI1-lk%0AEN%20EL%20COMPUTADOR%3A%20https%3A%2F%2Fwww.youtube.com%2Fwatch%3Fv%3D2pYn4px0YWI
[2026-04-17T03:04:21.932Z] [STEP 7] ↪ asentando vista ~7s…
[2026-04-17T03:04:30.846Z] [STEP 8] ↩️ Enviado (Enter)
[2026-04-17T03:04:30.847Z]    ↪ post-send pause ~7s…
[2026-04-17T03:04:37.497Z] ⏳ Pausa entre mensajes: ~16s…
[2026-04-17T03:04:53.674Z] → [24/41] phone=573012823773 correo=medplay93@gmail.com plataforma_id=2 (Netflix) servicio=Pantalla pantalla=5 vence=19/04/2026
[2026-04-17T03:04:53.676Z] [STEP 7] 🔁 Abriendo chat (intento 1/3) con: https://web.whatsapp.com/send?phone=573012823773&text=Hola%20Sara%2C%20te%20notificamos%20el%20*cambio%20de%20contrase%C3%B1a*%20asociado%20a%20tu%20correo%3A%20*medplay93%40gmail.com*.%0A%0A%E2%80%A2%20Netflix%20%E2%80%94%20Pantalla%20%7C%20*Pantalla%205*%20%7C%20vence%3A%2019%2F04%2F2026%0A%0A*La%20nueva%20contrase%C3%B1a%20es%3A*%20mednet23%40%20%0ANo%20la%20compartas%20con%20nadie%3B%20%C2%A1que%20est%C3%A9s%20s%C3%BAper%20bien!%0A*Recuerda%20tu%20pantalla%20es%20la%20que%20ves%20arriba%3B%20solo%20puedes%20utilizar%20esa.*%0A%0A%0ANOTA%3A*NO%20MODIFICAR%20LOS%20NUMEROS%20DEL%20PERFIL%2C%20USAR%20UNICAMENTE%20EL%20QUE%20SE%20LE%20ASIGNO%20SIN%20CAMBIARLO*%0APARA%20EVITAR%20CODIGOS%20DEBES%20BORRAR%20HISTORIAL%20Y%20COOKIES%20----%3E%20%20%20%20%0AEN%20CELULAR%3A%20https%3A%2F%2Fwww.youtube.com%2Fwatch%3Fv%3DrEsApVI1-lk%0AEN%20EL%20COMPUTADOR%3A%20https%3A%2F%2Fwww.youtube.com%2Fwatch%3Fv%3D2pYn4px0YWI
[2026-04-17T03:04:54.502Z] [STEP 7] ↪ asentando vista ~10s…
[2026-04-17T03:05:06.252Z] [STEP 8] ↩️ Enviado (Enter)
[2026-04-17T03:05:06.253Z]    ↪ post-send pause ~9s…
[2026-04-17T03:05:14.954Z] ⏳ Pausa entre mensajes: ~19s…
[2026-04-17T03:05:34.269Z] → [25/41] phone=573014063130 correo=medplay93@gmail.com plataforma_id=2 (Netflix) servicio=Pantalla pantalla=1 vence=24/04/2026
[2026-04-17T03:05:34.269Z] [STEP 7] 🔁 Abriendo chat (intento 1/3) con: https://web.whatsapp.com/send?phone=573014063130&text=Hola%20Jose%2C%20te%20notificamos%20el%20*cambio%20de%20contrase%C3%B1a*%20asociado%20a%20tu%20correo%3A%20*medplay93%40gmail.com*.%0A%0A%E2%80%A2%20Netflix%20%E2%80%94%20Pantalla%20%7C%20*Pantalla%201*%20%7C%20vence%3A%2024%2F04%2F2026%0A%0A*La%20nueva%20contrase%C3%B1a%20es%3A*%20mednet23%40%20%0ANo%20la%20compartas%20con%20nadie%3B%20%C2%A1que%20est%C3%A9s%20s%C3%BAper%20bien!%0A*Recuerda%20tu%20pantalla%20es%20la%20que%20ves%20arriba%3B%20solo%20puedes%20utilizar%20esa.*%0A%0A%0ANOTA%3A*NO%20MODIFICAR%20LOS%20NUMEROS%20DEL%20PERFIL%2C%20USAR%20UNICAMENTE%20EL%20QUE%20SE%20LE%20ASIGNO%20SIN%20CAMBIARLO*%0APARA%20EVITAR%20CODIGOS%20DEBES%20BORRAR%20HISTORIAL%20Y%20COOKIES%20----%3E%20%20%20%20%0AEN%20CELULAR%3A%20https%3A%2F%2Fwww.youtube.com%2Fwatch%3Fv%3DrEsApVI1-lk%0AEN%20EL%20COMPUTADOR%3A%20https%3A%2F%2Fwww.youtube.com%2Fwatch%3Fv%3D2pYn4px0YWI
[2026-04-17T03:05:36.032Z] [STEP 7] ↪ asentando vista ~9s…
[2026-04-17T03:05:46.938Z] [STEP 8] ↩️ Enviado (Enter)
[2026-04-17T03:05:46.938Z]    ↪ post-send pause ~9s…
[2026-04-17T03:05:55.801Z] ⏳ Pausa entre mensajes: ~16s…
[2026-04-17T03:06:11.937Z] → [26/41] phone=573144658592 correo=medplay93@gmail.com plataforma_id=2 (Netflix) servicio=Pantalla pantalla=3 vence=14/05/2026
[2026-04-17T03:06:11.939Z] [STEP 7] 🔁 Abriendo chat (intento 1/3) con: https://web.whatsapp.com/send?phone=573144658592&text=Hola%20!%2C%20te%20notificamos%20el%20*cambio%20de%20contrase%C3%B1a*%20asociado%20a%20tu%20correo%3A%20*medplay93%40gmail.com*.%0A%0A%E2%80%A2%20Netflix%20%E2%80%94%20Pantalla%20%7C%20*Pantalla%203*%20%7C%20vence%3A%2014%2F05%2F2026%0A%0A*La%20nueva%20contrase%C3%B1a%20es%3A*%20mednet23%40%20%0ANo%20la%20compartas%20con%20nadie%3B%20%C2%A1que%20est%C3%A9s%20s%C3%BAper%20bien!%0A*Recuerda%20tu%20pantalla%20es%20la%20que%20ves%20arriba%3B%20solo%20puedes%20utilizar%20esa.*%0A%0A%0ANOTA%3A*NO%20MODIFICAR%20LOS%20NUMEROS%20DEL%20PERFIL%2C%20USAR%20UNICAMENTE%20EL%20QUE%20SE%20LE%20ASIGNO%20SIN%20CAMBIARLO*%0APARA%20EVITAR%20CODIGOS%20DEBES%20BORRAR%20HISTORIAL%20Y%20COOKIES%20----%3E%20%20%20%20%0AEN%20CELULAR%3A%20https%3A%2F%2Fwww.youtube.com%2Fwatch%3Fv%3DrEsApVI1-lk%0AEN%20EL%20COMPUTADOR%3A%20https%3A%2F%2Fwww.youtube.com%2Fwatch%3Fv%3D2pYn4px0YWI
[2026-04-17T03:06:12.689Z] [STEP 7] ↪ asentando vista ~9s…
[2026-04-17T03:06:24.104Z] [STEP 8] ↩️ Enviado (Enter)
[2026-04-17T03:06:24.105Z]    ↪ post-send pause ~9s…
[2026-04-17T03:06:33.443Z] ⏳ Pausa entre mensajes: ~16s…
[2026-04-17T03:06:49.701Z] — BLOQUE — correo=medplay93+h5@gmail.com | plataforma_id=3 (Disney)
[2026-04-17T03:06:49.705Z] → [27/41] phone=573125579071 correo=medplay93+h5@gmail.com plataforma_id=3 (Disney) servicio=Pantalla pantalla=5 vence=30/04/2026
[2026-04-17T03:06:49.706Z] [STEP 7] 🔁 Abriendo chat (intento 1/3) con: https://web.whatsapp.com/send?phone=573125579071&text=Hola%20!%2C%20te%20notificamos%20el%20*cambio%20de%20contrase%C3%B1a*%20asociado%20a%20tu%20correo%3A%20*medplay93%2Bh5%40gmail.com*.%0A%0A%E2%80%A2%20Disney%20%E2%80%94%20Pantalla%20%7C%20*Pantalla%205*%20%7C%20vence%3A%2030%2F04%2F2026%0A%0A*La%20nueva%20contrase%C3%B1a%20es%3A*%20medisn45%40%20%0ANo%20la%20compartas%20con%20nadie%3B%20%C2%A1que%20est%C3%A9s%20s%C3%BAper%20bien!%0A*Recuerda%20tu%20pantalla%20es%20la%20que%20ves%20arriba%3B%20solo%20puedes%20utilizar%20esa.*%0A%0A%0ANOTA%3A*NO%20MODIFICAR%20LOS%20NUMEROS%20DEL%20PERFIL%2C%20USAR%20UNICAMENTE%20EL%20QUE%20SE%20LE%20ASIGNO%20SIN%20CAMBIARLO*%0APARA%20EVITAR%20CODIGOS%20DEBES%20BORRAR%20HISTORIAL%20Y%20COOKIES%20----%3E%20%20%20%20%0AEN%20CELULAR%3A%20https%3A%2F%2Fwww.youtube.com%2Fwatch%3Fv%3DrEsApVI1-lk%0AEN%20EL%20COMPUTADOR%3A%20https%3A%2F%2Fwww.youtube.com%2Fwatch%3Fv%3D2pYn4px0YWI
[2026-04-17T03:06:50.433Z] [STEP 7] ↪ asentando vista ~6s…
[2026-04-17T03:07:00.300Z] [STEP 8] ↩️ Enviado (Enter)
[2026-04-17T03:07:00.302Z]    ↪ post-send pause ~8s…
[2026-04-17T03:07:08.677Z] ⏳ Pausa entre mensajes: ~18s…
[2026-04-17T03:07:26.861Z] → [28/41] phone=573135427163 correo=medplay93+h5@gmail.com plataforma_id=3 (Disney) servicio=Pantalla pantalla=7 vence=30/04/2026
[2026-04-17T03:07:26.863Z] [STEP 7] 🔁 Abriendo chat (intento 1/3) con: https://web.whatsapp.com/send?phone=573135427163&text=Hola%20Estefania%2C%20te%20notificamos%20el%20*cambio%20de%20contrase%C3%B1a*%20asociado%20a%20tu%20correo%3A%20*medplay93%2Bh5%40gmail.com*.%0A%0A%E2%80%A2%20Disney%20%E2%80%94%20Pantalla%20%7C%20*Pantalla%207*%20%7C%20vence%3A%2030%2F04%2F2026%0A%0A*La%20nueva%20contrase%C3%B1a%20es%3A*%20medisn45%40%20%0ANo%20la%20compartas%20con%20nadie%3B%20%C2%A1que%20est%C3%A9s%20s%C3%BAper%20bien!%0A*Recuerda%20tu%20pantalla%20es%20la%20que%20ves%20arriba%3B%20solo%20puedes%20utilizar%20esa.*%0A%0A%0ANOTA%3A*NO%20MODIFICAR%20LOS%20NUMEROS%20DEL%20PERFIL%2C%20USAR%20UNICAMENTE%20EL%20QUE%20SE%20LE%20ASIGNO%20SIN%20CAMBIARLO*%0APARA%20EVITAR%20CODIGOS%20DEBES%20BORRAR%20HISTORIAL%20Y%20COOKIES%20----%3E%20%20%20%20%0AEN%20CELULAR%3A%20https%3A%2F%2Fwww.youtube.com%2Fwatch%3Fv%3DrEsApVI1-lk%0AEN%20EL%20COMPUTADOR%3A%20https%3A%2F%2Fwww.youtube.com%2Fwatch%3Fv%3D2pYn4px0YWI
[2026-04-17T03:07:27.635Z] [STEP 7] ↪ asentando vista ~7s…
[2026-04-17T03:07:37.234Z] [STEP 8] ↩️ Enviado (Enter)
[2026-04-17T03:07:37.235Z]    ↪ post-send pause ~9s…
[2026-04-17T03:07:45.793Z] ⏳ Pausa entre mensajes: ~18s…
[2026-04-17T03:08:03.702Z] → [29/41] phone=573136027492 correo=medplay93+h5@gmail.com plataforma_id=3 (Disney) servicio=Pantalla pantalla=4 vence=26/04/2026
[2026-04-17T03:08:03.703Z] [STEP 7] 🔁 Abriendo chat (intento 1/3) con: https://web.whatsapp.com/send?phone=573136027492&text=Hola%20%2B57%2C%20te%20notificamos%20el%20*cambio%20de%20contrase%C3%B1a*%20asociado%20a%20tu%20correo%3A%20*medplay93%2Bh5%40gmail.com*.%0A%0A%E2%80%A2%20Disney%20%E2%80%94%20Pantalla%20%7C%20*Pantalla%204*%20%7C%20vence%3A%2026%2F04%2F2026%0A%0A*La%20nueva%20contrase%C3%B1a%20es%3A*%20medisn45%40%20%0ANo%20la%20compartas%20con%20nadie%3B%20%C2%A1que%20est%C3%A9s%20s%C3%BAper%20bien!%0A*Recuerda%20tu%20pantalla%20es%20la%20que%20ves%20arriba%3B%20solo%20puedes%20utilizar%20esa.*%0A%0A%0ANOTA%3A*NO%20MODIFICAR%20LOS%20NUMEROS%20DEL%20PERFIL%2C%20USAR%20UNICAMENTE%20EL%20QUE%20SE%20LE%20ASIGNO%20SIN%20CAMBIARLO*%0APARA%20EVITAR%20CODIGOS%20DEBES%20BORRAR%20HISTORIAL%20Y%20COOKIES%20----%3E%20%20%20%20%0AEN%20CELULAR%3A%20https%3A%2F%2Fwww.youtube.com%2Fwatch%3Fv%3DrEsApVI1-lk%0AEN%20EL%20COMPUTADOR%3A%20https%3A%2F%2Fwww.youtube.com%2Fwatch%3Fv%3D2pYn4px0YWI
[2026-04-17T03:08:04.456Z] [STEP 7] ↪ asentando vista ~9s…
[2026-04-17T03:08:15.867Z] [STEP 8] ↩️ Enviado (Enter)
[2026-04-17T03:08:15.868Z]    ↪ post-send pause ~7s…
[2026-04-17T03:08:22.810Z] ⏳ Pausa entre mensajes: ~17s…
[2026-04-17T03:08:39.346Z] → [30/41] phone=573163476684 correo=medplay93+h5@gmail.com plataforma_id=3 (Disney) servicio=Pantalla pantalla=6 vence=30/04/2026
[2026-04-17T03:08:39.347Z] [STEP 7] 🔁 Abriendo chat (intento 1/3) con: https://web.whatsapp.com/send?phone=573163476684&text=Hola%20!%2C%20te%20notificamos%20el%20*cambio%20de%20contrase%C3%B1a*%20asociado%20a%20tu%20correo%3A%20*medplay93%2Bh5%40gmail.com*.%0A%0A%E2%80%A2%20Disney%20%E2%80%94%20Pantalla%20%7C%20*Pantalla%206*%20%7C%20vence%3A%2030%2F04%2F2026%0A%0A*La%20nueva%20contrase%C3%B1a%20es%3A*%20medisn45%40%20%0ANo%20la%20compartas%20con%20nadie%3B%20%C2%A1que%20est%C3%A9s%20s%C3%BAper%20bien!%0A*Recuerda%20tu%20pantalla%20es%20la%20que%20ves%20arriba%3B%20solo%20puedes%20utilizar%20esa.*%0A%0A%0ANOTA%3A*NO%20MODIFICAR%20LOS%20NUMEROS%20DEL%20PERFIL%2C%20USAR%20UNICAMENTE%20EL%20QUE%20SE%20LE%20ASIGNO%20SIN%20CAMBIARLO*%0APARA%20EVITAR%20CODIGOS%20DEBES%20BORRAR%20HISTORIAL%20Y%20COOKIES%20----%3E%20%20%20%20%0AEN%20CELULAR%3A%20https%3A%2F%2Fwww.youtube.com%2Fwatch%3Fv%3DrEsApVI1-lk%0AEN%20EL%20COMPUTADOR%3A%20https%3A%2F%2Fwww.youtube.com%2Fwatch%3Fv%3D2pYn4px0YWI
[2026-04-17T03:08:40.404Z] [STEP 7] ↪ asentando vista ~6s…
[2026-04-17T03:08:48.907Z] [STEP 8] ↩️ Enviado (Enter)
[2026-04-17T03:08:48.908Z]    ↪ post-send pause ~9s…
[2026-04-17T03:08:57.978Z] ⏳ Pausa entre mensajes: ~18s…
[2026-04-17T03:09:15.778Z] → [31/41] phone=573197987571 correo=medplay93+h5@gmail.com plataforma_id=3 (Disney) servicio=Pantalla pantalla=3 vence=25/04/2026
[2026-04-17T03:09:15.780Z] [STEP 7] 🔁 Abriendo chat (intento 1/3) con: https://web.whatsapp.com/send?phone=573197987571&text=Hola%20Jhon%2C%20te%20notificamos%20el%20*cambio%20de%20contrase%C3%B1a*%20asociado%20a%20tu%20correo%3A%20*medplay93%2Bh5%40gmail.com*.%0A%0A%E2%80%A2%20Disney%20%E2%80%94%20Pantalla%20%7C%20*Pantalla%203*%20%7C%20vence%3A%2025%2F04%2F2026%0A%0A*La%20nueva%20contrase%C3%B1a%20es%3A*%20medisn45%40%20%0ANo%20la%20compartas%20con%20nadie%3B%20%C2%A1que%20est%C3%A9s%20s%C3%BAper%20bien!%0A*Recuerda%20tu%20pantalla%20es%20la%20que%20ves%20arriba%3B%20solo%20puedes%20utilizar%20esa.*%0A%0A%0ANOTA%3A*NO%20MODIFICAR%20LOS%20NUMEROS%20DEL%20PERFIL%2C%20USAR%20UNICAMENTE%20EL%20QUE%20SE%20LE%20ASIGNO%20SIN%20CAMBIARLO*%0APARA%20EVITAR%20CODIGOS%20DEBES%20BORRAR%20HISTORIAL%20Y%20COOKIES%20----%3E%20%20%20%20%0AEN%20CELULAR%3A%20https%3A%2F%2Fwww.youtube.com%2Fwatch%3Fv%3DrEsApVI1-lk%0AEN%20EL%20COMPUTADOR%3A%20https%3A%2F%2Fwww.youtube.com%2Fwatch%3Fv%3D2pYn4px0YWI
[2026-04-17T03:09:16.493Z] [STEP 7] ↪ asentando vista ~7s…
[2026-04-17T03:09:25.114Z] [STEP 8] ↩️ Enviado (Enter)
[2026-04-17T03:09:25.115Z]    ↪ post-send pause ~7s…
[2026-04-17T03:09:31.753Z] ⏳ Pausa entre mensajes: ~17s…
[2026-04-17T03:09:48.695Z] → [32/41] phone=573207622972 correo=medplay93+h5@gmail.com plataforma_id=3 (Disney) servicio=Pantalla pantalla=3 vence=25/04/2026
[2026-04-17T03:09:48.698Z] [STEP 7] 🔁 Abriendo chat (intento 1/3) con: https://web.whatsapp.com/send?phone=573207622972&text=Hola%20%2B57%2C%20te%20notificamos%20el%20*cambio%20de%20contrase%C3%B1a*%20asociado%20a%20tu%20correo%3A%20*medplay93%2Bh5%40gmail.com*.%0A%0A%E2%80%A2%20Disney%20%E2%80%94%20Pantalla%20%7C%20*Pantalla%203*%20%7C%20vence%3A%2025%2F04%2F2026%0A%0A*La%20nueva%20contrase%C3%B1a%20es%3A*%20medisn45%40%20%0ANo%20la%20compartas%20con%20nadie%3B%20%C2%A1que%20est%C3%A9s%20s%C3%BAper%20bien!%0A*Recuerda%20tu%20pantalla%20es%20la%20que%20ves%20arriba%3B%20solo%20puedes%20utilizar%20esa.*%0A%0A%0ANOTA%3A*NO%20MODIFICAR%20LOS%20NUMEROS%20DEL%20PERFIL%2C%20USAR%20UNICAMENTE%20EL%20QUE%20SE%20LE%20ASIGNO%20SIN%20CAMBIARLO*%0APARA%20EVITAR%20CODIGOS%20DEBES%20BORRAR%20HISTORIAL%20Y%20COOKIES%20----%3E%20%20%20%20%0AEN%20CELULAR%3A%20https%3A%2F%2Fwww.youtube.com%2Fwatch%3Fv%3DrEsApVI1-lk%0AEN%20EL%20COMPUTADOR%3A%20https%3A%2F%2Fwww.youtube.com%2Fwatch%3Fv%3D2pYn4px0YWI
[2026-04-17T03:09:49.246Z] [STEP 7] ↪ asentando vista ~10s…
[2026-04-17T03:10:01.021Z] [STEP 8] ↩️ Enviado (Enter)
[2026-04-17T03:10:01.022Z]    ↪ post-send pause ~7s…
[2026-04-17T03:10:07.797Z] ⏳ Pausa entre mensajes: ~19s…
[2026-04-17T03:10:26.797Z] — BLOQUE — correo=medplay93+nv2@gmail.com | plataforma_id=3 (Disney)
[2026-04-17T03:10:26.799Z] → [33/41] phone=573013579141 correo=medplay93+nv2@gmail.com plataforma_id=3 (Disney) servicio=Pantalla pantalla=5 vence=24/04/2026
[2026-04-17T03:10:26.800Z] [STEP 7] 🔁 Abriendo chat (intento 1/3) con: https://web.whatsapp.com/send?phone=573013579141&text=Hola%20!%2C%20te%20notificamos%20el%20*cambio%20de%20contrase%C3%B1a*%20asociado%20a%20tu%20correo%3A%20*medplay93%2Bnv2%40gmail.com*.%0A%0A%E2%80%A2%20Disney%20%E2%80%94%20Pantalla%20%7C%20*Pantalla%205*%20%7C%20vence%3A%2024%2F04%2F2026%0A%0A*La%20nueva%20contrase%C3%B1a%20es%3A*%20medisn55%40%20%0ANo%20la%20compartas%20con%20nadie%3B%20%C2%A1que%20est%C3%A9s%20s%C3%BAper%20bien!%0A*Recuerda%20tu%20pantalla%20es%20la%20que%20ves%20arriba%3B%20solo%20puedes%20utilizar%20esa.*%0A%0A%0ANOTA%3A*NO%20MODIFICAR%20LOS%20NUMEROS%20DEL%20PERFIL%2C%20USAR%20UNICAMENTE%20EL%20QUE%20SE%20LE%20ASIGNO%20SIN%20CAMBIARLO*%0APARA%20EVITAR%20CODIGOS%20DEBES%20BORRAR%20HISTORIAL%20Y%20COOKIES%20----%3E%20%20%20%20%0AEN%20CELULAR%3A%20https%3A%2F%2Fwww.youtube.com%2Fwatch%3Fv%3DrEsApVI1-lk%0AEN%20EL%20COMPUTADOR%3A%20https%3A%2F%2Fwww.youtube.com%2Fwatch%3Fv%3D2pYn4px0YWI
[2026-04-17T03:10:27.547Z] [STEP 7] ↪ asentando vista ~7s…
[2026-04-17T03:10:37.497Z] [STEP 8] ↩️ Enviado (Enter)
[2026-04-17T03:10:37.498Z]    ↪ post-send pause ~7s…
[2026-04-17T03:10:44.549Z] ⏳ Pausa entre mensajes: ~19s…
[2026-04-17T03:11:03.798Z] → [34/41] phone=573017301786 correo=medplay93+nv2@gmail.com plataforma_id=3 (Disney) servicio=Pantalla pantalla=4 vence=08/05/2026
[2026-04-17T03:11:03.799Z] [STEP 7] 🔁 Abriendo chat (intento 1/3) con: https://web.whatsapp.com/send?phone=573017301786&text=Hola%20Esneider%2C%20te%20notificamos%20el%20*cambio%20de%20contrase%C3%B1a*%20asociado%20a%20tu%20correo%3A%20*medplay93%2Bnv2%40gmail.com*.%0A%0A%E2%80%A2%20Disney%20%E2%80%94%20Pantalla%20%7C%20*Pantalla%204*%20%7C%20vence%3A%2008%2F05%2F2026%0A%0A*La%20nueva%20contrase%C3%B1a%20es%3A*%20medisn55%40%20%0ANo%20la%20compartas%20con%20nadie%3B%20%C2%A1que%20est%C3%A9s%20s%C3%BAper%20bien!%0A*Recuerda%20tu%20pantalla%20es%20la%20que%20ves%20arriba%3B%20solo%20puedes%20utilizar%20esa.*%0A%0A%0ANOTA%3A*NO%20MODIFICAR%20LOS%20NUMEROS%20DEL%20PERFIL%2C%20USAR%20UNICAMENTE%20EL%20QUE%20SE%20LE%20ASIGNO%20SIN%20CAMBIARLO*%0APARA%20EVITAR%20CODIGOS%20DEBES%20BORRAR%20HISTORIAL%20Y%20COOKIES%20----%3E%20%20%20%20%0AEN%20CELULAR%3A%20https%3A%2F%2Fwww.youtube.com%2Fwatch%3Fv%3DrEsApVI1-lk%0AEN%20EL%20COMPUTADOR%3A%20https%3A%2F%2Fwww.youtube.com%2Fwatch%3Fv%3D2pYn4px0YWI
[2026-04-17T03:11:04.550Z] [STEP 7] ↪ asentando vista ~8s…
[2026-04-17T03:11:14.345Z] [STEP 8] ↩️ Enviado (Enter)
[2026-04-17T03:11:14.346Z]    ↪ post-send pause ~7s…
[2026-04-17T03:11:21.255Z] ⏳ Pausa entre mensajes: ~16s…
[2026-04-17T03:11:37.627Z] → [35/41] phone=573122756404 correo=medplay93+nv2@gmail.com plataforma_id=3 (Disney) servicio=Pantalla pantalla=1 vence=19/04/2026
[2026-04-17T03:11:37.628Z] [STEP 7] 🔁 Abriendo chat (intento 1/3) con: https://web.whatsapp.com/send?phone=573122756404&text=Hola%20Stepha%2C%20te%20notificamos%20el%20*cambio%20de%20contrase%C3%B1a*%20asociado%20a%20tu%20correo%3A%20*medplay93%2Bnv2%40gmail.com*.%0A%0A%E2%80%A2%20Disney%20%E2%80%94%20Pantalla%20%7C%20*Pantalla%201*%20%7C%20vence%3A%2019%2F04%2F2026%0A%0A*La%20nueva%20contrase%C3%B1a%20es%3A*%20medisn55%40%20%0ANo%20la%20compartas%20con%20nadie%3B%20%C2%A1que%20est%C3%A9s%20s%C3%BAper%20bien!%0A*Recuerda%20tu%20pantalla%20es%20la%20que%20ves%20arriba%3B%20solo%20puedes%20utilizar%20esa.*%0A%0A%0ANOTA%3A*NO%20MODIFICAR%20LOS%20NUMEROS%20DEL%20PERFIL%2C%20USAR%20UNICAMENTE%20EL%20QUE%20SE%20LE%20ASIGNO%20SIN%20CAMBIARLO*%0APARA%20EVITAR%20CODIGOS%20DEBES%20BORRAR%20HISTORIAL%20Y%20COOKIES%20----%3E%20%20%20%20%0AEN%20CELULAR%3A%20https%3A%2F%2Fwww.youtube.com%2Fwatch%3Fv%3DrEsApVI1-lk%0AEN%20EL%20COMPUTADOR%3A%20https%3A%2F%2Fwww.youtube.com%2Fwatch%3Fv%3D2pYn4px0YWI
[2026-04-17T03:11:38.375Z] [STEP 7] ↪ asentando vista ~8s…
[2026-04-17T03:11:49.728Z] [STEP 8] ↩️ Enviado (Enter)
[2026-04-17T03:11:49.729Z]    ↪ post-send pause ~7s…
[2026-04-17T03:11:57.040Z] ⏳ Pausa entre mensajes: ~18s…
[2026-04-17T03:12:15.251Z] → [36/41] phone=573133658509 correo=medplay93+nv2@gmail.com plataforma_id=3 (Disney) servicio=Pantalla pantalla=3 vence=23/04/2026
[2026-04-17T03:12:15.252Z] [STEP 7] 🔁 Abriendo chat (intento 1/3) con: https://web.whatsapp.com/send?phone=573133658509&text=Hola%20Liz%2C%20te%20notificamos%20el%20*cambio%20de%20contrase%C3%B1a*%20asociado%20a%20tu%20correo%3A%20*medplay93%2Bnv2%40gmail.com*.%0A%0A%E2%80%A2%20Disney%20%E2%80%94%20Pantalla%20%7C%20*Pantalla%203*%20%7C%20vence%3A%2023%2F04%2F2026%0A%0A*La%20nueva%20contrase%C3%B1a%20es%3A*%20medisn55%40%20%0ANo%20la%20compartas%20con%20nadie%3B%20%C2%A1que%20est%C3%A9s%20s%C3%BAper%20bien!%0A*Recuerda%20tu%20pantalla%20es%20la%20que%20ves%20arriba%3B%20solo%20puedes%20utilizar%20esa.*%0A%0A%0ANOTA%3A*NO%20MODIFICAR%20LOS%20NUMEROS%20DEL%20PERFIL%2C%20USAR%20UNICAMENTE%20EL%20QUE%20SE%20LE%20ASIGNO%20SIN%20CAMBIARLO*%0APARA%20EVITAR%20CODIGOS%20DEBES%20BORRAR%20HISTORIAL%20Y%20COOKIES%20----%3E%20%20%20%20%0AEN%20CELULAR%3A%20https%3A%2F%2Fwww.youtube.com%2Fwatch%3Fv%3DrEsApVI1-lk%0AEN%20EL%20COMPUTADOR%3A%20https%3A%2F%2Fwww.youtube.com%2Fwatch%3Fv%3D2pYn4px0YWI
[2026-04-17T03:12:16.017Z] [STEP 7] ↪ asentando vista ~9s…
[2026-04-17T03:12:27.517Z] [STEP 8] ↩️ Enviado (Enter)
[2026-04-17T03:12:27.517Z]    ↪ post-send pause ~9s…
[2026-04-17T03:12:36.197Z] ⏳ Pausa entre mensajes: ~17s…
[2026-04-17T03:12:53.509Z] → [37/41] phone=573167001828 correo=medplay93+nv2@gmail.com plataforma_id=3 (Disney) servicio=Pantalla pantalla=6 vence=25/04/2026
[2026-04-17T03:12:53.510Z] [STEP 7] 🔁 Abriendo chat (intento 1/3) con: https://web.whatsapp.com/send?phone=573167001828&text=Hola%20Carlos%2C%20te%20notificamos%20el%20*cambio%20de%20contrase%C3%B1a*%20asociado%20a%20tu%20correo%3A%20*medplay93%2Bnv2%40gmail.com*.%0A%0A%E2%80%A2%20Disney%20%E2%80%94%20Pantalla%20%7C%20*Pantalla%206*%20%7C%20vence%3A%2025%2F04%2F2026%0A%0A*La%20nueva%20contrase%C3%B1a%20es%3A*%20medisn55%40%20%0ANo%20la%20compartas%20con%20nadie%3B%20%C2%A1que%20est%C3%A9s%20s%C3%BAper%20bien!%0A*Recuerda%20tu%20pantalla%20es%20la%20que%20ves%20arriba%3B%20solo%20puedes%20utilizar%20esa.*%0A%0A%0ANOTA%3A*NO%20MODIFICAR%20LOS%20NUMEROS%20DEL%20PERFIL%2C%20USAR%20UNICAMENTE%20EL%20QUE%20SE%20LE%20ASIGNO%20SIN%20CAMBIARLO*%0APARA%20EVITAR%20CODIGOS%20DEBES%20BORRAR%20HISTORIAL%20Y%20COOKIES%20----%3E%20%20%20%20%0AEN%20CELULAR%3A%20https%3A%2F%2Fwww.youtube.com%2Fwatch%3Fv%3DrEsApVI1-lk%0AEN%20EL%20COMPUTADOR%3A%20https%3A%2F%2Fwww.youtube.com%2Fwatch%3Fv%3D2pYn4px0YWI
[2026-04-17T03:12:54.265Z] [STEP 7] ↪ asentando vista ~8s…
[2026-04-17T03:13:06.568Z] [STEP 8] ↩️ Enviado (Enter)
[2026-04-17T03:13:06.569Z]    ↪ post-send pause ~7s…
[2026-04-17T03:13:13.628Z] ⏳ Pausa entre mensajes: ~20s…
[2026-04-17T03:13:33.862Z] → [38/41] phone=573222959907 correo=medplay93+nv2@gmail.com plataforma_id=3 (Disney) servicio=Pantalla pantalla=7 vence=03/05/2026
[2026-04-17T03:13:33.863Z] [STEP 7] 🔁 Abriendo chat (intento 1/3) con: https://web.whatsapp.com/send?phone=573222959907&text=Hola%20!%2C%20te%20notificamos%20el%20*cambio%20de%20contrase%C3%B1a*%20asociado%20a%20tu%20correo%3A%20*medplay93%2Bnv2%40gmail.com*.%0A%0A%E2%80%A2%20Disney%20%E2%80%94%20Pantalla%20%7C%20*Pantalla%207*%20%7C%20vence%3A%2003%2F05%2F2026%0A%0A*La%20nueva%20contrase%C3%B1a%20es%3A*%20medisn55%40%20%0ANo%20la%20compartas%20con%20nadie%3B%20%C2%A1que%20est%C3%A9s%20s%C3%BAper%20bien!%0A*Recuerda%20tu%20pantalla%20es%20la%20que%20ves%20arriba%3B%20solo%20puedes%20utilizar%20esa.*%0A%0A%0ANOTA%3A*NO%20MODIFICAR%20LOS%20NUMEROS%20DEL%20PERFIL%2C%20USAR%20UNICAMENTE%20EL%20QUE%20SE%20LE%20ASIGNO%20SIN%20CAMBIARLO*%0APARA%20EVITAR%20CODIGOS%20DEBES%20BORRAR%20HISTORIAL%20Y%20COOKIES%20----%3E%20%20%20%20%0AEN%20CELULAR%3A%20https%3A%2F%2Fwww.youtube.com%2Fwatch%3Fv%3DrEsApVI1-lk%0AEN%20EL%20COMPUTADOR%3A%20https%3A%2F%2Fwww.youtube.com%2Fwatch%3Fv%3D2pYn4px0YWI
[2026-04-17T03:13:34.512Z] [STEP 7] ↪ asentando vista ~10s…
[2026-04-17T03:13:46.022Z] [STEP 8] ↩️ Enviado (Enter)
[2026-04-17T03:13:46.023Z]    ↪ post-send pause ~8s…
[2026-04-17T03:13:54.444Z] ⏳ Pausa entre mensajes: ~20s…
[2026-04-17T03:14:14.259Z] — BLOQUE — correo=shantellehoneywell1578@hotmail.com | plataforma_id=8 (Crunchyroll)
[2026-04-17T03:14:14.260Z] → [39/41] phone=573217449630 correo=shantellehoneywell1578@hotmail.com plataforma_id=8 (Crunchyroll) servicio=Pantalla pantalla=6 vence=18/04/2026
[2026-04-17T03:14:14.260Z] [STEP 7] 🔁 Abriendo chat (intento 1/3) con: https://web.whatsapp.com/send?phone=573217449630&text=Hola%20Santhizz%2C%20te%20notificamos%20el%20*cambio%20de%20contrase%C3%B1a*%20asociado%20a%20tu%20correo%3A%20*shantellehoneywell1578%40hotmail.com*.%0A%0A%E2%80%A2%20Crunchyroll%20%E2%80%94%20Pantalla%20%7C%20*Pantalla%206*%20%7C%20vence%3A%2018%2F04%2F2026%0A%0A*La%20nueva%20contrase%C3%B1a%20es%3A*%20medcrun66%40%20%0ANo%20la%20compartas%20con%20nadie%3B%20%C2%A1que%20est%C3%A9s%20s%C3%BAper%20bien!%0A*Recuerda%20tu%20pantalla%20es%20la%20que%20ves%20arriba%3B%20solo%20puedes%20utilizar%20esa.*%0A%0A%0ANOTA%3A*NO%20MODIFICAR%20LOS%20NUMEROS%20DEL%20PERFIL%2C%20USAR%20UNICAMENTE%20EL%20QUE%20SE%20LE%20ASIGNO%20SIN%20CAMBIARLO*%0APARA%20EVITAR%20CODIGOS%20DEBES%20BORRAR%20HISTORIAL%20Y%20COOKIES%20----%3E%20%20%20%20%0AEN%20CELULAR%3A%20https%3A%2F%2Fwww.youtube.com%2Fwatch%3Fv%3DrEsApVI1-lk%0AEN%20EL%20COMPUTADOR%3A%20https%3A%2F%2Fwww.youtube.com%2Fwatch%3Fv%3D2pYn4px0YWI
[2026-04-17T03:14:14.917Z] [STEP 7] ↪ asentando vista ~8s…
[2026-04-17T03:14:24.382Z] [STEP 8] ↩️ Enviado (Enter)
[2026-04-17T03:14:24.383Z]    ↪ post-send pause ~8s…
[2026-04-17T03:14:32.023Z] ⏳ Pausa entre mensajes: ~17s…
[2026-04-17T03:14:48.558Z] — BLOQUE — correo=theobaldzevallos76@hotmail.com | plataforma_id=8 (Crunchyroll)
[2026-04-17T03:14:48.559Z] → [40/41] phone=573102934536 correo=theobaldzevallos76@hotmail.com plataforma_id=8 (Crunchyroll) servicio=Pantalla pantalla=6 vence=18/04/2026
[2026-04-17T03:14:48.559Z] [STEP 7] 🔁 Abriendo chat (intento 1/3) con: https://web.whatsapp.com/send?phone=573102934536&text=Hola%20Yanpool%2C%20te%20notificamos%20el%20*cambio%20de%20contrase%C3%B1a*%20asociado%20a%20tu%20correo%3A%20*theobaldzevallos76%40hotmail.com*.%0A%0A%E2%80%A2%20Crunchyroll%20%E2%80%94%20Pantalla%20%7C%20*Pantalla%206*%20%7C%20vence%3A%2018%2F04%2F2026%0A%0A*La%20nueva%20contrase%C3%B1a%20es%3A*%20medcrun66%40%20%0ANo%20la%20compartas%20con%20nadie%3B%20%C2%A1que%20est%C3%A9s%20s%C3%BAper%20bien!%0A*Recuerda%20tu%20pantalla%20es%20la%20que%20ves%20arriba%3B%20solo%20puedes%20utilizar%20esa.*%0A%0A%0ANOTA%3A*NO%20MODIFICAR%20LOS%20NUMEROS%20DEL%20PERFIL%2C%20USAR%20UNICAMENTE%20EL%20QUE%20SE%20LE%20ASIGNO%20SIN%20CAMBIARLO*%0APARA%20EVITAR%20CODIGOS%20DEBES%20BORRAR%20HISTORIAL%20Y%20COOKIES%20----%3E%20%20%20%20%0AEN%20CELULAR%3A%20https%3A%2F%2Fwww.youtube.com%2Fwatch%3Fv%3DrEsApVI1-lk%0AEN%20EL%20COMPUTADOR%3A%20https%3A%2F%2Fwww.youtube.com%2Fwatch%3Fv%3D2pYn4px0YWI
[2026-04-17T03:14:49.188Z] [STEP 7] ↪ asentando vista ~9s…
[2026-04-17T03:15:00.662Z] [STEP 8] ↩️ Enviado (Enter)
[2026-04-17T03:15:00.663Z]    ↪ post-send pause ~9s…
[2026-04-17T03:15:09.454Z] ⏳ Pausa entre mensajes: ~20s…
[2026-04-17T03:15:29.019Z] — BLOQUE — correo=yicanitro@gmail.com | plataforma_id=8 (Crunchyroll)
[2026-04-17T03:15:29.020Z] → [41/41] phone=573124807564 correo=yicanitro@gmail.com plataforma_id=8 (Crunchyroll) servicio=Pantalla pantalla=6 vence=18/04/2026
[2026-04-17T03:15:29.021Z] [STEP 7] 🔁 Abriendo chat (intento 1/3) con: https://web.whatsapp.com/send?phone=573124807564&text=Hola%20Andres%2C%20te%20notificamos%20el%20*cambio%20de%20contrase%C3%B1a*%20asociado%20a%20tu%20correo%3A%20*yicanitro%40gmail.com*.%0A%0A%E2%80%A2%20Crunchyroll%20%E2%80%94%20Pantalla%20%7C%20*Pantalla%206*%20%7C%20vence%3A%2018%2F04%2F2026%0A%0A*La%20nueva%20contrase%C3%B1a%20es%3A*%20medcrun66%40%20%0ANo%20la%20compartas%20con%20nadie%3B%20%C2%A1que%20est%C3%A9s%20s%C3%BAper%20bien!%0A*Recuerda%20tu%20pantalla%20es%20la%20que%20ves%20arriba%3B%20solo%20puedes%20utilizar%20esa.*%0A%0A%0ANOTA%3A*NO%20MODIFICAR%20LOS%20NUMEROS%20DEL%20PERFIL%2C%20USAR%20UNICAMENTE%20EL%20QUE%20SE%20LE%20ASIGNO%20SIN%20CAMBIARLO*%0APARA%20EVITAR%20CODIGOS%20DEBES%20BORRAR%20HISTORIAL%20Y%20COOKIES%20----%3E%20%20%20%20%0AEN%20CELULAR%3A%20https%3A%2F%2Fwww.youtube.com%2Fwatch%3Fv%3DrEsApVI1-lk%0AEN%20EL%20COMPUTADOR%3A%20https%3A%2F%2Fwww.youtube.com%2Fwatch%3Fv%3D2pYn4px0YWI
[2026-04-17T03:15:29.682Z] [STEP 7] ↪ asentando vista ~9s…
[2026-04-17T03:15:41.045Z] [STEP 8] ↩️ Enviado (Enter)
[2026-04-17T03:15:41.046Z]    ↪ post-send pause ~7s…
[2026-04-17T03:15:48.498Z] ✅ Notificaciones terminadas.
[2026-04-17T03:15:48.499Z] ℹ️ Navegador dejado abierto para revisión manual.
[2026-04-17T03:15:48.501Z] == fin notify-password-changes ==
[2026-04-17T16:13:30.357Z] LOG_FILE=C:\Users\Santiago\medplay\.logs\notify-password-changes.log
[2026-04-17T16:13:30.378Z] == inicio notify-password-changes ==
[2026-04-17T16:13:30.379Z] [STEP 1] items recibidos: 5
[2026-04-17T16:13:30.380Z] [STEP 2] Correos únicos=5 | plataforma_id únicos=1
[2026-04-17T16:13:30.380Z] [STEP 2] Time=1ms
[2026-04-17T16:13:30.440Z] [STEP 3] DB: conectado
[2026-04-17T16:13:30.457Z] [STEP 3] Filas obtenidas (futuras): 19
[2026-04-17T16:13:30.458Z] [STEP 3] Time=78ms
[2026-04-17T16:13:30.477Z] [STEP 4][RESUMEN] correo=kristaswieca30@hotmail.com plataforma_id=8 (Crunchyroll) filas=1 phones=573001473504
[2026-04-17T16:13:30.477Z] [STEP 4][RESUMEN] correo=arveljaap86@hotmail.com plataforma_id=8 (Crunchyroll) filas=5 phones=573154375223,573106737198,573223572154,573158640671,573126494601
[2026-04-17T16:13:30.477Z] [STEP 4][RESUMEN] correo=hildalizardi0393@hotmail.com plataforma_id=8 (Crunchyroll) filas=4 phones=573213452756,573242387132,573178171587,573161488859
[2026-04-17T16:13:30.478Z] [STEP 4][RESUMEN] correo=ronaldaort447@hotmail.com plataforma_id=8 (Crunchyroll) filas=4 phones=573052380009,573023081524,573158771114,573504018046
[2026-04-17T16:13:30.478Z] [STEP 4][RESUMEN] correo=christieprocsal5461@hotmail.com plataforma_id=8 (Crunchyroll) filas=5 phones=573116785727,573154151811,573104093411,573222470982
[2026-04-17T16:13:30.478Z] [STEP 4] tasks=19 skippedPhone=0 skippedNoClave=0
[2026-04-17T16:13:30.479Z] [STEP 4] Time=21ms
[2026-04-17T16:13:30.479Z] [STEP 5] OK → hay tareas, continuamos a WA/CDP.
[2026-04-17T16:13:30.480Z] [STEP 6.1] START_SCRIPT=C:\Users\Santiago\medplay\scripts\start-edge-wa.bat
[2026-04-17T16:13:30.480Z] [STEP 6.1] Lanzando start-edge-wa.bat…
[2026-04-17T16:13:32.000Z] [STEP 6.2] Esperando CDP en 127.0.0.1:9222…
[2026-04-17T16:13:32.006Z] [STEP 6.2] CDP ok: true
[2026-04-17T16:13:35.136Z] [STEP 6.3] Preparando WhatsApp Web…
[2026-04-17T16:13:59.108Z] [STEP 6.3] ✅ WhatsApp Web listo.
[2026-04-17T16:13:59.109Z] [STEP 7] base gapEnv=12000ms
[2026-04-17T16:13:59.113Z] — BLOQUE — correo=arveljaap86@hotmail.com | plataforma_id=8 (Crunchyroll)
[2026-04-17T16:13:59.114Z] → [1/19] phone=573106737198 correo=arveljaap86@hotmail.com plataforma_id=8 (Crunchyroll) servicio=Pantalla pantalla=2 vence=26/04/2026
[2026-04-17T16:13:59.118Z] [STEP 7] 🔁 Abriendo chat (intento 1/3) con: https://web.whatsapp.com/send?phone=573106737198&text=Hola%20Kevin%2C%20te%20notificamos%20el%20*cambio%20de%20contrase%C3%B1a*%20asociado%20a%20tu%20correo%3A%20*arveljaap86%40hotmail.com*.%0A%0A%E2%80%A2%20Crunchyroll%20%E2%80%94%20Pantalla%20%7C%20*Pantalla%202*%20%7C%20vence%3A%2026%2F04%2F2026%0A%0A*La%20nueva%20contrase%C3%B1a%20es%3A*%20medcrun77%40%20%0ANo%20la%20compartas%20con%20nadie%3B%20%C2%A1que%20est%C3%A9s%20s%C3%BAper%20bien!%0A*Recuerda%20tu%20pantalla%20es%20la%20que%20ves%20arriba%3B%20solo%20puedes%20utilizar%20esa.*%0A%0A%0ANOTA%3A*NO%20MODIFICAR%20LOS%20NUMEROS%20DEL%20PERFIL%2C%20USAR%20UNICAMENTE%20EL%20QUE%20SE%20LE%20ASIGNO%20SIN%20CAMBIARLO*%0APARA%20EVITAR%20CODIGOS%20DEBES%20BORRAR%20HISTORIAL%20Y%20COOKIES%20----%3E%20%20%20%20%0AEN%20CELULAR%3A%20https%3A%2F%2Fwww.youtube.com%2Fwatch%3Fv%3DrEsApVI1-lk%0AEN%20EL%20COMPUTADOR%3A%20https%3A%2F%2Fwww.youtube.com%2Fwatch%3Fv%3D2pYn4px0YWI
[2026-04-17T16:13:59.967Z] [STEP 7] ↪ asentando vista ~8s…
[2026-04-17T16:14:09.922Z] [STEP 8] ↩️ Enviado (Enter)
[2026-04-17T16:14:09.924Z]    ↪ post-send pause ~10s…
[2026-04-17T16:14:19.708Z] ⏳ Pausa entre mensajes: ~20s…
[2026-04-17T16:14:39.768Z] → [2/19] phone=573126494601 correo=arveljaap86@hotmail.com plataforma_id=8 (Crunchyroll) servicio=Pantalla pantalla=5 vence=07/05/2026
[2026-04-17T16:14:39.770Z] [STEP 7] 🔁 Abriendo chat (intento 1/3) con: https://web.whatsapp.com/send?phone=573126494601&text=Hola%20ROBINSON%2C%20te%20notificamos%20el%20*cambio%20de%20contrase%C3%B1a*%20asociado%20a%20tu%20correo%3A%20*arveljaap86%40hotmail.com*.%0A%0A%E2%80%A2%20Crunchyroll%20%E2%80%94%20Pantalla%20%7C%20*Pantalla%205*%20%7C%20vence%3A%2007%2F05%2F2026%0A%0A*La%20nueva%20contrase%C3%B1a%20es%3A*%20medcrun77%40%20%0ANo%20la%20compartas%20con%20nadie%3B%20%C2%A1que%20est%C3%A9s%20s%C3%BAper%20bien!%0A*Recuerda%20tu%20pantalla%20es%20la%20que%20ves%20arriba%3B%20solo%20puedes%20utilizar%20esa.*%0A%0A%0ANOTA%3A*NO%20MODIFICAR%20LOS%20NUMEROS%20DEL%20PERFIL%2C%20USAR%20UNICAMENTE%20EL%20QUE%20SE%20LE%20ASIGNO%20SIN%20CAMBIARLO*%0APARA%20EVITAR%20CODIGOS%20DEBES%20BORRAR%20HISTORIAL%20Y%20COOKIES%20----%3E%20%20%20%20%0AEN%20CELULAR%3A%20https%3A%2F%2Fwww.youtube.com%2Fwatch%3Fv%3DrEsApVI1-lk%0AEN%20EL%20COMPUTADOR%3A%20https%3A%2F%2Fwww.youtube.com%2Fwatch%3Fv%3D2pYn4px0YWI
[2026-04-17T16:14:40.803Z] [STEP 7] ↪ asentando vista ~9s…
[2026-04-17T16:14:55.934Z] [STEP 8] ↩️ Enviado (Enter)
[2026-04-17T16:14:55.936Z]    ↪ post-send pause ~6s…
[2026-04-17T16:15:02.303Z] ⏳ Pausa entre mensajes: ~20s…
[2026-04-17T16:15:21.915Z] → [3/19] phone=573154375223 correo=arveljaap86@hotmail.com plataforma_id=8 (Crunchyroll) servicio=Pantalla pantalla=1 vence=25/04/2026
[2026-04-17T16:15:21.917Z] [STEP 7] 🔁 Abriendo chat (intento 1/3) con: https://web.whatsapp.com/send?phone=573154375223&text=Hola%20Linderman%2C%20te%20notificamos%20el%20*cambio%20de%20contrase%C3%B1a*%20asociado%20a%20tu%20correo%3A%20*arveljaap86%40hotmail.com*.%0A%0A%E2%80%A2%20Crunchyroll%20%E2%80%94%20Pantalla%20%7C%20*Pantalla%201*%20%7C%20vence%3A%2025%2F04%2F2026%0A%0A*La%20nueva%20contrase%C3%B1a%20es%3A*%20medcrun77%40%20%0ANo%20la%20compartas%20con%20nadie%3B%20%C2%A1que%20est%C3%A9s%20s%C3%BAper%20bien!%0A*Recuerda%20tu%20pantalla%20es%20la%20que%20ves%20arriba%3B%20solo%20puedes%20utilizar%20esa.*%0A%0A%0ANOTA%3A*NO%20MODIFICAR%20LOS%20NUMEROS%20DEL%20PERFIL%2C%20USAR%20UNICAMENTE%20EL%20QUE%20SE%20LE%20ASIGNO%20SIN%20CAMBIARLO*%0APARA%20EVITAR%20CODIGOS%20DEBES%20BORRAR%20HISTORIAL%20Y%20COOKIES%20----%3E%20%20%20%20%0AEN%20CELULAR%3A%20https%3A%2F%2Fwww.youtube.com%2Fwatch%3Fv%3DrEsApVI1-lk%0AEN%20EL%20COMPUTADOR%3A%20https%3A%2F%2Fwww.youtube.com%2Fwatch%3Fv%3D2pYn4px0YWI
[2026-04-17T16:15:22.765Z] [STEP 7] ↪ asentando vista ~9s…
[2026-04-17T16:15:38.447Z] [STEP 8] ↩️ Enviado (Enter)
[2026-04-17T16:15:38.449Z]    ↪ post-send pause ~10s…
[2026-04-17T16:15:48.100Z] ⏳ Pausa entre mensajes: ~17s…
[2026-04-17T16:16:04.951Z] → [4/19] phone=573158640671 correo=arveljaap86@hotmail.com plataforma_id=8 (Crunchyroll) servicio=Pantalla pantalla=4 vence=07/05/2026
[2026-04-17T16:16:04.953Z] [STEP 7] 🔁 Abriendo chat (intento 1/3) con: https://web.whatsapp.com/send?phone=573158640671&text=Hola%20Luis%2C%20te%20notificamos%20el%20*cambio%20de%20contrase%C3%B1a*%20asociado%20a%20tu%20correo%3A%20*arveljaap86%40hotmail.com*.%0A%0A%E2%80%A2%20Crunchyroll%20%E2%80%94%20Pantalla%20%7C%20*Pantalla%204*%20%7C%20vence%3A%2007%2F05%2F2026%0A%0A*La%20nueva%20contrase%C3%B1a%20es%3A*%20medcrun77%40%20%0ANo%20la%20compartas%20con%20nadie%3B%20%C2%A1que%20est%C3%A9s%20s%C3%BAper%20bien!%0A*Recuerda%20tu%20pantalla%20es%20la%20que%20ves%20arriba%3B%20solo%20puedes%20utilizar%20esa.*%0A%0A%0ANOTA%3A*NO%20MODIFICAR%20LOS%20NUMEROS%20DEL%20PERFIL%2C%20USAR%20UNICAMENTE%20EL%20QUE%20SE%20LE%20ASIGNO%20SIN%20CAMBIARLO*%0APARA%20EVITAR%20CODIGOS%20DEBES%20BORRAR%20HISTORIAL%20Y%20COOKIES%20----%3E%20%20%20%20%0AEN%20CELULAR%3A%20https%3A%2F%2Fwww.youtube.com%2Fwatch%3Fv%3DrEsApVI1-lk%0AEN%20EL%20COMPUTADOR%3A%20https%3A%2F%2Fwww.youtube.com%2Fwatch%3Fv%3D2pYn4px0YWI
[2026-04-17T16:16:05.825Z] [STEP 7] ↪ asentando vista ~9s…
[2026-04-17T16:16:20.832Z] [STEP 8] ↩️ Enviado (Enter)
[2026-04-17T16:16:20.834Z]    ↪ post-send pause ~9s…
[2026-04-17T16:16:29.630Z] ⏳ Pausa entre mensajes: ~20s…
[2026-04-17T16:16:49.195Z] → [5/19] phone=573223572154 correo=arveljaap86@hotmail.com plataforma_id=8 (Crunchyroll) servicio=Pantalla pantalla=3 vence=07/05/2026
[2026-04-17T16:16:49.197Z] [STEP 7] 🔁 Abriendo chat (intento 1/3) con: https://web.whatsapp.com/send?phone=573223572154&text=Hola%20Elias%2C%20te%20notificamos%20el%20*cambio%20de%20contrase%C3%B1a*%20asociado%20a%20tu%20correo%3A%20*arveljaap86%40hotmail.com*.%0A%0A%E2%80%A2%20Crunchyroll%20%E2%80%94%20Pantalla%20%7C%20*Pantalla%203*%20%7C%20vence%3A%2007%2F05%2F2026%0A%0A*La%20nueva%20contrase%C3%B1a%20es%3A*%20medcrun77%40%20%0ANo%20la%20compartas%20con%20nadie%3B%20%C2%A1que%20est%C3%A9s%20s%C3%BAper%20bien!%0A*Recuerda%20tu%20pantalla%20es%20la%20que%20ves%20arriba%3B%20solo%20puedes%20utilizar%20esa.*%0A%0A%0ANOTA%3A*NO%20MODIFICAR%20LOS%20NUMEROS%20DEL%20PERFIL%2C%20USAR%20UNICAMENTE%20EL%20QUE%20SE%20LE%20ASIGNO%20SIN%20CAMBIARLO*%0APARA%20EVITAR%20CODIGOS%20DEBES%20BORRAR%20HISTORIAL%20Y%20COOKIES%20----%3E%20%20%20%20%0AEN%20CELULAR%3A%20https%3A%2F%2Fwww.youtube.com%2Fwatch%3Fv%3DrEsApVI1-lk%0AEN%20EL%20COMPUTADOR%3A%20https%3A%2F%2Fwww.youtube.com%2Fwatch%3Fv%3D2pYn4px0YWI
[2026-04-17T16:16:50.090Z] [STEP 7] ↪ asentando vista ~9s…
[2026-04-17T16:17:05.071Z] [STEP 8] ↩️ Enviado (Enter)
[2026-04-17T16:17:05.073Z]    ↪ post-send pause ~6s…
[2026-04-17T16:17:11.177Z] ⏳ Pausa entre mensajes: ~19s…
[2026-04-17T16:17:30.261Z] — BLOQUE — correo=christieprocsal5461@hotmail.com | plataforma_id=8 (Crunchyroll)
[2026-04-17T16:17:30.264Z] → [6/19] phone=573104093411 correo=christieprocsal5461@hotmail.com plataforma_id=8 (Crunchyroll) servicio=Pantalla pantalla=3 vence=06/05/2026
[2026-04-17T16:17:30.265Z] [STEP 7] 🔁 Abriendo chat (intento 1/3) con: https://web.whatsapp.com/send?phone=573104093411&text=Hola%20!%2C%20te%20notificamos%20el%20*cambio%20de%20contrase%C3%B1a*%20asociado%20a%20tu%20correo%3A%20*christieprocsal5461%40hotmail.com*.%0A%0A%E2%80%A2%20Crunchyroll%20%E2%80%94%20Pantalla%20%7C%20*Pantalla%203*%20%7C%20vence%3A%2006%2F05%2F2026%0A%0A*La%20nueva%20contrase%C3%B1a%20es%3A*%20medcrun77%40%20%0ANo%20la%20compartas%20con%20nadie%3B%20%C2%A1que%20est%C3%A9s%20s%C3%BAper%20bien!%0A*Recuerda%20tu%20pantalla%20es%20la%20que%20ves%20arriba%3B%20solo%20puedes%20utilizar%20esa.*%0A%0A%0ANOTA%3A*NO%20MODIFICAR%20LOS%20NUMEROS%20DEL%20PERFIL%2C%20USAR%20UNICAMENTE%20EL%20QUE%20SE%20LE%20ASIGNO%20SIN%20CAMBIARLO*%0APARA%20EVITAR%20CODIGOS%20DEBES%20BORRAR%20HISTORIAL%20Y%20COOKIES%20----%3E%20%20%20%20%0AEN%20CELULAR%3A%20https%3A%2F%2Fwww.youtube.com%2Fwatch%3Fv%3DrEsApVI1-lk%0AEN%20EL%20COMPUTADOR%3A%20https%3A%2F%2Fwww.youtube.com%2Fwatch%3Fv%3D2pYn4px0YWI
[2026-04-17T16:17:31.184Z] [STEP 7] ↪ asentando vista ~9s…
[2026-04-17T16:17:44.738Z] [STEP 8] ↩️ Enviado (Enter)
[2026-04-17T16:17:44.740Z]    ↪ post-send pause ~7s…
[2026-04-17T16:17:51.645Z] ⏳ Pausa entre mensajes: ~20s…
[2026-04-17T16:18:11.961Z] → [7/19] phone=573104093411 correo=christieprocsal5461@hotmail.com plataforma_id=8 (Crunchyroll) servicio=Pantalla pantalla=5 vence=06/05/2026
[2026-04-17T16:18:11.963Z] [STEP 7] 🔁 Abriendo chat (intento 1/3) con: https://web.whatsapp.com/send?phone=573104093411&text=Hola%20!%2C%20te%20notificamos%20el%20*cambio%20de%20contrase%C3%B1a*%20asociado%20a%20tu%20correo%3A%20*christieprocsal5461%40hotmail.com*.%0A%0A%E2%80%A2%20Crunchyroll%20%E2%80%94%20Pantalla%20%7C%20*Pantalla%205*%20%7C%20vence%3A%2006%2F05%2F2026%0A%0A*La%20nueva%20contrase%C3%B1a%20es%3A*%20medcrun77%40%20%0ANo%20la%20compartas%20con%20nadie%3B%20%C2%A1que%20est%C3%A9s%20s%C3%BAper%20bien!%0A*Recuerda%20tu%20pantalla%20es%20la%20que%20ves%20arriba%3B%20solo%20puedes%20utilizar%20esa.*%0A%0A%0ANOTA%3A*NO%20MODIFICAR%20LOS%20NUMEROS%20DEL%20PERFIL%2C%20USAR%20UNICAMENTE%20EL%20QUE%20SE%20LE%20ASIGNO%20SIN%20CAMBIARLO*%0APARA%20EVITAR%20CODIGOS%20DEBES%20BORRAR%20HISTORIAL%20Y%20COOKIES%20----%3E%20%20%20%20%0AEN%20CELULAR%3A%20https%3A%2F%2Fwww.youtube.com%2Fwatch%3Fv%3DrEsApVI1-lk%0AEN%20EL%20COMPUTADOR%3A%20https%3A%2F%2Fwww.youtube.com%2Fwatch%3Fv%3D2pYn4px0YWI
[2026-04-17T16:18:13.209Z] [STEP 7] ↪ asentando vista ~10s…
[2026-04-17T16:18:26.433Z] [STEP 8] ↩️ Enviado (Enter)
[2026-04-17T16:18:26.435Z]    ↪ post-send pause ~10s…
[2026-04-17T16:18:35.951Z] ⏳ Pausa entre mensajes: ~17s…
[2026-04-17T16:18:52.551Z] → [8/19] phone=573116785727 correo=christieprocsal5461@hotmail.com plataforma_id=8 (Crunchyroll) servicio=Pantalla pantalla=1 vence=05/05/2026
[2026-04-17T16:18:52.553Z] [STEP 7] 🔁 Abriendo chat (intento 1/3) con: https://web.whatsapp.com/send?phone=573116785727&text=Hola%20Roberto%2C%20te%20notificamos%20el%20*cambio%20de%20contrase%C3%B1a*%20asociado%20a%20tu%20correo%3A%20*christieprocsal5461%40hotmail.com*.%0A%0A%E2%80%A2%20Crunchyroll%20%E2%80%94%20Pantalla%20%7C%20*Pantalla%201*%20%7C%20vence%3A%2005%2F05%2F2026%0A%0A*La%20nueva%20contrase%C3%B1a%20es%3A*%20medcrun77%40%20%0ANo%20la%20compartas%20con%20nadie%3B%20%C2%A1que%20est%C3%A9s%20s%C3%BAper%20bien!%0A*Recuerda%20tu%20pantalla%20es%20la%20que%20ves%20arriba%3B%20solo%20puedes%20utilizar%20esa.*%0A%0A%0ANOTA%3A*NO%20MODIFICAR%20LOS%20NUMEROS%20DEL%20PERFIL%2C%20USAR%20UNICAMENTE%20EL%20QUE%20SE%20LE%20ASIGNO%20SIN%20CAMBIARLO*%0APARA%20EVITAR%20CODIGOS%20DEBES%20BORRAR%20HISTORIAL%20Y%20COOKIES%20----%3E%20%20%20%20%0AEN%20CELULAR%3A%20https%3A%2F%2Fwww.youtube.com%2Fwatch%3Fv%3DrEsApVI1-lk%0AEN%20EL%20COMPUTADOR%3A%20https%3A%2F%2Fwww.youtube.com%2Fwatch%3Fv%3D2pYn4px0YWI
[2026-04-17T16:18:53.658Z] [STEP 7] ↪ asentando vista ~6s…
[2026-04-17T16:19:06.686Z] [STEP 8] ↩️ Enviado (Enter)
[2026-04-17T16:19:06.690Z]    ↪ post-send pause ~9s…
[2026-04-17T16:19:15.367Z] ⏳ Pausa entre mensajes: ~18s…
[2026-04-17T16:19:33.101Z] → [9/19] phone=573154151811 correo=christieprocsal5461@hotmail.com plataforma_id=8 (Crunchyroll) servicio=Pantalla pantalla=2 vence=06/05/2026
[2026-04-17T16:19:33.103Z] [STEP 7] 🔁 Abriendo chat (intento 1/3) con: https://web.whatsapp.com/send?phone=573154151811&text=Hola%20!%2C%20te%20notificamos%20el%20*cambio%20de%20contrase%C3%B1a*%20asociado%20a%20tu%20correo%3A%20*christieprocsal5461%40hotmail.com*.%0A%0A%E2%80%A2%20Crunchyroll%20%E2%80%94%20Pantalla%20%7C%20*Pantalla%202*%20%7C%20vence%3A%2006%2F05%2F2026%0A%0A*La%20nueva%20contrase%C3%B1a%20es%3A*%20medcrun77%40%20%0ANo%20la%20compartas%20con%20nadie%3B%20%C2%A1que%20est%C3%A9s%20s%C3%BAper%20bien!%0A*Recuerda%20tu%20pantalla%20es%20la%20que%20ves%20arriba%3B%20solo%20puedes%20utilizar%20esa.*%0A%0A%0ANOTA%3A*NO%20MODIFICAR%20LOS%20NUMEROS%20DEL%20PERFIL%2C%20USAR%20UNICAMENTE%20EL%20QUE%20SE%20LE%20ASIGNO%20SIN%20CAMBIARLO*%0APARA%20EVITAR%20CODIGOS%20DEBES%20BORRAR%20HISTORIAL%20Y%20COOKIES%20----%3E%20%20%20%20%0AEN%20CELULAR%3A%20https%3A%2F%2Fwww.youtube.com%2Fwatch%3Fv%3DrEsApVI1-lk%0AEN%20EL%20COMPUTADOR%3A%20https%3A%2F%2Fwww.youtube.com%2Fwatch%3Fv%3D2pYn4px0YWI
[2026-04-17T16:19:33.921Z] [STEP 7] ↪ asentando vista ~7s…
[2026-04-17T16:19:55.022Z] [STEP 8] ↩️ Enviado (Enter)
[2026-04-17T16:19:55.024Z]    ↪ post-send pause ~8s…
[2026-04-17T16:20:03.475Z] ⏳ Pausa entre mensajes: ~18s…
[2026-04-17T16:20:21.032Z] → [10/19] phone=573222470982 correo=christieprocsal5461@hotmail.com plataforma_id=8 (Crunchyroll) servicio=Pantalla pantalla=6 vence=06/05/2026
[2026-04-17T16:20:21.034Z] [STEP 7] 🔁 Abriendo chat (intento 1/3) con: https://web.whatsapp.com/send?phone=573222470982&text=Hola%20!%2C%20te%20notificamos%20el%20*cambio%20de%20contrase%C3%B1a*%20asociado%20a%20tu%20correo%3A%20*christieprocsal5461%40hotmail.com*.%0A%0A%E2%80%A2%20Crunchyroll%20%E2%80%94%20Pantalla%20%7C%20*Pantalla%206*%20%7C%20vence%3A%2006%2F05%2F2026%0A%0A*La%20nueva%20contrase%C3%B1a%20es%3A*%20medcrun77%40%20%0ANo%20la%20compartas%20con%20nadie%3B%20%C2%A1que%20est%C3%A9s%20s%C3%BAper%20bien!%0A*Recuerda%20tu%20pantalla%20es%20la%20que%20ves%20arriba%3B%20solo%20puedes%20utilizar%20esa.*%0A%0A%0ANOTA%3A*NO%20MODIFICAR%20LOS%20NUMEROS%20DEL%20PERFIL%2C%20USAR%20UNICAMENTE%20EL%20QUE%20SE%20LE%20ASIGNO%20SIN%20CAMBIARLO*%0APARA%20EVITAR%20CODIGOS%20DEBES%20BORRAR%20HISTORIAL%20Y%20COOKIES%20----%3E%20%20%20%20%0AEN%20CELULAR%3A%20https%3A%2F%2Fwww.youtube.com%2Fwatch%3Fv%3DrEsApVI1-lk%0AEN%20EL%20COMPUTADOR%3A%20https%3A%2F%2Fwww.youtube.com%2Fwatch%3Fv%3D2pYn4px0YWI
[2026-04-17T16:20:22.128Z] [STEP 7] ↪ asentando vista ~9s…
[2026-04-17T16:20:36.420Z] [STEP 8] ↩️ Enviado (Enter)
[2026-04-17T16:20:36.421Z]    ↪ post-send pause ~7s…
[2026-04-17T16:20:43.191Z] ⏳ Pausa entre mensajes: ~18s…
[2026-04-17T16:21:00.987Z] — BLOQUE — correo=hildalizardi0393@hotmail.com | plataforma_id=8 (Crunchyroll)
[2026-04-17T16:21:00.991Z] → [11/19] phone=573161488859 correo=hildalizardi0393@hotmail.com plataforma_id=8 (Crunchyroll) servicio=Pantalla pantalla=6 vence=07/05/2026
[2026-04-17T16:21:00.992Z] [STEP 7] 🔁 Abriendo chat (intento 1/3) con: https://web.whatsapp.com/send?phone=573161488859&text=Hola%20!%2C%20te%20notificamos%20el%20*cambio%20de%20contrase%C3%B1a*%20asociado%20a%20tu%20correo%3A%20*hildalizardi0393%40hotmail.com*.%0A%0A%E2%80%A2%20Crunchyroll%20%E2%80%94%20Pantalla%20%7C%20*Pantalla%206*%20%7C%20vence%3A%2007%2F05%2F2026%0A%0A*La%20nueva%20contrase%C3%B1a%20es%3A*%20medcrun77%40%20%0ANo%20la%20compartas%20con%20nadie%3B%20%C2%A1que%20est%C3%A9s%20s%C3%BAper%20bien!%0A*Recuerda%20tu%20pantalla%20es%20la%20que%20ves%20arriba%3B%20solo%20puedes%20utilizar%20esa.*%0A%0A%0ANOTA%3A*NO%20MODIFICAR%20LOS%20NUMEROS%20DEL%20PERFIL%2C%20USAR%20UNICAMENTE%20EL%20QUE%20SE%20LE%20ASIGNO%20SIN%20CAMBIARLO*%0APARA%20EVITAR%20CODIGOS%20DEBES%20BORRAR%20HISTORIAL%20Y%20COOKIES%20----%3E%20%20%20%20%0AEN%20CELULAR%3A%20https%3A%2F%2Fwww.youtube.com%2Fwatch%3Fv%3DrEsApVI1-lk%0AEN%20EL%20COMPUTADOR%3A%20https%3A%2F%2Fwww.youtube.com%2Fwatch%3Fv%3D2pYn4px0YWI
[2026-04-17T16:21:02.255Z] [STEP 7] ↪ asentando vista ~8s…
[2026-04-17T16:21:19.298Z] [STEP 8] ↩️ Enviado (Enter)
[2026-04-17T16:21:19.300Z]    ↪ post-send pause ~7s…
[2026-04-17T16:21:26.712Z] ⏳ Pausa entre mensajes: ~17s…
[2026-04-17T16:21:43.768Z] → [12/19] phone=573178171587 correo=hildalizardi0393@hotmail.com plataforma_id=8 (Crunchyroll) servicio=Pantalla pantalla=3 vence=01/05/2026
[2026-04-17T16:21:43.770Z] [STEP 7] 🔁 Abriendo chat (intento 1/3) con: https://web.whatsapp.com/send?phone=573178171587&text=Hola%20Pablo%2C%20te%20notificamos%20el%20*cambio%20de%20contrase%C3%B1a*%20asociado%20a%20tu%20correo%3A%20*hildalizardi0393%40hotmail.com*.%0A%0A%E2%80%A2%20Crunchyroll%20%E2%80%94%20Pantalla%20%7C%20*Pantalla%203*%20%7C%20vence%3A%2001%2F05%2F2026%0A%0A*La%20nueva%20contrase%C3%B1a%20es%3A*%20medcrun77%40%20%0ANo%20la%20compartas%20con%20nadie%3B%20%C2%A1que%20est%C3%A9s%20s%C3%BAper%20bien!%0A*Recuerda%20tu%20pantalla%20es%20la%20que%20ves%20arriba%3B%20solo%20puedes%20utilizar%20esa.*%0A%0A%0ANOTA%3A*NO%20MODIFICAR%20LOS%20NUMEROS%20DEL%20PERFIL%2C%20USAR%20UNICAMENTE%20EL%20QUE%20SE%20LE%20ASIGNO%20SIN%20CAMBIARLO*%0APARA%20EVITAR%20CODIGOS%20DEBES%20BORRAR%20HISTORIAL%20Y%20COOKIES%20----%3E%20%20%20%20%0AEN%20CELULAR%3A%20https%3A%2F%2Fwww.youtube.com%2Fwatch%3Fv%3DrEsApVI1-lk%0AEN%20EL%20COMPUTADOR%3A%20https%3A%2F%2Fwww.youtube.com%2Fwatch%3Fv%3D2pYn4px0YWI
[2026-04-17T16:21:44.981Z] [STEP 7] ↪ asentando vista ~7s…
[2026-04-17T16:22:00.243Z] [STEP 8] ↩️ Enviado (Enter)
[2026-04-17T16:22:00.244Z]    ↪ post-send pause ~8s…
[2026-04-17T16:22:08.196Z] ⏳ Pausa entre mensajes: ~19s…
[2026-04-17T16:22:27.203Z] → [13/19] phone=573213452756 correo=hildalizardi0393@hotmail.com plataforma_id=8 (Crunchyroll) servicio=Pantalla pantalla=5 vence=18/04/2026
[2026-04-17T16:22:27.205Z] [STEP 7] 🔁 Abriendo chat (intento 1/3) con: https://web.whatsapp.com/send?phone=573213452756&text=Hola%20Jhon%2C%20te%20notificamos%20el%20*cambio%20de%20contrase%C3%B1a*%20asociado%20a%20tu%20correo%3A%20*hildalizardi0393%40hotmail.com*.%0A%0A%E2%80%A2%20Crunchyroll%20%E2%80%94%20Pantalla%20%7C%20*Pantalla%205*%20%7C%20vence%3A%2018%2F04%2F2026%0A%0A*La%20nueva%20contrase%C3%B1a%20es%3A*%20medcrun77%40%20%0ANo%20la%20compartas%20con%20nadie%3B%20%C2%A1que%20est%C3%A9s%20s%C3%BAper%20bien!%0A*Recuerda%20tu%20pantalla%20es%20la%20que%20ves%20arriba%3B%20solo%20puedes%20utilizar%20esa.*%0A%0A%0ANOTA%3A*NO%20MODIFICAR%20LOS%20NUMEROS%20DEL%20PERFIL%2C%20USAR%20UNICAMENTE%20EL%20QUE%20SE%20LE%20ASIGNO%20SIN%20CAMBIARLO*%0APARA%20EVITAR%20CODIGOS%20DEBES%20BORRAR%20HISTORIAL%20Y%20COOKIES%20----%3E%20%20%20%20%0AEN%20CELULAR%3A%20https%3A%2F%2Fwww.youtube.com%2Fwatch%3Fv%3DrEsApVI1-lk%0AEN%20EL%20COMPUTADOR%3A%20https%3A%2F%2Fwww.youtube.com%2Fwatch%3Fv%3D2pYn4px0YWI
[2026-04-17T16:22:28.034Z] [STEP 7] ↪ asentando vista ~6s…
[2026-04-17T16:22:44.061Z] [STEP 8] ↩️ Enviado (Enter)
[2026-04-17T16:22:44.063Z]    ↪ post-send pause ~8s…
[2026-04-17T16:22:52.296Z] ⏳ Pausa entre mensajes: ~18s…
[2026-04-17T16:23:09.912Z] → [14/19] phone=573242387132 correo=hildalizardi0393@hotmail.com plataforma_id=8 (Crunchyroll) servicio=Pantalla pantalla=1 vence=01/05/2026
[2026-04-17T16:23:09.914Z] [STEP 7] 🔁 Abriendo chat (intento 1/3) con: https://web.whatsapp.com/send?phone=573242387132&text=Hola%20Andres%2C%20te%20notificamos%20el%20*cambio%20de%20contrase%C3%B1a*%20asociado%20a%20tu%20correo%3A%20*hildalizardi0393%40hotmail.com*.%0A%0A%E2%80%A2%20Crunchyroll%20%E2%80%94%20Pantalla%20%7C%20*Pantalla%201*%20%7C%20vence%3A%2001%2F05%2F2026%0A%0A*La%20nueva%20contrase%C3%B1a%20es%3A*%20medcrun77%40%20%0ANo%20la%20compartas%20con%20nadie%3B%20%C2%A1que%20est%C3%A9s%20s%C3%BAper%20bien!%0A*Recuerda%20tu%20pantalla%20es%20la%20que%20ves%20arriba%3B%20solo%20puedes%20utilizar%20esa.*%0A%0A%0ANOTA%3A*NO%20MODIFICAR%20LOS%20NUMEROS%20DEL%20PERFIL%2C%20USAR%20UNICAMENTE%20EL%20QUE%20SE%20LE%20ASIGNO%20SIN%20CAMBIARLO*%0APARA%20EVITAR%20CODIGOS%20DEBES%20BORRAR%20HISTORIAL%20Y%20COOKIES%20----%3E%20%20%20%20%0AEN%20CELULAR%3A%20https%3A%2F%2Fwww.youtube.com%2Fwatch%3Fv%3DrEsApVI1-lk%0AEN%20EL%20COMPUTADOR%3A%20https%3A%2F%2Fwww.youtube.com%2Fwatch%3Fv%3D2pYn4px0YWI
[2026-04-17T16:23:11.162Z] [STEP 7] ↪ asentando vista ~7s…
[2026-04-17T16:23:25.831Z] [STEP 8] ↩️ Enviado (Enter)
[2026-04-17T16:23:25.833Z]    ↪ post-send pause ~10s…
[2026-04-17T16:23:35.736Z] ⏳ Pausa entre mensajes: ~20s…
[2026-04-17T16:23:55.457Z] — BLOQUE — correo=kristaswieca30@hotmail.com | plataforma_id=8 (Crunchyroll)
[2026-04-17T16:23:55.459Z] → [15/19] phone=573001473504 correo=kristaswieca30@hotmail.com plataforma_id=8 (Crunchyroll) servicio=Pantalla pantalla=6 vence=18/04/2026
[2026-04-17T16:23:55.460Z] [STEP 7] 🔁 Abriendo chat (intento 1/3) con: https://web.whatsapp.com/send?phone=573001473504&text=Hola%20Jhoan%2C%20te%20notificamos%20el%20*cambio%20de%20contrase%C3%B1a*%20asociado%20a%20tu%20correo%3A%20*kristaswieca30%40hotmail.com*.%0A%0A%E2%80%A2%20Crunchyroll%20%E2%80%94%20Pantalla%20%7C%20*Pantalla%206*%20%7C%20vence%3A%2018%2F04%2F2026%0A%0A*La%20nueva%20contrase%C3%B1a%20es%3A*%20medcrun66%40%20%0ANo%20la%20compartas%20con%20nadie%3B%20%C2%A1que%20est%C3%A9s%20s%C3%BAper%20bien!%0A*Recuerda%20tu%20pantalla%20es%20la%20que%20ves%20arriba%3B%20solo%20puedes%20utilizar%20esa.*%0A%0A%0ANOTA%3A*NO%20MODIFICAR%20LOS%20NUMEROS%20DEL%20PERFIL%2C%20USAR%20UNICAMENTE%20EL%20QUE%20SE%20LE%20ASIGNO%20SIN%20CAMBIARLO*%0APARA%20EVITAR%20CODIGOS%20DEBES%20BORRAR%20HISTORIAL%20Y%20COOKIES%20----%3E%20%20%20%20%0AEN%20CELULAR%3A%20https%3A%2F%2Fwww.youtube.com%2Fwatch%3Fv%3DrEsApVI1-lk%0AEN%20EL%20COMPUTADOR%3A%20https%3A%2F%2Fwww.youtube.com%2Fwatch%3Fv%3D2pYn4px0YWI
[2026-04-17T16:23:56.476Z] [STEP 7] ↪ asentando vista ~9s…
[2026-04-17T16:24:11.284Z] [STEP 8] ↩️ Enviado (Enter)
[2026-04-17T16:24:11.286Z]    ↪ post-send pause ~10s…
[2026-04-17T16:24:21.216Z] ⏳ Pausa entre mensajes: ~17s…
[2026-04-17T16:24:37.942Z] — BLOQUE — correo=ronaldaort447@hotmail.com | plataforma_id=8 (Crunchyroll)
[2026-04-17T16:24:37.943Z] → [16/19] phone=573023081524 correo=ronaldaort447@hotmail.com plataforma_id=8 (Crunchyroll) servicio=Pantalla pantalla=2 vence=02/05/2026
[2026-04-17T16:24:37.944Z] [STEP 7] 🔁 Abriendo chat (intento 1/3) con: https://web.whatsapp.com/send?phone=573023081524&text=Hola%20Edinson%2C%20te%20notificamos%20el%20*cambio%20de%20contrase%C3%B1a*%20asociado%20a%20tu%20correo%3A%20*ronaldaort447%40hotmail.com*.%0A%0A%E2%80%A2%20Crunchyroll%20%E2%80%94%20Pantalla%20%7C%20*Pantalla%202*%20%7C%20vence%3A%2002%2F05%2F2026%0A%0A*La%20nueva%20contrase%C3%B1a%20es%3A*%20medcrun77%40%20%0ANo%20la%20compartas%20con%20nadie%3B%20%C2%A1que%20est%C3%A9s%20s%C3%BAper%20bien!%0A*Recuerda%20tu%20pantalla%20es%20la%20que%20ves%20arriba%3B%20solo%20puedes%20utilizar%20esa.*%0A%0A%0ANOTA%3A*NO%20MODIFICAR%20LOS%20NUMEROS%20DEL%20PERFIL%2C%20USAR%20UNICAMENTE%20EL%20QUE%20SE%20LE%20ASIGNO%20SIN%20CAMBIARLO*%0APARA%20EVITAR%20CODIGOS%20DEBES%20BORRAR%20HISTORIAL%20Y%20COOKIES%20----%3E%20%20%20%20%0AEN%20CELULAR%3A%20https%3A%2F%2Fwww.youtube.com%2Fwatch%3Fv%3DrEsApVI1-lk%0AEN%20EL%20COMPUTADOR%3A%20https%3A%2F%2Fwww.youtube.com%2Fwatch%3Fv%3D2pYn4px0YWI
[2026-04-17T16:24:39.393Z] [STEP 7] ↪ asentando vista ~9s…
[2026-04-17T16:24:53.024Z] [STEP 8] ↩️ Enviado (Enter)
[2026-04-17T16:24:53.026Z]    ↪ post-send pause ~6s…
[2026-04-17T16:24:59.414Z] ⏳ Pausa entre mensajes: ~21s…
[2026-04-17T16:25:20.283Z] → [17/19] phone=573052380009 correo=ronaldaort447@hotmail.com plataforma_id=8 (Crunchyroll) servicio=Pantalla pantalla=1 vence=02/05/2026
[2026-04-17T16:25:20.284Z] [STEP 7] 🔁 Abriendo chat (intento 1/3) con: https://web.whatsapp.com/send?phone=573052380009&text=Hola%20Jhork%2C%20te%20notificamos%20el%20*cambio%20de%20contrase%C3%B1a*%20asociado%20a%20tu%20correo%3A%20*ronaldaort447%40hotmail.com*.%0A%0A%E2%80%A2%20Crunchyroll%20%E2%80%94%20Pantalla%20%7C%20*Pantalla%201*%20%7C%20vence%3A%2002%2F05%2F2026%0A%0A*La%20nueva%20contrase%C3%B1a%20es%3A*%20medcrun77%40%20%0ANo%20la%20compartas%20con%20nadie%3B%20%C2%A1que%20est%C3%A9s%20s%C3%BAper%20bien!%0A*Recuerda%20tu%20pantalla%20es%20la%20que%20ves%20arriba%3B%20solo%20puedes%20utilizar%20esa.*%0A%0A%0ANOTA%3A*NO%20MODIFICAR%20LOS%20NUMEROS%20DEL%20PERFIL%2C%20USAR%20UNICAMENTE%20EL%20QUE%20SE%20LE%20ASIGNO%20SIN%20CAMBIARLO*%0APARA%20EVITAR%20CODIGOS%20DEBES%20BORRAR%20HISTORIAL%20Y%20COOKIES%20----%3E%20%20%20%20%0AEN%20CELULAR%3A%20https%3A%2F%2Fwww.youtube.com%2Fwatch%3Fv%3DrEsApVI1-lk%0AEN%20EL%20COMPUTADOR%3A%20https%3A%2F%2Fwww.youtube.com%2Fwatch%3Fv%3D2pYn4px0YWI
[2026-04-17T16:25:21.234Z] [STEP 7] ↪ asentando vista ~9s…
[2026-04-17T16:25:36.240Z] [STEP 8] ↩️ Enviado (Enter)
[2026-04-17T16:25:36.241Z]    ↪ post-send pause ~6s…
[2026-04-17T16:25:42.722Z] ⏳ Pausa entre mensajes: ~20s…
[2026-04-17T16:26:02.423Z] → [18/19] phone=573158771114 correo=ronaldaort447@hotmail.com plataforma_id=8 (Crunchyroll) servicio=Pantalla pantalla=4 vence=02/05/2026
[2026-04-17T16:26:02.424Z] [STEP 7] 🔁 Abriendo chat (intento 1/3) con: https://web.whatsapp.com/send?phone=573158771114&text=Hola%20Yilmer%2C%20te%20notificamos%20el%20*cambio%20de%20contrase%C3%B1a*%20asociado%20a%20tu%20correo%3A%20*ronaldaort447%40hotmail.com*.%0A%0A%E2%80%A2%20Crunchyroll%20%E2%80%94%20Pantalla%20%7C%20*Pantalla%204*%20%7C%20vence%3A%2002%2F05%2F2026%0A%0A*La%20nueva%20contrase%C3%B1a%20es%3A*%20medcrun77%40%20%0ANo%20la%20compartas%20con%20nadie%3B%20%C2%A1que%20est%C3%A9s%20s%C3%BAper%20bien!%0A*Recuerda%20tu%20pantalla%20es%20la%20que%20ves%20arriba%3B%20solo%20puedes%20utilizar%20esa.*%0A%0A%0ANOTA%3A*NO%20MODIFICAR%20LOS%20NUMEROS%20DEL%20PERFIL%2C%20USAR%20UNICAMENTE%20EL%20QUE%20SE%20LE%20ASIGNO%20SIN%20CAMBIARLO*%0APARA%20EVITAR%20CODIGOS%20DEBES%20BORRAR%20HISTORIAL%20Y%20COOKIES%20----%3E%20%20%20%20%0AEN%20CELULAR%3A%20https%3A%2F%2Fwww.youtube.com%2Fwatch%3Fv%3DrEsApVI1-lk%0AEN%20EL%20COMPUTADOR%3A%20https%3A%2F%2Fwww.youtube.com%2Fwatch%3Fv%3D2pYn4px0YWI
[2026-04-17T16:26:03.638Z] [STEP 7] ↪ asentando vista ~6s…
[2026-04-17T16:26:22.850Z] [STEP 8] ↩️ Enviado (Enter)
[2026-04-17T16:26:22.852Z]    ↪ post-send pause ~6s…
[2026-04-17T16:26:28.932Z] ⏳ Pausa entre mensajes: ~17s…
[2026-04-17T16:26:46.074Z] → [19/19] phone=573504018046 correo=ronaldaort447@hotmail.com plataforma_id=8 (Crunchyroll) servicio=Pantalla pantalla=6 vence=07/05/2026
[2026-04-17T16:26:46.076Z] [STEP 7] 🔁 Abriendo chat (intento 1/3) con: https://web.whatsapp.com/send?phone=573504018046&text=Hola%20!%2C%20te%20notificamos%20el%20*cambio%20de%20contrase%C3%B1a*%20asociado%20a%20tu%20correo%3A%20*ronaldaort447%40hotmail.com*.%0A%0A%E2%80%A2%20Crunchyroll%20%E2%80%94%20Pantalla%20%7C%20*Pantalla%206*%20%7C%20vence%3A%2007%2F05%2F2026%0A%0A*La%20nueva%20contrase%C3%B1a%20es%3A*%20medcrun77%40%20%0ANo%20la%20compartas%20con%20nadie%3B%20%C2%A1que%20est%C3%A9s%20s%C3%BAper%20bien!%0A*Recuerda%20tu%20pantalla%20es%20la%20que%20ves%20arriba%3B%20solo%20puedes%20utilizar%20esa.*%0A%0A%0ANOTA%3A*NO%20MODIFICAR%20LOS%20NUMEROS%20DEL%20PERFIL%2C%20USAR%20UNICAMENTE%20EL%20QUE%20SE%20LE%20ASIGNO%20SIN%20CAMBIARLO*%0APARA%20EVITAR%20CODIGOS%20DEBES%20BORRAR%20HISTORIAL%20Y%20COOKIES%20----%3E%20%20%20%20%0AEN%20CELULAR%3A%20https%3A%2F%2Fwww.youtube.com%2Fwatch%3Fv%3DrEsApVI1-lk%0AEN%20EL%20COMPUTADOR%3A%20https%3A%2F%2Fwww.youtube.com%2Fwatch%3Fv%3D2pYn4px0YWI
[2026-04-17T16:26:47.361Z] [STEP 7] ↪ asentando vista ~9s…
[2026-04-17T16:27:03.493Z] [STEP 8] ↩️ Enviado (Enter)
[2026-04-17T16:27:03.494Z]    ↪ post-send pause ~8s…
[2026-04-17T16:27:11.169Z] ✅ Notificaciones terminadas.
[2026-04-17T16:27:11.170Z] ℹ️ Navegador dejado abierto para revisión manual.
[2026-04-17T16:27:11.189Z] == fin notify-password-changes ==
[2026-04-19T21:41:01.369Z] LOG_FILE=C:\Users\Santiago\medplay\.logs\notify-password-changes.log
[2026-04-19T21:41:01.370Z] == inicio notify-password-changes ==
[2026-04-19T21:41:01.370Z] [STEP 1] items recibidos: 13
[2026-04-19T21:41:01.371Z] [STEP 2] Correos únicos=13 | plataforma_id únicos=4
[2026-04-19T21:41:01.371Z] [STEP 2] Time=1ms
[2026-04-19T21:41:01.402Z] [STEP 3] DB: conectado
[2026-04-19T21:41:01.422Z] [STEP 3] Filas obtenidas (futuras): 49
[2026-04-19T21:41:01.422Z] [STEP 3] Time=51ms
[2026-04-19T21:41:01.431Z] [STEP 4][RESUMEN] correo=keirenhgg17890@hotmail.com plataforma_id=1 (Amazon) filas=7 phones=573158436608,573124667478,573166274566,573153864944,573135407993,573116400774,573057779193
[2026-04-19T21:41:01.432Z] [STEP 4][RESUMEN] correo=medplay93@gmail.com plataforma_id=2 (Netflix) filas=4 phones=573163184209,573012465155,573014063130,573144658592
[2026-04-19T21:41:01.432Z] [STEP 4][RESUMEN] correo=medplay93+dis5@gmail.com plataforma_id=3 (Disney) filas=5 phones=573136201571,573213088307,573113372054,573245014566,573206193252
[2026-04-19T21:41:01.432Z] [STEP 4][RESUMEN] correo=medplay93+nv2@gmail.com plataforma_id=3 (Disney) filas=5 phones=573133658509,573013579141,573167001828,573222959907,573017301786
[2026-04-19T21:41:01.432Z] [STEP 4][RESUMEN] correo=foxfosfire@gmail.com plataforma_id=8 (Crunchyroll) filas=5 phones=573135427163,573027993362,573215968113,573209943709,573151399675
[2026-04-19T21:41:01.433Z] [STEP 4][RESUMEN] correo=sevatrena@gmail.com plataforma_id=8 (Crunchyroll) filas=4 phones=573208871549,573223308970,573178849927,573178930660
[2026-04-19T21:41:01.433Z] [STEP 4][RESUMEN] correo=shantellehoneywell1578@hotmail.com plataforma_id=8 (Crunchyroll) filas=4 phones=573144739379,573246101007,573145751227
[2026-04-19T21:41:01.433Z] [STEP 4][RESUMEN] correo=kristaswieca30@hotmail.com plataforma_id=8 (Crunchyroll) filas=1 phones=573202155199
[2026-04-19T21:41:01.433Z] [STEP 4][RESUMEN] correo=esmeraldagraboski587@hotmail.com plataforma_id=8 (Crunchyroll) filas=1 phones=573205268352
[2026-04-19T21:41:01.433Z] [STEP 4][RESUMEN] correo=florinedoane1582@hotmail.com plataforma_id=8 (Crunchyroll) filas=5 phones=573226354145,573233705610,573215789905,573017876821,573045467492
[2026-04-19T21:41:01.433Z] [STEP 4][RESUMEN] correo=anjalinebaugh979@hotmail.com plataforma_id=8 (Crunchyroll) filas=4 phones=573112369662,573158771114,573004813587,573217039703
[2026-04-19T21:41:01.434Z] [STEP 4][RESUMEN] correo=hildalizardi0393@hotmail.com plataforma_id=8 (Crunchyroll) filas=4 phones=573242387132,573178171587,573161488859,573045601999
[2026-04-19T21:41:01.434Z] [STEP 4] tasks=49 skippedPhone=0 skippedNoClave=0
[2026-04-19T21:41:01.434Z] [STEP 4] Time=12ms
[2026-04-19T21:41:01.434Z] [STEP 5] OK → hay tareas, continuamos a WA/CDP.
[2026-04-19T21:41:01.434Z] [STEP 6.1] START_SCRIPT=C:\Users\Santiago\medplay\scripts\start-edge-wa.bat
[2026-04-19T21:41:01.435Z] [STEP 6.1] Lanzando start-edge-wa.bat…
[2026-04-19T21:41:02.968Z] [STEP 6.2] Esperando CDP en 127.0.0.1:9222…
[2026-04-19T21:41:02.993Z] [STEP 6.2] CDP ok: true
[2026-04-19T21:41:06.090Z] [STEP 6.3] Preparando WhatsApp Web…
[2026-04-19T21:41:21.972Z] [STEP 6.3] ✅ WhatsApp Web listo.
[2026-04-19T21:41:21.973Z] [STEP 7] base gapEnv=12000ms
[2026-04-19T21:41:21.974Z] — BLOQUE — correo=anjalinebaugh979@hotmail.com | plataforma_id=8 (Crunchyroll)
[2026-04-19T21:41:21.975Z] → [1/49] phone=573004813587 correo=anjalinebaugh979@hotmail.com plataforma_id=8 (Crunchyroll) servicio=Pantalla pantalla=4 vence=09/05/2026
[2026-04-19T21:41:21.976Z] [STEP 7] 🔁 Abriendo chat (intento 1/3) con: https://web.whatsapp.com/send?phone=573004813587&text=Hola%20%2B57%2C%20te%20notificamos%20el%20*cambio%20de%20contrase%C3%B1a*%20asociado%20a%20tu%20correo%3A%20*anjalinebaugh979%40hotmail.com*.%0A%0A%E2%80%A2%20Crunchyroll%20%E2%80%94%20Pantalla%20%7C%20*Pantalla%204*%20%7C%20vence%3A%2009%2F05%2F2026%0A%0A*La%20nueva%20contrase%C3%B1a%20es%3A*%20crucni90%40%20%0ANo%20la%20compartas%20con%20nadie%3B%20%C2%A1que%20est%C3%A9s%20s%C3%BAper%20bien!%0A*Recuerda%20tu%20pantalla%20es%20la%20que%20ves%20arriba%3B%20solo%20puedes%20utilizar%20esa.*%0A%0A%0ANOTA%3A*NO%20MODIFICAR%20LOS%20NUMEROS%20DEL%20PERFIL%2C%20USAR%20UNICAMENTE%20EL%20QUE%20SE%20LE%20ASIGNO%20SIN%20CAMBIARLO*%0APARA%20EVITAR%20CODIGOS%20DEBES%20BORRAR%20HISTORIAL%20Y%20COOKIES%20----%3E%20%20%20%20%0AEN%20CELULAR%3A%20https%3A%2F%2Fwww.youtube.com%2Fwatch%3Fv%3DrEsApVI1-lk%0AEN%20EL%20COMPUTADOR%3A%20https%3A%2F%2Fwww.youtube.com%2Fwatch%3Fv%3D2pYn4px0YWI
[2026-04-19T21:41:22.901Z] [STEP 7] ↪ asentando vista ~7s…
[2026-04-19T21:41:32.395Z] [STEP 8] ↩️ Enviado (Enter)
[2026-04-19T21:41:32.396Z]    ↪ post-send pause ~6s…
[2026-04-19T21:41:38.688Z] ⏳ Pausa entre mensajes: ~16s…
[2026-04-19T21:41:54.733Z] → [2/49] phone=573112369662 correo=anjalinebaugh979@hotmail.com plataforma_id=8 (Crunchyroll) servicio=Pantalla pantalla=3 vence=21/04/2026
[2026-04-19T21:41:54.736Z] [STEP 7] 🔁 Abriendo chat (intento 1/3) con: https://web.whatsapp.com/send?phone=573112369662&text=Hola%20%2B57%2C%20te%20notificamos%20el%20*cambio%20de%20contrase%C3%B1a*%20asociado%20a%20tu%20correo%3A%20*anjalinebaugh979%40hotmail.com*.%0A%0A%E2%80%A2%20Crunchyroll%20%E2%80%94%20Pantalla%20%7C%20*Pantalla%203*%20%7C%20vence%3A%2021%2F04%2F2026%0A%0A*La%20nueva%20contrase%C3%B1a%20es%3A*%20crucni90%40%20%0ANo%20la%20compartas%20con%20nadie%3B%20%C2%A1que%20est%C3%A9s%20s%C3%BAper%20bien!%0A*Recuerda%20tu%20pantalla%20es%20la%20que%20ves%20arriba%3B%20solo%20puedes%20utilizar%20esa.*%0A%0A%0ANOTA%3A*NO%20MODIFICAR%20LOS%20NUMEROS%20DEL%20PERFIL%2C%20USAR%20UNICAMENTE%20EL%20QUE%20SE%20LE%20ASIGNO%20SIN%20CAMBIARLO*%0APARA%20EVITAR%20CODIGOS%20DEBES%20BORRAR%20HISTORIAL%20Y%20COOKIES%20----%3E%20%20%20%20%0AEN%20CELULAR%3A%20https%3A%2F%2Fwww.youtube.com%2Fwatch%3Fv%3DrEsApVI1-lk%0AEN%20EL%20COMPUTADOR%3A%20https%3A%2F%2Fwww.youtube.com%2Fwatch%3Fv%3D2pYn4px0YWI
[2026-04-19T21:41:56.662Z] [STEP 7] ↪ asentando vista ~7s…
[2026-04-19T21:42:07.394Z] [STEP 8] ↩️ Enviado (Enter)
[2026-04-19T21:42:07.395Z]    ↪ post-send pause ~8s…
[2026-04-19T21:42:15.694Z] ⏳ Pausa entre mensajes: ~17s…
[2026-04-19T21:42:32.665Z] → [3/49] phone=573158771114 correo=anjalinebaugh979@hotmail.com plataforma_id=8 (Crunchyroll) servicio=Pantalla pantalla=5 vence=02/05/2026
[2026-04-19T21:42:32.669Z] [STEP 7] 🔁 Abriendo chat (intento 1/3) con: https://web.whatsapp.com/send?phone=573158771114&text=Hola%20Yilmer%2C%20te%20notificamos%20el%20*cambio%20de%20contrase%C3%B1a*%20asociado%20a%20tu%20correo%3A%20*anjalinebaugh979%40hotmail.com*.%0A%0A%E2%80%A2%20Crunchyroll%20%E2%80%94%20Pantalla%20%7C%20*Pantalla%205*%20%7C%20vence%3A%2002%2F05%2F2026%0A%0A*La%20nueva%20contrase%C3%B1a%20es%3A*%20crucni90%40%20%0ANo%20la%20compartas%20con%20nadie%3B%20%C2%A1que%20est%C3%A9s%20s%C3%BAper%20bien!%0A*Recuerda%20tu%20pantalla%20es%20la%20que%20ves%20arriba%3B%20solo%20puedes%20utilizar%20esa.*%0A%0A%0ANOTA%3A*NO%20MODIFICAR%20LOS%20NUMEROS%20DEL%20PERFIL%2C%20USAR%20UNICAMENTE%20EL%20QUE%20SE%20LE%20ASIGNO%20SIN%20CAMBIARLO*%0APARA%20EVITAR%20CODIGOS%20DEBES%20BORRAR%20HISTORIAL%20Y%20COOKIES%20----%3E%20%20%20%20%0AEN%20CELULAR%3A%20https%3A%2F%2Fwww.youtube.com%2Fwatch%3Fv%3DrEsApVI1-lk%0AEN%20EL%20COMPUTADOR%3A%20https%3A%2F%2Fwww.youtube.com%2Fwatch%3Fv%3D2pYn4px0YWI
[2026-04-19T21:42:33.294Z] [STEP 7] ↪ asentando vista ~7s…
[2026-04-19T21:42:45.659Z] [STEP 8] ↩️ Enviado (Enter)
[2026-04-19T21:42:45.660Z]    ↪ post-send pause ~8s…
[2026-04-19T21:42:54.100Z] ⏳ Pausa entre mensajes: ~20s…
[2026-04-19T21:43:13.736Z] → [4/49] phone=573217039703 correo=anjalinebaugh979@hotmail.com plataforma_id=8 (Crunchyroll) servicio=Pantalla pantalla=1 vence=17/05/2026
[2026-04-19T21:43:13.738Z] [STEP 7] 🔁 Abriendo chat (intento 1/3) con: https://web.whatsapp.com/send?phone=573217039703&text=Hola%20Lorena%2C%20te%20notificamos%20el%20*cambio%20de%20contrase%C3%B1a*%20asociado%20a%20tu%20correo%3A%20*anjalinebaugh979%40hotmail.com*.%0A%0A%E2%80%A2%20Crunchyroll%20%E2%80%94%20Pantalla%20%7C%20*Pantalla%201*%20%7C%20vence%3A%2017%2F05%2F2026%0A%0A*La%20nueva%20contrase%C3%B1a%20es%3A*%20crucni90%40%20%0ANo%20la%20compartas%20con%20nadie%3B%20%C2%A1que%20est%C3%A9s%20s%C3%BAper%20bien!%0A*Recuerda%20tu%20pantalla%20es%20la%20que%20ves%20arriba%3B%20solo%20puedes%20utilizar%20esa.*%0A%0A%0ANOTA%3A*NO%20MODIFICAR%20LOS%20NUMEROS%20DEL%20PERFIL%2C%20USAR%20UNICAMENTE%20EL%20QUE%20SE%20LE%20ASIGNO%20SIN%20CAMBIARLO*%0APARA%20EVITAR%20CODIGOS%20DEBES%20BORRAR%20HISTORIAL%20Y%20COOKIES%20----%3E%20%20%20%20%0AEN%20CELULAR%3A%20https%3A%2F%2Fwww.youtube.com%2Fwatch%3Fv%3DrEsApVI1-lk%0AEN%20EL%20COMPUTADOR%3A%20https%3A%2F%2Fwww.youtube.com%2Fwatch%3Fv%3D2pYn4px0YWI
[2026-04-19T21:43:14.380Z] [STEP 7] ↪ asentando vista ~8s…
[2026-04-19T21:43:26.102Z] [STEP 8] ↩️ Enviado (Enter)
[2026-04-19T21:43:26.103Z]    ↪ post-send pause ~8s…
[2026-04-19T21:43:34.551Z] ⏳ Pausa entre mensajes: ~18s…
[2026-04-19T21:43:52.478Z] — BLOQUE — correo=esmeraldagraboski587@hotmail.com | plataforma_id=8 (Crunchyroll)
[2026-04-19T21:43:52.480Z] → [5/49] phone=573205268352 correo=esmeraldagraboski587@hotmail.com plataforma_id=8 (Crunchyroll) servicio=Pantalla pantalla=6 vence=08/05/2026
[2026-04-19T21:43:52.481Z] [STEP 7] 🔁 Abriendo chat (intento 1/3) con: https://web.whatsapp.com/send?phone=573205268352&text=Hola%20Rey%2C%20te%20notificamos%20el%20*cambio%20de%20contrase%C3%B1a*%20asociado%20a%20tu%20correo%3A%20*esmeraldagraboski587%40hotmail.com*.%0A%0A%E2%80%A2%20Crunchyroll%20%E2%80%94%20Pantalla%20%7C%20*Pantalla%206*%20%7C%20vence%3A%2008%2F05%2F2026%0A%0A*La%20nueva%20contrase%C3%B1a%20es%3A*%20medcrun99%40%20%0ANo%20la%20compartas%20con%20nadie%3B%20%C2%A1que%20est%C3%A9s%20s%C3%BAper%20bien!%0A*Recuerda%20tu%20pantalla%20es%20la%20que%20ves%20arriba%3B%20solo%20puedes%20utilizar%20esa.*%0A%0A%0ANOTA%3A*NO%20MODIFICAR%20LOS%20NUMEROS%20DEL%20PERFIL%2C%20USAR%20UNICAMENTE%20EL%20QUE%20SE%20LE%20ASIGNO%20SIN%20CAMBIARLO*%0APARA%20EVITAR%20CODIGOS%20DEBES%20BORRAR%20HISTORIAL%20Y%20COOKIES%20----%3E%20%20%20%20%0AEN%20CELULAR%3A%20https%3A%2F%2Fwww.youtube.com%2Fwatch%3Fv%3DrEsApVI1-lk%0AEN%20EL%20COMPUTADOR%3A%20https%3A%2F%2Fwww.youtube.com%2Fwatch%3Fv%3D2pYn4px0YWI
[2026-04-19T21:43:53.103Z] [STEP 7] ↪ asentando vista ~6s…
[2026-04-19T21:44:04.861Z] [STEP 8] ↩️ Enviado (Enter)
[2026-04-19T21:44:04.863Z]    ↪ post-send pause ~7s…
[2026-04-19T21:44:11.611Z] ⏳ Pausa entre mensajes: ~19s…
[2026-04-19T21:44:30.882Z] — BLOQUE — correo=florinedoane1582@hotmail.com | plataforma_id=8 (Crunchyroll)
[2026-04-19T21:44:30.884Z] → [6/49] phone=573017876821 correo=florinedoane1582@hotmail.com plataforma_id=8 (Crunchyroll) servicio=Pantalla pantalla=6 vence=23/04/2026
[2026-04-19T21:44:30.885Z] [STEP 7] 🔁 Abriendo chat (intento 1/3) con: https://web.whatsapp.com/send?phone=573017876821&text=Hola%20!%2C%20te%20notificamos%20el%20*cambio%20de%20contrase%C3%B1a*%20asociado%20a%20tu%20correo%3A%20*florinedoane1582%40hotmail.com*.%0A%0A%E2%80%A2%20Crunchyroll%20%E2%80%94%20Pantalla%20%7C%20*Pantalla%206*%20%7C%20vence%3A%2023%2F04%2F2026%0A%0A*La%20nueva%20contrase%C3%B1a%20es%3A*%20medcrun99%40%20%0ANo%20la%20compartas%20con%20nadie%3B%20%C2%A1que%20est%C3%A9s%20s%C3%BAper%20bien!%0A*Recuerda%20tu%20pantalla%20es%20la%20que%20ves%20arriba%3B%20solo%20puedes%20utilizar%20esa.*%0A%0A%0ANOTA%3A*NO%20MODIFICAR%20LOS%20NUMEROS%20DEL%20PERFIL%2C%20USAR%20UNICAMENTE%20EL%20QUE%20SE%20LE%20ASIGNO%20SIN%20CAMBIARLO*%0APARA%20EVITAR%20CODIGOS%20DEBES%20BORRAR%20HISTORIAL%20Y%20COOKIES%20----%3E%20%20%20%20%0AEN%20CELULAR%3A%20https%3A%2F%2Fwww.youtube.com%2Fwatch%3Fv%3DrEsApVI1-lk%0AEN%20EL%20COMPUTADOR%3A%20https%3A%2F%2Fwww.youtube.com%2Fwatch%3Fv%3D2pYn4px0YWI
[2026-04-19T21:44:31.527Z] [STEP 7] ↪ asentando vista ~8s…
[2026-04-19T21:44:43.288Z] [STEP 8] ↩️ Enviado (Enter)
[2026-04-19T21:44:43.290Z]    ↪ post-send pause ~10s…
[2026-04-19T21:44:53.255Z] ⏳ Pausa entre mensajes: ~19s…
[2026-04-19T21:45:12.311Z] → [7/49] phone=573045467492 correo=florinedoane1582@hotmail.com plataforma_id=8 (Crunchyroll) servicio=Pantalla pantalla=3 vence=08/05/2026
[2026-04-19T21:45:12.312Z] [STEP 7] 🔁 Abriendo chat (intento 1/3) con: https://web.whatsapp.com/send?phone=573045467492&text=Hola%20AyC%2C%20te%20notificamos%20el%20*cambio%20de%20contrase%C3%B1a*%20asociado%20a%20tu%20correo%3A%20*florinedoane1582%40hotmail.com*.%0A%0A%E2%80%A2%20Crunchyroll%20%E2%80%94%20Pantalla%20%7C%20*Pantalla%203*%20%7C%20vence%3A%2008%2F05%2F2026%0A%0A*La%20nueva%20contrase%C3%B1a%20es%3A*%20medcrun99%40%20%0ANo%20la%20compartas%20con%20nadie%3B%20%C2%A1que%20est%C3%A9s%20s%C3%BAper%20bien!%0A*Recuerda%20tu%20pantalla%20es%20la%20que%20ves%20arriba%3B%20solo%20puedes%20utilizar%20esa.*%0A%0A%0ANOTA%3A*NO%20MODIFICAR%20LOS%20NUMEROS%20DEL%20PERFIL%2C%20USAR%20UNICAMENTE%20EL%20QUE%20SE%20LE%20ASIGNO%20SIN%20CAMBIARLO*%0APARA%20EVITAR%20CODIGOS%20DEBES%20BORRAR%20HISTORIAL%20Y%20COOKIES%20----%3E%20%20%20%20%0AEN%20CELULAR%3A%20https%3A%2F%2Fwww.youtube.com%2Fwatch%3Fv%3DrEsApVI1-lk%0AEN%20EL%20COMPUTADOR%3A%20https%3A%2F%2Fwww.youtube.com%2Fwatch%3Fv%3D2pYn4px0YWI
[2026-04-19T21:45:22.005Z] [STEP 7] ↪ asentando vista ~7s…
[2026-04-19T21:45:32.835Z] [STEP 8] ↩️ Enviado (Enter)
[2026-04-19T21:45:32.836Z]    ↪ post-send pause ~9s…
[2026-04-19T21:45:41.354Z] ⏳ Pausa entre mensajes: ~17s…
[2026-04-19T21:45:58.621Z] → [8/49] phone=573215789905 correo=florinedoane1582@hotmail.com plataforma_id=8 (Crunchyroll) servicio=Pantalla pantalla=2 vence=22/04/2026
[2026-04-19T21:45:58.623Z] [STEP 7] 🔁 Abriendo chat (intento 1/3) con: https://web.whatsapp.com/send?phone=573215789905&text=Hola%20Deimer%2C%20te%20notificamos%20el%20*cambio%20de%20contrase%C3%B1a*%20asociado%20a%20tu%20correo%3A%20*florinedoane1582%40hotmail.com*.%0A%0A%E2%80%A2%20Crunchyroll%20%E2%80%94%20Pantalla%20%7C%20*Pantalla%202*%20%7C%20vence%3A%2022%2F04%2F2026%0A%0A*La%20nueva%20contrase%C3%B1a%20es%3A*%20medcrun99%40%20%0ANo%20la%20compartas%20con%20nadie%3B%20%C2%A1que%20est%C3%A9s%20s%C3%BAper%20bien!%0A*Recuerda%20tu%20pantalla%20es%20la%20que%20ves%20arriba%3B%20solo%20puedes%20utilizar%20esa.*%0A%0A%0ANOTA%3A*NO%20MODIFICAR%20LOS%20NUMEROS%20DEL%20PERFIL%2C%20USAR%20UNICAMENTE%20EL%20QUE%20SE%20LE%20ASIGNO%20SIN%20CAMBIARLO*%0APARA%20EVITAR%20CODIGOS%20DEBES%20BORRAR%20HISTORIAL%20Y%20COOKIES%20----%3E%20%20%20%20%0AEN%20CELULAR%3A%20https%3A%2F%2Fwww.youtube.com%2Fwatch%3Fv%3DrEsApVI1-lk%0AEN%20EL%20COMPUTADOR%3A%20https%3A%2F%2Fwww.youtube.com%2Fwatch%3Fv%3D2pYn4px0YWI
[2026-04-19T21:45:59.910Z] [STEP 7] ↪ asentando vista ~10s…
[2026-04-19T21:46:12.327Z] [STEP 8] ↩️ Enviado (Enter)
[2026-04-19T21:46:12.328Z]    ↪ post-send pause ~6s…
[2026-04-19T21:46:18.742Z] ⏳ Pausa entre mensajes: ~19s…
[2026-04-19T21:46:37.772Z] → [9/49] phone=573226354145 correo=florinedoane1582@hotmail.com plataforma_id=8 (Crunchyroll) servicio=Pantalla pantalla=1 vence=21/04/2026
[2026-04-19T21:46:37.773Z] [STEP 7] 🔁 Abriendo chat (intento 1/3) con: https://web.whatsapp.com/send?phone=573226354145&text=Hola%20!%2C%20te%20notificamos%20el%20*cambio%20de%20contrase%C3%B1a*%20asociado%20a%20tu%20correo%3A%20*florinedoane1582%40hotmail.com*.%0A%0A%E2%80%A2%20Crunchyroll%20%E2%80%94%20Pantalla%20%7C%20*Pantalla%201*%20%7C%20vence%3A%2021%2F04%2F2026%0A%0A*La%20nueva%20contrase%C3%B1a%20es%3A*%20medcrun99%40%20%0ANo%20la%20compartas%20con%20nadie%3B%20%C2%A1que%20est%C3%A9s%20s%C3%BAper%20bien!%0A*Recuerda%20tu%20pantalla%20es%20la%20que%20ves%20arriba%3B%20solo%20puedes%20utilizar%20esa.*%0A%0A%0ANOTA%3A*NO%20MODIFICAR%20LOS%20NUMEROS%20DEL%20PERFIL%2C%20USAR%20UNICAMENTE%20EL%20QUE%20SE%20LE%20ASIGNO%20SIN%20CAMBIARLO*%0APARA%20EVITAR%20CODIGOS%20DEBES%20BORRAR%20HISTORIAL%20Y%20COOKIES%20----%3E%20%20%20%20%0AEN%20CELULAR%3A%20https%3A%2F%2Fwww.youtube.com%2Fwatch%3Fv%3DrEsApVI1-lk%0AEN%20EL%20COMPUTADOR%3A%20https%3A%2F%2Fwww.youtube.com%2Fwatch%3Fv%3D2pYn4px0YWI
[2026-04-19T21:46:38.488Z] [STEP 7] ↪ asentando vista ~8s…
[2026-04-19T21:46:50.919Z] [STEP 8] ↩️ Enviado (Enter)
[2026-04-19T21:46:50.920Z]    ↪ post-send pause ~8s…
[2026-04-19T21:46:59.398Z] ⏳ Pausa entre mensajes: ~19s…
[2026-04-19T21:47:18.585Z] → [10/49] phone=573233705610 correo=florinedoane1582@hotmail.com plataforma_id=8 (Crunchyroll) servicio=Pantalla pantalla=5 vence=22/04/2026
[2026-04-19T21:47:18.587Z] [STEP 7] 🔁 Abriendo chat (intento 1/3) con: https://web.whatsapp.com/send?phone=573233705610&text=Hola%20%2B57%2C%20te%20notificamos%20el%20*cambio%20de%20contrase%C3%B1a*%20asociado%20a%20tu%20correo%3A%20*florinedoane1582%40hotmail.com*.%0A%0A%E2%80%A2%20Crunchyroll%20%E2%80%94%20Pantalla%20%7C%20*Pantalla%205*%20%7C%20vence%3A%2022%2F04%2F2026%0A%0A*La%20nueva%20contrase%C3%B1a%20es%3A*%20medcrun99%40%20%0ANo%20la%20compartas%20con%20nadie%3B%20%C2%A1que%20est%C3%A9s%20s%C3%BAper%20bien!%0A*Recuerda%20tu%20pantalla%20es%20la%20que%20ves%20arriba%3B%20solo%20puedes%20utilizar%20esa.*%0A%0A%0ANOTA%3A*NO%20MODIFICAR%20LOS%20NUMEROS%20DEL%20PERFIL%2C%20USAR%20UNICAMENTE%20EL%20QUE%20SE%20LE%20ASIGNO%20SIN%20CAMBIARLO*%0APARA%20EVITAR%20CODIGOS%20DEBES%20BORRAR%20HISTORIAL%20Y%20COOKIES%20----%3E%20%20%20%20%0AEN%20CELULAR%3A%20https%3A%2F%2Fwww.youtube.com%2Fwatch%3Fv%3DrEsApVI1-lk%0AEN%20EL%20COMPUTADOR%3A%20https%3A%2F%2Fwww.youtube.com%2Fwatch%3Fv%3D2pYn4px0YWI
[2026-04-19T21:47:19.888Z] [STEP 7] ↪ asentando vista ~8s…
[2026-04-19T21:47:31.015Z] [STEP 8] ↩️ Enviado (Enter)
[2026-04-19T21:47:31.017Z]    ↪ post-send pause ~7s…
[2026-04-19T21:47:38.108Z] ⏳ Pausa entre mensajes: ~19s…
[2026-04-19T21:47:57.439Z] — BLOQUE — correo=foxfosfire@gmail.com | plataforma_id=8 (Crunchyroll)
[2026-04-19T21:47:57.443Z] → [11/49] phone=573027993362 correo=foxfosfire@gmail.com plataforma_id=8 (Crunchyroll) servicio=Pantalla pantalla=2 vence=24/04/2026
[2026-04-19T21:47:57.444Z] [STEP 7] 🔁 Abriendo chat (intento 1/3) con: https://web.whatsapp.com/send?phone=573027993362&text=Hola%20!%2C%20te%20notificamos%20el%20*cambio%20de%20contrase%C3%B1a*%20asociado%20a%20tu%20correo%3A%20*foxfosfire%40gmail.com*.%0A%0A%E2%80%A2%20Crunchyroll%20%E2%80%94%20Pantalla%20%7C%20*Pantalla%202*%20%7C%20vence%3A%2024%2F04%2F2026%0A%0A*La%20nueva%20contrase%C3%B1a%20es%3A*%20cruncu87%40%20%0ANo%20la%20compartas%20con%20nadie%3B%20%C2%A1que%20est%C3%A9s%20s%C3%BAper%20bien!%0A*Recuerda%20tu%20pantalla%20es%20la%20que%20ves%20arriba%3B%20solo%20puedes%20utilizar%20esa.*%0A%0A%0ANOTA%3A*NO%20MODIFICAR%20LOS%20NUMEROS%20DEL%20PERFIL%2C%20USAR%20UNICAMENTE%20EL%20QUE%20SE%20LE%20ASIGNO%20SIN%20CAMBIARLO*%0APARA%20EVITAR%20CODIGOS%20DEBES%20BORRAR%20HISTORIAL%20Y%20COOKIES%20----%3E%20%20%20%20%0AEN%20CELULAR%3A%20https%3A%2F%2Fwww.youtube.com%2Fwatch%3Fv%3DrEsApVI1-lk%0AEN%20EL%20COMPUTADOR%3A%20https%3A%2F%2Fwww.youtube.com%2Fwatch%3Fv%3D2pYn4px0YWI
[2026-04-19T21:47:58.063Z] [STEP 7] ↪ asentando vista ~6s…
[2026-04-19T21:48:10.118Z] [STEP 8] ↩️ Enviado (Enter)
[2026-04-19T21:48:10.119Z]    ↪ post-send pause ~7s…
[2026-04-19T21:48:17.023Z] ⏳ Pausa entre mensajes: ~20s…
[2026-04-19T21:48:36.721Z] → [12/49] phone=573135427163 correo=foxfosfire@gmail.com plataforma_id=8 (Crunchyroll) servicio=Pantalla pantalla=5 vence=03/06/2026
[2026-04-19T21:48:36.722Z] [STEP 7] 🔁 Abriendo chat (intento 1/3) con: https://web.whatsapp.com/send?phone=573135427163&text=Hola%20Estefania%2C%20te%20notificamos%20el%20*cambio%20de%20contrase%C3%B1a*%20asociado%20a%20tu%20correo%3A%20*foxfosfire%40gmail.com*.%0A%0A%E2%80%A2%20Crunchyroll%20%E2%80%94%20Pantalla%20%7C%20*Pantalla%205*%20%7C%20vence%3A%2003%2F06%2F2026%0A%0A*La%20nueva%20contrase%C3%B1a%20es%3A*%20cruncu87%40%20%0ANo%20la%20compartas%20con%20nadie%3B%20%C2%A1que%20est%C3%A9s%20s%C3%BAper%20bien!%0A*Recuerda%20tu%20pantalla%20es%20la%20que%20ves%20arriba%3B%20solo%20puedes%20utilizar%20esa.*%0A%0A%0ANOTA%3A*NO%20MODIFICAR%20LOS%20NUMEROS%20DEL%20PERFIL%2C%20USAR%20UNICAMENTE%20EL%20QUE%20SE%20LE%20ASIGNO%20SIN%20CAMBIARLO*%0APARA%20EVITAR%20CODIGOS%20DEBES%20BORRAR%20HISTORIAL%20Y%20COOKIES%20----%3E%20%20%20%20%0AEN%20CELULAR%3A%20https%3A%2F%2Fwww.youtube.com%2Fwatch%3Fv%3DrEsApVI1-lk%0AEN%20EL%20COMPUTADOR%3A%20https%3A%2F%2Fwww.youtube.com%2Fwatch%3Fv%3D2pYn4px0YWI
[2026-04-19T21:48:37.420Z] [STEP 7] ↪ asentando vista ~10s…
[2026-04-19T21:48:49.555Z] [STEP 8] ↩️ Enviado (Enter)
[2026-04-19T21:48:49.557Z]    ↪ post-send pause ~8s…
[2026-04-19T21:48:57.971Z] ⏳ Pausa entre mensajes: ~20s…
[2026-04-19T21:49:18.126Z] → [13/49] phone=573151399675 correo=foxfosfire@gmail.com plataforma_id=8 (Crunchyroll) servicio=Pantalla pantalla=6 vence=14/05/2026
[2026-04-19T21:49:18.128Z] [STEP 7] 🔁 Abriendo chat (intento 1/3) con: https://web.whatsapp.com/send?phone=573151399675&text=Hola%20%2B57%2C%20te%20notificamos%20el%20*cambio%20de%20contrase%C3%B1a*%20asociado%20a%20tu%20correo%3A%20*foxfosfire%40gmail.com*.%0A%0A%E2%80%A2%20Crunchyroll%20%E2%80%94%20Pantalla%20%7C%20*Pantalla%206*%20%7C%20vence%3A%2014%2F05%2F2026%0A%0A*La%20nueva%20contrase%C3%B1a%20es%3A*%20cruncu87%40%20%0ANo%20la%20compartas%20con%20nadie%3B%20%C2%A1que%20est%C3%A9s%20s%C3%BAper%20bien!%0A*Recuerda%20tu%20pantalla%20es%20la%20que%20ves%20arriba%3B%20solo%20puedes%20utilizar%20esa.*%0A%0A%0ANOTA%3A*NO%20MODIFICAR%20LOS%20NUMEROS%20DEL%20PERFIL%2C%20USAR%20UNICAMENTE%20EL%20QUE%20SE%20LE%20ASIGNO%20SIN%20CAMBIARLO*%0APARA%20EVITAR%20CODIGOS%20DEBES%20BORRAR%20HISTORIAL%20Y%20COOKIES%20----%3E%20%20%20%20%0AEN%20CELULAR%3A%20https%3A%2F%2Fwww.youtube.com%2Fwatch%3Fv%3DrEsApVI1-lk%0AEN%20EL%20COMPUTADOR%3A%20https%3A%2F%2Fwww.youtube.com%2Fwatch%3Fv%3D2pYn4px0YWI
[2026-04-19T21:49:21.255Z] [STEP 7] ↪ asentando vista ~6s…
[2026-04-19T21:49:32.064Z] [STEP 8] ↩️ Enviado (Enter)
[2026-04-19T21:49:32.065Z]    ↪ post-send pause ~8s…
[2026-04-19T21:49:40.145Z] ⏳ Pausa entre mensajes: ~18s…
[2026-04-19T21:49:58.588Z] → [14/49] phone=573209943709 correo=foxfosfire@gmail.com plataforma_id=8 (Crunchyroll) servicio=Pantalla pantalla=3 vence=10/05/2026
[2026-04-19T21:49:58.590Z] [STEP 7] 🔁 Abriendo chat (intento 1/3) con: https://web.whatsapp.com/send?phone=573209943709&text=Hola%20Yulitza%2C%20te%20notificamos%20el%20*cambio%20de%20contrase%C3%B1a*%20asociado%20a%20tu%20correo%3A%20*foxfosfire%40gmail.com*.%0A%0A%E2%80%A2%20Crunchyroll%20%E2%80%94%20Pantalla%20%7C%20*Pantalla%203*%20%7C%20vence%3A%2010%2F05%2F2026%0A%0A*La%20nueva%20contrase%C3%B1a%20es%3A*%20cruncu87%40%20%0ANo%20la%20compartas%20con%20nadie%3B%20%C2%A1que%20est%C3%A9s%20s%C3%BAper%20bien!%0A*Recuerda%20tu%20pantalla%20es%20la%20que%20ves%20arriba%3B%20solo%20puedes%20utilizar%20esa.*%0A%0A%0ANOTA%3A*NO%20MODIFICAR%20LOS%20NUMEROS%20DEL%20PERFIL%2C%20USAR%20UNICAMENTE%20EL%20QUE%20SE%20LE%20ASIGNO%20SIN%20CAMBIARLO*%0APARA%20EVITAR%20CODIGOS%20DEBES%20BORRAR%20HISTORIAL%20Y%20COOKIES%20----%3E%20%20%20%20%0AEN%20CELULAR%3A%20https%3A%2F%2Fwww.youtube.com%2Fwatch%3Fv%3DrEsApVI1-lk%0AEN%20EL%20COMPUTADOR%3A%20https%3A%2F%2Fwww.youtube.com%2Fwatch%3Fv%3D2pYn4px0YWI
[2026-04-19T21:49:59.355Z] [STEP 7] ↪ asentando vista ~7s…
[2026-04-19T21:50:10.973Z] [STEP 8] ↩️ Enviado (Enter)
[2026-04-19T21:50:10.974Z]    ↪ post-send pause ~10s…
[2026-04-19T21:50:20.887Z] ⏳ Pausa entre mensajes: ~18s…
[2026-04-19T21:50:39.053Z] → [15/49] phone=573215968113 correo=foxfosfire@gmail.com plataforma_id=8 (Crunchyroll) servicio=Pantalla pantalla=1 vence=10/05/2026
[2026-04-19T21:50:39.056Z] [STEP 7] 🔁 Abriendo chat (intento 1/3) con: https://web.whatsapp.com/send?phone=573215968113&text=Hola%20%2B57%2C%20te%20notificamos%20el%20*cambio%20de%20contrase%C3%B1a*%20asociado%20a%20tu%20correo%3A%20*foxfosfire%40gmail.com*.%0A%0A%E2%80%A2%20Crunchyroll%20%E2%80%94%20Pantalla%20%7C%20*Pantalla%201*%20%7C%20vence%3A%2010%2F05%2F2026%0A%0A*La%20nueva%20contrase%C3%B1a%20es%3A*%20cruncu87%40%20%0ANo%20la%20compartas%20con%20nadie%3B%20%C2%A1que%20est%C3%A9s%20s%C3%BAper%20bien!%0A*Recuerda%20tu%20pantalla%20es%20la%20que%20ves%20arriba%3B%20solo%20puedes%20utilizar%20esa.*%0A%0A%0ANOTA%3A*NO%20MODIFICAR%20LOS%20NUMEROS%20DEL%20PERFIL%2C%20USAR%20UNICAMENTE%20EL%20QUE%20SE%20LE%20ASIGNO%20SIN%20CAMBIARLO*%0APARA%20EVITAR%20CODIGOS%20DEBES%20BORRAR%20HISTORIAL%20Y%20COOKIES%20----%3E%20%20%20%20%0AEN%20CELULAR%3A%20https%3A%2F%2Fwww.youtube.com%2Fwatch%3Fv%3DrEsApVI1-lk%0AEN%20EL%20COMPUTADOR%3A%20https%3A%2F%2Fwww.youtube.com%2Fwatch%3Fv%3D2pYn4px0YWI
[2026-04-19T21:50:46.119Z] [STEP 7] ↪ asentando vista ~8s…
[2026-04-19T21:50:56.906Z] [STEP 8] ↩️ Enviado (Enter)
[2026-04-19T21:50:56.907Z]    ↪ post-send pause ~6s…
[2026-04-19T21:51:03.248Z] ⏳ Pausa entre mensajes: ~20s…
[2026-04-19T21:51:23.406Z] — BLOQUE — correo=hildalizardi0393@hotmail.com | plataforma_id=8 (Crunchyroll)
[2026-04-19T21:51:23.409Z] → [16/49] phone=573045601999 correo=hildalizardi0393@hotmail.com plataforma_id=8 (Crunchyroll) servicio=Pantalla pantalla=2 vence=17/05/2026
[2026-04-19T21:51:23.410Z] [STEP 7] 🔁 Abriendo chat (intento 1/3) con: https://web.whatsapp.com/send?phone=573045601999&text=Hola%20%2B57%2C%20te%20notificamos%20el%20*cambio%20de%20contrase%C3%B1a*%20asociado%20a%20tu%20correo%3A%20*hildalizardi0393%40hotmail.com*.%0A%0A%E2%80%A2%20Crunchyroll%20%E2%80%94%20Pantalla%20%7C%20*Pantalla%202*%20%7C%20vence%3A%2017%2F05%2F2026%0A%0A*La%20nueva%20contrase%C3%B1a%20es%3A*%20cruncu872%40%20%0ANo%20la%20compartas%20con%20nadie%3B%20%C2%A1que%20est%C3%A9s%20s%C3%BAper%20bien!%0A*Recuerda%20tu%20pantalla%20es%20la%20que%20ves%20arriba%3B%20solo%20puedes%20utilizar%20esa.*%0A%0A%0ANOTA%3A*NO%20MODIFICAR%20LOS%20NUMEROS%20DEL%20PERFIL%2C%20USAR%20UNICAMENTE%20EL%20QUE%20SE%20LE%20ASIGNO%20SIN%20CAMBIARLO*%0APARA%20EVITAR%20CODIGOS%20DEBES%20BORRAR%20HISTORIAL%20Y%20COOKIES%20----%3E%20%20%20%20%0AEN%20CELULAR%3A%20https%3A%2F%2Fwww.youtube.com%2Fwatch%3Fv%3DrEsApVI1-lk%0AEN%20EL%20COMPUTADOR%3A%20https%3A%2F%2Fwww.youtube.com%2Fwatch%3Fv%3D2pYn4px0YWI
[2026-04-19T21:51:24.097Z] [STEP 7] ↪ asentando vista ~7s…
[2026-04-19T21:51:35.891Z] [STEP 8] ↩️ Enviado (Enter)
[2026-04-19T21:51:35.892Z]    ↪ post-send pause ~7s…
[2026-04-19T21:51:42.727Z] ⏳ Pausa entre mensajes: ~18s…
[2026-04-19T21:52:00.611Z] → [17/49] phone=573161488859 correo=hildalizardi0393@hotmail.com plataforma_id=8 (Crunchyroll) servicio=Pantalla pantalla=6 vence=07/05/2026
[2026-04-19T21:52:00.613Z] [STEP 7] 🔁 Abriendo chat (intento 1/3) con: https://web.whatsapp.com/send?phone=573161488859&text=Hola%20!%2C%20te%20notificamos%20el%20*cambio%20de%20contrase%C3%B1a*%20asociado%20a%20tu%20correo%3A%20*hildalizardi0393%40hotmail.com*.%0A%0A%E2%80%A2%20Crunchyroll%20%E2%80%94%20Pantalla%20%7C%20*Pantalla%206*%20%7C%20vence%3A%2007%2F05%2F2026%0A%0A*La%20nueva%20contrase%C3%B1a%20es%3A*%20cruncu872%40%20%0ANo%20la%20compartas%20con%20nadie%3B%20%C2%A1que%20est%C3%A9s%20s%C3%BAper%20bien!%0A*Recuerda%20tu%20pantalla%20es%20la%20que%20ves%20arriba%3B%20solo%20puedes%20utilizar%20esa.*%0A%0A%0ANOTA%3A*NO%20MODIFICAR%20LOS%20NUMEROS%20DEL%20PERFIL%2C%20USAR%20UNICAMENTE%20EL%20QUE%20SE%20LE%20ASIGNO%20SIN%20CAMBIARLO*%0APARA%20EVITAR%20CODIGOS%20DEBES%20BORRAR%20HISTORIAL%20Y%20COOKIES%20----%3E%20%20%20%20%0AEN%20CELULAR%3A%20https%3A%2F%2Fwww.youtube.com%2Fwatch%3Fv%3DrEsApVI1-lk%0AEN%20EL%20COMPUTADOR%3A%20https%3A%2F%2Fwww.youtube.com%2Fwatch%3Fv%3D2pYn4px0YWI
[2026-04-19T21:52:01.343Z] [STEP 7] ↪ asentando vista ~10s…
[2026-04-19T21:52:13.001Z] [STEP 8] ↩️ Enviado (Enter)
[2026-04-19T21:52:13.002Z]    ↪ post-send pause ~8s…
[2026-04-19T21:52:21.041Z] ⏳ Pausa entre mensajes: ~21s…
[2026-04-19T21:52:41.615Z] → [18/49] phone=573178171587 correo=hildalizardi0393@hotmail.com plataforma_id=8 (Crunchyroll) servicio=Pantalla pantalla=3 vence=01/05/2026
[2026-04-19T21:52:41.617Z] [STEP 7] 🔁 Abriendo chat (intento 1/3) con: https://web.whatsapp.com/send?phone=573178171587&text=Hola%20Pablo%2C%20te%20notificamos%20el%20*cambio%20de%20contrase%C3%B1a*%20asociado%20a%20tu%20correo%3A%20*hildalizardi0393%40hotmail.com*.%0A%0A%E2%80%A2%20Crunchyroll%20%E2%80%94%20Pantalla%20%7C%20*Pantalla%203*%20%7C%20vence%3A%2001%2F05%2F2026%0A%0A*La%20nueva%20contrase%C3%B1a%20es%3A*%20cruncu872%40%20%0ANo%20la%20compartas%20con%20nadie%3B%20%C2%A1que%20est%C3%A9s%20s%C3%BAper%20bien!%0A*Recuerda%20tu%20pantalla%20es%20la%20que%20ves%20arriba%3B%20solo%20puedes%20utilizar%20esa.*%0A%0A%0ANOTA%3A*NO%20MODIFICAR%20LOS%20NUMEROS%20DEL%20PERFIL%2C%20USAR%20UNICAMENTE%20EL%20QUE%20SE%20LE%20ASIGNO%20SIN%20CAMBIARLO*%0APARA%20EVITAR%20CODIGOS%20DEBES%20BORRAR%20HISTORIAL%20Y%20COOKIES%20----%3E%20%20%20%20%0AEN%20CELULAR%3A%20https%3A%2F%2Fwww.youtube.com%2Fwatch%3Fv%3DrEsApVI1-lk%0AEN%20EL%20COMPUTADOR%3A%20https%3A%2F%2Fwww.youtube.com%2Fwatch%3Fv%3D2pYn4px0YWI
[2026-04-19T21:52:42.268Z] [STEP 7] ↪ asentando vista ~7s…
[2026-04-19T21:52:52.535Z] [STEP 8] ↩️ Enviado (Enter)
[2026-04-19T21:52:52.536Z]    ↪ post-send pause ~9s…
[2026-04-19T21:53:01.641Z] ⏳ Pausa entre mensajes: ~19s…
[2026-04-19T21:53:20.989Z] → [19/49] phone=573242387132 correo=hildalizardi0393@hotmail.com plataforma_id=8 (Crunchyroll) servicio=Pantalla pantalla=1 vence=01/05/2026
[2026-04-19T21:53:20.991Z] [STEP 7] 🔁 Abriendo chat (intento 1/3) con: https://web.whatsapp.com/send?phone=573242387132&text=Hola%20Andres%2C%20te%20notificamos%20el%20*cambio%20de%20contrase%C3%B1a*%20asociado%20a%20tu%20correo%3A%20*hildalizardi0393%40hotmail.com*.%0A%0A%E2%80%A2%20Crunchyroll%20%E2%80%94%20Pantalla%20%7C%20*Pantalla%201*%20%7C%20vence%3A%2001%2F05%2F2026%0A%0A*La%20nueva%20contrase%C3%B1a%20es%3A*%20cruncu872%40%20%0ANo%20la%20compartas%20con%20nadie%3B%20%C2%A1que%20est%C3%A9s%20s%C3%BAper%20bien!%0A*Recuerda%20tu%20pantalla%20es%20la%20que%20ves%20arriba%3B%20solo%20puedes%20utilizar%20esa.*%0A%0A%0ANOTA%3A*NO%20MODIFICAR%20LOS%20NUMEROS%20DEL%20PERFIL%2C%20USAR%20UNICAMENTE%20EL%20QUE%20SE%20LE%20ASIGNO%20SIN%20CAMBIARLO*%0APARA%20EVITAR%20CODIGOS%20DEBES%20BORRAR%20HISTORIAL%20Y%20COOKIES%20----%3E%20%20%20%20%0AEN%20CELULAR%3A%20https%3A%2F%2Fwww.youtube.com%2Fwatch%3Fv%3DrEsApVI1-lk%0AEN%20EL%20COMPUTADOR%3A%20https%3A%2F%2Fwww.youtube.com%2Fwatch%3Fv%3D2pYn4px0YWI
[2026-04-19T21:53:28.260Z] [STEP 7] ↪ asentando vista ~8s…
[2026-04-19T21:53:39.066Z] [STEP 8] ↩️ Enviado (Enter)
[2026-04-19T21:53:39.067Z]    ↪ post-send pause ~8s…
[2026-04-19T21:53:47.175Z] ⏳ Pausa entre mensajes: ~17s…
[2026-04-19T21:54:04.025Z] — BLOQUE — correo=keirenhgg17890@hotmail.com | plataforma_id=1 (Amazon)
[2026-04-19T21:54:04.026Z] → [20/49] phone=573057779193 correo=keirenhgg17890@hotmail.com plataforma_id=1 (Amazon) servicio=Pantalla pantalla=2 vence=14/05/2026
[2026-04-19T21:54:04.028Z] [STEP 7] 🔁 Abriendo chat (intento 1/3) con: https://web.whatsapp.com/send?phone=573057779193&text=Hola%20Thomas%2C%20te%20notificamos%20el%20*cambio%20de%20contrase%C3%B1a*%20asociado%20a%20tu%20correo%3A%20*keirenhgg17890%40hotmail.com*.%0A%0A%E2%80%A2%20Amazon%20%E2%80%94%20Pantalla%20%7C%20*Pantalla%202*%20%7C%20vence%3A%2014%2F05%2F2026%0A%0A*La%20nueva%20contrase%C3%B1a%20es%3A*%20amazon09pri%20%0ANo%20la%20compartas%20con%20nadie%3B%20%C2%A1que%20est%C3%A9s%20s%C3%BAper%20bien!%0A*Recuerda%20tu%20pantalla%20es%20la%20que%20ves%20arriba%3B%20solo%20puedes%20utilizar%20esa.*%0A%0A%0ANOTA%3A*NO%20MODIFICAR%20LOS%20NUMEROS%20DEL%20PERFIL%2C%20USAR%20UNICAMENTE%20EL%20QUE%20SE%20LE%20ASIGNO%20SIN%20CAMBIARLO*%0APARA%20EVITAR%20CODIGOS%20DEBES%20BORRAR%20HISTORIAL%20Y%20COOKIES%20----%3E%20%20%20%20%0AEN%20CELULAR%3A%20https%3A%2F%2Fwww.youtube.com%2Fwatch%3Fv%3DrEsApVI1-lk%0AEN%20EL%20COMPUTADOR%3A%20https%3A%2F%2Fwww.youtube.com%2Fwatch%3Fv%3D2pYn4px0YWI
[2026-04-19T21:54:05.396Z] [STEP 7] ↪ asentando vista ~7s…
[2026-04-19T21:54:16.976Z] [STEP 8] ↩️ Enviado (Enter)
[2026-04-19T21:54:16.977Z]    ↪ post-send pause ~7s…
[2026-04-19T21:54:23.654Z] ⏳ Pausa entre mensajes: ~16s…
[2026-04-19T21:54:40.045Z] → [21/49] phone=573116400774 correo=keirenhgg17890@hotmail.com plataforma_id=1 (Amazon) servicio=Pantalla pantalla=7 vence=08/05/2026
[2026-04-19T21:54:40.046Z] [STEP 7] 🔁 Abriendo chat (intento 1/3) con: https://web.whatsapp.com/send?phone=573116400774&text=Hola%20Dannia%2C%20te%20notificamos%20el%20*cambio%20de%20contrase%C3%B1a*%20asociado%20a%20tu%20correo%3A%20*keirenhgg17890%40hotmail.com*.%0A%0A%E2%80%A2%20Amazon%20%E2%80%94%20Pantalla%20%7C%20*Pantalla%207*%20%7C%20vence%3A%2008%2F05%2F2026%0A%0A*La%20nueva%20contrase%C3%B1a%20es%3A*%20amazon09pri%20%0ANo%20la%20compartas%20con%20nadie%3B%20%C2%A1que%20est%C3%A9s%20s%C3%BAper%20bien!%0A*Recuerda%20tu%20pantalla%20es%20la%20que%20ves%20arriba%3B%20solo%20puedes%20utilizar%20esa.*%0A%0A%0ANOTA%3A*NO%20MODIFICAR%20LOS%20NUMEROS%20DEL%20PERFIL%2C%20USAR%20UNICAMENTE%20EL%20QUE%20SE%20LE%20ASIGNO%20SIN%20CAMBIARLO*%0APARA%20EVITAR%20CODIGOS%20DEBES%20BORRAR%20HISTORIAL%20Y%20COOKIES%20----%3E%20%20%20%20%0AEN%20CELULAR%3A%20https%3A%2F%2Fwww.youtube.com%2Fwatch%3Fv%3DrEsApVI1-lk%0AEN%20EL%20COMPUTADOR%3A%20https%3A%2F%2Fwww.youtube.com%2Fwatch%3Fv%3D2pYn4px0YWI
[2026-04-19T21:54:41.244Z] [STEP 7] ↪ asentando vista ~6s…
[2026-04-19T21:54:52.607Z] [STEP 8] ↩️ Enviado (Enter)
[2026-04-19T21:54:52.608Z]    ↪ post-send pause ~7s…
[2026-04-19T21:54:59.324Z] ⏳ Pausa entre mensajes: ~17s…
[2026-04-19T21:55:16.017Z] → [22/49] phone=573124667478 correo=keirenhgg17890@hotmail.com plataforma_id=1 (Amazon) servicio=Pantalla pantalla=4 vence=28/04/2026
[2026-04-19T21:55:16.019Z] [STEP 7] 🔁 Abriendo chat (intento 1/3) con: https://web.whatsapp.com/send?phone=573124667478&text=Hola%20Felipe%2C%20te%20notificamos%20el%20*cambio%20de%20contrase%C3%B1a*%20asociado%20a%20tu%20correo%3A%20*keirenhgg17890%40hotmail.com*.%0A%0A%E2%80%A2%20Amazon%20%E2%80%94%20Pantalla%20%7C%20*Pantalla%204*%20%7C%20vence%3A%2028%2F04%2F2026%0A%0A*La%20nueva%20contrase%C3%B1a%20es%3A*%20amazon09pri%20%0ANo%20la%20compartas%20con%20nadie%3B%20%C2%A1que%20est%C3%A9s%20s%C3%BAper%20bien!%0A*Recuerda%20tu%20pantalla%20es%20la%20que%20ves%20arriba%3B%20solo%20puedes%20utilizar%20esa.*%0A%0A%0ANOTA%3A*NO%20MODIFICAR%20LOS%20NUMEROS%20DEL%20PERFIL%2C%20USAR%20UNICAMENTE%20EL%20QUE%20SE%20LE%20ASIGNO%20SIN%20CAMBIARLO*%0APARA%20EVITAR%20CODIGOS%20DEBES%20BORRAR%20HISTORIAL%20Y%20COOKIES%20----%3E%20%20%20%20%0AEN%20CELULAR%3A%20https%3A%2F%2Fwww.youtube.com%2Fwatch%3Fv%3DrEsApVI1-lk%0AEN%20EL%20COMPUTADOR%3A%20https%3A%2F%2Fwww.youtube.com%2Fwatch%3Fv%3D2pYn4px0YWI
[2026-04-19T21:55:17.337Z] [STEP 7] ↪ asentando vista ~8s…
[2026-04-19T21:55:28.559Z] [STEP 8] ↩️ Enviado (Enter)
[2026-04-19T21:55:28.560Z]    ↪ post-send pause ~7s…
[2026-04-19T21:55:35.665Z] ⏳ Pausa entre mensajes: ~19s…
[2026-04-19T21:55:54.926Z] → [23/49] phone=573135407993 correo=keirenhgg17890@hotmail.com plataforma_id=1 (Amazon) servicio=Pantalla pantalla=6 vence=22/04/2026
[2026-04-19T21:55:54.927Z] [STEP 7] 🔁 Abriendo chat (intento 1/3) con: https://web.whatsapp.com/send?phone=573135407993&text=Hola%20Espaciosclimatizados%2C%20te%20notificamos%20el%20*cambio%20de%20contrase%C3%B1a*%20asociado%20a%20tu%20correo%3A%20*keirenhgg17890%40hotmail.com*.%0A%0A%E2%80%A2%20Amazon%20%E2%80%94%20Pantalla%20%7C%20*Pantalla%206*%20%7C%20vence%3A%2022%2F04%2F2026%0A%0A*La%20nueva%20contrase%C3%B1a%20es%3A*%20amazon09pri%20%0ANo%20la%20compartas%20con%20nadie%3B%20%C2%A1que%20est%C3%A9s%20s%C3%BAper%20bien!%0A*Recuerda%20tu%20pantalla%20es%20la%20que%20ves%20arriba%3B%20solo%20puedes%20utilizar%20esa.*%0A%0A%0ANOTA%3A*NO%20MODIFICAR%20LOS%20NUMEROS%20DEL%20PERFIL%2C%20USAR%20UNICAMENTE%20EL%20QUE%20SE%20LE%20ASIGNO%20SIN%20CAMBIARLO*%0APARA%20EVITAR%20CODIGOS%20DEBES%20BORRAR%20HISTORIAL%20Y%20COOKIES%20----%3E%20%20%20%20%0AEN%20CELULAR%3A%20https%3A%2F%2Fwww.youtube.com%2Fwatch%3Fv%3DrEsApVI1-lk%0AEN%20EL%20COMPUTADOR%3A%20https%3A%2F%2Fwww.youtube.com%2Fwatch%3Fv%3D2pYn4px0YWI
[2026-04-19T21:55:55.727Z] [STEP 7] ↪ asentando vista ~7s…
[2026-04-19T21:56:07.661Z] [STEP 8] ↩️ Enviado (Enter)
[2026-04-19T21:56:07.662Z]    ↪ post-send pause ~8s…
[2026-04-19T21:56:16.103Z] ⏳ Pausa entre mensajes: ~16s…
[2026-04-19T21:56:32.475Z] → [24/49] phone=573153864944 correo=keirenhgg17890@hotmail.com plataforma_id=1 (Amazon) servicio=Pantalla pantalla=1 vence=12/05/2026
[2026-04-19T21:56:32.479Z] [STEP 7] 🔁 Abriendo chat (intento 1/3) con: https://web.whatsapp.com/send?phone=573153864944&text=Hola%20%2B57%2C%20te%20notificamos%20el%20*cambio%20de%20contrase%C3%B1a*%20asociado%20a%20tu%20correo%3A%20*keirenhgg17890%40hotmail.com*.%0A%0A%E2%80%A2%20Amazon%20%E2%80%94%20Pantalla%20%7C%20*Pantalla%201*%20%7C%20vence%3A%2012%2F05%2F2026%0A%0A*La%20nueva%20contrase%C3%B1a%20es%3A*%20amazon09pri%20%0ANo%20la%20compartas%20con%20nadie%3B%20%C2%A1que%20est%C3%A9s%20s%C3%BAper%20bien!%0A*Recuerda%20tu%20pantalla%20es%20la%20que%20ves%20arriba%3B%20solo%20puedes%20utilizar%20esa.*%0A%0A%0ANOTA%3A*NO%20MODIFICAR%20LOS%20NUMEROS%20DEL%20PERFIL%2C%20USAR%20UNICAMENTE%20EL%20QUE%20SE%20LE%20ASIGNO%20SIN%20CAMBIARLO*%0APARA%20EVITAR%20CODIGOS%20DEBES%20BORRAR%20HISTORIAL%20Y%20COOKIES%20----%3E%20%20%20%20%0AEN%20CELULAR%3A%20https%3A%2F%2Fwww.youtube.com%2Fwatch%3Fv%3DrEsApVI1-lk%0AEN%20EL%20COMPUTADOR%3A%20https%3A%2F%2Fwww.youtube.com%2Fwatch%3Fv%3D2pYn4px0YWI
[2026-04-19T21:56:33.142Z] [STEP 7] ↪ asentando vista ~9s…
[2026-04-19T21:56:46.023Z] [STEP 8] ↩️ Enviado (Enter)
[2026-04-19T21:56:46.024Z]    ↪ post-send pause ~8s…
[2026-04-19T21:56:54.111Z] ⏳ Pausa entre mensajes: ~19s…
[2026-04-19T21:57:12.951Z] → [25/49] phone=573158436608 correo=keirenhgg17890@hotmail.com plataforma_id=1 (Amazon) servicio=Pantalla pantalla=5 vence=21/04/2026
[2026-04-19T21:57:12.953Z] [STEP 7] 🔁 Abriendo chat (intento 1/3) con: https://web.whatsapp.com/send?phone=573158436608&text=Hola%20!%2C%20te%20notificamos%20el%20*cambio%20de%20contrase%C3%B1a*%20asociado%20a%20tu%20correo%3A%20*keirenhgg17890%40hotmail.com*.%0A%0A%E2%80%A2%20Amazon%20%E2%80%94%20Pantalla%20%7C%20*Pantalla%205*%20%7C%20vence%3A%2021%2F04%2F2026%0A%0A*La%20nueva%20contrase%C3%B1a%20es%3A*%20amazon09pri%20%0ANo%20la%20compartas%20con%20nadie%3B%20%C2%A1que%20est%C3%A9s%20s%C3%BAper%20bien!%0A*Recuerda%20tu%20pantalla%20es%20la%20que%20ves%20arriba%3B%20solo%20puedes%20utilizar%20esa.*%0A%0A%0ANOTA%3A*NO%20MODIFICAR%20LOS%20NUMEROS%20DEL%20PERFIL%2C%20USAR%20UNICAMENTE%20EL%20QUE%20SE%20LE%20ASIGNO%20SIN%20CAMBIARLO*%0APARA%20EVITAR%20CODIGOS%20DEBES%20BORRAR%20HISTORIAL%20Y%20COOKIES%20----%3E%20%20%20%20%0AEN%20CELULAR%3A%20https%3A%2F%2Fwww.youtube.com%2Fwatch%3Fv%3DrEsApVI1-lk%0AEN%20EL%20COMPUTADOR%3A%20https%3A%2F%2Fwww.youtube.com%2Fwatch%3Fv%3D2pYn4px0YWI
[2026-04-19T21:57:13.691Z] [STEP 7] ↪ asentando vista ~6s…
[2026-04-19T21:57:25.408Z] [STEP 8] ↩️ Enviado (Enter)
[2026-04-19T21:57:25.410Z]    ↪ post-send pause ~7s…
[2026-04-19T21:57:32.465Z] ⏳ Pausa entre mensajes: ~19s…
[2026-04-19T21:57:51.046Z] → [26/49] phone=573166274566 correo=keirenhgg17890@hotmail.com plataforma_id=1 (Amazon) servicio=Pantalla pantalla=2 vence=08/05/2026
[2026-04-19T21:57:51.047Z] [STEP 7] 🔁 Abriendo chat (intento 1/3) con: https://web.whatsapp.com/send?phone=573166274566&text=Hola%20Jeyson%2C%20te%20notificamos%20el%20*cambio%20de%20contrase%C3%B1a*%20asociado%20a%20tu%20correo%3A%20*keirenhgg17890%40hotmail.com*.%0A%0A%E2%80%A2%20Amazon%20%E2%80%94%20Pantalla%20%7C%20*Pantalla%202*%20%7C%20vence%3A%2008%2F05%2F2026%0A%0A*La%20nueva%20contrase%C3%B1a%20es%3A*%20amazon09pri%20%0ANo%20la%20compartas%20con%20nadie%3B%20%C2%A1que%20est%C3%A9s%20s%C3%BAper%20bien!%0A*Recuerda%20tu%20pantalla%20es%20la%20que%20ves%20arriba%3B%20solo%20puedes%20utilizar%20esa.*%0A%0A%0ANOTA%3A*NO%20MODIFICAR%20LOS%20NUMEROS%20DEL%20PERFIL%2C%20USAR%20UNICAMENTE%20EL%20QUE%20SE%20LE%20ASIGNO%20SIN%20CAMBIARLO*%0APARA%20EVITAR%20CODIGOS%20DEBES%20BORRAR%20HISTORIAL%20Y%20COOKIES%20----%3E%20%20%20%20%0AEN%20CELULAR%3A%20https%3A%2F%2Fwww.youtube.com%2Fwatch%3Fv%3DrEsApVI1-lk%0AEN%20EL%20COMPUTADOR%3A%20https%3A%2F%2Fwww.youtube.com%2Fwatch%3Fv%3D2pYn4px0YWI
[2026-04-19T21:57:51.748Z] [STEP 7] ↪ asentando vista ~7s…
[2026-04-19T21:58:03.536Z] [STEP 8] ↩️ Enviado (Enter)
[2026-04-19T21:58:03.537Z]    ↪ post-send pause ~9s…
[2026-04-19T21:58:12.979Z] ⏳ Pausa entre mensajes: ~21s…
[2026-04-19T21:58:33.948Z] — BLOQUE — correo=kristaswieca30@hotmail.com | plataforma_id=8 (Crunchyroll)
[2026-04-19T21:58:33.950Z] → [27/49] phone=573202155199 correo=kristaswieca30@hotmail.com plataforma_id=8 (Crunchyroll) servicio=Pantalla pantalla=2 vence=17/05/2026
[2026-04-19T21:58:33.951Z] [STEP 7] 🔁 Abriendo chat (intento 1/3) con: https://web.whatsapp.com/send?phone=573202155199&text=Hola%20Luis%2C%20te%20notificamos%20el%20*cambio%20de%20contrase%C3%B1a*%20asociado%20a%20tu%20correo%3A%20*kristaswieca30%40hotmail.com*.%0A%0A%E2%80%A2%20Crunchyroll%20%E2%80%94%20Pantalla%20%7C%20*Pantalla%202*%20%7C%20vence%3A%2017%2F05%2F2026%0A%0A*La%20nueva%20contrase%C3%B1a%20es%3A*%20medallo98%40%20%0ANo%20la%20compartas%20con%20nadie%3B%20%C2%A1que%20est%C3%A9s%20s%C3%BAper%20bien!%0A*Recuerda%20tu%20pantalla%20es%20la%20que%20ves%20arriba%3B%20solo%20puedes%20utilizar%20esa.*%0A%0A%0ANOTA%3A*NO%20MODIFICAR%20LOS%20NUMEROS%20DEL%20PERFIL%2C%20USAR%20UNICAMENTE%20EL%20QUE%20SE%20LE%20ASIGNO%20SIN%20CAMBIARLO*%0APARA%20EVITAR%20CODIGOS%20DEBES%20BORRAR%20HISTORIAL%20Y%20COOKIES%20----%3E%20%20%20%20%0AEN%20CELULAR%3A%20https%3A%2F%2Fwww.youtube.com%2Fwatch%3Fv%3DrEsApVI1-lk%0AEN%20EL%20COMPUTADOR%3A%20https%3A%2F%2Fwww.youtube.com%2Fwatch%3Fv%3D2pYn4px0YWI
[2026-04-19T21:58:34.626Z] [STEP 7] ↪ asentando vista ~9s…
[2026-04-19T21:58:46.288Z] [STEP 8] ↩️ Enviado (Enter)
[2026-04-19T21:58:46.289Z]    ↪ post-send pause ~9s…
[2026-04-19T21:58:55.296Z] ⏳ Pausa entre mensajes: ~19s…
[2026-04-19T21:59:14.634Z] — BLOQUE — correo=medplay93@gmail.com | plataforma_id=2 (Netflix)
[2026-04-19T21:59:14.638Z] → [28/49] phone=573012465155 correo=medplay93@gmail.com plataforma_id=2 (Netflix) servicio=Pantalla pantalla=4 vence=21/04/2026
[2026-04-19T21:59:14.640Z] [STEP 7] 🔁 Abriendo chat (intento 1/3) con: https://web.whatsapp.com/send?phone=573012465155&text=Hola%20Ronald%2C%20te%20notificamos%20el%20*cambio%20de%20contrase%C3%B1a*%20asociado%20a%20tu%20correo%3A%20*medplay93%40gmail.com*.%0A%0A%E2%80%A2%20Netflix%20%E2%80%94%20Pantalla%20%7C%20*Pantalla%204*%20%7C%20vence%3A%2021%2F04%2F2026%0A%0A*La%20nueva%20contrase%C3%B1a%20es%3A*%20mednet77%40%20%0ANo%20la%20compartas%20con%20nadie%3B%20%C2%A1que%20est%C3%A9s%20s%C3%BAper%20bien!%0A*Recuerda%20tu%20pantalla%20es%20la%20que%20ves%20arriba%3B%20solo%20puedes%20utilizar%20esa.*%0A%0A%0ANOTA%3A*NO%20MODIFICAR%20LOS%20NUMEROS%20DEL%20PERFIL%2C%20USAR%20UNICAMENTE%20EL%20QUE%20SE%20LE%20ASIGNO%20SIN%20CAMBIARLO*%0APARA%20EVITAR%20CODIGOS%20DEBES%20BORRAR%20HISTORIAL%20Y%20COOKIES%20----%3E%20%20%20%20%0AEN%20CELULAR%3A%20https%3A%2F%2Fwww.youtube.com%2Fwatch%3Fv%3DrEsApVI1-lk%0AEN%20EL%20COMPUTADOR%3A%20https%3A%2F%2Fwww.youtube.com%2Fwatch%3Fv%3D2pYn4px0YWI
[2026-04-19T21:59:15.370Z] [STEP 7] ↪ asentando vista ~9s…
[2026-04-19T21:59:27.050Z] [STEP 8] ↩️ Enviado (Enter)
[2026-04-19T21:59:27.052Z]    ↪ post-send pause ~9s…
[2026-04-19T21:59:36.019Z] ⏳ Pausa entre mensajes: ~18s…
[2026-04-19T21:59:53.847Z] → [29/49] phone=573014063130 correo=medplay93@gmail.com plataforma_id=2 (Netflix) servicio=Pantalla pantalla=1 vence=24/04/2026
[2026-04-19T21:59:53.849Z] [STEP 7] 🔁 Abriendo chat (intento 1/3) con: https://web.whatsapp.com/send?phone=573014063130&text=Hola%20Jose%2C%20te%20notificamos%20el%20*cambio%20de%20contrase%C3%B1a*%20asociado%20a%20tu%20correo%3A%20*medplay93%40gmail.com*.%0A%0A%E2%80%A2%20Netflix%20%E2%80%94%20Pantalla%20%7C%20*Pantalla%201*%20%7C%20vence%3A%2024%2F04%2F2026%0A%0A*La%20nueva%20contrase%C3%B1a%20es%3A*%20mednet77%40%20%0ANo%20la%20compartas%20con%20nadie%3B%20%C2%A1que%20est%C3%A9s%20s%C3%BAper%20bien!%0A*Recuerda%20tu%20pantalla%20es%20la%20que%20ves%20arriba%3B%20solo%20puedes%20utilizar%20esa.*%0A%0A%0ANOTA%3A*NO%20MODIFICAR%20LOS%20NUMEROS%20DEL%20PERFIL%2C%20USAR%20UNICAMENTE%20EL%20QUE%20SE%20LE%20ASIGNO%20SIN%20CAMBIARLO*%0APARA%20EVITAR%20CODIGOS%20DEBES%20BORRAR%20HISTORIAL%20Y%20COOKIES%20----%3E%20%20%20%20%0AEN%20CELULAR%3A%20https%3A%2F%2Fwww.youtube.com%2Fwatch%3Fv%3DrEsApVI1-lk%0AEN%20EL%20COMPUTADOR%3A%20https%3A%2F%2Fwww.youtube.com%2Fwatch%3Fv%3D2pYn4px0YWI
[2026-04-19T21:59:54.517Z] [STEP 7] ↪ asentando vista ~6s…
[2026-04-19T22:00:06.210Z] [STEP 8] ↩️ Enviado (Enter)
[2026-04-19T22:00:06.211Z]    ↪ post-send pause ~8s…
[2026-04-19T22:00:14.491Z] ⏳ Pausa entre mensajes: ~18s…
[2026-04-19T22:00:32.304Z] → [30/49] phone=573144658592 correo=medplay93@gmail.com plataforma_id=2 (Netflix) servicio=Pantalla pantalla=3 vence=14/05/2026
[2026-04-19T22:00:32.305Z] [STEP 7] 🔁 Abriendo chat (intento 1/3) con: https://web.whatsapp.com/send?phone=573144658592&text=Hola%20!%2C%20te%20notificamos%20el%20*cambio%20de%20contrase%C3%B1a*%20asociado%20a%20tu%20correo%3A%20*medplay93%40gmail.com*.%0A%0A%E2%80%A2%20Netflix%20%E2%80%94%20Pantalla%20%7C%20*Pantalla%203*%20%7C%20vence%3A%2014%2F05%2F2026%0A%0A*La%20nueva%20contrase%C3%B1a%20es%3A*%20mednet77%40%20%0ANo%20la%20compartas%20con%20nadie%3B%20%C2%A1que%20est%C3%A9s%20s%C3%BAper%20bien!%0A*Recuerda%20tu%20pantalla%20es%20la%20que%20ves%20arriba%3B%20solo%20puedes%20utilizar%20esa.*%0A%0A%0ANOTA%3A*NO%20MODIFICAR%20LOS%20NUMEROS%20DEL%20PERFIL%2C%20USAR%20UNICAMENTE%20EL%20QUE%20SE%20LE%20ASIGNO%20SIN%20CAMBIARLO*%0APARA%20EVITAR%20CODIGOS%20DEBES%20BORRAR%20HISTORIAL%20Y%20COOKIES%20----%3E%20%20%20%20%0AEN%20CELULAR%3A%20https%3A%2F%2Fwww.youtube.com%2Fwatch%3Fv%3DrEsApVI1-lk%0AEN%20EL%20COMPUTADOR%3A%20https%3A%2F%2Fwww.youtube.com%2Fwatch%3Fv%3D2pYn4px0YWI
[2026-04-19T22:00:32.946Z] [STEP 7] ↪ asentando vista ~7s…
[2026-04-19T22:00:44.682Z] [STEP 8] ↩️ Enviado (Enter)
[2026-04-19T22:00:44.683Z]    ↪ post-send pause ~9s…
[2026-04-19T22:00:54.116Z] ⏳ Pausa entre mensajes: ~19s…
[2026-04-19T22:01:13.344Z] → [31/49] phone=573163184209 correo=medplay93@gmail.com plataforma_id=2 (Netflix) servicio=Pantalla pantalla=2 vence=16/05/2026
[2026-04-19T22:01:13.346Z] [STEP 7] 🔁 Abriendo chat (intento 1/3) con: https://web.whatsapp.com/send?phone=573163184209&text=Hola%20Anonimous%2C%20te%20notificamos%20el%20*cambio%20de%20contrase%C3%B1a*%20asociado%20a%20tu%20correo%3A%20*medplay93%40gmail.com*.%0A%0A%E2%80%A2%20Netflix%20%E2%80%94%20Pantalla%20%7C%20*Pantalla%202*%20%7C%20vence%3A%2016%2F05%2F2026%0A%0A*La%20nueva%20contrase%C3%B1a%20es%3A*%20mednet77%40%20%0ANo%20la%20compartas%20con%20nadie%3B%20%C2%A1que%20est%C3%A9s%20s%C3%BAper%20bien!%0A*Recuerda%20tu%20pantalla%20es%20la%20que%20ves%20arriba%3B%20solo%20puedes%20utilizar%20esa.*%0A%0A%0ANOTA%3A*NO%20MODIFICAR%20LOS%20NUMEROS%20DEL%20PERFIL%2C%20USAR%20UNICAMENTE%20EL%20QUE%20SE%20LE%20ASIGNO%20SIN%20CAMBIARLO*%0APARA%20EVITAR%20CODIGOS%20DEBES%20BORRAR%20HISTORIAL%20Y%20COOKIES%20----%3E%20%20%20%20%0AEN%20CELULAR%3A%20https%3A%2F%2Fwww.youtube.com%2Fwatch%3Fv%3DrEsApVI1-lk%0AEN%20EL%20COMPUTADOR%3A%20https%3A%2F%2Fwww.youtube.com%2Fwatch%3Fv%3D2pYn4px0YWI
[2026-04-19T22:01:14.083Z] [STEP 7] ↪ asentando vista ~7s…
[2026-04-19T22:01:25.966Z] [STEP 8] ↩️ Enviado (Enter)
[2026-04-19T22:01:25.967Z]    ↪ post-send pause ~9s…
[2026-04-19T22:01:34.929Z] ⏳ Pausa entre mensajes: ~20s…
[2026-04-19T22:01:55.368Z] — BLOQUE — correo=medplay93+dis5@gmail.com | plataforma_id=3 (Disney)
[2026-04-19T22:01:55.370Z] → [32/49] phone=573113372054 correo=medplay93+dis5@gmail.com plataforma_id=3 (Disney) servicio=Pantalla pantalla=7 vence=01/05/2026
[2026-04-19T22:01:55.370Z] [STEP 7] 🔁 Abriendo chat (intento 1/3) con: https://web.whatsapp.com/send?phone=573113372054&text=Hola%20Laura%2C%20te%20notificamos%20el%20*cambio%20de%20contrase%C3%B1a*%20asociado%20a%20tu%20correo%3A%20*medplay93%2Bdis5%40gmail.com*.%0A%0A%E2%80%A2%20Disney%20%E2%80%94%20Pantalla%20%7C%20*Pantalla%207*%20%7C%20vence%3A%2001%2F05%2F2026%0A%0A*La%20nueva%20contrase%C3%B1a%20es%3A*%20disneymedop9%20%0ANo%20la%20compartas%20con%20nadie%3B%20%C2%A1que%20est%C3%A9s%20s%C3%BAper%20bien!%0A*Recuerda%20tu%20pantalla%20es%20la%20que%20ves%20arriba%3B%20solo%20puedes%20utilizar%20esa.*%0A%0A%0ANOTA%3A*NO%20MODIFICAR%20LOS%20NUMEROS%20DEL%20PERFIL%2C%20USAR%20UNICAMENTE%20EL%20QUE%20SE%20LE%20ASIGNO%20SIN%20CAMBIARLO*%0APARA%20EVITAR%20CODIGOS%20DEBES%20BORRAR%20HISTORIAL%20Y%20COOKIES%20----%3E%20%20%20%20%0AEN%20CELULAR%3A%20https%3A%2F%2Fwww.youtube.com%2Fwatch%3Fv%3DrEsApVI1-lk%0AEN%20EL%20COMPUTADOR%3A%20https%3A%2F%2Fwww.youtube.com%2Fwatch%3Fv%3D2pYn4px0YWI
[2026-04-19T22:01:56.556Z] [STEP 7] ↪ asentando vista ~7s…
[2026-04-19T22:02:08.050Z] [STEP 8] ↩️ Enviado (Enter)
[2026-04-19T22:02:08.051Z]    ↪ post-send pause ~7s…
[2026-04-19T22:02:14.770Z] ⏳ Pausa entre mensajes: ~19s…
[2026-04-19T22:02:33.560Z] → [33/49] phone=573136201571 correo=medplay93+dis5@gmail.com plataforma_id=3 (Disney) servicio=Pantalla pantalla=4 vence=21/04/2026
[2026-04-19T22:02:33.562Z] [STEP 7] 🔁 Abriendo chat (intento 1/3) con: https://web.whatsapp.com/send?phone=573136201571&text=Hola%20%2B57%2C%20te%20notificamos%20el%20*cambio%20de%20contrase%C3%B1a*%20asociado%20a%20tu%20correo%3A%20*medplay93%2Bdis5%40gmail.com*.%0A%0A%E2%80%A2%20Disney%20%E2%80%94%20Pantalla%20%7C%20*Pantalla%204*%20%7C%20vence%3A%2021%2F04%2F2026%0A%0A*La%20nueva%20contrase%C3%B1a%20es%3A*%20disneymedop9%20%0ANo%20la%20compartas%20con%20nadie%3B%20%C2%A1que%20est%C3%A9s%20s%C3%BAper%20bien!%0A*Recuerda%20tu%20pantalla%20es%20la%20que%20ves%20arriba%3B%20solo%20puedes%20utilizar%20esa.*%0A%0A%0ANOTA%3A*NO%20MODIFICAR%20LOS%20NUMEROS%20DEL%20PERFIL%2C%20USAR%20UNICAMENTE%20EL%20QUE%20SE%20LE%20ASIGNO%20SIN%20CAMBIARLO*%0APARA%20EVITAR%20CODIGOS%20DEBES%20BORRAR%20HISTORIAL%20Y%20COOKIES%20----%3E%20%20%20%20%0AEN%20CELULAR%3A%20https%3A%2F%2Fwww.youtube.com%2Fwatch%3Fv%3DrEsApVI1-lk%0AEN%20EL%20COMPUTADOR%3A%20https%3A%2F%2Fwww.youtube.com%2Fwatch%3Fv%3D2pYn4px0YWI
[2026-04-19T22:02:34.666Z] [STEP 7] ↪ asentando vista ~8s…
[2026-04-19T22:02:46.101Z] [STEP 8] ↩️ Enviado (Enter)
[2026-04-19T22:02:46.102Z]    ↪ post-send pause ~8s…
[2026-04-19T22:02:54.553Z] ⏳ Pausa entre mensajes: ~18s…
[2026-04-19T22:03:12.278Z] → [34/49] phone=573206193252 correo=medplay93+dis5@gmail.com plataforma_id=3 (Disney) servicio=Pantalla pantalla=1 vence=18/05/2026
[2026-04-19T22:03:12.280Z] [STEP 7] 🔁 Abriendo chat (intento 1/3) con: https://web.whatsapp.com/send?phone=573206193252&text=Hola%20!%2C%20te%20notificamos%20el%20*cambio%20de%20contrase%C3%B1a*%20asociado%20a%20tu%20correo%3A%20*medplay93%2Bdis5%40gmail.com*.%0A%0A%E2%80%A2%20Disney%20%E2%80%94%20Pantalla%20%7C%20*Pantalla%201*%20%7C%20vence%3A%2018%2F05%2F2026%0A%0A*La%20nueva%20contrase%C3%B1a%20es%3A*%20disneymedop9%20%0ANo%20la%20compartas%20con%20nadie%3B%20%C2%A1que%20est%C3%A9s%20s%C3%BAper%20bien!%0A*Recuerda%20tu%20pantalla%20es%20la%20que%20ves%20arriba%3B%20solo%20puedes%20utilizar%20esa.*%0A%0A%0ANOTA%3A*NO%20MODIFICAR%20LOS%20NUMEROS%20DEL%20PERFIL%2C%20USAR%20UNICAMENTE%20EL%20QUE%20SE%20LE%20ASIGNO%20SIN%20CAMBIARLO*%0APARA%20EVITAR%20CODIGOS%20DEBES%20BORRAR%20HISTORIAL%20Y%20COOKIES%20----%3E%20%20%20%20%0AEN%20CELULAR%3A%20https%3A%2F%2Fwww.youtube.com%2Fwatch%3Fv%3DrEsApVI1-lk%0AEN%20EL%20COMPUTADOR%3A%20https%3A%2F%2Fwww.youtube.com%2Fwatch%3Fv%3D2pYn4px0YWI
[2026-04-19T22:03:18.944Z] [STEP 7] ↪ asentando vista ~8s…
[2026-04-19T22:03:28.777Z] [STEP 8] ↩️ Enviado (Enter)
[2026-04-19T22:03:28.778Z]    ↪ post-send pause ~8s…
[2026-04-19T22:03:36.756Z] ⏳ Pausa entre mensajes: ~17s…
[2026-04-19T22:03:53.664Z] → [35/49] phone=573213088307 correo=medplay93+dis5@gmail.com plataforma_id=3 (Disney) servicio=Pantalla pantalla=5 vence=22/04/2026
[2026-04-19T22:03:53.666Z] [STEP 7] 🔁 Abriendo chat (intento 1/3) con: https://web.whatsapp.com/send?phone=573213088307&text=Hola%20Julian%2C%20te%20notificamos%20el%20*cambio%20de%20contrase%C3%B1a*%20asociado%20a%20tu%20correo%3A%20*medplay93%2Bdis5%40gmail.com*.%0A%0A%E2%80%A2%20Disney%20%E2%80%94%20Pantalla%20%7C%20*Pantalla%205*%20%7C%20vence%3A%2022%2F04%2F2026%0A%0A*La%20nueva%20contrase%C3%B1a%20es%3A*%20disneymedop9%20%0ANo%20la%20compartas%20con%20nadie%3B%20%C2%A1que%20est%C3%A9s%20s%C3%BAper%20bien!%0A*Recuerda%20tu%20pantalla%20es%20la%20que%20ves%20arriba%3B%20solo%20puedes%20utilizar%20esa.*%0A%0A%0ANOTA%3A*NO%20MODIFICAR%20LOS%20NUMEROS%20DEL%20PERFIL%2C%20USAR%20UNICAMENTE%20EL%20QUE%20SE%20LE%20ASIGNO%20SIN%20CAMBIARLO*%0APARA%20EVITAR%20CODIGOS%20DEBES%20BORRAR%20HISTORIAL%20Y%20COOKIES%20----%3E%20%20%20%20%0AEN%20CELULAR%3A%20https%3A%2F%2Fwww.youtube.com%2Fwatch%3Fv%3DrEsApVI1-lk%0AEN%20EL%20COMPUTADOR%3A%20https%3A%2F%2Fwww.youtube.com%2Fwatch%3Fv%3D2pYn4px0YWI
[2026-04-19T22:03:56.153Z] [STEP 7] ↪ asentando vista ~7s…
[2026-04-19T22:04:07.365Z] [STEP 8] ↩️ Enviado (Enter)
[2026-04-19T22:04:07.366Z]    ↪ post-send pause ~9s…
[2026-04-19T22:04:15.970Z] ⏳ Pausa entre mensajes: ~18s…
[2026-04-19T22:04:33.977Z] → [36/49] phone=573245014566 correo=medplay93+dis5@gmail.com plataforma_id=3 (Disney) servicio=Pantalla pantalla=6 vence=05/05/2026
[2026-04-19T22:04:33.979Z] [STEP 7] 🔁 Abriendo chat (intento 1/3) con: https://web.whatsapp.com/send?phone=573245014566&text=Hola%20Sebastian%2C%20te%20notificamos%20el%20*cambio%20de%20contrase%C3%B1a*%20asociado%20a%20tu%20correo%3A%20*medplay93%2Bdis5%40gmail.com*.%0A%0A%E2%80%A2%20Disney%20%E2%80%94%20Pantalla%20%7C%20*Pantalla%206*%20%7C%20vence%3A%2005%2F05%2F2026%0A%0A*La%20nueva%20contrase%C3%B1a%20es%3A*%20disneymedop9%20%0ANo%20la%20compartas%20con%20nadie%3B%20%C2%A1que%20est%C3%A9s%20s%C3%BAper%20bien!%0A*Recuerda%20tu%20pantalla%20es%20la%20que%20ves%20arriba%3B%20solo%20puedes%20utilizar%20esa.*%0A%0A%0ANOTA%3A*NO%20MODIFICAR%20LOS%20NUMEROS%20DEL%20PERFIL%2C%20USAR%20UNICAMENTE%20EL%20QUE%20SE%20LE%20ASIGNO%20SIN%20CAMBIARLO*%0APARA%20EVITAR%20CODIGOS%20DEBES%20BORRAR%20HISTORIAL%20Y%20COOKIES%20----%3E%20%20%20%20%0AEN%20CELULAR%3A%20https%3A%2F%2Fwww.youtube.com%2Fwatch%3Fv%3DrEsApVI1-lk%0AEN%20EL%20COMPUTADOR%3A%20https%3A%2F%2Fwww.youtube.com%2Fwatch%3Fv%3D2pYn4px0YWI
[2026-04-19T22:04:40.690Z] [STEP 7] ↪ asentando vista ~9s…
[2026-04-19T22:04:54.005Z] [STEP 8] ↩️ Enviado (Enter)
[2026-04-19T22:04:54.006Z]    ↪ post-send pause ~8s…
[2026-04-19T22:05:02.357Z] ⏳ Pausa entre mensajes: ~18s…
[2026-04-19T22:05:20.683Z] — BLOQUE — correo=medplay93+nv2@gmail.com | plataforma_id=3 (Disney)
[2026-04-19T22:05:20.685Z] → [37/49] phone=573013579141 correo=medplay93+nv2@gmail.com plataforma_id=3 (Disney) servicio=Pantalla pantalla=5 vence=24/04/2026
[2026-04-19T22:05:20.686Z] [STEP 7] 🔁 Abriendo chat (intento 1/3) con: https://web.whatsapp.com/send?phone=573013579141&text=Hola%20!%2C%20te%20notificamos%20el%20*cambio%20de%20contrase%C3%B1a*%20asociado%20a%20tu%20correo%3A%20*medplay93%2Bnv2%40gmail.com*.%0A%0A%E2%80%A2%20Disney%20%E2%80%94%20Pantalla%20%7C%20*Pantalla%205*%20%7C%20vence%3A%2024%2F04%2F2026%0A%0A*La%20nueva%20contrase%C3%B1a%20es%3A*%20medisn32%40%20%0ANo%20la%20compartas%20con%20nadie%3B%20%C2%A1que%20est%C3%A9s%20s%C3%BAper%20bien!%0A*Recuerda%20tu%20pantalla%20es%20la%20que%20ves%20arriba%3B%20solo%20puedes%20utilizar%20esa.*%0A%0A%0ANOTA%3A*NO%20MODIFICAR%20LOS%20NUMEROS%20DEL%20PERFIL%2C%20USAR%20UNICAMENTE%20EL%20QUE%20SE%20LE%20ASIGNO%20SIN%20CAMBIARLO*%0APARA%20EVITAR%20CODIGOS%20DEBES%20BORRAR%20HISTORIAL%20Y%20COOKIES%20----%3E%20%20%20%20%0AEN%20CELULAR%3A%20https%3A%2F%2Fwww.youtube.com%2Fwatch%3Fv%3DrEsApVI1-lk%0AEN%20EL%20COMPUTADOR%3A%20https%3A%2F%2Fwww.youtube.com%2Fwatch%3Fv%3D2pYn4px0YWI
[2026-04-19T22:05:21.415Z] [STEP 7] ↪ asentando vista ~7s…
[2026-04-19T22:05:33.186Z] [STEP 8] ↩️ Enviado (Enter)
[2026-04-19T22:05:33.187Z]    ↪ post-send pause ~10s…
[2026-04-19T22:05:43.075Z] ⏳ Pausa entre mensajes: ~20s…
[2026-04-19T22:06:02.737Z] → [38/49] phone=573017301786 correo=medplay93+nv2@gmail.com plataforma_id=3 (Disney) servicio=Pantalla pantalla=4 vence=08/05/2026
[2026-04-19T22:06:02.738Z] [STEP 7] 🔁 Abriendo chat (intento 1/3) con: https://web.whatsapp.com/send?phone=573017301786&text=Hola%20Esneider%2C%20te%20notificamos%20el%20*cambio%20de%20contrase%C3%B1a*%20asociado%20a%20tu%20correo%3A%20*medplay93%2Bnv2%40gmail.com*.%0A%0A%E2%80%A2%20Disney%20%E2%80%94%20Pantalla%20%7C%20*Pantalla%204*%20%7C%20vence%3A%2008%2F05%2F2026%0A%0A*La%20nueva%20contrase%C3%B1a%20es%3A*%20medisn32%40%20%0ANo%20la%20compartas%20con%20nadie%3B%20%C2%A1que%20est%C3%A9s%20s%C3%BAper%20bien!%0A*Recuerda%20tu%20pantalla%20es%20la%20que%20ves%20arriba%3B%20solo%20puedes%20utilizar%20esa.*%0A%0A%0ANOTA%3A*NO%20MODIFICAR%20LOS%20NUMEROS%20DEL%20PERFIL%2C%20USAR%20UNICAMENTE%20EL%20QUE%20SE%20LE%20ASIGNO%20SIN%20CAMBIARLO*%0APARA%20EVITAR%20CODIGOS%20DEBES%20BORRAR%20HISTORIAL%20Y%20COOKIES%20----%3E%20%20%20%20%0AEN%20CELULAR%3A%20https%3A%2F%2Fwww.youtube.com%2Fwatch%3Fv%3DrEsApVI1-lk%0AEN%20EL%20COMPUTADOR%3A%20https%3A%2F%2Fwww.youtube.com%2Fwatch%3Fv%3D2pYn4px0YWI
[2026-04-19T22:06:03.402Z] [STEP 7] ↪ asentando vista ~7s…
[2026-04-19T22:06:15.163Z] [STEP 8] ↩️ Enviado (Enter)
[2026-04-19T22:06:15.164Z]    ↪ post-send pause ~10s…
[2026-04-19T22:06:24.856Z] ⏳ Pausa entre mensajes: ~19s…
[2026-04-19T22:06:44.334Z] → [39/49] phone=573133658509 correo=medplay93+nv2@gmail.com plataforma_id=3 (Disney) servicio=Pantalla pantalla=3 vence=23/04/2026
[2026-04-19T22:06:44.338Z] [STEP 7] 🔁 Abriendo chat (intento 1/3) con: https://web.whatsapp.com/send?phone=573133658509&text=Hola%20Liz%2C%20te%20notificamos%20el%20*cambio%20de%20contrase%C3%B1a*%20asociado%20a%20tu%20correo%3A%20*medplay93%2Bnv2%40gmail.com*.%0A%0A%E2%80%A2%20Disney%20%E2%80%94%20Pantalla%20%7C%20*Pantalla%203*%20%7C%20vence%3A%2023%2F04%2F2026%0A%0A*La%20nueva%20contrase%C3%B1a%20es%3A*%20medisn32%40%20%0ANo%20la%20compartas%20con%20nadie%3B%20%C2%A1que%20est%C3%A9s%20s%C3%BAper%20bien!%0A*Recuerda%20tu%20pantalla%20es%20la%20que%20ves%20arriba%3B%20solo%20puedes%20utilizar%20esa.*%0A%0A%0ANOTA%3A*NO%20MODIFICAR%20LOS%20NUMEROS%20DEL%20PERFIL%2C%20USAR%20UNICAMENTE%20EL%20QUE%20SE%20LE%20ASIGNO%20SIN%20CAMBIARLO*%0APARA%20EVITAR%20CODIGOS%20DEBES%20BORRAR%20HISTORIAL%20Y%20COOKIES%20----%3E%20%20%20%20%0AEN%20CELULAR%3A%20https%3A%2F%2Fwww.youtube.com%2Fwatch%3Fv%3DrEsApVI1-lk%0AEN%20EL%20COMPUTADOR%3A%20https%3A%2F%2Fwww.youtube.com%2Fwatch%3Fv%3D2pYn4px0YWI
[2026-04-19T22:06:45.020Z] [STEP 7] ↪ asentando vista ~9s…
[2026-04-19T22:06:56.819Z] [STEP 8] ↩️ Enviado (Enter)
[2026-04-19T22:06:56.820Z]    ↪ post-send pause ~6s…
[2026-04-19T22:07:03.303Z] ⏳ Pausa entre mensajes: ~19s…
[2026-04-19T22:07:22.197Z] → [40/49] phone=573167001828 correo=medplay93+nv2@gmail.com plataforma_id=3 (Disney) servicio=Pantalla pantalla=6 vence=25/04/2026
[2026-04-19T22:07:22.199Z] [STEP 7] 🔁 Abriendo chat (intento 1/3) con: https://web.whatsapp.com/send?phone=573167001828&text=Hola%20Carlos%2C%20te%20notificamos%20el%20*cambio%20de%20contrase%C3%B1a*%20asociado%20a%20tu%20correo%3A%20*medplay93%2Bnv2%40gmail.com*.%0A%0A%E2%80%A2%20Disney%20%E2%80%94%20Pantalla%20%7C%20*Pantalla%206*%20%7C%20vence%3A%2025%2F04%2F2026%0A%0A*La%20nueva%20contrase%C3%B1a%20es%3A*%20medisn32%40%20%0ANo%20la%20compartas%20con%20nadie%3B%20%C2%A1que%20est%C3%A9s%20s%C3%BAper%20bien!%0A*Recuerda%20tu%20pantalla%20es%20la%20que%20ves%20arriba%3B%20solo%20puedes%20utilizar%20esa.*%0A%0A%0ANOTA%3A*NO%20MODIFICAR%20LOS%20NUMEROS%20DEL%20PERFIL%2C%20USAR%20UNICAMENTE%20EL%20QUE%20SE%20LE%20ASIGNO%20SIN%20CAMBIARLO*%0APARA%20EVITAR%20CODIGOS%20DEBES%20BORRAR%20HISTORIAL%20Y%20COOKIES%20----%3E%20%20%20%20%0AEN%20CELULAR%3A%20https%3A%2F%2Fwww.youtube.com%2Fwatch%3Fv%3DrEsApVI1-lk%0AEN%20EL%20COMPUTADOR%3A%20https%3A%2F%2Fwww.youtube.com%2Fwatch%3Fv%3D2pYn4px0YWI
[2026-04-19T22:07:22.843Z] [STEP 7] ↪ asentando vista ~9s…
[2026-04-19T22:07:34.610Z] [STEP 8] ↩️ Enviado (Enter)
[2026-04-19T22:07:34.611Z]    ↪ post-send pause ~7s…
[2026-04-19T22:07:41.293Z] ⏳ Pausa entre mensajes: ~19s…
[2026-04-19T22:08:00.306Z] → [41/49] phone=573222959907 correo=medplay93+nv2@gmail.com plataforma_id=3 (Disney) servicio=Pantalla pantalla=7 vence=03/05/2026
[2026-04-19T22:08:00.308Z] [STEP 7] 🔁 Abriendo chat (intento 1/3) con: https://web.whatsapp.com/send?phone=573222959907&text=Hola%20!%2C%20te%20notificamos%20el%20*cambio%20de%20contrase%C3%B1a*%20asociado%20a%20tu%20correo%3A%20*medplay93%2Bnv2%40gmail.com*.%0A%0A%E2%80%A2%20Disney%20%E2%80%94%20Pantalla%20%7C%20*Pantalla%207*%20%7C%20vence%3A%2003%2F05%2F2026%0A%0A*La%20nueva%20contrase%C3%B1a%20es%3A*%20medisn32%40%20%0ANo%20la%20compartas%20con%20nadie%3B%20%C2%A1que%20est%C3%A9s%20s%C3%BAper%20bien!%0A*Recuerda%20tu%20pantalla%20es%20la%20que%20ves%20arriba%3B%20solo%20puedes%20utilizar%20esa.*%0A%0A%0ANOTA%3A*NO%20MODIFICAR%20LOS%20NUMEROS%20DEL%20PERFIL%2C%20USAR%20UNICAMENTE%20EL%20QUE%20SE%20LE%20ASIGNO%20SIN%20CAMBIARLO*%0APARA%20EVITAR%20CODIGOS%20DEBES%20BORRAR%20HISTORIAL%20Y%20COOKIES%20----%3E%20%20%20%20%0AEN%20CELULAR%3A%20https%3A%2F%2Fwww.youtube.com%2Fwatch%3Fv%3DrEsApVI1-lk%0AEN%20EL%20COMPUTADOR%3A%20https%3A%2F%2Fwww.youtube.com%2Fwatch%3Fv%3D2pYn4px0YWI
[2026-04-19T22:08:00.988Z] [STEP 7] ↪ asentando vista ~6s…
[2026-04-19T22:08:12.833Z] [STEP 8] ↩️ Enviado (Enter)
[2026-04-19T22:08:12.834Z]    ↪ post-send pause ~9s…
[2026-04-19T22:08:22.225Z] ⏳ Pausa entre mensajes: ~17s…
[2026-04-19T22:08:38.810Z] — BLOQUE — correo=sevatrena@gmail.com | plataforma_id=8 (Crunchyroll)
[2026-04-19T22:08:38.813Z] → [42/49] phone=573178849927 correo=sevatrena@gmail.com plataforma_id=8 (Crunchyroll) servicio=Pantalla pantalla=3 vence=16/05/2026
[2026-04-19T22:08:38.814Z] [STEP 7] 🔁 Abriendo chat (intento 1/3) con: https://web.whatsapp.com/send?phone=573178849927&text=Hola%20Anaisa%2C%20te%20notificamos%20el%20*cambio%20de%20contrase%C3%B1a*%20asociado%20a%20tu%20correo%3A%20*sevatrena%40gmail.com*.%0A%0A%E2%80%A2%20Crunchyroll%20%E2%80%94%20Pantalla%20%7C%20*Pantalla%203*%20%7C%20vence%3A%2016%2F05%2F2026%0A%0A*La%20nueva%20contrase%C3%B1a%20es%3A*%20medacrun8%20%0ANo%20la%20compartas%20con%20nadie%3B%20%C2%A1que%20est%C3%A9s%20s%C3%BAper%20bien!%0A*Recuerda%20tu%20pantalla%20es%20la%20que%20ves%20arriba%3B%20solo%20puedes%20utilizar%20esa.*%0A%0A%0ANOTA%3A*NO%20MODIFICAR%20LOS%20NUMEROS%20DEL%20PERFIL%2C%20USAR%20UNICAMENTE%20EL%20QUE%20SE%20LE%20ASIGNO%20SIN%20CAMBIARLO*%0APARA%20EVITAR%20CODIGOS%20DEBES%20BORRAR%20HISTORIAL%20Y%20COOKIES%20----%3E%20%20%20%20%0AEN%20CELULAR%3A%20https%3A%2F%2Fwww.youtube.com%2Fwatch%3Fv%3DrEsApVI1-lk%0AEN%20EL%20COMPUTADOR%3A%20https%3A%2F%2Fwww.youtube.com%2Fwatch%3Fv%3D2pYn4px0YWI
[2026-04-19T22:08:39.463Z] [STEP 7] ↪ asentando vista ~8s…
[2026-04-19T22:08:49.588Z] [STEP 8] ↩️ Enviado (Enter)
[2026-04-19T22:08:49.589Z]    ↪ post-send pause ~9s…
[2026-04-19T22:08:58.334Z] ⏳ Pausa entre mensajes: ~20s…
[2026-04-19T22:09:18.745Z] → [43/49] phone=573178930660 correo=sevatrena@gmail.com plataforma_id=8 (Crunchyroll) servicio=Pantalla pantalla=4 vence=16/05/2026
[2026-04-19T22:09:18.747Z] [STEP 7] 🔁 Abriendo chat (intento 1/3) con: https://web.whatsapp.com/send?phone=573178930660&text=Hola%20%2B57%2C%20te%20notificamos%20el%20*cambio%20de%20contrase%C3%B1a*%20asociado%20a%20tu%20correo%3A%20*sevatrena%40gmail.com*.%0A%0A%E2%80%A2%20Crunchyroll%20%E2%80%94%20Pantalla%20%7C%20*Pantalla%204*%20%7C%20vence%3A%2016%2F05%2F2026%0A%0A*La%20nueva%20contrase%C3%B1a%20es%3A*%20medacrun8%20%0ANo%20la%20compartas%20con%20nadie%3B%20%C2%A1que%20est%C3%A9s%20s%C3%BAper%20bien!%0A*Recuerda%20tu%20pantalla%20es%20la%20que%20ves%20arriba%3B%20solo%20puedes%20utilizar%20esa.*%0A%0A%0ANOTA%3A*NO%20MODIFICAR%20LOS%20NUMEROS%20DEL%20PERFIL%2C%20USAR%20UNICAMENTE%20EL%20QUE%20SE%20LE%20ASIGNO%20SIN%20CAMBIARLO*%0APARA%20EVITAR%20CODIGOS%20DEBES%20BORRAR%20HISTORIAL%20Y%20COOKIES%20----%3E%20%20%20%20%0AEN%20CELULAR%3A%20https%3A%2F%2Fwww.youtube.com%2Fwatch%3Fv%3DrEsApVI1-lk%0AEN%20EL%20COMPUTADOR%3A%20https%3A%2F%2Fwww.youtube.com%2Fwatch%3Fv%3D2pYn4px0YWI
[2026-04-19T22:09:19.373Z] [STEP 7] ↪ asentando vista ~10s…
[2026-04-19T22:09:31.113Z] [STEP 8] ↩️ Enviado (Enter)
[2026-04-19T22:09:31.114Z]    ↪ post-send pause ~8s…
[2026-04-19T22:09:38.804Z] ⏳ Pausa entre mensajes: ~19s…
[2026-04-19T22:09:57.534Z] → [44/49] phone=573208871549 correo=sevatrena@gmail.com plataforma_id=8 (Crunchyroll) servicio=Pantalla pantalla=1 vence=14/05/2026
[2026-04-19T22:09:57.536Z] [STEP 7] 🔁 Abriendo chat (intento 1/3) con: https://web.whatsapp.com/send?phone=573208871549&text=Hola%20%2B57%2C%20te%20notificamos%20el%20*cambio%20de%20contrase%C3%B1a*%20asociado%20a%20tu%20correo%3A%20*sevatrena%40gmail.com*.%0A%0A%E2%80%A2%20Crunchyroll%20%E2%80%94%20Pantalla%20%7C%20*Pantalla%201*%20%7C%20vence%3A%2014%2F05%2F2026%0A%0A*La%20nueva%20contrase%C3%B1a%20es%3A*%20medacrun8%20%0ANo%20la%20compartas%20con%20nadie%3B%20%C2%A1que%20est%C3%A9s%20s%C3%BAper%20bien!%0A*Recuerda%20tu%20pantalla%20es%20la%20que%20ves%20arriba%3B%20solo%20puedes%20utilizar%20esa.*%0A%0A%0ANOTA%3A*NO%20MODIFICAR%20LOS%20NUMEROS%20DEL%20PERFIL%2C%20USAR%20UNICAMENTE%20EL%20QUE%20SE%20LE%20ASIGNO%20SIN%20CAMBIARLO*%0APARA%20EVITAR%20CODIGOS%20DEBES%20BORRAR%20HISTORIAL%20Y%20COOKIES%20----%3E%20%20%20%20%0AEN%20CELULAR%3A%20https%3A%2F%2Fwww.youtube.com%2Fwatch%3Fv%3DrEsApVI1-lk%0AEN%20EL%20COMPUTADOR%3A%20https%3A%2F%2Fwww.youtube.com%2Fwatch%3Fv%3D2pYn4px0YWI
[2026-04-19T22:09:58.306Z] [STEP 7] ↪ asentando vista ~8s…
[2026-04-19T22:10:10.612Z] [STEP 8] ↩️ Enviado (Enter)
[2026-04-19T22:10:10.614Z]    ↪ post-send pause ~9s…
[2026-04-19T22:10:19.768Z] ⏳ Pausa entre mensajes: ~18s…
[2026-04-19T22:10:37.622Z] → [45/49] phone=573223308970 correo=sevatrena@gmail.com plataforma_id=8 (Crunchyroll) servicio=Pantalla pantalla=2 vence=16/05/2026
[2026-04-19T22:10:37.624Z] [STEP 7] 🔁 Abriendo chat (intento 1/3) con: https://web.whatsapp.com/send?phone=573223308970&text=Hola%20Jean%2C%20te%20notificamos%20el%20*cambio%20de%20contrase%C3%B1a*%20asociado%20a%20tu%20correo%3A%20*sevatrena%40gmail.com*.%0A%0A%E2%80%A2%20Crunchyroll%20%E2%80%94%20Pantalla%20%7C%20*Pantalla%202*%20%7C%20vence%3A%2016%2F05%2F2026%0A%0A*La%20nueva%20contrase%C3%B1a%20es%3A*%20medacrun8%20%0ANo%20la%20compartas%20con%20nadie%3B%20%C2%A1que%20est%C3%A9s%20s%C3%BAper%20bien!%0A*Recuerda%20tu%20pantalla%20es%20la%20que%20ves%20arriba%3B%20solo%20puedes%20utilizar%20esa.*%0A%0A%0ANOTA%3A*NO%20MODIFICAR%20LOS%20NUMEROS%20DEL%20PERFIL%2C%20USAR%20UNICAMENTE%20EL%20QUE%20SE%20LE%20ASIGNO%20SIN%20CAMBIARLO*%0APARA%20EVITAR%20CODIGOS%20DEBES%20BORRAR%20HISTORIAL%20Y%20COOKIES%20----%3E%20%20%20%20%0AEN%20CELULAR%3A%20https%3A%2F%2Fwww.youtube.com%2Fwatch%3Fv%3DrEsApVI1-lk%0AEN%20EL%20COMPUTADOR%3A%20https%3A%2F%2Fwww.youtube.com%2Fwatch%3Fv%3D2pYn4px0YWI
[2026-04-19T22:10:38.257Z] [STEP 7] ↪ asentando vista ~7s…
[2026-04-19T22:10:50.037Z] [STEP 8] ↩️ Enviado (Enter)
[2026-04-19T22:10:50.038Z]    ↪ post-send pause ~6s…
[2026-04-19T22:10:56.251Z] ⏳ Pausa entre mensajes: ~20s…
[2026-04-19T22:11:16.157Z] — BLOQUE — correo=shantellehoneywell1578@hotmail.com | plataforma_id=8 (Crunchyroll)
[2026-04-19T22:11:16.159Z] → [46/49] phone=573144739379 correo=shantellehoneywell1578@hotmail.com plataforma_id=8 (Crunchyroll) servicio=Pantalla pantalla=4 vence=17/05/2026
[2026-04-19T22:11:16.160Z] [STEP 7] 🔁 Abriendo chat (intento 1/3) con: https://web.whatsapp.com/send?phone=573144739379&text=Hola%20!%2C%20te%20notificamos%20el%20*cambio%20de%20contrase%C3%B1a*%20asociado%20a%20tu%20correo%3A%20*shantellehoneywell1578%40hotmail.com*.%0A%0A%E2%80%A2%20Crunchyroll%20%E2%80%94%20Pantalla%20%7C%20*Pantalla%204*%20%7C%20vence%3A%2017%2F05%2F2026%0A%0A*La%20nueva%20contrase%C3%B1a%20es%3A*%20medcrunch44%40%20%0ANo%20la%20compartas%20con%20nadie%3B%20%C2%A1que%20est%C3%A9s%20s%C3%BAper%20bien!%0A*Recuerda%20tu%20pantalla%20es%20la%20que%20ves%20arriba%3B%20solo%20puedes%20utilizar%20esa.*%0A%0A%0ANOTA%3A*NO%20MODIFICAR%20LOS%20NUMEROS%20DEL%20PERFIL%2C%20USAR%20UNICAMENTE%20EL%20QUE%20SE%20LE%20ASIGNO%20SIN%20CAMBIARLO*%0APARA%20EVITAR%20CODIGOS%20DEBES%20BORRAR%20HISTORIAL%20Y%20COOKIES%20----%3E%20%20%20%20%0AEN%20CELULAR%3A%20https%3A%2F%2Fwww.youtube.com%2Fwatch%3Fv%3DrEsApVI1-lk%0AEN%20EL%20COMPUTADOR%3A%20https%3A%2F%2Fwww.youtube.com%2Fwatch%3Fv%3D2pYn4px0YWI
[2026-04-19T22:11:16.836Z] [STEP 7] ↪ asentando vista ~9s…
[2026-04-19T22:11:28.597Z] [STEP 8] ↩️ Enviado (Enter)
[2026-04-19T22:11:28.598Z]    ↪ post-send pause ~8s…
[2026-04-19T22:11:36.302Z] ⏳ Pausa entre mensajes: ~21s…
[2026-04-19T22:11:56.834Z] → [47/49] phone=573145751227 correo=shantellehoneywell1578@hotmail.com plataforma_id=8 (Crunchyroll) servicio=Pantalla pantalla=3 vence=17/05/2026
[2026-04-19T22:11:56.837Z] [STEP 7] 🔁 Abriendo chat (intento 1/3) con: https://web.whatsapp.com/send?phone=573145751227&text=Hola%20Caicedo%2C%20te%20notificamos%20el%20*cambio%20de%20contrase%C3%B1a*%20asociado%20a%20tu%20correo%3A%20*shantellehoneywell1578%40hotmail.com*.%0A%0A%E2%80%A2%20Crunchyroll%20%E2%80%94%20Pantalla%20%7C%20*Pantalla%203*%20%7C%20vence%3A%2017%2F05%2F2026%0A%0A*La%20nueva%20contrase%C3%B1a%20es%3A*%20medcrunch44%40%20%0ANo%20la%20compartas%20con%20nadie%3B%20%C2%A1que%20est%C3%A9s%20s%C3%BAper%20bien!%0A*Recuerda%20tu%20pantalla%20es%20la%20que%20ves%20arriba%3B%20solo%20puedes%20utilizar%20esa.*%0A%0A%0ANOTA%3A*NO%20MODIFICAR%20LOS%20NUMEROS%20DEL%20PERFIL%2C%20USAR%20UNICAMENTE%20EL%20QUE%20SE%20LE%20ASIGNO%20SIN%20CAMBIARLO*%0APARA%20EVITAR%20CODIGOS%20DEBES%20BORRAR%20HISTORIAL%20Y%20COOKIES%20----%3E%20%20%20%20%0AEN%20CELULAR%3A%20https%3A%2F%2Fwww.youtube.com%2Fwatch%3Fv%3DrEsApVI1-lk%0AEN%20EL%20COMPUTADOR%3A%20https%3A%2F%2Fwww.youtube.com%2Fwatch%3Fv%3D2pYn4px0YWI
[2026-04-19T22:11:57.549Z] [STEP 7] ↪ asentando vista ~7s…
[2026-04-19T22:12:09.305Z] [STEP 8] ↩️ Enviado (Enter)
[2026-04-19T22:12:09.306Z]    ↪ post-send pause ~8s…
[2026-04-19T22:12:17.364Z] ⏳ Pausa entre mensajes: ~19s…
[2026-04-19T22:12:36.517Z] → [48/49] phone=573145751227 correo=shantellehoneywell1578@hotmail.com plataforma_id=8 (Crunchyroll) servicio=Pantalla pantalla=3 vence=17/05/2026
[2026-04-19T22:12:36.518Z] [STEP 7] 🔁 Abriendo chat (intento 1/3) con: https://web.whatsapp.com/send?phone=573145751227&text=Hola%20Caicedo%2C%20te%20notificamos%20el%20*cambio%20de%20contrase%C3%B1a*%20asociado%20a%20tu%20correo%3A%20*shantellehoneywell1578%40hotmail.com*.%0A%0A%E2%80%A2%20Crunchyroll%20%E2%80%94%20Pantalla%20%7C%20*Pantalla%203*%20%7C%20vence%3A%2017%2F05%2F2026%0A%0A*La%20nueva%20contrase%C3%B1a%20es%3A*%20medcrunch44%40%20%0ANo%20la%20compartas%20con%20nadie%3B%20%C2%A1que%20est%C3%A9s%20s%C3%BAper%20bien!%0A*Recuerda%20tu%20pantalla%20es%20la%20que%20ves%20arriba%3B%20solo%20puedes%20utilizar%20esa.*%0A%0A%0ANOTA%3A*NO%20MODIFICAR%20LOS%20NUMEROS%20DEL%20PERFIL%2C%20USAR%20UNICAMENTE%20EL%20QUE%20SE%20LE%20ASIGNO%20SIN%20CAMBIARLO*%0APARA%20EVITAR%20CODIGOS%20DEBES%20BORRAR%20HISTORIAL%20Y%20COOKIES%20----%3E%20%20%20%20%0AEN%20CELULAR%3A%20https%3A%2F%2Fwww.youtube.com%2Fwatch%3Fv%3DrEsApVI1-lk%0AEN%20EL%20COMPUTADOR%3A%20https%3A%2F%2Fwww.youtube.com%2Fwatch%3Fv%3D2pYn4px0YWI
[2026-04-19T22:12:37.217Z] [STEP 7] ↪ asentando vista ~9s…
[2026-04-19T22:12:49.080Z] [STEP 8] ↩️ Enviado (Enter)
[2026-04-19T22:12:49.081Z]    ↪ post-send pause ~9s…
[2026-04-19T22:12:58.090Z] ⏳ Pausa entre mensajes: ~18s…
[2026-04-19T22:13:16.048Z] → [49/49] phone=573246101007 correo=shantellehoneywell1578@hotmail.com plataforma_id=8 (Crunchyroll) servicio=Pantalla pantalla=1 vence=17/05/2026
[2026-04-19T22:13:16.050Z] [STEP 7] 🔁 Abriendo chat (intento 1/3) con: https://web.whatsapp.com/send?phone=573246101007&text=Hola%20Miguel%2C%20te%20notificamos%20el%20*cambio%20de%20contrase%C3%B1a*%20asociado%20a%20tu%20correo%3A%20*shantellehoneywell1578%40hotmail.com*.%0A%0A%E2%80%A2%20Crunchyroll%20%E2%80%94%20Pantalla%20%7C%20*Pantalla%201*%20%7C%20vence%3A%2017%2F05%2F2026%0A%0A*La%20nueva%20contrase%C3%B1a%20es%3A*%20medcrunch44%40%20%0ANo%20la%20compartas%20con%20nadie%3B%20%C2%A1que%20est%C3%A9s%20s%C3%BAper%20bien!%0A*Recuerda%20tu%20pantalla%20es%20la%20que%20ves%20arriba%3B%20solo%20puedes%20utilizar%20esa.*%0A%0A%0ANOTA%3A*NO%20MODIFICAR%20LOS%20NUMEROS%20DEL%20PERFIL%2C%20USAR%20UNICAMENTE%20EL%20QUE%20SE%20LE%20ASIGNO%20SIN%20CAMBIARLO*%0APARA%20EVITAR%20CODIGOS%20DEBES%20BORRAR%20HISTORIAL%20Y%20COOKIES%20----%3E%20%20%20%20%0AEN%20CELULAR%3A%20https%3A%2F%2Fwww.youtube.com%2Fwatch%3Fv%3DrEsApVI1-lk%0AEN%20EL%20COMPUTADOR%3A%20https%3A%2F%2Fwww.youtube.com%2Fwatch%3Fv%3D2pYn4px0YWI
[2026-04-19T22:13:16.685Z] [STEP 7] ↪ asentando vista ~6s…
[2026-04-19T22:13:28.401Z] [STEP 8] ↩️ Enviado (Enter)
[2026-04-19T22:13:28.403Z]    ↪ post-send pause ~9s…
[2026-04-19T22:13:37.014Z] ✅ Notificaciones terminadas.
[2026-04-19T22:13:37.016Z] ℹ️ Navegador dejado abierto para revisión manual.
[2026-04-19T22:13:37.039Z] == fin notify-password-changes ==
[2026-04-21T04:08:14.696Z] LOG_FILE=C:\Users\Santiago\medplay\.logs\notify-password-changes.log
[2026-04-21T04:08:14.697Z] == inicio notify-password-changes ==
[2026-04-21T04:08:14.698Z] [STEP 1] items recibidos: 6
[2026-04-21T04:08:14.698Z] [STEP 2] Correos únicos=6 | plataforma_id únicos=3
[2026-04-21T04:08:14.698Z] [STEP 2] Time=1ms
[2026-04-21T04:08:14.731Z] [STEP 3] DB: conectado
[2026-04-21T04:08:14.752Z] [STEP 3] Filas obtenidas (futuras): 9
[2026-04-21T04:08:14.753Z] [STEP 3] Time=55ms
[2026-04-21T04:08:14.762Z] [STEP 4][RESUMEN] correo=medplay93@gmail.com plataforma_id=2 (Netflix) filas=4 phones=573163184209,573012465155,573014063130,573144658592
[2026-04-21T04:08:14.762Z] [STEP 4][RESUMEN] correo=medplay93+nv2@gmail.com plataforma_id=3 (Disney) filas=5 phones=573133658509,573013579141,573167001828,573222959907,573017301786
[2026-04-21T04:08:14.762Z] [STEP 4] tasks=9 skippedPhone=0 skippedNoClave=0
[2026-04-21T04:08:14.763Z] [STEP 4] Time=10ms
[2026-04-21T04:08:14.763Z] [STEP 5] OK → hay tareas, continuamos a WA/CDP.
[2026-04-21T04:08:14.763Z] [STEP 6.1] START_SCRIPT=C:\Users\Santiago\medplay\scripts\start-edge-wa.bat
[2026-04-21T04:08:14.764Z] [STEP 6.1] Lanzando start-edge-wa.bat…
[2026-04-21T04:08:16.285Z] [STEP 6.2] Esperando CDP en 127.0.0.1:9222…
[2026-04-21T04:08:16.291Z] [STEP 6.2] CDP ok: true
[2026-04-21T04:08:19.334Z] ❌ Error notify-password-changes: Error: CDP respondió, pero Edge no expuso ningún contexto.
    at getExistingPage (C:\Users\Santiago\medplay\scripts\notify-password-changes.js:108:11)
    at connectToExistingEdge (C:\Users\Santiago\medplay\scripts\notify-password-changes.js:133:20)
    at async main (C:\Users\Santiago\medplay\scripts\notify-password-changes.js:689:18)
[2026-04-21T04:08:19.336Z] == fin notify-password-changes ==
[2026-04-21T04:13:35.748Z] LOG_FILE=C:\Users\Santiago\medplay\.logs\notify-password-changes.log
[2026-04-21T04:13:35.749Z] == inicio notify-password-changes ==
[2026-04-21T04:13:35.749Z] [STEP 1] items recibidos: 5
[2026-04-21T04:13:35.750Z] [STEP 2] Correos únicos=5 | plataforma_id únicos=2
[2026-04-21T04:13:35.750Z] [STEP 2] Time=1ms
[2026-04-21T04:13:35.776Z] [STEP 3] DB: conectado
[2026-04-21T04:13:35.785Z] [STEP 3] Filas obtenidas (futuras): 4
[2026-04-21T04:13:35.785Z] [STEP 3] Time=35ms
[2026-04-21T04:13:35.792Z] [STEP 4][RESUMEN] correo=medplay93@gmail.com plataforma_id=2 (Netflix) filas=4 phones=573163184209,573012465155,573014063130,573144658592
[2026-04-21T04:13:35.793Z] [STEP 4] tasks=4 skippedPhone=0 skippedNoClave=0
[2026-04-21T04:13:35.793Z] [STEP 4] Time=8ms
[2026-04-21T04:13:35.793Z] [STEP 5] OK → hay tareas, continuamos a WA/CDP.
[2026-04-21T04:13:35.794Z] [STEP 6.1] START_SCRIPT=C:\Users\Santiago\medplay\scripts\start-edge-wa.bat
[2026-04-21T04:13:35.794Z] [STEP 6.1] Lanzando start-edge-wa.bat…
[2026-04-21T04:13:37.312Z] [STEP 6.2] Esperando CDP en 127.0.0.1:9222…
[2026-04-21T04:13:37.319Z] [STEP 6.2] CDP ok: true
[2026-04-21T04:13:40.397Z] [STEP 6.3] Preparando WhatsApp Web…
[2026-04-21T04:14:15.908Z] [STEP 6.3] ✅ WhatsApp Web listo.
[2026-04-21T04:14:15.909Z] [STEP 7] base gapEnv=12000ms
[2026-04-21T04:14:15.909Z] — BLOQUE — correo=medplay93@gmail.com | plataforma_id=2 (Netflix)
[2026-04-21T04:14:15.910Z] → [1/4] phone=573012465155 correo=medplay93@gmail.com plataforma_id=2 (Netflix) servicio=Pantalla pantalla=4 vence=21/04/2026
[2026-04-21T04:14:15.911Z] [STEP 7] 🔁 Abriendo chat (intento 1/3) con: https://web.whatsapp.com/send?phone=573012465155&text=Hola%20Ronald%2C%20te%20notificamos%20el%20*cambio%20de%20contrase%C3%B1a*%20asociado%20a%20tu%20correo%3A%20*medplay93%40gmail.com*.%0A%0A%E2%80%A2%20Netflix%20%E2%80%94%20Pantalla%20%7C%20*Pantalla%204*%20%7C%20vence%3A%2021%2F04%2F2026%0A%0A*La%20nueva%20contrase%C3%B1a%20es%3A*%20medicrun99%20%0ANo%20la%20compartas%20con%20nadie%3B%20%C2%A1que%20est%C3%A9s%20s%C3%BAper%20bien!%0A*Recuerda%20tu%20pantalla%20es%20la%20que%20ves%20arriba%3B%20solo%20puedes%20utilizar%20esa.*%0A%0A%0ANOTA%3A*NO%20MODIFICAR%20LOS%20NUMEROS%20DEL%20PERFIL%2C%20USAR%20UNICAMENTE%20EL%20QUE%20SE%20LE%20ASIGNO%20SIN%20CAMBIARLO*%0APARA%20EVITAR%20CODIGOS%20DEBES%20BORRAR%20HISTORIAL%20Y%20COOKIES%20----%3E%20%20%20%20%0AEN%20CELULAR%3A%20https%3A%2F%2Fwww.youtube.com%2Fwatch%3Fv%3DrEsApVI1-lk%0AEN%20EL%20COMPUTADOR%3A%20https%3A%2F%2Fwww.youtube.com%2Fwatch%3Fv%3D2pYn4px0YWI
[2026-04-21T04:14:16.606Z] [STEP 7] ↪ asentando vista ~7s…
[2026-04-21T04:14:30.602Z] [STEP 8] ↩️ Enviado (Enter)
[2026-04-21T04:14:30.603Z]    ↪ post-send pause ~9s…
[2026-04-21T04:14:39.119Z] ⏳ Pausa entre mensajes: ~17s…
[2026-04-21T04:14:55.807Z] → [2/4] phone=573014063130 correo=medplay93@gmail.com plataforma_id=2 (Netflix) servicio=Pantalla pantalla=1 vence=24/04/2026
[2026-04-21T04:14:55.808Z] [STEP 7] 🔁 Abriendo chat (intento 1/3) con: https://web.whatsapp.com/send?phone=573014063130&text=Hola%20Jose%2C%20te%20notificamos%20el%20*cambio%20de%20contrase%C3%B1a*%20asociado%20a%20tu%20correo%3A%20*medplay93%40gmail.com*.%0A%0A%E2%80%A2%20Netflix%20%E2%80%94%20Pantalla%20%7C%20*Pantalla%201*%20%7C%20vence%3A%2024%2F04%2F2026%0A%0A*La%20nueva%20contrase%C3%B1a%20es%3A*%20medicrun99%20%0ANo%20la%20compartas%20con%20nadie%3B%20%C2%A1que%20est%C3%A9s%20s%C3%BAper%20bien!%0A*Recuerda%20tu%20pantalla%20es%20la%20que%20ves%20arriba%3B%20solo%20puedes%20utilizar%20esa.*%0A%0A%0ANOTA%3A*NO%20MODIFICAR%20LOS%20NUMEROS%20DEL%20PERFIL%2C%20USAR%20UNICAMENTE%20EL%20QUE%20SE%20LE%20ASIGNO%20SIN%20CAMBIARLO*%0APARA%20EVITAR%20CODIGOS%20DEBES%20BORRAR%20HISTORIAL%20Y%20COOKIES%20----%3E%20%20%20%20%0AEN%20CELULAR%3A%20https%3A%2F%2Fwww.youtube.com%2Fwatch%3Fv%3DrEsApVI1-lk%0AEN%20EL%20COMPUTADOR%3A%20https%3A%2F%2Fwww.youtube.com%2Fwatch%3Fv%3D2pYn4px0YWI
[2026-04-21T04:14:56.590Z] [STEP 7] ↪ asentando vista ~8s…
[2026-04-21T04:15:08.163Z] [STEP 8] ↩️ Enviado (Enter)
[2026-04-21T04:15:08.164Z]    ↪ post-send pause ~6s…
[2026-04-21T04:15:14.286Z] ⏳ Pausa entre mensajes: ~17s…
[2026-04-21T04:15:31.126Z] → [3/4] phone=573144658592 correo=medplay93@gmail.com plataforma_id=2 (Netflix) servicio=Pantalla pantalla=3 vence=14/05/2026
[2026-04-21T04:15:31.127Z] [STEP 7] 🔁 Abriendo chat (intento 1/3) con: https://web.whatsapp.com/send?phone=573144658592&text=Hola%20!%2C%20te%20notificamos%20el%20*cambio%20de%20contrase%C3%B1a*%20asociado%20a%20tu%20correo%3A%20*medplay93%40gmail.com*.%0A%0A%E2%80%A2%20Netflix%20%E2%80%94%20Pantalla%20%7C%20*Pantalla%203*%20%7C%20vence%3A%2014%2F05%2F2026%0A%0A*La%20nueva%20contrase%C3%B1a%20es%3A*%20medicrun99%20%0ANo%20la%20compartas%20con%20nadie%3B%20%C2%A1que%20est%C3%A9s%20s%C3%BAper%20bien!%0A*Recuerda%20tu%20pantalla%20es%20la%20que%20ves%20arriba%3B%20solo%20puedes%20utilizar%20esa.*%0A%0A%0ANOTA%3A*NO%20MODIFICAR%20LOS%20NUMEROS%20DEL%20PERFIL%2C%20USAR%20UNICAMENTE%20EL%20QUE%20SE%20LE%20ASIGNO%20SIN%20CAMBIARLO*%0APARA%20EVITAR%20CODIGOS%20DEBES%20BORRAR%20HISTORIAL%20Y%20COOKIES%20----%3E%20%20%20%20%0AEN%20CELULAR%3A%20https%3A%2F%2Fwww.youtube.com%2Fwatch%3Fv%3DrEsApVI1-lk%0AEN%20EL%20COMPUTADOR%3A%20https%3A%2F%2Fwww.youtube.com%2Fwatch%3Fv%3D2pYn4px0YWI
[2026-04-21T04:15:31.775Z] [STEP 7] ↪ asentando vista ~7s…
[2026-04-21T04:15:41.102Z] [STEP 8] ↩️ Enviado (Enter)
[2026-04-21T04:15:41.103Z]    ↪ post-send pause ~7s…
[2026-04-21T04:15:48.141Z] ⏳ Pausa entre mensajes: ~17s…
[2026-04-21T04:16:04.747Z] → [4/4] phone=573163184209 correo=medplay93@gmail.com plataforma_id=2 (Netflix) servicio=Pantalla pantalla=2 vence=16/05/2026
[2026-04-21T04:16:04.748Z] [STEP 7] 🔁 Abriendo chat (intento 1/3) con: https://web.whatsapp.com/send?phone=573163184209&text=Hola%20Anonimous%2C%20te%20notificamos%20el%20*cambio%20de%20contrase%C3%B1a*%20asociado%20a%20tu%20correo%3A%20*medplay93%40gmail.com*.%0A%0A%E2%80%A2%20Netflix%20%E2%80%94%20Pantalla%20%7C%20*Pantalla%202*%20%7C%20vence%3A%2016%2F05%2F2026%0A%0A*La%20nueva%20contrase%C3%B1a%20es%3A*%20medicrun99%20%0ANo%20la%20compartas%20con%20nadie%3B%20%C2%A1que%20est%C3%A9s%20s%C3%BAper%20bien!%0A*Recuerda%20tu%20pantalla%20es%20la%20que%20ves%20arriba%3B%20solo%20puedes%20utilizar%20esa.*%0A%0A%0ANOTA%3A*NO%20MODIFICAR%20LOS%20NUMEROS%20DEL%20PERFIL%2C%20USAR%20UNICAMENTE%20EL%20QUE%20SE%20LE%20ASIGNO%20SIN%20CAMBIARLO*%0APARA%20EVITAR%20CODIGOS%20DEBES%20BORRAR%20HISTORIAL%20Y%20COOKIES%20----%3E%20%20%20%20%0AEN%20CELULAR%3A%20https%3A%2F%2Fwww.youtube.com%2Fwatch%3Fv%3DrEsApVI1-lk%0AEN%20EL%20COMPUTADOR%3A%20https%3A%2F%2Fwww.youtube.com%2Fwatch%3Fv%3D2pYn4px0YWI
[2026-04-21T04:16:05.321Z] [STEP 7] ↪ asentando vista ~8s…
[2026-04-21T04:16:16.827Z] [STEP 8] ↩️ Enviado (Enter)
[2026-04-21T04:16:16.827Z]    ↪ post-send pause ~8s…
[2026-04-21T04:16:24.371Z] ✅ Notificaciones terminadas.
[2026-04-21T04:16:24.372Z] ℹ️ Navegador dejado abierto para revisión manual.
[2026-04-21T04:16:24.376Z] == fin notify-password-changes ==
[2026-04-21T14:14:23.547Z] LOG_FILE=C:\Users\Santiago\medplay\.logs\notify-password-changes.log
[2026-04-21T14:14:23.549Z] == inicio notify-password-changes ==
[2026-04-21T14:14:23.549Z] [STEP 1] items recibidos: 4
[2026-04-21T14:14:23.550Z] [STEP 2] Correos únicos=4 | plataforma_id únicos=2
[2026-04-21T14:14:23.550Z] [STEP 2] Time=1ms
[2026-04-21T14:14:23.580Z] [STEP 3] DB: conectado
[2026-04-21T14:14:23.595Z] [STEP 3] Filas obtenidas (futuras): 10
[2026-04-21T14:14:23.595Z] [STEP 3] Time=44ms
[2026-04-21T14:14:23.604Z] [STEP 4][RESUMEN] correo=medplay93+nv2@gmail.com plataforma_id=3 (Disney) filas=5 phones=573133658509,573013579141,573167001828,573222959907,573017301786
[2026-04-21T14:14:23.605Z] [STEP 4][RESUMEN] correo=medplay93j@gmail.com plataforma_id=8 (Crunchyroll) filas=2 phones=573205268352,573183577675
[2026-04-21T14:14:23.606Z] [STEP 4][RESUMEN] correo=vamoabesarnos@gmail.com plataforma_id=8 (Crunchyroll) filas=2 phones=573502816735,573203471528
[2026-04-21T14:14:23.606Z] [STEP 4][RESUMEN] correo=mazizomix12@gmail.com plataforma_id=8 (Crunchyroll) filas=1 phones=573246101007
[2026-04-21T14:14:23.606Z] [STEP 4] tasks=10 skippedPhone=0 skippedNoClave=0
[2026-04-21T14:14:23.606Z] [STEP 4] Time=10ms
[2026-04-21T14:14:23.607Z] [STEP 5] OK → hay tareas, continuamos a WA/CDP.
[2026-04-21T14:14:23.607Z] [STEP 6.1] START_SCRIPT=C:\Users\Santiago\medplay\scripts\start-edge-wa.bat
[2026-04-21T14:14:23.607Z] [STEP 6.1] Lanzando start-edge-wa.bat…
[2026-04-21T14:14:25.124Z] [STEP 6.2] Esperando CDP en 127.0.0.1:9222…
[2026-04-21T14:14:25.132Z] [STEP 6.2] CDP ok: true
[2026-04-21T14:14:28.193Z] [STEP 6.3] Preparando WhatsApp Web…
[2026-04-21T14:14:40.918Z] [STEP 6.3] ✅ WhatsApp Web listo.
[2026-04-21T14:14:40.919Z] [STEP 7] base gapEnv=12000ms
[2026-04-21T14:14:40.920Z] — BLOQUE — correo=mazizomix12@gmail.com | plataforma_id=8 (Crunchyroll)
[2026-04-21T14:14:40.922Z] → [1/10] phone=573246101007 correo=mazizomix12@gmail.com plataforma_id=8 (Crunchyroll) servicio=Pantalla pantalla=1 vence=17/05/2026
[2026-04-21T14:14:40.924Z] [STEP 7] 🔁 Abriendo chat (intento 1/3) con: https://web.whatsapp.com/send?phone=573246101007&text=Hola%20Miguel%2C%20te%20notificamos%20el%20*cambio%20de%20contrase%C3%B1a*%20asociado%20a%20tu%20correo%3A%20*mazizomix12%40gmail.com*.%0A%0A%E2%80%A2%20Crunchyroll%20%E2%80%94%20Pantalla%20%7C%20*Pantalla%201*%20%7C%20vence%3A%2017%2F05%2F2026%0A%0A*La%20nueva%20contrase%C3%B1a%20es%3A*%20medcrunch22%40%20%0ANo%20la%20compartas%20con%20nadie%3B%20%C2%A1que%20est%C3%A9s%20s%C3%BAper%20bien!%0A*Recuerda%20tu%20pantalla%20es%20la%20que%20ves%20arriba%3B%20solo%20puedes%20utilizar%20esa.*%0A%0A%0ANOTA%3A*NO%20MODIFICAR%20LOS%20NUMEROS%20DEL%20PERFIL%2C%20USAR%20UNICAMENTE%20EL%20QUE%20SE%20LE%20ASIGNO%20SIN%20CAMBIARLO*%0APARA%20EVITAR%20CODIGOS%20DEBES%20BORRAR%20HISTORIAL%20Y%20COOKIES%20----%3E%20%20%20%20%0AEN%20CELULAR%3A%20https%3A%2F%2Fwww.youtube.com%2Fwatch%3Fv%3DrEsApVI1-lk%0AEN%20EL%20COMPUTADOR%3A%20https%3A%2F%2Fwww.youtube.com%2Fwatch%3Fv%3D2pYn4px0YWI
[2026-04-21T14:14:41.682Z] [STEP 7] ↪ asentando vista ~6s…
[2026-04-21T14:14:50.625Z] [STEP 8] ↩️ Enviado (Enter)
[2026-04-21T14:14:50.627Z]    ↪ post-send pause ~7s…
[2026-04-21T14:14:57.546Z] ⏳ Pausa entre mensajes: ~18s…
[2026-04-21T14:15:15.294Z] — BLOQUE — correo=medplay93+nv2@gmail.com | plataforma_id=3 (Disney)
[2026-04-21T14:15:15.296Z] → [2/10] phone=573013579141 correo=medplay93+nv2@gmail.com plataforma_id=3 (Disney) servicio=Pantalla pantalla=5 vence=24/04/2026
[2026-04-21T14:15:15.297Z] [STEP 7] 🔁 Abriendo chat (intento 1/3) con: https://web.whatsapp.com/send?phone=573013579141&text=Hola%20!%2C%20te%20notificamos%20el%20*cambio%20de%20contrase%C3%B1a*%20asociado%20a%20tu%20correo%3A%20*medplay93%2Bnv2%40gmail.com*.%0A%0A%E2%80%A2%20Disney%20%E2%80%94%20Pantalla%20%7C%20*Pantalla%205*%20%7C%20vence%3A%2024%2F04%2F2026%0A%0A*La%20nueva%20contrase%C3%B1a%20es%3A*%20medicrun98%20%0ANo%20la%20compartas%20con%20nadie%3B%20%C2%A1que%20est%C3%A9s%20s%C3%BAper%20bien!%0A*Recuerda%20tu%20pantalla%20es%20la%20que%20ves%20arriba%3B%20solo%20puedes%20utilizar%20esa.*%0A%0A%0ANOTA%3A*NO%20MODIFICAR%20LOS%20NUMEROS%20DEL%20PERFIL%2C%20USAR%20UNICAMENTE%20EL%20QUE%20SE%20LE%20ASIGNO%20SIN%20CAMBIARLO*%0APARA%20EVITAR%20CODIGOS%20DEBES%20BORRAR%20HISTORIAL%20Y%20COOKIES%20----%3E%20%20%20%20%0AEN%20CELULAR%3A%20https%3A%2F%2Fwww.youtube.com%2Fwatch%3Fv%3DrEsApVI1-lk%0AEN%20EL%20COMPUTADOR%3A%20https%3A%2F%2Fwww.youtube.com%2Fwatch%3Fv%3D2pYn4px0YWI
[2026-04-21T14:15:15.816Z] [STEP 7] ↪ asentando vista ~9s…
[2026-04-21T14:15:27.604Z] [STEP 8] ↩️ Enviado (Enter)
[2026-04-21T14:15:27.606Z]    ↪ post-send pause ~7s…
[2026-04-21T14:15:34.986Z] ⏳ Pausa entre mensajes: ~18s…
[2026-04-21T14:15:53.353Z] → [3/10] phone=573017301786 correo=medplay93+nv2@gmail.com plataforma_id=3 (Disney) servicio=Pantalla pantalla=4 vence=08/05/2026
[2026-04-21T14:15:53.355Z] [STEP 7] 🔁 Abriendo chat (intento 1/3) con: https://web.whatsapp.com/send?phone=573017301786&text=Hola%20Esneider%2C%20te%20notificamos%20el%20*cambio%20de%20contrase%C3%B1a*%20asociado%20a%20tu%20correo%3A%20*medplay93%2Bnv2%40gmail.com*.%0A%0A%E2%80%A2%20Disney%20%E2%80%94%20Pantalla%20%7C%20*Pantalla%204*%20%7C%20vence%3A%2008%2F05%2F2026%0A%0A*La%20nueva%20contrase%C3%B1a%20es%3A*%20medicrun98%20%0ANo%20la%20compartas%20con%20nadie%3B%20%C2%A1que%20est%C3%A9s%20s%C3%BAper%20bien!%0A*Recuerda%20tu%20pantalla%20es%20la%20que%20ves%20arriba%3B%20solo%20puedes%20utilizar%20esa.*%0A%0A%0ANOTA%3A*NO%20MODIFICAR%20LOS%20NUMEROS%20DEL%20PERFIL%2C%20USAR%20UNICAMENTE%20EL%20QUE%20SE%20LE%20ASIGNO%20SIN%20CAMBIARLO*%0APARA%20EVITAR%20CODIGOS%20DEBES%20BORRAR%20HISTORIAL%20Y%20COOKIES%20----%3E%20%20%20%20%0AEN%20CELULAR%3A%20https%3A%2F%2Fwww.youtube.com%2Fwatch%3Fv%3DrEsApVI1-lk%0AEN%20EL%20COMPUTADOR%3A%20https%3A%2F%2Fwww.youtube.com%2Fwatch%3Fv%3D2pYn4px0YWI
[2026-04-21T14:15:54.142Z] [STEP 7] ↪ asentando vista ~8s…
[2026-04-21T14:16:03.978Z] [STEP 8] ↩️ Enviado (Enter)
[2026-04-21T14:16:03.979Z]    ↪ post-send pause ~8s…
[2026-04-21T14:16:12.347Z] ⏳ Pausa entre mensajes: ~18s…
[2026-04-21T14:16:30.770Z] → [4/10] phone=573133658509 correo=medplay93+nv2@gmail.com plataforma_id=3 (Disney) servicio=Pantalla pantalla=3 vence=23/04/2026
[2026-04-21T14:16:30.772Z] [STEP 7] 🔁 Abriendo chat (intento 1/3) con: https://web.whatsapp.com/send?phone=573133658509&text=Hola%20Liz%2C%20te%20notificamos%20el%20*cambio%20de%20contrase%C3%B1a*%20asociado%20a%20tu%20correo%3A%20*medplay93%2Bnv2%40gmail.com*.%0A%0A%E2%80%A2%20Disney%20%E2%80%94%20Pantalla%20%7C%20*Pantalla%203*%20%7C%20vence%3A%2023%2F04%2F2026%0A%0A*La%20nueva%20contrase%C3%B1a%20es%3A*%20medicrun98%20%0ANo%20la%20compartas%20con%20nadie%3B%20%C2%A1que%20est%C3%A9s%20s%C3%BAper%20bien!%0A*Recuerda%20tu%20pantalla%20es%20la%20que%20ves%20arriba%3B%20solo%20puedes%20utilizar%20esa.*%0A%0A%0ANOTA%3A*NO%20MODIFICAR%20LOS%20NUMEROS%20DEL%20PERFIL%2C%20USAR%20UNICAMENTE%20EL%20QUE%20SE%20LE%20ASIGNO%20SIN%20CAMBIARLO*%0APARA%20EVITAR%20CODIGOS%20DEBES%20BORRAR%20HISTORIAL%20Y%20COOKIES%20----%3E%20%20%20%20%0AEN%20CELULAR%3A%20https%3A%2F%2Fwww.youtube.com%2Fwatch%3Fv%3DrEsApVI1-lk%0AEN%20EL%20COMPUTADOR%3A%20https%3A%2F%2Fwww.youtube.com%2Fwatch%3Fv%3D2pYn4px0YWI
[2026-04-21T14:16:31.357Z] [STEP 7] ↪ asentando vista ~10s…
[2026-04-21T14:16:43.191Z] [STEP 8] ↩️ Enviado (Enter)
[2026-04-21T14:16:43.192Z]    ↪ post-send pause ~7s…
[2026-04-21T14:16:50.652Z] ⏳ Pausa entre mensajes: ~17s…
[2026-04-21T14:17:07.733Z] → [5/10] phone=573167001828 correo=medplay93+nv2@gmail.com plataforma_id=3 (Disney) servicio=Pantalla pantalla=6 vence=25/04/2026
[2026-04-21T14:17:07.734Z] [STEP 7] 🔁 Abriendo chat (intento 1/3) con: https://web.whatsapp.com/send?phone=573167001828&text=Hola%20Carlos%2C%20te%20notificamos%20el%20*cambio%20de%20contrase%C3%B1a*%20asociado%20a%20tu%20correo%3A%20*medplay93%2Bnv2%40gmail.com*.%0A%0A%E2%80%A2%20Disney%20%E2%80%94%20Pantalla%20%7C%20*Pantalla%206*%20%7C%20vence%3A%2025%2F04%2F2026%0A%0A*La%20nueva%20contrase%C3%B1a%20es%3A*%20medicrun98%20%0ANo%20la%20compartas%20con%20nadie%3B%20%C2%A1que%20est%C3%A9s%20s%C3%BAper%20bien!%0A*Recuerda%20tu%20pantalla%20es%20la%20que%20ves%20arriba%3B%20solo%20puedes%20utilizar%20esa.*%0A%0A%0ANOTA%3A*NO%20MODIFICAR%20LOS%20NUMEROS%20DEL%20PERFIL%2C%20USAR%20UNICAMENTE%20EL%20QUE%20SE%20LE%20ASIGNO%20SIN%20CAMBIARLO*%0APARA%20EVITAR%20CODIGOS%20DEBES%20BORRAR%20HISTORIAL%20Y%20COOKIES%20----%3E%20%20%20%20%0AEN%20CELULAR%3A%20https%3A%2F%2Fwww.youtube.com%2Fwatch%3Fv%3DrEsApVI1-lk%0AEN%20EL%20COMPUTADOR%3A%20https%3A%2F%2Fwww.youtube.com%2Fwatch%3Fv%3D2pYn4px0YWI
[2026-04-21T14:17:08.307Z] [STEP 7] ↪ asentando vista ~7s…
[2026-04-21T14:17:17.184Z] [STEP 8] ↩️ Enviado (Enter)
[2026-04-21T14:17:17.185Z]    ↪ post-send pause ~9s…
[2026-04-21T14:17:26.285Z] ⏳ Pausa entre mensajes: ~17s…
[2026-04-21T14:17:43.370Z] → [6/10] phone=573222959907 correo=medplay93+nv2@gmail.com plataforma_id=3 (Disney) servicio=Pantalla pantalla=7 vence=03/05/2026
[2026-04-21T14:17:43.371Z] [STEP 7] 🔁 Abriendo chat (intento 1/3) con: https://web.whatsapp.com/send?phone=573222959907&text=Hola%20!%2C%20te%20notificamos%20el%20*cambio%20de%20contrase%C3%B1a*%20asociado%20a%20tu%20correo%3A%20*medplay93%2Bnv2%40gmail.com*.%0A%0A%E2%80%A2%20Disney%20%E2%80%94%20Pantalla%20%7C%20*Pantalla%207*%20%7C%20vence%3A%2003%2F05%2F2026%0A%0A*La%20nueva%20contrase%C3%B1a%20es%3A*%20medicrun98%20%0ANo%20la%20compartas%20con%20nadie%3B%20%C2%A1que%20est%C3%A9s%20s%C3%BAper%20bien!%0A*Recuerda%20tu%20pantalla%20es%20la%20que%20ves%20arriba%3B%20solo%20puedes%20utilizar%20esa.*%0A%0A%0ANOTA%3A*NO%20MODIFICAR%20LOS%20NUMEROS%20DEL%20PERFIL%2C%20USAR%20UNICAMENTE%20EL%20QUE%20SE%20LE%20ASIGNO%20SIN%20CAMBIARLO*%0APARA%20EVITAR%20CODIGOS%20DEBES%20BORRAR%20HISTORIAL%20Y%20COOKIES%20----%3E%20%20%20%20%0AEN%20CELULAR%3A%20https%3A%2F%2Fwww.youtube.com%2Fwatch%3Fv%3DrEsApVI1-lk%0AEN%20EL%20COMPUTADOR%3A%20https%3A%2F%2Fwww.youtube.com%2Fwatch%3Fv%3D2pYn4px0YWI
[2026-04-21T14:17:43.994Z] [STEP 7] ↪ asentando vista ~6s…
[2026-04-21T14:17:53.339Z] [STEP 8] ↩️ Enviado (Enter)
[2026-04-21T14:17:53.340Z]    ↪ post-send pause ~8s…
[2026-04-21T14:18:01.596Z] ⏳ Pausa entre mensajes: ~20s…
[2026-04-21T14:18:21.563Z] — BLOQUE — correo=medplay93j@gmail.com | plataforma_id=8 (Crunchyroll)
[2026-04-21T14:18:21.565Z] → [7/10] phone=573183577675 correo=medplay93j@gmail.com plataforma_id=8 (Crunchyroll) servicio=Pantalla pantalla=2 vence=20/05/2026
[2026-04-21T14:18:21.566Z] [STEP 7] 🔁 Abriendo chat (intento 1/3) con: https://web.whatsapp.com/send?phone=573183577675&text=Hola%20Andr%C3%A9s%2C%20te%20notificamos%20el%20*cambio%20de%20contrase%C3%B1a*%20asociado%20a%20tu%20correo%3A%20*medplay93j%40gmail.com*.%0A%0A%E2%80%A2%20Crunchyroll%20%E2%80%94%20Pantalla%20%7C%20*Pantalla%202*%20%7C%20vence%3A%2020%2F05%2F2026%0A%0A*La%20nueva%20contrase%C3%B1a%20es%3A*%20medcrunch12%40%20%0ANo%20la%20compartas%20con%20nadie%3B%20%C2%A1que%20est%C3%A9s%20s%C3%BAper%20bien!%0A*Recuerda%20tu%20pantalla%20es%20la%20que%20ves%20arriba%3B%20solo%20puedes%20utilizar%20esa.*%0A%0A%0ANOTA%3A*NO%20MODIFICAR%20LOS%20NUMEROS%20DEL%20PERFIL%2C%20USAR%20UNICAMENTE%20EL%20QUE%20SE%20LE%20ASIGNO%20SIN%20CAMBIARLO*%0APARA%20EVITAR%20CODIGOS%20DEBES%20BORRAR%20HISTORIAL%20Y%20COOKIES%20----%3E%20%20%20%20%0AEN%20CELULAR%3A%20https%3A%2F%2Fwww.youtube.com%2Fwatch%3Fv%3DrEsApVI1-lk%0AEN%20EL%20COMPUTADOR%3A%20https%3A%2F%2Fwww.youtube.com%2Fwatch%3Fv%3D2pYn4px0YWI
[2026-04-21T14:18:22.626Z] [STEP 7] ↪ asentando vista ~7s…
[2026-04-21T14:18:32.404Z] [STEP 8] ↩️ Enviado (Enter)
[2026-04-21T14:18:32.405Z]    ↪ post-send pause ~10s…
[2026-04-21T14:18:42.198Z] ⏳ Pausa entre mensajes: ~18s…
[2026-04-21T14:18:59.893Z] → [8/10] phone=573205268352 correo=medplay93j@gmail.com plataforma_id=8 (Crunchyroll) servicio=Pantalla pantalla=6 vence=08/05/2026
[2026-04-21T14:18:59.895Z] [STEP 7] 🔁 Abriendo chat (intento 1/3) con: https://web.whatsapp.com/send?phone=573205268352&text=Hola%20Rey%2C%20te%20notificamos%20el%20*cambio%20de%20contrase%C3%B1a*%20asociado%20a%20tu%20correo%3A%20*medplay93j%40gmail.com*.%0A%0A%E2%80%A2%20Crunchyroll%20%E2%80%94%20Pantalla%20%7C%20*Pantalla%206*%20%7C%20vence%3A%2008%2F05%2F2026%0A%0A*La%20nueva%20contrase%C3%B1a%20es%3A*%20medcrunch12%40%20%0ANo%20la%20compartas%20con%20nadie%3B%20%C2%A1que%20est%C3%A9s%20s%C3%BAper%20bien!%0A*Recuerda%20tu%20pantalla%20es%20la%20que%20ves%20arriba%3B%20solo%20puedes%20utilizar%20esa.*%0A%0A%0ANOTA%3A*NO%20MODIFICAR%20LOS%20NUMEROS%20DEL%20PERFIL%2C%20USAR%20UNICAMENTE%20EL%20QUE%20SE%20LE%20ASIGNO%20SIN%20CAMBIARLO*%0APARA%20EVITAR%20CODIGOS%20DEBES%20BORRAR%20HISTORIAL%20Y%20COOKIES%20----%3E%20%20%20%20%0AEN%20CELULAR%3A%20https%3A%2F%2Fwww.youtube.com%2Fwatch%3Fv%3DrEsApVI1-lk%0AEN%20EL%20COMPUTADOR%3A%20https%3A%2F%2Fwww.youtube.com%2Fwatch%3Fv%3D2pYn4px0YWI
[2026-04-21T14:19:00.500Z] [STEP 7] ↪ asentando vista ~8s…
[2026-04-21T14:19:12.171Z] [STEP 8] ↩️ Enviado (Enter)
[2026-04-21T14:19:12.172Z]    ↪ post-send pause ~8s…
[2026-04-21T14:19:20.374Z] ⏳ Pausa entre mensajes: ~19s…
[2026-04-21T14:19:39.001Z] — BLOQUE — correo=vamoabesarnos@gmail.com | plataforma_id=8 (Crunchyroll)
[2026-04-21T14:19:39.003Z] → [9/10] phone=573203471528 correo=vamoabesarnos@gmail.com plataforma_id=8 (Crunchyroll) servicio=Pantalla pantalla=6 vence=26/04/2026
[2026-04-21T14:19:39.004Z] [STEP 7] 🔁 Abriendo chat (intento 1/3) con: https://web.whatsapp.com/send?phone=573203471528&text=Hola%20%2B57%2C%20te%20notificamos%20el%20*cambio%20de%20contrase%C3%B1a*%20asociado%20a%20tu%20correo%3A%20*vamoabesarnos%40gmail.com*.%0A%0A%E2%80%A2%20Crunchyroll%20%E2%80%94%20Pantalla%20%7C%20*Pantalla%206*%20%7C%20vence%3A%2026%2F04%2F2026%0A%0A*La%20nueva%20contrase%C3%B1a%20es%3A*%20medcrunch12%40%20%0ANo%20la%20compartas%20con%20nadie%3B%20%C2%A1que%20est%C3%A9s%20s%C3%BAper%20bien!%0A*Recuerda%20tu%20pantalla%20es%20la%20que%20ves%20arriba%3B%20solo%20puedes%20utilizar%20esa.*%0A%0A%0ANOTA%3A*NO%20MODIFICAR%20LOS%20NUMEROS%20DEL%20PERFIL%2C%20USAR%20UNICAMENTE%20EL%20QUE%20SE%20LE%20ASIGNO%20SIN%20CAMBIARLO*%0APARA%20EVITAR%20CODIGOS%20DEBES%20BORRAR%20HISTORIAL%20Y%20COOKIES%20----%3E%20%20%20%20%0AEN%20CELULAR%3A%20https%3A%2F%2Fwww.youtube.com%2Fwatch%3Fv%3DrEsApVI1-lk%0AEN%20EL%20COMPUTADOR%3A%20https%3A%2F%2Fwww.youtube.com%2Fwatch%3Fv%3D2pYn4px0YWI
[2026-04-21T14:19:39.925Z] [STEP 7] ↪ asentando vista ~9s…
[2026-04-21T14:19:53.328Z] [STEP 8] ↩️ Enviado (Enter)
[2026-04-21T14:19:53.329Z]    ↪ post-send pause ~9s…
[2026-04-21T14:20:02.065Z] ⏳ Pausa entre mensajes: ~20s…
[2026-04-21T14:20:21.795Z] → [10/10] phone=573502816735 correo=vamoabesarnos@gmail.com plataforma_id=8 (Crunchyroll) servicio=Pantalla pantalla=2 vence=20/05/2026
[2026-04-21T14:20:21.799Z] [STEP 7] 🔁 Abriendo chat (intento 1/3) con: https://web.whatsapp.com/send?phone=573502816735&text=Hola%20!%2C%20te%20notificamos%20el%20*cambio%20de%20contrase%C3%B1a*%20asociado%20a%20tu%20correo%3A%20*vamoabesarnos%40gmail.com*.%0A%0A%E2%80%A2%20Crunchyroll%20%E2%80%94%20Pantalla%20%7C%20*Pantalla%202*%20%7C%20vence%3A%2020%2F05%2F2026%0A%0A*La%20nueva%20contrase%C3%B1a%20es%3A*%20medcrunch12%40%20%0ANo%20la%20compartas%20con%20nadie%3B%20%C2%A1que%20est%C3%A9s%20s%C3%BAper%20bien!%0A*Recuerda%20tu%20pantalla%20es%20la%20que%20ves%20arriba%3B%20solo%20puedes%20utilizar%20esa.*%0A%0A%0ANOTA%3A*NO%20MODIFICAR%20LOS%20NUMEROS%20DEL%20PERFIL%2C%20USAR%20UNICAMENTE%20EL%20QUE%20SE%20LE%20ASIGNO%20SIN%20CAMBIARLO*%0APARA%20EVITAR%20CODIGOS%20DEBES%20BORRAR%20HISTORIAL%20Y%20COOKIES%20----%3E%20%20%20%20%0AEN%20CELULAR%3A%20https%3A%2F%2Fwww.youtube.com%2Fwatch%3Fv%3DrEsApVI1-lk%0AEN%20EL%20COMPUTADOR%3A%20https%3A%2F%2Fwww.youtube.com%2Fwatch%3Fv%3D2pYn4px0YWI
[2026-04-21T14:20:22.251Z] [STEP 7] ↪ asentando vista ~6s…
[2026-04-21T14:20:31.719Z] [STEP 8] ↩️ Enviado (Enter)
[2026-04-21T14:20:31.720Z]    ↪ post-send pause ~8s…
[2026-04-21T14:20:40.207Z] ✅ Notificaciones terminadas.
[2026-04-21T14:20:40.208Z] ℹ️ Navegador dejado abierto para revisión manual.
[2026-04-21T14:20:40.211Z] == fin notify-password-changes ==
[2026-04-22T19:43:34.014Z] LOG_FILE=C:\Users\Santiago\medplay\.logs\notify-password-changes.log
[2026-04-22T19:43:34.020Z] == inicio notify-password-changes ==
[2026-04-22T19:43:34.021Z] [STEP 1] items recibidos: 11
[2026-04-22T19:43:34.021Z] [STEP 2] Correos únicos=11 | plataforma_id únicos=6
[2026-04-22T19:43:34.022Z] [STEP 2] Time=2ms
[2026-04-22T19:43:34.103Z] [STEP 3] DB: conectado
[2026-04-22T19:43:34.141Z] [STEP 3] Filas obtenidas (futuras): 35
[2026-04-22T19:43:34.142Z] [STEP 3] Time=119ms
[2026-04-22T19:43:34.167Z] [STEP 4][RESUMEN] correo=keirenhgg17890@hotmail.com plataforma_id=1 (Amazon) filas=6 phones=573124667478,573166274566,573153864944,573116400774,573057779193,573245704900
[2026-04-22T19:43:34.168Z] [STEP 4][RESUMEN] correo=medplay93@gmail.com plataforma_id=2 (Netflix) filas=3 phones=573163184209,573014063130,573144658592
[2026-04-22T19:43:34.168Z] [STEP 4][RESUMEN] correo=medplay93+dis5@gmail.com plataforma_id=3 (Disney) filas=3 phones=573113372054,573245014566,573206193252
[2026-04-22T19:43:34.169Z] [STEP 4][RESUMEN] correo=medplay93+73ico@gmail.com plataforma_id=9 (VIX) filas=3 phones=573193218642,573226211403,573107110045
[2026-04-22T19:43:34.169Z] [STEP 4][RESUMEN] correo=medolayplanatt@gmail.com plataforma_id=8 (Crunchyroll) filas=4 phones=573244348960,573212215871,573156566667,573112803016
[2026-04-22T19:43:34.170Z] [STEP 4][RESUMEN] correo=medplay93+qa8eh@gmail.com plataforma_id=9 (VIX) filas=3 phones=573134228773,573143475920,573247726970
[2026-04-22T19:43:34.170Z] [STEP 4][RESUMEN] correo=medplay93+cueyp@gmail.com plataforma_id=5 (MAX) filas=3 phones=573245704900,573219330319,573245264819
[2026-04-22T19:43:34.171Z] [STEP 4][RESUMEN] correo=florinedoane1582@hotmail.com plataforma_id=8 (Crunchyroll) filas=2 phones=573017876821,573045467492
[2026-04-22T19:43:34.172Z] [STEP 4][RESUMEN] correo=rochellemavis626181991+5@hotmail.com plataforma_id=2 (Netflix) filas=4 phones=573219444748,573022497046,573052645874,573212236961
[2026-04-22T19:43:34.172Z] [STEP 4][RESUMEN] correo=anjalinebaugh979@hotmail.com plataforma_id=8 (Crunchyroll) filas=4 phones=573158771114,573004813587,573212895023,573217039703
[2026-04-22T19:43:34.173Z] [STEP 4] tasks=35 skippedPhone=0 skippedNoClave=0
[2026-04-22T19:43:34.173Z] [STEP 4] Time=30ms
[2026-04-22T19:43:34.174Z] [STEP 5] OK → hay tareas, continuamos a WA/CDP.
[2026-04-22T19:43:34.175Z] [STEP 6.1] START_SCRIPT=C:\Users\Santiago\medplay\scripts\start-edge-wa.bat
[2026-04-22T19:43:34.175Z] [STEP 6.1] Lanzando start-edge-wa.bat…
[2026-04-22T19:43:35.726Z] [STEP 6.2] Esperando CDP en 127.0.0.1:9222…
[2026-04-22T19:43:36.100Z] [STEP 6.2] CDP ok: true
[2026-04-22T19:43:39.510Z] [STEP 6.3] Preparando WhatsApp Web…
[2026-04-22T19:43:52.311Z] [STEP 6.3] ✅ WhatsApp Web listo.
[2026-04-22T19:43:52.312Z] [STEP 7] base gapEnv=12000ms
[2026-04-22T19:43:52.313Z] — BLOQUE — correo=anjalinebaugh979@hotmail.com | plataforma_id=8 (Crunchyroll)
[2026-04-22T19:43:52.315Z] → [1/35] phone=573004813587 correo=anjalinebaugh979@hotmail.com plataforma_id=8 (Crunchyroll) servicio=Pantalla pantalla=4 vence=09/05/2026
[2026-04-22T19:43:52.317Z] [STEP 7] 🔁 Abriendo chat (intento 1/3) con: https://web.whatsapp.com/send?phone=573004813587&text=Hola%20%2B57%2C%20te%20notificamos%20el%20*cambio%20de%20contrase%C3%B1a*%20asociado%20a%20tu%20correo%3A%20*anjalinebaugh979%40hotmail.com*.%0A%0A%E2%80%A2%20Crunchyroll%20%E2%80%94%20Pantalla%20%7C%20*Pantalla%204*%20%7C%20vence%3A%2009%2F05%2F2026%0A%0A*La%20nueva%20contrase%C3%B1a%20es%3A*%20crunk98%40%20%0ANo%20la%20compartas%20con%20nadie%3B%20%C2%A1que%20est%C3%A9s%20s%C3%BAper%20bien!%0A*Recuerda%20tu%20pantalla%20es%20la%20que%20ves%20arriba%3B%20solo%20puedes%20utilizar%20esa.*%0A%0A%0ANOTA%3A*NO%20MODIFICAR%20LOS%20NUMEROS%20DEL%20PERFIL%2C%20USAR%20UNICAMENTE%20EL%20QUE%20SE%20LE%20ASIGNO%20SIN%20CAMBIARLO*%0APARA%20EVITAR%20CODIGOS%20DEBES%20BORRAR%20HISTORIAL%20Y%20COOKIES%20----%3E%20%20%20%20%0AEN%20CELULAR%3A%20https%3A%2F%2Fwww.youtube.com%2Fwatch%3Fv%3DrEsApVI1-lk%0AEN%20EL%20COMPUTADOR%3A%20https%3A%2F%2Fwww.youtube.com%2Fwatch%3Fv%3D2pYn4px0YWI
[2026-04-22T19:43:52.944Z] [STEP 7] ↪ asentando vista ~8s…
[2026-04-22T19:44:27.526Z] [STEP 8] ↩️ Enviado (Enter)
[2026-04-22T19:44:27.527Z]    ↪ post-send pause ~8s…
[2026-04-22T19:44:35.817Z] ⏳ Pausa entre mensajes: ~20s…
[2026-04-22T19:44:56.300Z] → [2/35] phone=573158771114 correo=anjalinebaugh979@hotmail.com plataforma_id=8 (Crunchyroll) servicio=Pantalla pantalla=5 vence=02/05/2026
[2026-04-22T19:44:56.301Z] [STEP 7] 🔁 Abriendo chat (intento 1/3) con: https://web.whatsapp.com/send?phone=573158771114&text=Hola%20Yilmer%2C%20te%20notificamos%20el%20*cambio%20de%20contrase%C3%B1a*%20asociado%20a%20tu%20correo%3A%20*anjalinebaugh979%40hotmail.com*.%0A%0A%E2%80%A2%20Crunchyroll%20%E2%80%94%20Pantalla%20%7C%20*Pantalla%205*%20%7C%20vence%3A%2002%2F05%2F2026%0A%0A*La%20nueva%20contrase%C3%B1a%20es%3A*%20crunk98%40%20%0ANo%20la%20compartas%20con%20nadie%3B%20%C2%A1que%20est%C3%A9s%20s%C3%BAper%20bien!%0A*Recuerda%20tu%20pantalla%20es%20la%20que%20ves%20arriba%3B%20solo%20puedes%20utilizar%20esa.*%0A%0A%0ANOTA%3A*NO%20MODIFICAR%20LOS%20NUMEROS%20DEL%20PERFIL%2C%20USAR%20UNICAMENTE%20EL%20QUE%20SE%20LE%20ASIGNO%20SIN%20CAMBIARLO*%0APARA%20EVITAR%20CODIGOS%20DEBES%20BORRAR%20HISTORIAL%20Y%20COOKIES%20----%3E%20%20%20%20%0AEN%20CELULAR%3A%20https%3A%2F%2Fwww.youtube.com%2Fwatch%3Fv%3DrEsApVI1-lk%0AEN%20EL%20COMPUTADOR%3A%20https%3A%2F%2Fwww.youtube.com%2Fwatch%3Fv%3D2pYn4px0YWI
[2026-04-22T19:44:57.251Z] [STEP 7] ↪ asentando vista ~9s…
[2026-04-22T19:45:13.731Z] [STEP 8] ↩️ Enviado (Enter)
[2026-04-22T19:45:13.732Z]    ↪ post-send pause ~6s…
[2026-04-22T19:45:19.817Z] ⏳ Pausa entre mensajes: ~19s…
[2026-04-22T19:45:38.492Z] → [3/35] phone=573212895023 correo=anjalinebaugh979@hotmail.com plataforma_id=8 (Crunchyroll) servicio=Pantalla pantalla=2 vence=11/05/2026
[2026-04-22T19:45:38.493Z] [STEP 7] 🔁 Abriendo chat (intento 1/3) con: https://web.whatsapp.com/send?phone=573212895023&text=Hola%20!%2C%20te%20notificamos%20el%20*cambio%20de%20contrase%C3%B1a*%20asociado%20a%20tu%20correo%3A%20*anjalinebaugh979%40hotmail.com*.%0A%0A%E2%80%A2%20Crunchyroll%20%E2%80%94%20Pantalla%20%7C%20*Pantalla%202*%20%7C%20vence%3A%2011%2F05%2F2026%0A%0A*La%20nueva%20contrase%C3%B1a%20es%3A*%20crunk98%40%20%0ANo%20la%20compartas%20con%20nadie%3B%20%C2%A1que%20est%C3%A9s%20s%C3%BAper%20bien!%0A*Recuerda%20tu%20pantalla%20es%20la%20que%20ves%20arriba%3B%20solo%20puedes%20utilizar%20esa.*%0A%0A%0ANOTA%3A*NO%20MODIFICAR%20LOS%20NUMEROS%20DEL%20PERFIL%2C%20USAR%20UNICAMENTE%20EL%20QUE%20SE%20LE%20ASIGNO%20SIN%20CAMBIARLO*%0APARA%20EVITAR%20CODIGOS%20DEBES%20BORRAR%20HISTORIAL%20Y%20COOKIES%20----%3E%20%20%20%20%0AEN%20CELULAR%3A%20https%3A%2F%2Fwww.youtube.com%2Fwatch%3Fv%3DrEsApVI1-lk%0AEN%20EL%20COMPUTADOR%3A%20https%3A%2F%2Fwww.youtube.com%2Fwatch%3Fv%3D2pYn4px0YWI
[2026-04-22T19:45:39.478Z] [STEP 7] ↪ asentando vista ~7s…
[2026-04-22T19:45:55.087Z] [STEP 8] ↩️ Enviado (Enter)
[2026-04-22T19:45:55.088Z]    ↪ post-send pause ~8s…
[2026-04-22T19:46:03.051Z] ⏳ Pausa entre mensajes: ~20s…
[2026-04-22T19:46:23.345Z] → [4/35] phone=573217039703 correo=anjalinebaugh979@hotmail.com plataforma_id=8 (Crunchyroll) servicio=Pantalla pantalla=1 vence=17/05/2026
[2026-04-22T19:46:23.349Z] [STEP 7] 🔁 Abriendo chat (intento 1/3) con: https://web.whatsapp.com/send?phone=573217039703&text=Hola%20Lorena%2C%20te%20notificamos%20el%20*cambio%20de%20contrase%C3%B1a*%20asociado%20a%20tu%20correo%3A%20*anjalinebaugh979%40hotmail.com*.%0A%0A%E2%80%A2%20Crunchyroll%20%E2%80%94%20Pantalla%20%7C%20*Pantalla%201*%20%7C%20vence%3A%2017%2F05%2F2026%0A%0A*La%20nueva%20contrase%C3%B1a%20es%3A*%20crunk98%40%20%0ANo%20la%20compartas%20con%20nadie%3B%20%C2%A1que%20est%C3%A9s%20s%C3%BAper%20bien!%0A*Recuerda%20tu%20pantalla%20es%20la%20que%20ves%20arriba%3B%20solo%20puedes%20utilizar%20esa.*%0A%0A%0ANOTA%3A*NO%20MODIFICAR%20LOS%20NUMEROS%20DEL%20PERFIL%2C%20USAR%20UNICAMENTE%20EL%20QUE%20SE%20LE%20ASIGNO%20SIN%20CAMBIARLO*%0APARA%20EVITAR%20CODIGOS%20DEBES%20BORRAR%20HISTORIAL%20Y%20COOKIES%20----%3E%20%20%20%20%0AEN%20CELULAR%3A%20https%3A%2F%2Fwww.youtube.com%2Fwatch%3Fv%3DrEsApVI1-lk%0AEN%20EL%20COMPUTADOR%3A%20https%3A%2F%2Fwww.youtube.com%2Fwatch%3Fv%3D2pYn4px0YWI
[2026-04-22T19:46:24.675Z] [STEP 7] ↪ asentando vista ~7s…
[2026-04-22T19:46:36.902Z] [STEP 8] ↩️ Enviado (Enter)
[2026-04-22T19:46:36.903Z]    ↪ post-send pause ~8s…
[2026-04-22T19:46:44.988Z] ⏳ Pausa entre mensajes: ~17s…
[2026-04-22T19:47:01.887Z] — BLOQUE — correo=florinedoane1582@hotmail.com | plataforma_id=8 (Crunchyroll)
[2026-04-22T19:47:01.889Z] → [5/35] phone=573017876821 correo=florinedoane1582@hotmail.com plataforma_id=8 (Crunchyroll) servicio=Pantalla pantalla=6 vence=23/04/2026
[2026-04-22T19:47:01.890Z] [STEP 7] 🔁 Abriendo chat (intento 1/3) con: https://web.whatsapp.com/send?phone=573017876821&text=Hola%20!%2C%20te%20notificamos%20el%20*cambio%20de%20contrase%C3%B1a*%20asociado%20a%20tu%20correo%3A%20*florinedoane1582%40hotmail.com*.%0A%0A%E2%80%A2%20Crunchyroll%20%E2%80%94%20Pantalla%20%7C%20*Pantalla%206*%20%7C%20vence%3A%2023%2F04%2F2026%0A%0A*La%20nueva%20contrase%C3%B1a%20es%3A*%20medcrunh12%40%20%0ANo%20la%20compartas%20con%20nadie%3B%20%C2%A1que%20est%C3%A9s%20s%C3%BAper%20bien!%0A*Recuerda%20tu%20pantalla%20es%20la%20que%20ves%20arriba%3B%20solo%20puedes%20utilizar%20esa.*%0A%0A%0ANOTA%3A*NO%20MODIFICAR%20LOS%20NUMEROS%20DEL%20PERFIL%2C%20USAR%20UNICAMENTE%20EL%20QUE%20SE%20LE%20ASIGNO%20SIN%20CAMBIARLO*%0APARA%20EVITAR%20CODIGOS%20DEBES%20BORRAR%20HISTORIAL%20Y%20COOKIES%20----%3E%20%20%20%20%0AEN%20CELULAR%3A%20https%3A%2F%2Fwww.youtube.com%2Fwatch%3Fv%3DrEsApVI1-lk%0AEN%20EL%20COMPUTADOR%3A%20https%3A%2F%2Fwww.youtube.com%2Fwatch%3Fv%3D2pYn4px0YWI
[2026-04-22T19:47:02.981Z] [STEP 7] ↪ asentando vista ~8s…
[2026-04-22T19:47:18.070Z] [STEP 8] ↩️ Enviado (Enter)
[2026-04-22T19:47:18.071Z]    ↪ post-send pause ~9s…
[2026-04-22T19:47:26.702Z] ⏳ Pausa entre mensajes: ~16s…
[2026-04-22T19:47:42.748Z] → [6/35] phone=573045467492 correo=florinedoane1582@hotmail.com plataforma_id=8 (Crunchyroll) servicio=Pantalla pantalla=3 vence=08/05/2026
[2026-04-22T19:47:42.753Z] [STEP 7] 🔁 Abriendo chat (intento 1/3) con: https://web.whatsapp.com/send?phone=573045467492&text=Hola%20AyC%2C%20te%20notificamos%20el%20*cambio%20de%20contrase%C3%B1a*%20asociado%20a%20tu%20correo%3A%20*florinedoane1582%40hotmail.com*.%0A%0A%E2%80%A2%20Crunchyroll%20%E2%80%94%20Pantalla%20%7C%20*Pantalla%203*%20%7C%20vence%3A%2008%2F05%2F2026%0A%0A*La%20nueva%20contrase%C3%B1a%20es%3A*%20medcrunh12%40%20%0ANo%20la%20compartas%20con%20nadie%3B%20%C2%A1que%20est%C3%A9s%20s%C3%BAper%20bien!%0A*Recuerda%20tu%20pantalla%20es%20la%20que%20ves%20arriba%3B%20solo%20puedes%20utilizar%20esa.*%0A%0A%0ANOTA%3A*NO%20MODIFICAR%20LOS%20NUMEROS%20DEL%20PERFIL%2C%20USAR%20UNICAMENTE%20EL%20QUE%20SE%20LE%20ASIGNO%20SIN%20CAMBIARLO*%0APARA%20EVITAR%20CODIGOS%20DEBES%20BORRAR%20HISTORIAL%20Y%20COOKIES%20----%3E%20%20%20%20%0AEN%20CELULAR%3A%20https%3A%2F%2Fwww.youtube.com%2Fwatch%3Fv%3DrEsApVI1-lk%0AEN%20EL%20COMPUTADOR%3A%20https%3A%2F%2Fwww.youtube.com%2Fwatch%3Fv%3D2pYn4px0YWI
[2026-04-22T19:47:43.508Z] [STEP 7] ↪ asentando vista ~9s…
[2026-04-22T19:48:04.242Z] [STEP 8] ↩️ Enviado (Enter)
[2026-04-22T19:48:04.244Z]    ↪ post-send pause ~9s…
[2026-04-22T19:48:13.528Z] ⏳ Pausa entre mensajes: ~20s…
[2026-04-22T19:48:33.265Z] — BLOQUE — correo=keirenhgg17890@hotmail.com | plataforma_id=1 (Amazon)
[2026-04-22T19:48:33.269Z] → [7/35] phone=573057779193 correo=keirenhgg17890@hotmail.com plataforma_id=1 (Amazon) servicio=Pantalla pantalla=2 vence=14/05/2026
[2026-04-22T19:48:33.270Z] [STEP 7] 🔁 Abriendo chat (intento 1/3) con: https://web.whatsapp.com/send?phone=573057779193&text=Hola%20Thomas%2C%20te%20notificamos%20el%20*cambio%20de%20contrase%C3%B1a*%20asociado%20a%20tu%20correo%3A%20*keirenhgg17890%40hotmail.com*.%0A%0A%E2%80%A2%20Amazon%20%E2%80%94%20Pantalla%20%7C%20*Pantalla%202*%20%7C%20vence%3A%2014%2F05%2F2026%0A%0A*La%20nueva%20contrase%C3%B1a%20es%3A*%20videoama%4034%20%0ANo%20la%20compartas%20con%20nadie%3B%20%C2%A1que%20est%C3%A9s%20s%C3%BAper%20bien!%0A*Recuerda%20tu%20pantalla%20es%20la%20que%20ves%20arriba%3B%20solo%20puedes%20utilizar%20esa.*%0A%0A%0ANOTA%3A*NO%20MODIFICAR%20LOS%20NUMEROS%20DEL%20PERFIL%2C%20USAR%20UNICAMENTE%20EL%20QUE%20SE%20LE%20ASIGNO%20SIN%20CAMBIARLO*%0APARA%20EVITAR%20CODIGOS%20DEBES%20BORRAR%20HISTORIAL%20Y%20COOKIES%20----%3E%20%20%20%20%0AEN%20CELULAR%3A%20https%3A%2F%2Fwww.youtube.com%2Fwatch%3Fv%3DrEsApVI1-lk%0AEN%20EL%20COMPUTADOR%3A%20https%3A%2F%2Fwww.youtube.com%2Fwatch%3Fv%3D2pYn4px0YWI
[2026-04-22T19:48:34.330Z] [STEP 7] ↪ asentando vista ~8s…
[2026-04-22T19:48:48.695Z] [STEP 8] ↩️ Enviado (Enter)
[2026-04-22T19:48:48.696Z]    ↪ post-send pause ~6s…
[2026-04-22T19:48:55.072Z] ⏳ Pausa entre mensajes: ~17s…
[2026-04-22T19:49:12.558Z] → [8/35] phone=573116400774 correo=keirenhgg17890@hotmail.com plataforma_id=1 (Amazon) servicio=Pantalla pantalla=7 vence=08/05/2026
[2026-04-22T19:49:12.560Z] [STEP 7] 🔁 Abriendo chat (intento 1/3) con: https://web.whatsapp.com/send?phone=573116400774&text=Hola%20Dannia%2C%20te%20notificamos%20el%20*cambio%20de%20contrase%C3%B1a*%20asociado%20a%20tu%20correo%3A%20*keirenhgg17890%40hotmail.com*.%0A%0A%E2%80%A2%20Amazon%20%E2%80%94%20Pantalla%20%7C%20*Pantalla%207*%20%7C%20vence%3A%2008%2F05%2F2026%0A%0A*La%20nueva%20contrase%C3%B1a%20es%3A*%20videoama%4034%20%0ANo%20la%20compartas%20con%20nadie%3B%20%C2%A1que%20est%C3%A9s%20s%C3%BAper%20bien!%0A*Recuerda%20tu%20pantalla%20es%20la%20que%20ves%20arriba%3B%20solo%20puedes%20utilizar%20esa.*%0A%0A%0ANOTA%3A*NO%20MODIFICAR%20LOS%20NUMEROS%20DEL%20PERFIL%2C%20USAR%20UNICAMENTE%20EL%20QUE%20SE%20LE%20ASIGNO%20SIN%20CAMBIARLO*%0APARA%20EVITAR%20CODIGOS%20DEBES%20BORRAR%20HISTORIAL%20Y%20COOKIES%20----%3E%20%20%20%20%0AEN%20CELULAR%3A%20https%3A%2F%2Fwww.youtube.com%2Fwatch%3Fv%3DrEsApVI1-lk%0AEN%20EL%20COMPUTADOR%3A%20https%3A%2F%2Fwww.youtube.com%2Fwatch%3Fv%3D2pYn4px0YWI
[2026-04-22T19:49:13.448Z] [STEP 7] ↪ asentando vista ~10s…
[2026-04-22T19:49:28.641Z] [STEP 8] ↩️ Enviado (Enter)
[2026-04-22T19:49:28.643Z]    ↪ post-send pause ~6s…
[2026-04-22T19:49:34.694Z] ⏳ Pausa entre mensajes: ~18s…
[2026-04-22T19:49:52.818Z] → [9/35] phone=573124667478 correo=keirenhgg17890@hotmail.com plataforma_id=1 (Amazon) servicio=Pantalla pantalla=4 vence=28/04/2026
[2026-04-22T19:49:52.820Z] [STEP 7] 🔁 Abriendo chat (intento 1/3) con: https://web.whatsapp.com/send?phone=573124667478&text=Hola%20Felipe%2C%20te%20notificamos%20el%20*cambio%20de%20contrase%C3%B1a*%20asociado%20a%20tu%20correo%3A%20*keirenhgg17890%40hotmail.com*.%0A%0A%E2%80%A2%20Amazon%20%E2%80%94%20Pantalla%20%7C%20*Pantalla%204*%20%7C%20vence%3A%2028%2F04%2F2026%0A%0A*La%20nueva%20contrase%C3%B1a%20es%3A*%20videoama%4034%20%0ANo%20la%20compartas%20con%20nadie%3B%20%C2%A1que%20est%C3%A9s%20s%C3%BAper%20bien!%0A*Recuerda%20tu%20pantalla%20es%20la%20que%20ves%20arriba%3B%20solo%20puedes%20utilizar%20esa.*%0A%0A%0ANOTA%3A*NO%20MODIFICAR%20LOS%20NUMEROS%20DEL%20PERFIL%2C%20USAR%20UNICAMENTE%20EL%20QUE%20SE%20LE%20ASIGNO%20SIN%20CAMBIARLO*%0APARA%20EVITAR%20CODIGOS%20DEBES%20BORRAR%20HISTORIAL%20Y%20COOKIES%20----%3E%20%20%20%20%0AEN%20CELULAR%3A%20https%3A%2F%2Fwww.youtube.com%2Fwatch%3Fv%3DrEsApVI1-lk%0AEN%20EL%20COMPUTADOR%3A%20https%3A%2F%2Fwww.youtube.com%2Fwatch%3Fv%3D2pYn4px0YWI
[2026-04-22T19:49:54.028Z] [STEP 7] ↪ asentando vista ~7s…
[2026-04-22T19:50:13.751Z] [STEP 8] ↩️ Enviado (Enter)
[2026-04-22T19:50:13.753Z]    ↪ post-send pause ~7s…
[2026-04-22T19:50:20.796Z] ⏳ Pausa entre mensajes: ~16s…
[2026-04-22T19:50:37.289Z] → [10/35] phone=573153864944 correo=keirenhgg17890@hotmail.com plataforma_id=1 (Amazon) servicio=Pantalla pantalla=1 vence=12/05/2026
[2026-04-22T19:50:37.290Z] [STEP 7] 🔁 Abriendo chat (intento 1/3) con: https://web.whatsapp.com/send?phone=573153864944&text=Hola%20%2B57%2C%20te%20notificamos%20el%20*cambio%20de%20contrase%C3%B1a*%20asociado%20a%20tu%20correo%3A%20*keirenhgg17890%40hotmail.com*.%0A%0A%E2%80%A2%20Amazon%20%E2%80%94%20Pantalla%20%7C%20*Pantalla%201*%20%7C%20vence%3A%2012%2F05%2F2026%0A%0A*La%20nueva%20contrase%C3%B1a%20es%3A*%20videoama%4034%20%0ANo%20la%20compartas%20con%20nadie%3B%20%C2%A1que%20est%C3%A9s%20s%C3%BAper%20bien!%0A*Recuerda%20tu%20pantalla%20es%20la%20que%20ves%20arriba%3B%20solo%20puedes%20utilizar%20esa.*%0A%0A%0ANOTA%3A*NO%20MODIFICAR%20LOS%20NUMEROS%20DEL%20PERFIL%2C%20USAR%20UNICAMENTE%20EL%20QUE%20SE%20LE%20ASIGNO%20SIN%20CAMBIARLO*%0APARA%20EVITAR%20CODIGOS%20DEBES%20BORRAR%20HISTORIAL%20Y%20COOKIES%20----%3E%20%20%20%20%0AEN%20CELULAR%3A%20https%3A%2F%2Fwww.youtube.com%2Fwatch%3Fv%3DrEsApVI1-lk%0AEN%20EL%20COMPUTADOR%3A%20https%3A%2F%2Fwww.youtube.com%2Fwatch%3Fv%3D2pYn4px0YWI
[2026-04-22T19:50:38.397Z] [STEP 7] ↪ asentando vista ~8s…
[2026-04-22T19:50:53.625Z] [STEP 8] ↩️ Enviado (Enter)
[2026-04-22T19:50:53.628Z]    ↪ post-send pause ~9s…
[2026-04-22T19:51:02.148Z] ⏳ Pausa entre mensajes: ~20s…
[2026-04-22T19:51:22.285Z] → [11/35] phone=573166274566 correo=keirenhgg17890@hotmail.com plataforma_id=1 (Amazon) servicio=Pantalla pantalla=2 vence=08/05/2026
[2026-04-22T19:51:22.287Z] [STEP 7] 🔁 Abriendo chat (intento 1/3) con: https://web.whatsapp.com/send?phone=573166274566&text=Hola%20Jeyson%2C%20te%20notificamos%20el%20*cambio%20de%20contrase%C3%B1a*%20asociado%20a%20tu%20correo%3A%20*keirenhgg17890%40hotmail.com*.%0A%0A%E2%80%A2%20Amazon%20%E2%80%94%20Pantalla%20%7C%20*Pantalla%202*%20%7C%20vence%3A%2008%2F05%2F2026%0A%0A*La%20nueva%20contrase%C3%B1a%20es%3A*%20videoama%4034%20%0ANo%20la%20compartas%20con%20nadie%3B%20%C2%A1que%20est%C3%A9s%20s%C3%BAper%20bien!%0A*Recuerda%20tu%20pantalla%20es%20la%20que%20ves%20arriba%3B%20solo%20puedes%20utilizar%20esa.*%0A%0A%0ANOTA%3A*NO%20MODIFICAR%20LOS%20NUMEROS%20DEL%20PERFIL%2C%20USAR%20UNICAMENTE%20EL%20QUE%20SE%20LE%20ASIGNO%20SIN%20CAMBIARLO*%0APARA%20EVITAR%20CODIGOS%20DEBES%20BORRAR%20HISTORIAL%20Y%20COOKIES%20----%3E%20%20%20%20%0AEN%20CELULAR%3A%20https%3A%2F%2Fwww.youtube.com%2Fwatch%3Fv%3DrEsApVI1-lk%0AEN%20EL%20COMPUTADOR%3A%20https%3A%2F%2Fwww.youtube.com%2Fwatch%3Fv%3D2pYn4px0YWI
[2026-04-22T19:51:23.721Z] [STEP 7] ↪ asentando vista ~8s…
[2026-04-22T19:51:37.629Z] [STEP 8] ↩️ Enviado (Enter)
[2026-04-22T19:51:37.631Z]    ↪ post-send pause ~7s…
[2026-04-22T19:51:44.790Z] ⏳ Pausa entre mensajes: ~16s…
[2026-04-22T19:52:01.142Z] → [12/35] phone=573245704900 correo=keirenhgg17890@hotmail.com plataforma_id=1 (Amazon) servicio=Pantalla pantalla=1 vence=20/05/2026
[2026-04-22T19:52:01.143Z] [STEP 7] 🔁 Abriendo chat (intento 1/3) con: https://web.whatsapp.com/send?phone=573245704900&text=Hola%20%2B57%2C%20te%20notificamos%20el%20*cambio%20de%20contrase%C3%B1a*%20asociado%20a%20tu%20correo%3A%20*keirenhgg17890%40hotmail.com*.%0A%0A%E2%80%A2%20Amazon%20%E2%80%94%20Pantalla%20%7C%20*Pantalla%201*%20%7C%20vence%3A%2020%2F05%2F2026%0A%0A*La%20nueva%20contrase%C3%B1a%20es%3A*%20videoama%4034%20%0ANo%20la%20compartas%20con%20nadie%3B%20%C2%A1que%20est%C3%A9s%20s%C3%BAper%20bien!%0A*Recuerda%20tu%20pantalla%20es%20la%20que%20ves%20arriba%3B%20solo%20puedes%20utilizar%20esa.*%0A%0A%0ANOTA%3A*NO%20MODIFICAR%20LOS%20NUMEROS%20DEL%20PERFIL%2C%20USAR%20UNICAMENTE%20EL%20QUE%20SE%20LE%20ASIGNO%20SIN%20CAMBIARLO*%0APARA%20EVITAR%20CODIGOS%20DEBES%20BORRAR%20HISTORIAL%20Y%20COOKIES%20----%3E%20%20%20%20%0AEN%20CELULAR%3A%20https%3A%2F%2Fwww.youtube.com%2Fwatch%3Fv%3DrEsApVI1-lk%0AEN%20EL%20COMPUTADOR%3A%20https%3A%2F%2Fwww.youtube.com%2Fwatch%3Fv%3D2pYn4px0YWI
[2026-04-22T19:52:02.364Z] [STEP 7] ↪ asentando vista ~10s…
[2026-04-22T19:52:20.530Z] [STEP 8] ↩️ Enviado (Enter)
[2026-04-22T19:52:20.532Z]    ↪ post-send pause ~9s…
[2026-04-22T19:52:29.597Z] ⏳ Pausa entre mensajes: ~20s…
[2026-04-22T19:52:50.027Z] — BLOQUE — correo=medolayplanatt@gmail.com | plataforma_id=8 (Crunchyroll)
[2026-04-22T19:52:50.030Z] → [13/35] phone=573112803016 correo=medolayplanatt@gmail.com plataforma_id=8 (Crunchyroll) servicio=Pantalla pantalla=3 vence=11/05/2026
[2026-04-22T19:52:50.031Z] [STEP 7] 🔁 Abriendo chat (intento 1/3) con: https://web.whatsapp.com/send?phone=573112803016&text=Hola%20!%2C%20te%20notificamos%20el%20*cambio%20de%20contrase%C3%B1a*%20asociado%20a%20tu%20correo%3A%20*medolayplanatt%40gmail.com*.%0A%0A%E2%80%A2%20Crunchyroll%20%E2%80%94%20Pantalla%20%7C%20*Pantalla%203*%20%7C%20vence%3A%2011%2F05%2F2026%0A%0A*La%20nueva%20contrase%C3%B1a%20es%3A*%20medcrunh02%40%20%0ANo%20la%20compartas%20con%20nadie%3B%20%C2%A1que%20est%C3%A9s%20s%C3%BAper%20bien!%0A*Recuerda%20tu%20pantalla%20es%20la%20que%20ves%20arriba%3B%20solo%20puedes%20utilizar%20esa.*%0A%0A%0ANOTA%3A*NO%20MODIFICAR%20LOS%20NUMEROS%20DEL%20PERFIL%2C%20USAR%20UNICAMENTE%20EL%20QUE%20SE%20LE%20ASIGNO%20SIN%20CAMBIARLO*%0APARA%20EVITAR%20CODIGOS%20DEBES%20BORRAR%20HISTORIAL%20Y%20COOKIES%20----%3E%20%20%20%20%0AEN%20CELULAR%3A%20https%3A%2F%2Fwww.youtube.com%2Fwatch%3Fv%3DrEsApVI1-lk%0AEN%20EL%20COMPUTADOR%3A%20https%3A%2F%2Fwww.youtube.com%2Fwatch%3Fv%3D2pYn4px0YWI
[2026-04-22T19:52:51.492Z] [STEP 7] ↪ asentando vista ~8s…
[2026-04-22T19:53:09.140Z] [STEP 8] ↩️ Enviado (Enter)
[2026-04-22T19:53:09.142Z]    ↪ post-send pause ~7s…
[2026-04-22T19:53:16.335Z] ⏳ Pausa entre mensajes: ~18s…
[2026-04-22T19:53:34.329Z] → [14/35] phone=573156566667 correo=medolayplanatt@gmail.com plataforma_id=8 (Crunchyroll) servicio=Pantalla pantalla=4 vence=04/05/2026
[2026-04-22T19:53:34.330Z] [STEP 7] 🔁 Abriendo chat (intento 1/3) con: https://web.whatsapp.com/send?phone=573156566667&text=Hola%20!%2C%20te%20notificamos%20el%20*cambio%20de%20contrase%C3%B1a*%20asociado%20a%20tu%20correo%3A%20*medolayplanatt%40gmail.com*.%0A%0A%E2%80%A2%20Crunchyroll%20%E2%80%94%20Pantalla%20%7C%20*Pantalla%204*%20%7C%20vence%3A%2004%2F05%2F2026%0A%0A*La%20nueva%20contrase%C3%B1a%20es%3A*%20medcrunh02%40%20%0ANo%20la%20compartas%20con%20nadie%3B%20%C2%A1que%20est%C3%A9s%20s%C3%BAper%20bien!%0A*Recuerda%20tu%20pantalla%20es%20la%20que%20ves%20arriba%3B%20solo%20puedes%20utilizar%20esa.*%0A%0A%0ANOTA%3A*NO%20MODIFICAR%20LOS%20NUMEROS%20DEL%20PERFIL%2C%20USAR%20UNICAMENTE%20EL%20QUE%20SE%20LE%20ASIGNO%20SIN%20CAMBIARLO*%0APARA%20EVITAR%20CODIGOS%20DEBES%20BORRAR%20HISTORIAL%20Y%20COOKIES%20----%3E%20%20%20%20%0AEN%20CELULAR%3A%20https%3A%2F%2Fwww.youtube.com%2Fwatch%3Fv%3DrEsApVI1-lk%0AEN%20EL%20COMPUTADOR%3A%20https%3A%2F%2Fwww.youtube.com%2Fwatch%3Fv%3D2pYn4px0YWI
[2026-04-22T19:53:35.179Z] [STEP 7] ↪ asentando vista ~8s…
[2026-04-22T19:54:04.956Z] [STEP 8] ↩️ Enviado (Enter)
[2026-04-22T19:54:04.957Z]    ↪ post-send pause ~10s…
[2026-04-22T19:54:14.851Z] ⏳ Pausa entre mensajes: ~19s…
[2026-04-22T19:54:33.718Z] → [15/35] phone=573212215871 correo=medolayplanatt@gmail.com plataforma_id=8 (Crunchyroll) servicio=Pantalla pantalla=2 vence=24/04/2026
[2026-04-22T19:54:33.720Z] [STEP 7] 🔁 Abriendo chat (intento 1/3) con: https://web.whatsapp.com/send?phone=573212215871&text=Hola%20!%2C%20te%20notificamos%20el%20*cambio%20de%20contrase%C3%B1a*%20asociado%20a%20tu%20correo%3A%20*medolayplanatt%40gmail.com*.%0A%0A%E2%80%A2%20Crunchyroll%20%E2%80%94%20Pantalla%20%7C%20*Pantalla%202*%20%7C%20vence%3A%2024%2F04%2F2026%0A%0A*La%20nueva%20contrase%C3%B1a%20es%3A*%20medcrunh02%40%20%0ANo%20la%20compartas%20con%20nadie%3B%20%C2%A1que%20est%C3%A9s%20s%C3%BAper%20bien!%0A*Recuerda%20tu%20pantalla%20es%20la%20que%20ves%20arriba%3B%20solo%20puedes%20utilizar%20esa.*%0A%0A%0ANOTA%3A*NO%20MODIFICAR%20LOS%20NUMEROS%20DEL%20PERFIL%2C%20USAR%20UNICAMENTE%20EL%20QUE%20SE%20LE%20ASIGNO%20SIN%20CAMBIARLO*%0APARA%20EVITAR%20CODIGOS%20DEBES%20BORRAR%20HISTORIAL%20Y%20COOKIES%20----%3E%20%20%20%20%0AEN%20CELULAR%3A%20https%3A%2F%2Fwww.youtube.com%2Fwatch%3Fv%3DrEsApVI1-lk%0AEN%20EL%20COMPUTADOR%3A%20https%3A%2F%2Fwww.youtube.com%2Fwatch%3Fv%3D2pYn4px0YWI
[2026-04-22T19:54:34.983Z] [STEP 7] ↪ asentando vista ~8s…
[2026-04-22T19:54:52.172Z] [STEP 8] ↩️ Enviado (Enter)
[2026-04-22T19:54:52.173Z]    ↪ post-send pause ~7s…
[2026-04-22T19:54:59.591Z] ⏳ Pausa entre mensajes: ~17s…
[2026-04-22T19:55:17.019Z] → [16/35] phone=573244348960 correo=medolayplanatt@gmail.com plataforma_id=8 (Crunchyroll) servicio=Pantalla pantalla=5 vence=16/05/2026
[2026-04-22T19:55:17.021Z] [STEP 7] 🔁 Abriendo chat (intento 1/3) con: https://web.whatsapp.com/send?phone=573244348960&text=Hola%20Jaime%2C%20te%20notificamos%20el%20*cambio%20de%20contrase%C3%B1a*%20asociado%20a%20tu%20correo%3A%20*medolayplanatt%40gmail.com*.%0A%0A%E2%80%A2%20Crunchyroll%20%E2%80%94%20Pantalla%20%7C%20*Pantalla%205*%20%7C%20vence%3A%2016%2F05%2F2026%0A%0A*La%20nueva%20contrase%C3%B1a%20es%3A*%20medcrunh02%40%20%0ANo%20la%20compartas%20con%20nadie%3B%20%C2%A1que%20est%C3%A9s%20s%C3%BAper%20bien!%0A*Recuerda%20tu%20pantalla%20es%20la%20que%20ves%20arriba%3B%20solo%20puedes%20utilizar%20esa.*%0A%0A%0ANOTA%3A*NO%20MODIFICAR%20LOS%20NUMEROS%20DEL%20PERFIL%2C%20USAR%20UNICAMENTE%20EL%20QUE%20SE%20LE%20ASIGNO%20SIN%20CAMBIARLO*%0APARA%20EVITAR%20CODIGOS%20DEBES%20BORRAR%20HISTORIAL%20Y%20COOKIES%20----%3E%20%20%20%20%0AEN%20CELULAR%3A%20https%3A%2F%2Fwww.youtube.com%2Fwatch%3Fv%3DrEsApVI1-lk%0AEN%20EL%20COMPUTADOR%3A%20https%3A%2F%2Fwww.youtube.com%2Fwatch%3Fv%3D2pYn4px0YWI
[2026-04-22T19:55:18.346Z] [STEP 7] ↪ asentando vista ~7s…
[2026-04-22T19:55:34.468Z] [STEP 8] ↩️ Enviado (Enter)
[2026-04-22T19:55:34.469Z]    ↪ post-send pause ~7s…
[2026-04-22T19:55:41.313Z] ⏳ Pausa entre mensajes: ~19s…
[2026-04-22T19:56:00.638Z] — BLOQUE — correo=medplay93@gmail.com | plataforma_id=2 (Netflix)
[2026-04-22T19:56:00.640Z] → [17/35] phone=573014063130 correo=medplay93@gmail.com plataforma_id=2 (Netflix) servicio=Pantalla pantalla=1 vence=24/04/2026
[2026-04-22T19:56:00.642Z] [STEP 7] 🔁 Abriendo chat (intento 1/3) con: https://web.whatsapp.com/send?phone=573014063130&text=Hola%20Jose%2C%20te%20notificamos%20el%20*cambio%20de%20contrase%C3%B1a*%20asociado%20a%20tu%20correo%3A%20*medplay93%40gmail.com*.%0A%0A%E2%80%A2%20Netflix%20%E2%80%94%20Pantalla%20%7C%20*Pantalla%201*%20%7C%20vence%3A%2024%2F04%2F2026%0A%0A*La%20nueva%20contrase%C3%B1a%20es%3A*%20videonet%40%40%20%0ANo%20la%20compartas%20con%20nadie%3B%20%C2%A1que%20est%C3%A9s%20s%C3%BAper%20bien!%0A*Recuerda%20tu%20pantalla%20es%20la%20que%20ves%20arriba%3B%20solo%20puedes%20utilizar%20esa.*%0A%0A%0ANOTA%3A*NO%20MODIFICAR%20LOS%20NUMEROS%20DEL%20PERFIL%2C%20USAR%20UNICAMENTE%20EL%20QUE%20SE%20LE%20ASIGNO%20SIN%20CAMBIARLO*%0APARA%20EVITAR%20CODIGOS%20DEBES%20BORRAR%20HISTORIAL%20Y%20COOKIES%20----%3E%20%20%20%20%0AEN%20CELULAR%3A%20https%3A%2F%2Fwww.youtube.com%2Fwatch%3Fv%3DrEsApVI1-lk%0AEN%20EL%20COMPUTADOR%3A%20https%3A%2F%2Fwww.youtube.com%2Fwatch%3Fv%3D2pYn4px0YWI
[2026-04-22T19:56:01.820Z] [STEP 7] ↪ asentando vista ~8s…
[2026-04-22T19:56:18.260Z] [STEP 8] ↩️ Enviado (Enter)
[2026-04-22T19:56:18.262Z]    ↪ post-send pause ~6s…
[2026-04-22T19:56:24.450Z] ⏳ Pausa entre mensajes: ~21s…
[2026-04-22T19:56:45.354Z] → [18/35] phone=573144658592 correo=medplay93@gmail.com plataforma_id=2 (Netflix) servicio=Pantalla pantalla=3 vence=14/05/2026
[2026-04-22T19:56:45.357Z] [STEP 7] 🔁 Abriendo chat (intento 1/3) con: https://web.whatsapp.com/send?phone=573144658592&text=Hola%20!%2C%20te%20notificamos%20el%20*cambio%20de%20contrase%C3%B1a*%20asociado%20a%20tu%20correo%3A%20*medplay93%40gmail.com*.%0A%0A%E2%80%A2%20Netflix%20%E2%80%94%20Pantalla%20%7C%20*Pantalla%203*%20%7C%20vence%3A%2014%2F05%2F2026%0A%0A*La%20nueva%20contrase%C3%B1a%20es%3A*%20videonet%40%40%20%0ANo%20la%20compartas%20con%20nadie%3B%20%C2%A1que%20est%C3%A9s%20s%C3%BAper%20bien!%0A*Recuerda%20tu%20pantalla%20es%20la%20que%20ves%20arriba%3B%20solo%20puedes%20utilizar%20esa.*%0A%0A%0ANOTA%3A*NO%20MODIFICAR%20LOS%20NUMEROS%20DEL%20PERFIL%2C%20USAR%20UNICAMENTE%20EL%20QUE%20SE%20LE%20ASIGNO%20SIN%20CAMBIARLO*%0APARA%20EVITAR%20CODIGOS%20DEBES%20BORRAR%20HISTORIAL%20Y%20COOKIES%20----%3E%20%20%20%20%0AEN%20CELULAR%3A%20https%3A%2F%2Fwww.youtube.com%2Fwatch%3Fv%3DrEsApVI1-lk%0AEN%20EL%20COMPUTADOR%3A%20https%3A%2F%2Fwww.youtube.com%2Fwatch%3Fv%3D2pYn4px0YWI
[2026-04-22T19:56:47.400Z] [STEP 7] ↪ asentando vista ~9s…
[2026-04-22T19:57:02.924Z] [STEP 8] ↩️ Enviado (Enter)
[2026-04-22T19:57:02.927Z]    ↪ post-send pause ~10s…
[2026-04-22T19:57:12.848Z] ⏳ Pausa entre mensajes: ~19s…
[2026-04-22T19:57:31.979Z] → [19/35] phone=573163184209 correo=medplay93@gmail.com plataforma_id=2 (Netflix) servicio=Pantalla pantalla=2 vence=16/05/2026
[2026-04-22T19:57:31.981Z] [STEP 7] 🔁 Abriendo chat (intento 1/3) con: https://web.whatsapp.com/send?phone=573163184209&text=Hola%20Anonimous%2C%20te%20notificamos%20el%20*cambio%20de%20contrase%C3%B1a*%20asociado%20a%20tu%20correo%3A%20*medplay93%40gmail.com*.%0A%0A%E2%80%A2%20Netflix%20%E2%80%94%20Pantalla%20%7C%20*Pantalla%202*%20%7C%20vence%3A%2016%2F05%2F2026%0A%0A*La%20nueva%20contrase%C3%B1a%20es%3A*%20videonet%40%40%20%0ANo%20la%20compartas%20con%20nadie%3B%20%C2%A1que%20est%C3%A9s%20s%C3%BAper%20bien!%0A*Recuerda%20tu%20pantalla%20es%20la%20que%20ves%20arriba%3B%20solo%20puedes%20utilizar%20esa.*%0A%0A%0ANOTA%3A*NO%20MODIFICAR%20LOS%20NUMEROS%20DEL%20PERFIL%2C%20USAR%20UNICAMENTE%20EL%20QUE%20SE%20LE%20ASIGNO%20SIN%20CAMBIARLO*%0APARA%20EVITAR%20CODIGOS%20DEBES%20BORRAR%20HISTORIAL%20Y%20COOKIES%20----%3E%20%20%20%20%0AEN%20CELULAR%3A%20https%3A%2F%2Fwww.youtube.com%2Fwatch%3Fv%3DrEsApVI1-lk%0AEN%20EL%20COMPUTADOR%3A%20https%3A%2F%2Fwww.youtube.com%2Fwatch%3Fv%3D2pYn4px0YWI
[2026-04-22T19:57:33.487Z] [STEP 7] ↪ asentando vista ~7s…
[2026-04-22T19:57:49.859Z] [STEP 8] ↩️ Enviado (Enter)
[2026-04-22T19:57:49.860Z]    ↪ post-send pause ~7s…
[2026-04-22T19:57:57.067Z] ⏳ Pausa entre mensajes: ~19s…
[2026-04-22T19:58:15.660Z] — BLOQUE — correo=medplay93+73ico@gmail.com | plataforma_id=9 (VIX)
[2026-04-22T19:58:15.662Z] → [20/35] phone=573107110045 correo=medplay93+73ico@gmail.com plataforma_id=9 (VIX) servicio=Pantalla pantalla=1 vence=19/05/2026
[2026-04-22T19:58:15.663Z] [STEP 7] 🔁 Abriendo chat (intento 1/3) con: https://web.whatsapp.com/send?phone=573107110045&text=Hola%20%2B57%2C%20te%20notificamos%20el%20*cambio%20de%20contrase%C3%B1a*%20asociado%20a%20tu%20correo%3A%20*medplay93%2B73ico%40gmail.com*.%0A%0A%E2%80%A2%20VIX%20%E2%80%94%20Pantalla%20%7C%20*Pantalla%201*%20%7C%20vence%3A%2019%2F05%2F2026%0A%0A*La%20nueva%20contrase%C3%B1a%20es%3A*%20videovix76%20%0ANo%20la%20compartas%20con%20nadie%3B%20%C2%A1que%20est%C3%A9s%20s%C3%BAper%20bien!%0A*Recuerda%20tu%20pantalla%20es%20la%20que%20ves%20arriba%3B%20solo%20puedes%20utilizar%20esa.*%0A%0A%0ANOTA%3A*NO%20MODIFICAR%20LOS%20NUMEROS%20DEL%20PERFIL%2C%20USAR%20UNICAMENTE%20EL%20QUE%20SE%20LE%20ASIGNO%20SIN%20CAMBIARLO*%0APARA%20EVITAR%20CODIGOS%20DEBES%20BORRAR%20HISTORIAL%20Y%20COOKIES%20----%3E%20%20%20%20%0AEN%20CELULAR%3A%20https%3A%2F%2Fwww.youtube.com%2Fwatch%3Fv%3DrEsApVI1-lk%0AEN%20EL%20COMPUTADOR%3A%20https%3A%2F%2Fwww.youtube.com%2Fwatch%3Fv%3D2pYn4px0YWI
[2026-04-22T19:58:16.675Z] [STEP 7] ↪ asentando vista ~9s…
[2026-04-22T19:58:32.966Z] [STEP 8] ↩️ Enviado (Enter)
[2026-04-22T19:58:32.968Z]    ↪ post-send pause ~7s…
[2026-04-22T19:58:40.291Z] ⏳ Pausa entre mensajes: ~18s…
[2026-04-22T19:58:58.433Z] → [21/35] phone=573193218642 correo=medplay93+73ico@gmail.com plataforma_id=9 (VIX) servicio=Pantalla pantalla=4 vence=20/05/2026
[2026-04-22T19:58:58.435Z] [STEP 7] 🔁 Abriendo chat (intento 1/3) con: https://web.whatsapp.com/send?phone=573193218642&text=Hola%20VG%2C%20te%20notificamos%20el%20*cambio%20de%20contrase%C3%B1a*%20asociado%20a%20tu%20correo%3A%20*medplay93%2B73ico%40gmail.com*.%0A%0A%E2%80%A2%20VIX%20%E2%80%94%20Pantalla%20%7C%20*Pantalla%204*%20%7C%20vence%3A%2020%2F05%2F2026%0A%0A*La%20nueva%20contrase%C3%B1a%20es%3A*%20videovix76%20%0ANo%20la%20compartas%20con%20nadie%3B%20%C2%A1que%20est%C3%A9s%20s%C3%BAper%20bien!%0A*Recuerda%20tu%20pantalla%20es%20la%20que%20ves%20arriba%3B%20solo%20puedes%20utilizar%20esa.*%0A%0A%0ANOTA%3A*NO%20MODIFICAR%20LOS%20NUMEROS%20DEL%20PERFIL%2C%20USAR%20UNICAMENTE%20EL%20QUE%20SE%20LE%20ASIGNO%20SIN%20CAMBIARLO*%0APARA%20EVITAR%20CODIGOS%20DEBES%20BORRAR%20HISTORIAL%20Y%20COOKIES%20----%3E%20%20%20%20%0AEN%20CELULAR%3A%20https%3A%2F%2Fwww.youtube.com%2Fwatch%3Fv%3DrEsApVI1-lk%0AEN%20EL%20COMPUTADOR%3A%20https%3A%2F%2Fwww.youtube.com%2Fwatch%3Fv%3D2pYn4px0YWI
[2026-04-22T19:58:59.534Z] [STEP 7] ↪ asentando vista ~7s…
[2026-04-22T19:59:15.784Z] [STEP 8] ↩️ Enviado (Enter)
[2026-04-22T19:59:15.785Z]    ↪ post-send pause ~9s…
[2026-04-22T19:59:24.897Z] ⏳ Pausa entre mensajes: ~18s…
[2026-04-22T19:59:43.208Z] → [22/35] phone=573226211403 correo=medplay93+73ico@gmail.com plataforma_id=9 (VIX) servicio=Pantalla pantalla=6 vence=26/04/2026
[2026-04-22T19:59:43.210Z] [STEP 7] 🔁 Abriendo chat (intento 1/3) con: https://web.whatsapp.com/send?phone=573226211403&text=Hola%20%2B57%2C%20te%20notificamos%20el%20*cambio%20de%20contrase%C3%B1a*%20asociado%20a%20tu%20correo%3A%20*medplay93%2B73ico%40gmail.com*.%0A%0A%E2%80%A2%20VIX%20%E2%80%94%20Pantalla%20%7C%20*Pantalla%206*%20%7C%20vence%3A%2026%2F04%2F2026%0A%0A*La%20nueva%20contrase%C3%B1a%20es%3A*%20videovix76%20%0ANo%20la%20compartas%20con%20nadie%3B%20%C2%A1que%20est%C3%A9s%20s%C3%BAper%20bien!%0A*Recuerda%20tu%20pantalla%20es%20la%20que%20ves%20arriba%3B%20solo%20puedes%20utilizar%20esa.*%0A%0A%0ANOTA%3A*NO%20MODIFICAR%20LOS%20NUMEROS%20DEL%20PERFIL%2C%20USAR%20UNICAMENTE%20EL%20QUE%20SE%20LE%20ASIGNO%20SIN%20CAMBIARLO*%0APARA%20EVITAR%20CODIGOS%20DEBES%20BORRAR%20HISTORIAL%20Y%20COOKIES%20----%3E%20%20%20%20%0AEN%20CELULAR%3A%20https%3A%2F%2Fwww.youtube.com%2Fwatch%3Fv%3DrEsApVI1-lk%0AEN%20EL%20COMPUTADOR%3A%20https%3A%2F%2Fwww.youtube.com%2Fwatch%3Fv%3D2pYn4px0YWI
[2026-04-22T19:59:44.304Z] [STEP 7] ↪ asentando vista ~7s…
[2026-04-22T20:00:00.322Z] [STEP 8] ↩️ Enviado (Enter)
[2026-04-22T20:00:00.323Z]    ↪ post-send pause ~6s…
[2026-04-22T20:00:06.796Z] ⏳ Pausa entre mensajes: ~17s…
[2026-04-22T20:00:24.299Z] — BLOQUE — correo=medplay93+cueyp@gmail.com | plataforma_id=5 (MAX)
[2026-04-22T20:00:24.301Z] → [23/35] phone=573219330319 correo=medplay93+cueyp@gmail.com plataforma_id=5 (MAX) servicio=Pantalla pantalla=3 vence=11/05/2026
[2026-04-22T20:00:24.302Z] [STEP 7] 🔁 Abriendo chat (intento 1/3) con: https://web.whatsapp.com/send?phone=573219330319&text=Hola%20Katherine%2C%20te%20notificamos%20el%20*cambio%20de%20contrase%C3%B1a*%20asociado%20a%20tu%20correo%3A%20*medplay93%2Bcueyp%40gmail.com*.%0A%0A%E2%80%A2%20MAX%20%E2%80%94%20Pantalla%20%7C%20*Pantalla%203*%20%7C%20vence%3A%2011%2F05%2F2026%0A%0A*La%20nueva%20contrase%C3%B1a%20es%3A*%20medmax777%40%20%0ANo%20la%20compartas%20con%20nadie%3B%20%C2%A1que%20est%C3%A9s%20s%C3%BAper%20bien!%0A*Recuerda%20tu%20pantalla%20es%20la%20que%20ves%20arriba%3B%20solo%20puedes%20utilizar%20esa.*%0A%0A%0ANOTA%3A*NO%20MODIFICAR%20LOS%20NUMEROS%20DEL%20PERFIL%2C%20USAR%20UNICAMENTE%20EL%20QUE%20SE%20LE%20ASIGNO%20SIN%20CAMBIARLO*%0APARA%20EVITAR%20CODIGOS%20DEBES%20BORRAR%20HISTORIAL%20Y%20COOKIES%20----%3E%20%20%20%20%0AEN%20CELULAR%3A%20https%3A%2F%2Fwww.youtube.com%2Fwatch%3Fv%3DrEsApVI1-lk%0AEN%20EL%20COMPUTADOR%3A%20https%3A%2F%2Fwww.youtube.com%2Fwatch%3Fv%3D2pYn4px0YWI
[2026-04-22T20:00:25.425Z] [STEP 7] ↪ asentando vista ~7s…
[2026-04-22T20:00:41.368Z] [STEP 8] ↩️ Enviado (Enter)
[2026-04-22T20:00:41.369Z]    ↪ post-send pause ~9s…
[2026-04-22T20:00:50.618Z] ⏳ Pausa entre mensajes: ~17s…
[2026-04-22T20:01:07.723Z] → [24/35] phone=573245264819 correo=medplay93+cueyp@gmail.com plataforma_id=5 (MAX) servicio=Pantalla pantalla=4 vence=12/05/2026
[2026-04-22T20:01:07.725Z] [STEP 7] 🔁 Abriendo chat (intento 1/3) con: https://web.whatsapp.com/send?phone=573245264819&text=Hola%20%E2%80%AA%2B573245264819%2C%20te%20notificamos%20el%20*cambio%20de%20contrase%C3%B1a*%20asociado%20a%20tu%20correo%3A%20*medplay93%2Bcueyp%40gmail.com*.%0A%0A%E2%80%A2%20MAX%20%E2%80%94%20Pantalla%20%7C%20*Pantalla%204*%20%7C%20vence%3A%2012%2F05%2F2026%0A%0A*La%20nueva%20contrase%C3%B1a%20es%3A*%20medmax777%40%20%0ANo%20la%20compartas%20con%20nadie%3B%20%C2%A1que%20est%C3%A9s%20s%C3%BAper%20bien!%0A*Recuerda%20tu%20pantalla%20es%20la%20que%20ves%20arriba%3B%20solo%20puedes%20utilizar%20esa.*%0A%0A%0ANOTA%3A*NO%20MODIFICAR%20LOS%20NUMEROS%20DEL%20PERFIL%2C%20USAR%20UNICAMENTE%20EL%20QUE%20SE%20LE%20ASIGNO%20SIN%20CAMBIARLO*%0APARA%20EVITAR%20CODIGOS%20DEBES%20BORRAR%20HISTORIAL%20Y%20COOKIES%20----%3E%20%20%20%20%0AEN%20CELULAR%3A%20https%3A%2F%2Fwww.youtube.com%2Fwatch%3Fv%3DrEsApVI1-lk%0AEN%20EL%20COMPUTADOR%3A%20https%3A%2F%2Fwww.youtube.com%2Fwatch%3Fv%3D2pYn4px0YWI
[2026-04-22T20:01:08.969Z] [STEP 7] ↪ asentando vista ~10s…
[2026-04-22T20:01:24.696Z] [STEP 8] ↩️ Enviado (Enter)
[2026-04-22T20:01:24.698Z]    ↪ post-send pause ~10s…
[2026-04-22T20:01:34.405Z] ⏳ Pausa entre mensajes: ~18s…
[2026-04-22T20:01:52.537Z] → [25/35] phone=573245704900 correo=medplay93+cueyp@gmail.com plataforma_id=5 (MAX) servicio=Pantalla pantalla=2 vence=21/05/2026
[2026-04-22T20:01:52.539Z] [STEP 7] 🔁 Abriendo chat (intento 1/3) con: https://web.whatsapp.com/send?phone=573245704900&text=Hola%20%2B57%2C%20te%20notificamos%20el%20*cambio%20de%20contrase%C3%B1a*%20asociado%20a%20tu%20correo%3A%20*medplay93%2Bcueyp%40gmail.com*.%0A%0A%E2%80%A2%20MAX%20%E2%80%94%20Pantalla%20%7C%20*Pantalla%202*%20%7C%20vence%3A%2021%2F05%2F2026%0A%0A*La%20nueva%20contrase%C3%B1a%20es%3A*%20medmax777%40%20%0ANo%20la%20compartas%20con%20nadie%3B%20%C2%A1que%20est%C3%A9s%20s%C3%BAper%20bien!%0A*Recuerda%20tu%20pantalla%20es%20la%20que%20ves%20arriba%3B%20solo%20puedes%20utilizar%20esa.*%0A%0A%0ANOTA%3A*NO%20MODIFICAR%20LOS%20NUMEROS%20DEL%20PERFIL%2C%20USAR%20UNICAMENTE%20EL%20QUE%20SE%20LE%20ASIGNO%20SIN%20CAMBIARLO*%0APARA%20EVITAR%20CODIGOS%20DEBES%20BORRAR%20HISTORIAL%20Y%20COOKIES%20----%3E%20%20%20%20%0AEN%20CELULAR%3A%20https%3A%2F%2Fwww.youtube.com%2Fwatch%3Fv%3DrEsApVI1-lk%0AEN%20EL%20COMPUTADOR%3A%20https%3A%2F%2Fwww.youtube.com%2Fwatch%3Fv%3D2pYn4px0YWI
[2026-04-22T20:01:53.512Z] [STEP 7] ↪ asentando vista ~7s…
[2026-04-22T20:02:11.830Z] [STEP 8] ↩️ Enviado (Enter)
[2026-04-22T20:02:11.832Z]    ↪ post-send pause ~7s…
[2026-04-22T20:02:19.137Z] ⏳ Pausa entre mensajes: ~19s…
[2026-04-22T20:02:38.429Z] — BLOQUE — correo=medplay93+dis5@gmail.com | plataforma_id=3 (Disney)
[2026-04-22T20:02:38.431Z] → [26/35] phone=573113372054 correo=medplay93+dis5@gmail.com plataforma_id=3 (Disney) servicio=Pantalla pantalla=7 vence=01/05/2026
[2026-04-22T20:02:38.432Z] [STEP 7] 🔁 Abriendo chat (intento 1/3) con: https://web.whatsapp.com/send?phone=573113372054&text=Hola%20Laura%2C%20te%20notificamos%20el%20*cambio%20de%20contrase%C3%B1a*%20asociado%20a%20tu%20correo%3A%20*medplay93%2Bdis5%40gmail.com*.%0A%0A%E2%80%A2%20Disney%20%E2%80%94%20Pantalla%20%7C%20*Pantalla%207*%20%7C%20vence%3A%2001%2F05%2F2026%0A%0A*La%20nueva%20contrase%C3%B1a%20es%3A*%20meddisney98%40%20%0ANo%20la%20compartas%20con%20nadie%3B%20%C2%A1que%20est%C3%A9s%20s%C3%BAper%20bien!%0A*Recuerda%20tu%20pantalla%20es%20la%20que%20ves%20arriba%3B%20solo%20puedes%20utilizar%20esa.*%0A%0A%0ANOTA%3A*NO%20MODIFICAR%20LOS%20NUMEROS%20DEL%20PERFIL%2C%20USAR%20UNICAMENTE%20EL%20QUE%20SE%20LE%20ASIGNO%20SIN%20CAMBIARLO*%0APARA%20EVITAR%20CODIGOS%20DEBES%20BORRAR%20HISTORIAL%20Y%20COOKIES%20----%3E%20%20%20%20%0AEN%20CELULAR%3A%20https%3A%2F%2Fwww.youtube.com%2Fwatch%3Fv%3DrEsApVI1-lk%0AEN%20EL%20COMPUTADOR%3A%20https%3A%2F%2Fwww.youtube.com%2Fwatch%3Fv%3D2pYn4px0YWI
[2026-04-22T20:02:39.347Z] [STEP 7] ↪ asentando vista ~7s…
[2026-04-22T20:02:55.994Z] [STEP 8] ↩️ Enviado (Enter)
[2026-04-22T20:02:55.995Z]    ↪ post-send pause ~9s…
[2026-04-22T20:03:04.723Z] ⏳ Pausa entre mensajes: ~20s…
[2026-04-22T20:03:24.303Z] → [27/35] phone=573206193252 correo=medplay93+dis5@gmail.com plataforma_id=3 (Disney) servicio=Pantalla pantalla=1 vence=18/05/2026
[2026-04-22T20:03:24.305Z] [STEP 7] 🔁 Abriendo chat (intento 1/3) con: https://web.whatsapp.com/send?phone=573206193252&text=Hola%20!%2C%20te%20notificamos%20el%20*cambio%20de%20contrase%C3%B1a*%20asociado%20a%20tu%20correo%3A%20*medplay93%2Bdis5%40gmail.com*.%0A%0A%E2%80%A2%20Disney%20%E2%80%94%20Pantalla%20%7C%20*Pantalla%201*%20%7C%20vence%3A%2018%2F05%2F2026%0A%0A*La%20nueva%20contrase%C3%B1a%20es%3A*%20meddisney98%40%20%0ANo%20la%20compartas%20con%20nadie%3B%20%C2%A1que%20est%C3%A9s%20s%C3%BAper%20bien!%0A*Recuerda%20tu%20pantalla%20es%20la%20que%20ves%20arriba%3B%20solo%20puedes%20utilizar%20esa.*%0A%0A%0ANOTA%3A*NO%20MODIFICAR%20LOS%20NUMEROS%20DEL%20PERFIL%2C%20USAR%20UNICAMENTE%20EL%20QUE%20SE%20LE%20ASIGNO%20SIN%20CAMBIARLO*%0APARA%20EVITAR%20CODIGOS%20DEBES%20BORRAR%20HISTORIAL%20Y%20COOKIES%20----%3E%20%20%20%20%0AEN%20CELULAR%3A%20https%3A%2F%2Fwww.youtube.com%2Fwatch%3Fv%3DrEsApVI1-lk%0AEN%20EL%20COMPUTADOR%3A%20https%3A%2F%2Fwww.youtube.com%2Fwatch%3Fv%3D2pYn4px0YWI
[2026-04-22T20:03:25.500Z] [STEP 7] ↪ asentando vista ~9s…
[2026-04-22T20:03:41.981Z] [STEP 8] ↩️ Enviado (Enter)
[2026-04-22T20:03:41.983Z]    ↪ post-send pause ~6s…
[2026-04-22T20:03:48.267Z] ⏳ Pausa entre mensajes: ~17s…
[2026-04-22T20:04:05.093Z] → [28/35] phone=573245014566 correo=medplay93+dis5@gmail.com plataforma_id=3 (Disney) servicio=Pantalla pantalla=6 vence=05/05/2026
[2026-04-22T20:04:05.095Z] [STEP 7] 🔁 Abriendo chat (intento 1/3) con: https://web.whatsapp.com/send?phone=573245014566&text=Hola%20Sebastian%2C%20te%20notificamos%20el%20*cambio%20de%20contrase%C3%B1a*%20asociado%20a%20tu%20correo%3A%20*medplay93%2Bdis5%40gmail.com*.%0A%0A%E2%80%A2%20Disney%20%E2%80%94%20Pantalla%20%7C%20*Pantalla%206*%20%7C%20vence%3A%2005%2F05%2F2026%0A%0A*La%20nueva%20contrase%C3%B1a%20es%3A*%20meddisney98%40%20%0ANo%20la%20compartas%20con%20nadie%3B%20%C2%A1que%20est%C3%A9s%20s%C3%BAper%20bien!%0A*Recuerda%20tu%20pantalla%20es%20la%20que%20ves%20arriba%3B%20solo%20puedes%20utilizar%20esa.*%0A%0A%0ANOTA%3A*NO%20MODIFICAR%20LOS%20NUMEROS%20DEL%20PERFIL%2C%20USAR%20UNICAMENTE%20EL%20QUE%20SE%20LE%20ASIGNO%20SIN%20CAMBIARLO*%0APARA%20EVITAR%20CODIGOS%20DEBES%20BORRAR%20HISTORIAL%20Y%20COOKIES%20----%3E%20%20%20%20%0AEN%20CELULAR%3A%20https%3A%2F%2Fwww.youtube.com%2Fwatch%3Fv%3DrEsApVI1-lk%0AEN%20EL%20COMPUTADOR%3A%20https%3A%2F%2Fwww.youtube.com%2Fwatch%3Fv%3D2pYn4px0YWI
[2026-04-22T20:04:06.420Z] [STEP 7] ↪ asentando vista ~8s…
[2026-04-22T20:04:22.166Z] [STEP 8] ↩️ Enviado (Enter)
[2026-04-22T20:04:22.168Z]    ↪ post-send pause ~9s…
[2026-04-22T20:04:31.186Z] ⏳ Pausa entre mensajes: ~16s…
[2026-04-22T20:04:47.363Z] — BLOQUE — correo=medplay93+qa8eh@gmail.com | plataforma_id=9 (VIX)
[2026-04-22T20:04:47.364Z] → [29/35] phone=573134228773 correo=medplay93+qa8eh@gmail.com plataforma_id=9 (VIX) servicio=Pantalla pantalla=2 vence=13/05/2026
[2026-04-22T20:04:47.365Z] [STEP 7] 🔁 Abriendo chat (intento 1/3) con: https://web.whatsapp.com/send?phone=573134228773&text=Hola%20%2B573134228773%2C%20te%20notificamos%20el%20*cambio%20de%20contrase%C3%B1a*%20asociado%20a%20tu%20correo%3A%20*medplay93%2Bqa8eh%40gmail.com*.%0A%0A%E2%80%A2%20VIX%20%E2%80%94%20Pantalla%20%7C%20*Pantalla%202*%20%7C%20vence%3A%2013%2F05%2F2026%0A%0A*La%20nueva%20contrase%C3%B1a%20es%3A*%20videovix%40%40%20%0ANo%20la%20compartas%20con%20nadie%3B%20%C2%A1que%20est%C3%A9s%20s%C3%BAper%20bien!%0A*Recuerda%20tu%20pantalla%20es%20la%20que%20ves%20arriba%3B%20solo%20puedes%20utilizar%20esa.*%0A%0A%0ANOTA%3A*NO%20MODIFICAR%20LOS%20NUMEROS%20DEL%20PERFIL%2C%20USAR%20UNICAMENTE%20EL%20QUE%20SE%20LE%20ASIGNO%20SIN%20CAMBIARLO*%0APARA%20EVITAR%20CODIGOS%20DEBES%20BORRAR%20HISTORIAL%20Y%20COOKIES%20----%3E%20%20%20%20%0AEN%20CELULAR%3A%20https%3A%2F%2Fwww.youtube.com%2Fwatch%3Fv%3DrEsApVI1-lk%0AEN%20EL%20COMPUTADOR%3A%20https%3A%2F%2Fwww.youtube.com%2Fwatch%3Fv%3D2pYn4px0YWI
[2026-04-22T20:04:49.168Z] [STEP 7] ↪ asentando vista ~8s…
[2026-04-22T20:05:05.161Z] [STEP 8] ↩️ Enviado (Enter)
[2026-04-22T20:05:05.162Z]    ↪ post-send pause ~6s…
[2026-04-22T20:05:11.325Z] ⏳ Pausa entre mensajes: ~21s…
[2026-04-22T20:05:32.281Z] → [30/35] phone=573143475920 correo=medplay93+qa8eh@gmail.com plataforma_id=9 (VIX) servicio=Pantalla pantalla=3 vence=30/04/2026
[2026-04-22T20:05:32.285Z] [STEP 7] 🔁 Abriendo chat (intento 1/3) con: https://web.whatsapp.com/send?phone=573143475920&text=Hola%20%2B57%2C%20te%20notificamos%20el%20*cambio%20de%20contrase%C3%B1a*%20asociado%20a%20tu%20correo%3A%20*medplay93%2Bqa8eh%40gmail.com*.%0A%0A%E2%80%A2%20VIX%20%E2%80%94%20Pantalla%20%7C%20*Pantalla%203*%20%7C%20vence%3A%2030%2F04%2F2026%0A%0A*La%20nueva%20contrase%C3%B1a%20es%3A*%20videovix%40%40%20%0ANo%20la%20compartas%20con%20nadie%3B%20%C2%A1que%20est%C3%A9s%20s%C3%BAper%20bien!%0A*Recuerda%20tu%20pantalla%20es%20la%20que%20ves%20arriba%3B%20solo%20puedes%20utilizar%20esa.*%0A%0A%0ANOTA%3A*NO%20MODIFICAR%20LOS%20NUMEROS%20DEL%20PERFIL%2C%20USAR%20UNICAMENTE%20EL%20QUE%20SE%20LE%20ASIGNO%20SIN%20CAMBIARLO*%0APARA%20EVITAR%20CODIGOS%20DEBES%20BORRAR%20HISTORIAL%20Y%20COOKIES%20----%3E%20%20%20%20%0AEN%20CELULAR%3A%20https%3A%2F%2Fwww.youtube.com%2Fwatch%3Fv%3DrEsApVI1-lk%0AEN%20EL%20COMPUTADOR%3A%20https%3A%2F%2Fwww.youtube.com%2Fwatch%3Fv%3D2pYn4px0YWI
[2026-04-22T20:05:33.979Z] [STEP 7] ↪ asentando vista ~8s…
[2026-04-22T20:05:49.772Z] [STEP 8] ↩️ Enviado (Enter)
[2026-04-22T20:05:49.773Z]    ↪ post-send pause ~7s…
[2026-04-22T20:05:57.079Z] ⏳ Pausa entre mensajes: ~19s…
[2026-04-22T20:06:15.614Z] → [31/35] phone=573247726970 correo=medplay93+qa8eh@gmail.com plataforma_id=9 (VIX) servicio=Pantalla pantalla=5 vence=03/05/2026
[2026-04-22T20:06:15.615Z] [STEP 7] 🔁 Abriendo chat (intento 1/3) con: https://web.whatsapp.com/send?phone=573247726970&text=Hola%20!%2C%20te%20notificamos%20el%20*cambio%20de%20contrase%C3%B1a*%20asociado%20a%20tu%20correo%3A%20*medplay93%2Bqa8eh%40gmail.com*.%0A%0A%E2%80%A2%20VIX%20%E2%80%94%20Pantalla%20%7C%20*Pantalla%205*%20%7C%20vence%3A%2003%2F05%2F2026%0A%0A*La%20nueva%20contrase%C3%B1a%20es%3A*%20videovix%40%40%20%0ANo%20la%20compartas%20con%20nadie%3B%20%C2%A1que%20est%C3%A9s%20s%C3%BAper%20bien!%0A*Recuerda%20tu%20pantalla%20es%20la%20que%20ves%20arriba%3B%20solo%20puedes%20utilizar%20esa.*%0A%0A%0ANOTA%3A*NO%20MODIFICAR%20LOS%20NUMEROS%20DEL%20PERFIL%2C%20USAR%20UNICAMENTE%20EL%20QUE%20SE%20LE%20ASIGNO%20SIN%20CAMBIARLO*%0APARA%20EVITAR%20CODIGOS%20DEBES%20BORRAR%20HISTORIAL%20Y%20COOKIES%20----%3E%20%20%20%20%0AEN%20CELULAR%3A%20https%3A%2F%2Fwww.youtube.com%2Fwatch%3Fv%3DrEsApVI1-lk%0AEN%20EL%20COMPUTADOR%3A%20https%3A%2F%2Fwww.youtube.com%2Fwatch%3Fv%3D2pYn4px0YWI
[2026-04-22T20:06:20.500Z] [STEP 7] ↪ asentando vista ~8s…
[2026-04-22T20:06:36.953Z] [STEP 8] ↩️ Enviado (Enter)
[2026-04-22T20:06:36.954Z]    ↪ post-send pause ~10s…
[2026-04-22T20:06:46.855Z] ⏳ Pausa entre mensajes: ~19s…
[2026-04-22T20:07:05.868Z] — BLOQUE — correo=rochellemavis626181991+5@hotmail.com | plataforma_id=2 (Netflix)
[2026-04-22T20:07:05.869Z] → [32/35] phone=573022497046 correo=rochellemavis626181991+5@hotmail.com plataforma_id=2 (Netflix) servicio=Pantalla pantalla=5 vence=23/04/2026
[2026-04-22T20:07:05.870Z] [STEP 7] 🔁 Abriendo chat (intento 1/3) con: https://web.whatsapp.com/send?phone=573022497046&text=Hola%20%2B57%2C%20te%20notificamos%20el%20*cambio%20de%20contrase%C3%B1a*%20asociado%20a%20tu%20correo%3A%20*rochellemavis626181991%2B5%40hotmail.com*.%0A%0A%E2%80%A2%20Netflix%20%E2%80%94%20Pantalla%20%7C%20*Pantalla%205*%20%7C%20vence%3A%2023%2F04%2F2026%0A%0A*La%20nueva%20contrase%C3%B1a%20es%3A*%20mednet42%40%20%0ANo%20la%20compartas%20con%20nadie%3B%20%C2%A1que%20est%C3%A9s%20s%C3%BAper%20bien!%0A*Recuerda%20tu%20pantalla%20es%20la%20que%20ves%20arriba%3B%20solo%20puedes%20utilizar%20esa.*%0A%0A%0ANOTA%3A*NO%20MODIFICAR%20LOS%20NUMEROS%20DEL%20PERFIL%2C%20USAR%20UNICAMENTE%20EL%20QUE%20SE%20LE%20ASIGNO%20SIN%20CAMBIARLO*%0APARA%20EVITAR%20CODIGOS%20DEBES%20BORRAR%20HISTORIAL%20Y%20COOKIES%20----%3E%20%20%20%20%0AEN%20CELULAR%3A%20https%3A%2F%2Fwww.youtube.com%2Fwatch%3Fv%3DrEsApVI1-lk%0AEN%20EL%20COMPUTADOR%3A%20https%3A%2F%2Fwww.youtube.com%2Fwatch%3Fv%3D2pYn4px0YWI
[2026-04-22T20:07:07.610Z] [STEP 7] ↪ asentando vista ~9s…
[2026-04-22T20:07:20.681Z] [STEP 8] ↩️ Enviado (Enter)
[2026-04-22T20:07:20.684Z]    ↪ post-send pause ~9s…
[2026-04-22T20:07:29.958Z] ⏳ Pausa entre mensajes: ~18s…
[2026-04-22T20:07:47.960Z] → [33/35] phone=573052645874 correo=rochellemavis626181991+5@hotmail.com plataforma_id=2 (Netflix) servicio=Pantalla pantalla=6 vence=28/04/2026
[2026-04-22T20:07:47.961Z] [STEP 7] 🔁 Abriendo chat (intento 1/3) con: https://web.whatsapp.com/send?phone=573052645874&text=Hola%20%2B57%2C%20te%20notificamos%20el%20*cambio%20de%20contrase%C3%B1a*%20asociado%20a%20tu%20correo%3A%20*rochellemavis626181991%2B5%40hotmail.com*.%0A%0A%E2%80%A2%20Netflix%20%E2%80%94%20Pantalla%20%7C%20*Pantalla%206*%20%7C%20vence%3A%2028%2F04%2F2026%0A%0A*La%20nueva%20contrase%C3%B1a%20es%3A*%20mednet42%40%20%0ANo%20la%20compartas%20con%20nadie%3B%20%C2%A1que%20est%C3%A9s%20s%C3%BAper%20bien!%0A*Recuerda%20tu%20pantalla%20es%20la%20que%20ves%20arriba%3B%20solo%20puedes%20utilizar%20esa.*%0A%0A%0ANOTA%3A*NO%20MODIFICAR%20LOS%20NUMEROS%20DEL%20PERFIL%2C%20USAR%20UNICAMENTE%20EL%20QUE%20SE%20LE%20ASIGNO%20SIN%20CAMBIARLO*%0APARA%20EVITAR%20CODIGOS%20DEBES%20BORRAR%20HISTORIAL%20Y%20COOKIES%20----%3E%20%20%20%20%0AEN%20CELULAR%3A%20https%3A%2F%2Fwww.youtube.com%2Fwatch%3Fv%3DrEsApVI1-lk%0AEN%20EL%20COMPUTADOR%3A%20https%3A%2F%2Fwww.youtube.com%2Fwatch%3Fv%3D2pYn4px0YWI
[2026-04-22T20:07:49.755Z] [STEP 7] ↪ asentando vista ~9s…
[2026-04-22T20:08:05.251Z] [STEP 8] ↩️ Enviado (Enter)
[2026-04-22T20:08:05.253Z]    ↪ post-send pause ~6s…
[2026-04-22T20:08:11.583Z] ⏳ Pausa entre mensajes: ~19s…
[2026-04-22T20:08:30.913Z] → [34/35] phone=573212236961 correo=rochellemavis626181991+5@hotmail.com plataforma_id=2 (Netflix) servicio=Pantalla pantalla=1 vence=07/05/2026
[2026-04-22T20:08:30.915Z] [STEP 7] 🔁 Abriendo chat (intento 1/3) con: https://web.whatsapp.com/send?phone=573212236961&text=Hola%20%2B57%2C%20te%20notificamos%20el%20*cambio%20de%20contrase%C3%B1a*%20asociado%20a%20tu%20correo%3A%20*rochellemavis626181991%2B5%40hotmail.com*.%0A%0A%E2%80%A2%20Netflix%20%E2%80%94%20Pantalla%20%7C%20*Pantalla%201*%20%7C%20vence%3A%2007%2F05%2F2026%0A%0A*La%20nueva%20contrase%C3%B1a%20es%3A*%20mednet42%40%20%0ANo%20la%20compartas%20con%20nadie%3B%20%C2%A1que%20est%C3%A9s%20s%C3%BAper%20bien!%0A*Recuerda%20tu%20pantalla%20es%20la%20que%20ves%20arriba%3B%20solo%20puedes%20utilizar%20esa.*%0A%0A%0ANOTA%3A*NO%20MODIFICAR%20LOS%20NUMEROS%20DEL%20PERFIL%2C%20USAR%20UNICAMENTE%20EL%20QUE%20SE%20LE%20ASIGNO%20SIN%20CAMBIARLO*%0APARA%20EVITAR%20CODIGOS%20DEBES%20BORRAR%20HISTORIAL%20Y%20COOKIES%20----%3E%20%20%20%20%0AEN%20CELULAR%3A%20https%3A%2F%2Fwww.youtube.com%2Fwatch%3Fv%3DrEsApVI1-lk%0AEN%20EL%20COMPUTADOR%3A%20https%3A%2F%2Fwww.youtube.com%2Fwatch%3Fv%3D2pYn4px0YWI
[2026-04-22T20:08:32.404Z] [STEP 7] ↪ asentando vista ~9s…
[2026-04-22T20:08:48.094Z] [STEP 8] ↩️ Enviado (Enter)
[2026-04-22T20:08:48.095Z]    ↪ post-send pause ~9s…
[2026-04-22T20:08:57.205Z] ⏳ Pausa entre mensajes: ~20s…
[2026-04-22T20:09:17.355Z] → [35/35] phone=573219444748 correo=rochellemavis626181991+5@hotmail.com plataforma_id=2 (Netflix) servicio=Pantalla pantalla=4 vence=23/04/2026
[2026-04-22T20:09:17.357Z] [STEP 7] 🔁 Abriendo chat (intento 1/3) con: https://web.whatsapp.com/send?phone=573219444748&text=Hola%20!%2C%20te%20notificamos%20el%20*cambio%20de%20contrase%C3%B1a*%20asociado%20a%20tu%20correo%3A%20*rochellemavis626181991%2B5%40hotmail.com*.%0A%0A%E2%80%A2%20Netflix%20%E2%80%94%20Pantalla%20%7C%20*Pantalla%204*%20%7C%20vence%3A%2023%2F04%2F2026%0A%0A*La%20nueva%20contrase%C3%B1a%20es%3A*%20mednet42%40%20%0ANo%20la%20compartas%20con%20nadie%3B%20%C2%A1que%20est%C3%A9s%20s%C3%BAper%20bien!%0A*Recuerda%20tu%20pantalla%20es%20la%20que%20ves%20arriba%3B%20solo%20puedes%20utilizar%20esa.*%0A%0A%0ANOTA%3A*NO%20MODIFICAR%20LOS%20NUMEROS%20DEL%20PERFIL%2C%20USAR%20UNICAMENTE%20EL%20QUE%20SE%20LE%20ASIGNO%20SIN%20CAMBIARLO*%0APARA%20EVITAR%20CODIGOS%20DEBES%20BORRAR%20HISTORIAL%20Y%20COOKIES%20----%3E%20%20%20%20%0AEN%20CELULAR%3A%20https%3A%2F%2Fwww.youtube.com%2Fwatch%3Fv%3DrEsApVI1-lk%0AEN%20EL%20COMPUTADOR%3A%20https%3A%2F%2Fwww.youtube.com%2Fwatch%3Fv%3D2pYn4px0YWI
[2026-04-22T20:09:19.239Z] [STEP 7] ↪ asentando vista ~7s…
[2026-04-22T20:09:34.755Z] [STEP 8] ↩️ Enviado (Enter)
[2026-04-22T20:09:34.757Z]    ↪ post-send pause ~9s…
[2026-04-22T20:09:43.519Z] ✅ Notificaciones terminadas.
[2026-04-22T20:09:43.520Z] ℹ️ Navegador dejado abierto para revisión manual.
[2026-04-22T20:09:43.523Z] == fin notify-password-changes ==
[2026-04-24T20:01:31.219Z] LOG_FILE=C:\Users\Santiago\medplay\.logs\notify-password-changes.log
[2026-04-24T20:01:31.222Z] == inicio notify-password-changes ==
[2026-04-24T20:01:31.224Z] [STEP 1] items recibidos: 3
[2026-04-24T20:01:31.225Z] [STEP 2] Correos únicos=3 | plataforma_id únicos=3
[2026-04-24T20:01:31.225Z] [STEP 2] Time=2ms
[2026-04-24T20:01:31.294Z] [STEP 3] DB: conectado
[2026-04-24T20:01:31.314Z] [STEP 3] Filas obtenidas (futuras): 7
[2026-04-24T20:01:31.315Z] [STEP 3] Time=89ms
[2026-04-24T20:01:31.338Z] [STEP 4][RESUMEN] correo=rochellemavis626181991+5@hotmail.com plataforma_id=2 (Netflix) filas=1 phones=573212236961
[2026-04-24T20:01:31.339Z] [STEP 4][RESUMEN] correo=medplay93+nv2@gmail.com plataforma_id=3 (Disney) filas=3 phones=573167001828,573222959907,573017301786
[2026-04-24T20:01:31.340Z] [STEP 4][RESUMEN] correo=medplay93+gil@gmail.com plataforma_id=5 (MAX) filas=3 phones=573124667478,573124834607,573057779193
[2026-04-24T20:01:31.341Z] [STEP 4] tasks=7 skippedPhone=0 skippedNoClave=0
[2026-04-24T20:01:31.341Z] [STEP 4] Time=24ms
[2026-04-24T20:01:31.342Z] [STEP 5] OK → hay tareas, continuamos a WA/CDP.
[2026-04-24T20:01:31.343Z] [STEP 6.1] START_SCRIPT=C:\Users\Santiago\medplay\scripts\start-edge-wa.bat
[2026-04-24T20:01:31.344Z] [STEP 6.1] Lanzando start-edge-wa.bat…
[2026-04-24T20:01:32.874Z] [STEP 6.2] Esperando CDP en 127.0.0.1:9222…
[2026-04-24T20:01:32.891Z] [STEP 6.2] CDP ok: true
[2026-04-24T20:02:02.930Z] ❌ Error notify-password-changes: browserType.connectOverCDP: Timeout 30000ms exceeded.
Call log:
[2m  - <ws preparing> retrieving websocket url from http://127.0.0.1:9222[22m
[2m  - <ws connecting> ws://127.0.0.1:9222/devtools/browser/a51b800d-6ad1-474a-9a95-9ed029634c5b[22m
[2m  - <ws connected> ws://127.0.0.1:9222/devtools/browser/a51b800d-6ad1-474a-9a95-9ed029634c5b[22m

    at connectToExistingEdge (C:\Users\Santiago\medplay\scripts\notify-password-changes.js:130:34)
    at async main (C:\Users\Santiago\medplay\scripts\notify-password-changes.js:689:18)
[2026-04-24T20:02:02.932Z] == fin notify-password-changes ==
[2026-04-24T20:08:02.168Z] LOG_FILE=C:\Users\Santiago\medplay\.logs\notify-password-changes.log
[2026-04-24T20:08:02.170Z] == inicio notify-password-changes ==
[2026-04-24T20:08:02.172Z] [STEP 1] items recibidos: 3
[2026-04-24T20:08:02.176Z] [STEP 2] Correos únicos=3 | plataforma_id únicos=3
[2026-04-24T20:08:02.177Z] [STEP 2] Time=6ms
[2026-04-24T20:08:02.223Z] [STEP 3] DB: conectado
[2026-04-24T20:08:02.245Z] [STEP 3] Filas obtenidas (futuras): 7
[2026-04-24T20:08:02.246Z] [STEP 3] Time=68ms
[2026-04-24T20:08:02.259Z] [STEP 4][RESUMEN] correo=rochellemavis626181991+5@hotmail.com plataforma_id=2 (Netflix) filas=1 phones=573212236961
[2026-04-24T20:08:02.259Z] [STEP 4][RESUMEN] correo=medplay93+nv2@gmail.com plataforma_id=3 (Disney) filas=3 phones=573167001828,573222959907,573017301786
[2026-04-24T20:08:02.260Z] [STEP 4][RESUMEN] correo=medplay93+gil@gmail.com plataforma_id=5 (MAX) filas=3 phones=573124667478,573124834607,573057779193
[2026-04-24T20:08:02.260Z] [STEP 4] tasks=7 skippedPhone=0 skippedNoClave=0
[2026-04-24T20:08:02.261Z] [STEP 4] Time=14ms
[2026-04-24T20:08:02.261Z] [STEP 5] OK → hay tareas, continuamos a WA/CDP.
[2026-04-24T20:08:02.262Z] [STEP 6.1] START_SCRIPT=C:\Users\Santiago\medplay\scripts\start-edge-wa.bat
[2026-04-24T20:08:02.262Z] [STEP 6.1] Lanzando start-edge-wa.bat…
[2026-04-24T20:08:03.796Z] [STEP 6.2] Esperando CDP en 127.0.0.1:9222…
[2026-04-24T20:08:03.806Z] [STEP 6.2] CDP ok: true
[2026-04-24T20:08:07.024Z] [STEP 6.3] Preparando WhatsApp Web…
[2026-04-24T20:08:18.339Z] [STEP 6.3] ✅ WhatsApp Web listo.
[2026-04-24T20:08:18.341Z] [STEP 7] base gapEnv=12000ms
[2026-04-24T20:08:18.342Z] — BLOQUE — correo=medplay93+gil@gmail.com | plataforma_id=5 (MAX)
[2026-04-24T20:08:18.344Z] → [1/7] phone=573057779193 correo=medplay93+gil@gmail.com plataforma_id=5 (MAX) servicio=Pantalla pantalla=2 vence=14/05/2026
[2026-04-24T20:08:18.346Z] [STEP 7] 🔁 Abriendo chat (intento 1/3) con: https://web.whatsapp.com/send?phone=573057779193&text=Hola%20Thomas%2C%20te%20notificamos%20el%20*cambio%20de%20contrase%C3%B1a*%20asociado%20a%20tu%20correo%3A%20*medplay93%2Bgil%40gmail.com*.%0A%0A%E2%80%A2%20MAX%20%E2%80%94%20Pantalla%20%7C%20*Pantalla%202*%20%7C%20vence%3A%2014%2F05%2F2026%0A%0A*La%20nueva%20contrase%C3%B1a%20es%3A*%20medcrunh12%40%20%0ANo%20la%20compartas%20con%20nadie%3B%20%C2%A1que%20est%C3%A9s%20s%C3%BAper%20bien!%0A*Recuerda%20tu%20pantalla%20es%20la%20que%20ves%20arriba%3B%20solo%20puedes%20utilizar%20esa.*%0A%0A%0ANOTA%3A*NO%20MODIFICAR%20LOS%20NUMEROS%20DEL%20PERFIL%2C%20USAR%20UNICAMENTE%20EL%20QUE%20SE%20LE%20ASIGNO%20SIN%20CAMBIARLO*%0APARA%20EVITAR%20CODIGOS%20DEBES%20BORRAR%20HISTORIAL%20Y%20COOKIES%20----%3E%20%20%20%20%0AEN%20CELULAR%3A%20https%3A%2F%2Fwww.youtube.com%2Fwatch%3Fv%3DrEsApVI1-lk%0AEN%20EL%20COMPUTADOR%3A%20https%3A%2F%2Fwww.youtube.com%2Fwatch%3Fv%3D2pYn4px0YWI
[2026-04-24T20:08:20.937Z] [STEP 7] ↪ asentando vista ~9s…
[2026-04-24T20:08:36.092Z] [STEP 8] ↩️ Enviado (Enter)
[2026-04-24T20:08:36.093Z]    ↪ post-send pause ~10s…
[2026-04-24T20:08:45.680Z] ⏳ Pausa entre mensajes: ~20s…
[2026-04-24T20:09:06.179Z] → [2/7] phone=573124667478 correo=medplay93+gil@gmail.com plataforma_id=5 (MAX) servicio=Pantalla pantalla=2 vence=28/04/2026
[2026-04-24T20:09:06.180Z] [STEP 7] 🔁 Abriendo chat (intento 1/3) con: https://web.whatsapp.com/send?phone=573124667478&text=Hola%20Felipe%2C%20te%20notificamos%20el%20*cambio%20de%20contrase%C3%B1a*%20asociado%20a%20tu%20correo%3A%20*medplay93%2Bgil%40gmail.com*.%0A%0A%E2%80%A2%20MAX%20%E2%80%94%20Pantalla%20%7C%20*Pantalla%202*%20%7C%20vence%3A%2028%2F04%2F2026%0A%0A*La%20nueva%20contrase%C3%B1a%20es%3A*%20medcrunh12%40%20%0ANo%20la%20compartas%20con%20nadie%3B%20%C2%A1que%20est%C3%A9s%20s%C3%BAper%20bien!%0A*Recuerda%20tu%20pantalla%20es%20la%20que%20ves%20arriba%3B%20solo%20puedes%20utilizar%20esa.*%0A%0A%0ANOTA%3A*NO%20MODIFICAR%20LOS%20NUMEROS%20DEL%20PERFIL%2C%20USAR%20UNICAMENTE%20EL%20QUE%20SE%20LE%20ASIGNO%20SIN%20CAMBIARLO*%0APARA%20EVITAR%20CODIGOS%20DEBES%20BORRAR%20HISTORIAL%20Y%20COOKIES%20----%3E%20%20%20%20%0AEN%20CELULAR%3A%20https%3A%2F%2Fwww.youtube.com%2Fwatch%3Fv%3DrEsApVI1-lk%0AEN%20EL%20COMPUTADOR%3A%20https%3A%2F%2Fwww.youtube.com%2Fwatch%3Fv%3D2pYn4px0YWI
[2026-04-24T20:09:07.251Z] [STEP 7] ↪ asentando vista ~8s…
[2026-04-24T20:09:22.213Z] [STEP 8] ↩️ Enviado (Enter)
[2026-04-24T20:09:22.215Z]    ↪ post-send pause ~7s…
[2026-04-24T20:09:29.368Z] ⏳ Pausa entre mensajes: ~16s…
[2026-04-24T20:09:45.631Z] → [3/7] phone=573124834607 correo=medplay93+gil@gmail.com plataforma_id=5 (MAX) servicio=Pantalla pantalla=2 vence=01/05/2026
[2026-04-24T20:09:45.633Z] [STEP 7] 🔁 Abriendo chat (intento 1/3) con: https://web.whatsapp.com/send?phone=573124834607&text=Hola%20Juan%2C%20te%20notificamos%20el%20*cambio%20de%20contrase%C3%B1a*%20asociado%20a%20tu%20correo%3A%20*medplay93%2Bgil%40gmail.com*.%0A%0A%E2%80%A2%20MAX%20%E2%80%94%20Pantalla%20%7C%20*Pantalla%202*%20%7C%20vence%3A%2001%2F05%2F2026%0A%0A*La%20nueva%20contrase%C3%B1a%20es%3A*%20medcrunh12%40%20%0ANo%20la%20compartas%20con%20nadie%3B%20%C2%A1que%20est%C3%A9s%20s%C3%BAper%20bien!%0A*Recuerda%20tu%20pantalla%20es%20la%20que%20ves%20arriba%3B%20solo%20puedes%20utilizar%20esa.*%0A%0A%0ANOTA%3A*NO%20MODIFICAR%20LOS%20NUMEROS%20DEL%20PERFIL%2C%20USAR%20UNICAMENTE%20EL%20QUE%20SE%20LE%20ASIGNO%20SIN%20CAMBIARLO*%0APARA%20EVITAR%20CODIGOS%20DEBES%20BORRAR%20HISTORIAL%20Y%20COOKIES%20----%3E%20%20%20%20%0AEN%20CELULAR%3A%20https%3A%2F%2Fwww.youtube.com%2Fwatch%3Fv%3DrEsApVI1-lk%0AEN%20EL%20COMPUTADOR%3A%20https%3A%2F%2Fwww.youtube.com%2Fwatch%3Fv%3D2pYn4px0YWI
[2026-04-24T20:09:47.017Z] [STEP 7] ↪ asentando vista ~9s…
[2026-04-24T20:10:11.404Z] [STEP 8] ↩️ Enviado (Enter)
[2026-04-24T20:10:11.405Z]    ↪ post-send pause ~9s…
[2026-04-24T20:10:20.789Z] ⏳ Pausa entre mensajes: ~18s…
[2026-04-24T20:10:38.932Z] — BLOQUE — correo=medplay93+nv2@gmail.com | plataforma_id=3 (Disney)
[2026-04-24T20:10:38.935Z] → [4/7] phone=573017301786 correo=medplay93+nv2@gmail.com plataforma_id=3 (Disney) servicio=Pantalla pantalla=4 vence=08/05/2026
[2026-04-24T20:10:38.936Z] [STEP 7] 🔁 Abriendo chat (intento 1/3) con: https://web.whatsapp.com/send?phone=573017301786&text=Hola%20Esneider%2C%20te%20notificamos%20el%20*cambio%20de%20contrase%C3%B1a*%20asociado%20a%20tu%20correo%3A%20*medplay93%2Bnv2%40gmail.com*.%0A%0A%E2%80%A2%20Disney%20%E2%80%94%20Pantalla%20%7C%20*Pantalla%204*%20%7C%20vence%3A%2008%2F05%2F2026%0A%0A*La%20nueva%20contrase%C3%B1a%20es%3A*%20medcrunh12%400%20%0ANo%20la%20compartas%20con%20nadie%3B%20%C2%A1que%20est%C3%A9s%20s%C3%BAper%20bien!%0A*Recuerda%20tu%20pantalla%20es%20la%20que%20ves%20arriba%3B%20solo%20puedes%20utilizar%20esa.*%0A%0A%0ANOTA%3A*NO%20MODIFICAR%20LOS%20NUMEROS%20DEL%20PERFIL%2C%20USAR%20UNICAMENTE%20EL%20QUE%20SE%20LE%20ASIGNO%20SIN%20CAMBIARLO*%0APARA%20EVITAR%20CODIGOS%20DEBES%20BORRAR%20HISTORIAL%20Y%20COOKIES%20----%3E%20%20%20%20%0AEN%20CELULAR%3A%20https%3A%2F%2Fwww.youtube.com%2Fwatch%3Fv%3DrEsApVI1-lk%0AEN%20EL%20COMPUTADOR%3A%20https%3A%2F%2Fwww.youtube.com%2Fwatch%3Fv%3D2pYn4px0YWI
[2026-04-24T20:10:40.452Z] [STEP 7] ↪ asentando vista ~10s…
[2026-04-24T20:10:58.040Z] [STEP 8] ↩️ Enviado (Enter)
[2026-04-24T20:10:58.042Z]    ↪ post-send pause ~10s…
[2026-04-24T20:11:07.889Z] ⏳ Pausa entre mensajes: ~18s…
[2026-04-24T20:11:25.909Z] → [5/7] phone=573167001828 correo=medplay93+nv2@gmail.com plataforma_id=3 (Disney) servicio=Pantalla pantalla=6 vence=25/04/2026
[2026-04-24T20:11:25.912Z] [STEP 7] 🔁 Abriendo chat (intento 1/3) con: https://web.whatsapp.com/send?phone=573167001828&text=Hola%20Carlos%2C%20te%20notificamos%20el%20*cambio%20de%20contrase%C3%B1a*%20asociado%20a%20tu%20correo%3A%20*medplay93%2Bnv2%40gmail.com*.%0A%0A%E2%80%A2%20Disney%20%E2%80%94%20Pantalla%20%7C%20*Pantalla%206*%20%7C%20vence%3A%2025%2F04%2F2026%0A%0A*La%20nueva%20contrase%C3%B1a%20es%3A*%20medcrunh12%400%20%0ANo%20la%20compartas%20con%20nadie%3B%20%C2%A1que%20est%C3%A9s%20s%C3%BAper%20bien!%0A*Recuerda%20tu%20pantalla%20es%20la%20que%20ves%20arriba%3B%20solo%20puedes%20utilizar%20esa.*%0A%0A%0ANOTA%3A*NO%20MODIFICAR%20LOS%20NUMEROS%20DEL%20PERFIL%2C%20USAR%20UNICAMENTE%20EL%20QUE%20SE%20LE%20ASIGNO%20SIN%20CAMBIARLO*%0APARA%20EVITAR%20CODIGOS%20DEBES%20BORRAR%20HISTORIAL%20Y%20COOKIES%20----%3E%20%20%20%20%0AEN%20CELULAR%3A%20https%3A%2F%2Fwww.youtube.com%2Fwatch%3Fv%3DrEsApVI1-lk%0AEN%20EL%20COMPUTADOR%3A%20https%3A%2F%2Fwww.youtube.com%2Fwatch%3Fv%3D2pYn4px0YWI
[2026-04-24T20:11:27.149Z] [STEP 7] ↪ asentando vista ~6s…
[2026-04-24T20:11:41.211Z] [STEP 8] ↩️ Enviado (Enter)
[2026-04-24T20:11:41.213Z]    ↪ post-send pause ~9s…
[2026-04-24T20:11:49.872Z] ⏳ Pausa entre mensajes: ~19s…
[2026-04-24T20:12:08.851Z] → [6/7] phone=573222959907 correo=medplay93+nv2@gmail.com plataforma_id=3 (Disney) servicio=Pantalla pantalla=7 vence=03/05/2026
[2026-04-24T20:12:08.853Z] [STEP 7] 🔁 Abriendo chat (intento 1/3) con: https://web.whatsapp.com/send?phone=573222959907&text=Hola%20!%2C%20te%20notificamos%20el%20*cambio%20de%20contrase%C3%B1a*%20asociado%20a%20tu%20correo%3A%20*medplay93%2Bnv2%40gmail.com*.%0A%0A%E2%80%A2%20Disney%20%E2%80%94%20Pantalla%20%7C%20*Pantalla%207*%20%7C%20vence%3A%2003%2F05%2F2026%0A%0A*La%20nueva%20contrase%C3%B1a%20es%3A*%20medcrunh12%400%20%0ANo%20la%20compartas%20con%20nadie%3B%20%C2%A1que%20est%C3%A9s%20s%C3%BAper%20bien!%0A*Recuerda%20tu%20pantalla%20es%20la%20que%20ves%20arriba%3B%20solo%20puedes%20utilizar%20esa.*%0A%0A%0ANOTA%3A*NO%20MODIFICAR%20LOS%20NUMEROS%20DEL%20PERFIL%2C%20USAR%20UNICAMENTE%20EL%20QUE%20SE%20LE%20ASIGNO%20SIN%20CAMBIARLO*%0APARA%20EVITAR%20CODIGOS%20DEBES%20BORRAR%20HISTORIAL%20Y%20COOKIES%20----%3E%20%20%20%20%0AEN%20CELULAR%3A%20https%3A%2F%2Fwww.youtube.com%2Fwatch%3Fv%3DrEsApVI1-lk%0AEN%20EL%20COMPUTADOR%3A%20https%3A%2F%2Fwww.youtube.com%2Fwatch%3Fv%3D2pYn4px0YWI
[2026-04-24T20:12:10.122Z] [STEP 7] ↪ asentando vista ~7s…
[2026-04-24T20:12:25.102Z] [STEP 8] ↩️ Enviado (Enter)
[2026-04-24T20:12:25.103Z]    ↪ post-send pause ~6s…
[2026-04-24T20:12:31.265Z] ⏳ Pausa entre mensajes: ~20s…
[2026-04-24T20:12:51.016Z] — BLOQUE — correo=rochellemavis626181991+5@hotmail.com | plataforma_id=2 (Netflix)
[2026-04-24T20:12:51.019Z] → [7/7] phone=573212236961 correo=rochellemavis626181991+5@hotmail.com plataforma_id=2 (Netflix) servicio=Pantalla pantalla=1 vence=07/05/2026
[2026-04-24T20:12:51.020Z] [STEP 7] 🔁 Abriendo chat (intento 1/3) con: https://web.whatsapp.com/send?phone=573212236961&text=Hola%20%2B57%2C%20te%20notificamos%20el%20*cambio%20de%20contrase%C3%B1a*%20asociado%20a%20tu%20correo%3A%20*rochellemavis626181991%2B5%40hotmail.com*.%0A%0A%E2%80%A2%20Netflix%20%E2%80%94%20Pantalla%20%7C%20*Pantalla%201*%20%7C%20vence%3A%2007%2F05%2F2026%0A%0A*La%20nueva%20contrase%C3%B1a%20es%3A*%20maxomed%40%40%40%20%0ANo%20la%20compartas%20con%20nadie%3B%20%C2%A1que%20est%C3%A9s%20s%C3%BAper%20bien!%0A*Recuerda%20tu%20pantalla%20es%20la%20que%20ves%20arriba%3B%20solo%20puedes%20utilizar%20esa.*%0A%0A%0ANOTA%3A*NO%20MODIFICAR%20LOS%20NUMEROS%20DEL%20PERFIL%2C%20USAR%20UNICAMENTE%20EL%20QUE%20SE%20LE%20ASIGNO%20SIN%20CAMBIARLO*%0APARA%20EVITAR%20CODIGOS%20DEBES%20BORRAR%20HISTORIAL%20Y%20COOKIES%20----%3E%20%20%20%20%0AEN%20CELULAR%3A%20https%3A%2F%2Fwww.youtube.com%2Fwatch%3Fv%3DrEsApVI1-lk%0AEN%20EL%20COMPUTADOR%3A%20https%3A%2F%2Fwww.youtube.com%2Fwatch%3Fv%3D2pYn4px0YWI
[2026-04-24T20:13:00.253Z] [STEP 7] ↪ asentando vista ~8s…
[2026-04-24T20:13:22.401Z] [STEP 8] ↩️ Enviado (Enter)
[2026-04-24T20:13:22.403Z]    ↪ post-send pause ~8s…
[2026-04-24T20:13:30.433Z] ✅ Notificaciones terminadas.
[2026-04-24T20:13:30.435Z] ℹ️ Navegador dejado abierto para revisión manual.
[2026-04-24T20:13:30.457Z] == fin notify-password-changes ==
[2026-04-29T15:17:49.845Z] LOG_FILE=C:\Users\Santiago\medplay\.logs\notify-password-changes.log
[2026-04-29T15:17:49.847Z] == inicio notify-password-changes ==
[2026-04-29T15:17:49.847Z] [STEP 1] items recibidos: 11
[2026-04-29T15:17:49.848Z] [STEP 2] Correos únicos=11 | plataforma_id únicos=6
[2026-04-29T15:17:49.848Z] [STEP 2] Time=1ms
[2026-04-29T15:17:49.877Z] [STEP 3] DB: conectado
[2026-04-29T15:17:49.891Z] [STEP 3] Filas obtenidas (futuras): 50
[2026-04-29T15:17:49.892Z] [STEP 3] Time=44ms
[2026-04-29T15:17:49.901Z] [STEP 4][RESUMEN] correo=keirenhgg17890@hotmail.com plataforma_id=1 (Amazon) filas=7 phones=573166274566,573116400774,573153864944,573057779193,573245704900,573106737198,573197987571
[2026-04-29T15:17:49.902Z] [STEP 4][RESUMEN] correo=medplay93+h5@gmail.com plataforma_id=3 (Disney) filas=7 phones=573125579071,573135427163,573163476684,573116388530,573007573384,573207622972,573166982541
[2026-04-29T15:17:49.902Z] [STEP 4][RESUMEN] correo=medplay93+nv2@gmail.com plataforma_id=3 (Disney) filas=4 phones=573222959907,573017301786,573169088080,573102175167
[2026-04-29T15:17:49.902Z] [STEP 4][RESUMEN] correo=medplay93+73ico@gmail.com plataforma_id=9 (VIX) filas=2 phones=573193218642,573107110045
[2026-04-29T15:17:49.903Z] [STEP 4][RESUMEN] correo=foxfosfire@gmail.com plataforma_id=8 (Crunchyroll) filas=5 phones=573135427163,573215968113,573209943709,573186414886,573151399675
[2026-04-29T15:17:49.903Z] [STEP 4][RESUMEN] correo=medplay93+gil@gmail.com plataforma_id=5 (MAX) filas=3 phones=573124834607,573057779193,573246578668
[2026-04-29T15:17:49.903Z] [STEP 4][RESUMEN] correo=medplay93+bad@gmail.com plataforma_id=5 (MAX) filas=4 phones=573163476684,573202863553,573102239196,573157306507
[2026-04-29T15:17:49.903Z] [STEP 4][RESUMEN] correo=samaradonaghue66@hotmail.com plataforma_id=8 (Crunchyroll) filas=5 phones=573143864441,573004132117,573004813587,573212895023,573217039703
[2026-04-29T15:17:49.903Z] [STEP 4][RESUMEN] correo=arveljaap86@hotmail.com plataforma_id=8 (Crunchyroll) filas=5 phones=573223572154,573158640671,573126494601,573244439488,573157604754
[2026-04-29T15:17:49.904Z] [STEP 4][RESUMEN] correo=paige9498freda2001+2@outlook.com plataforma_id=2 (Netflix) filas=4 phones=573124834607,573143023743,573222959907,573007688866
[2026-04-29T15:17:49.904Z] [STEP 4][RESUMEN] correo=barbra19367tricia2001+2@hotmail.com plataforma_id=2 (Netflix) filas=4 phones=573212236961,573184110606,573150463246,573017505656
[2026-04-29T15:17:49.904Z] [STEP 4] tasks=50 skippedPhone=0 skippedNoClave=0
[2026-04-29T15:17:49.904Z] [STEP 4] Time=12ms
[2026-04-29T15:17:49.905Z] [STEP 5] OK → hay tareas, continuamos a WA/CDP.
[2026-04-29T15:17:49.905Z] [STEP 6.1] START_SCRIPT=C:\Users\Santiago\medplay\scripts\start-edge-wa.bat
[2026-04-29T15:17:49.905Z] [STEP 6.1] Lanzando start-edge-wa.bat…
[2026-04-29T15:17:51.422Z] [STEP 6.2] Esperando CDP en 127.0.0.1:9222…
[2026-04-29T15:17:51.427Z] [STEP 6.2] CDP ok: true
[2026-04-29T15:17:54.530Z] [STEP 6.3] Preparando WhatsApp Web…
[2026-04-29T15:17:58.945Z] [STEP 6.3] ✅ WhatsApp Web listo.
[2026-04-29T15:17:58.946Z] [STEP 7] base gapEnv=12000ms
[2026-04-29T15:17:58.946Z] — BLOQUE — correo=arveljaap86@hotmail.com | plataforma_id=8 (Crunchyroll)
[2026-04-29T15:17:58.947Z] → [1/50] phone=573126494601 correo=arveljaap86@hotmail.com plataforma_id=8 (Crunchyroll) servicio=Pantalla pantalla=5 vence=07/05/2026
[2026-04-29T15:17:58.948Z] [STEP 7] 🔁 Abriendo chat (intento 1/3) con: https://web.whatsapp.com/send?phone=573126494601&text=Hola%20ROBINSON%2C%20te%20notificamos%20el%20*cambio%20de%20contrase%C3%B1a*%20asociado%20a%20tu%20correo%3A%20*arveljaap86%40hotmail.com*.%0A%0A%E2%80%A2%20Crunchyroll%20%E2%80%94%20Pantalla%20%7C%20*Pantalla%205*%20%7C%20vence%3A%2007%2F05%2F2026%0A%0A*La%20nueva%20contrase%C3%B1a%20es%3A*%20cruncme90%40%20%0ANo%20la%20compartas%20con%20nadie%3B%20%C2%A1que%20est%C3%A9s%20s%C3%BAper%20bien!%0A*Recuerda%20tu%20pantalla%20es%20la%20que%20ves%20arriba%3B%20solo%20puedes%20utilizar%20esa.*%0A%0A%0ANOTA%3A*NO%20MODIFICAR%20LOS%20NUMEROS%20DEL%20PERFIL%2C%20USAR%20UNICAMENTE%20EL%20QUE%20SE%20LE%20ASIGNO%20SIN%20CAMBIARLO*%0APARA%20EVITAR%20CODIGOS%20DEBES%20BORRAR%20HISTORIAL%20Y%20COOKIES%20----%3E%20%20%20%20%0AEN%20CELULAR%3A%20https%3A%2F%2Fwww.youtube.com%2Fwatch%3Fv%3DrEsApVI1-lk%0AEN%20EL%20COMPUTADOR%3A%20https%3A%2F%2Fwww.youtube.com%2Fwatch%3Fv%3D2pYn4px0YWI
[2026-04-29T15:17:59.908Z] [STEP 7] ↪ asentando vista ~9s…
[2026-04-29T15:18:11.583Z] [STEP 8] ↩️ Enviado (Enter)
[2026-04-29T15:18:11.585Z]    ↪ post-send pause ~8s…
[2026-04-29T15:18:19.232Z] ⏳ Pausa entre mensajes: ~16s…
[2026-04-29T15:18:35.368Z] → [2/50] phone=573157604754 correo=arveljaap86@hotmail.com plataforma_id=8 (Crunchyroll) servicio=Pantalla pantalla=1 vence=27/05/2026
[2026-04-29T15:18:35.370Z] [STEP 7] 🔁 Abriendo chat (intento 1/3) con: https://web.whatsapp.com/send?phone=573157604754&text=Hola%20!%2C%20te%20notificamos%20el%20*cambio%20de%20contrase%C3%B1a*%20asociado%20a%20tu%20correo%3A%20*arveljaap86%40hotmail.com*.%0A%0A%E2%80%A2%20Crunchyroll%20%E2%80%94%20Pantalla%20%7C%20*Pantalla%201*%20%7C%20vence%3A%2027%2F05%2F2026%0A%0A*La%20nueva%20contrase%C3%B1a%20es%3A*%20cruncme90%40%20%0ANo%20la%20compartas%20con%20nadie%3B%20%C2%A1que%20est%C3%A9s%20s%C3%BAper%20bien!%0A*Recuerda%20tu%20pantalla%20es%20la%20que%20ves%20arriba%3B%20solo%20puedes%20utilizar%20esa.*%0A%0A%0ANOTA%3A*NO%20MODIFICAR%20LOS%20NUMEROS%20DEL%20PERFIL%2C%20USAR%20UNICAMENTE%20EL%20QUE%20SE%20LE%20ASIGNO%20SIN%20CAMBIARLO*%0APARA%20EVITAR%20CODIGOS%20DEBES%20BORRAR%20HISTORIAL%20Y%20COOKIES%20----%3E%20%20%20%20%0AEN%20CELULAR%3A%20https%3A%2F%2Fwww.youtube.com%2Fwatch%3Fv%3DrEsApVI1-lk%0AEN%20EL%20COMPUTADOR%3A%20https%3A%2F%2Fwww.youtube.com%2Fwatch%3Fv%3D2pYn4px0YWI
[2026-04-29T15:18:36.236Z] [STEP 7] ↪ asentando vista ~8s…
[2026-04-29T15:18:48.480Z] [STEP 8] ↩️ Enviado (Enter)
[2026-04-29T15:18:48.481Z]    ↪ post-send pause ~9s…
[2026-04-29T15:18:57.586Z] ⏳ Pausa entre mensajes: ~16s…
[2026-04-29T15:19:13.696Z] → [3/50] phone=573158640671 correo=arveljaap86@hotmail.com plataforma_id=8 (Crunchyroll) servicio=Pantalla pantalla=4 vence=07/05/2026
[2026-04-29T15:19:13.697Z] [STEP 7] 🔁 Abriendo chat (intento 1/3) con: https://web.whatsapp.com/send?phone=573158640671&text=Hola%20Luiz%2C%20te%20notificamos%20el%20*cambio%20de%20contrase%C3%B1a*%20asociado%20a%20tu%20correo%3A%20*arveljaap86%40hotmail.com*.%0A%0A%E2%80%A2%20Crunchyroll%20%E2%80%94%20Pantalla%20%7C%20*Pantalla%204*%20%7C%20vence%3A%2007%2F05%2F2026%0A%0A*La%20nueva%20contrase%C3%B1a%20es%3A*%20cruncme90%40%20%0ANo%20la%20compartas%20con%20nadie%3B%20%C2%A1que%20est%C3%A9s%20s%C3%BAper%20bien!%0A*Recuerda%20tu%20pantalla%20es%20la%20que%20ves%20arriba%3B%20solo%20puedes%20utilizar%20esa.*%0A%0A%0ANOTA%3A*NO%20MODIFICAR%20LOS%20NUMEROS%20DEL%20PERFIL%2C%20USAR%20UNICAMENTE%20EL%20QUE%20SE%20LE%20ASIGNO%20SIN%20CAMBIARLO*%0APARA%20EVITAR%20CODIGOS%20DEBES%20BORRAR%20HISTORIAL%20Y%20COOKIES%20----%3E%20%20%20%20%0AEN%20CELULAR%3A%20https%3A%2F%2Fwww.youtube.com%2Fwatch%3Fv%3DrEsApVI1-lk%0AEN%20EL%20COMPUTADOR%3A%20https%3A%2F%2Fwww.youtube.com%2Fwatch%3Fv%3D2pYn4px0YWI
[2026-04-29T15:19:14.865Z] [STEP 7] ↪ asentando vista ~6s…
[2026-04-29T15:19:26.600Z] [STEP 8] ↩️ Enviado (Enter)
[2026-04-29T15:19:26.601Z]    ↪ post-send pause ~9s…
[2026-04-29T15:19:35.438Z] ⏳ Pausa entre mensajes: ~18s…
[2026-04-29T15:19:53.693Z] → [4/50] phone=573223572154 correo=arveljaap86@hotmail.com plataforma_id=8 (Crunchyroll) servicio=Pantalla pantalla=3 vence=07/05/2026
[2026-04-29T15:19:53.695Z] [STEP 7] 🔁 Abriendo chat (intento 1/3) con: https://web.whatsapp.com/send?phone=573223572154&text=Hola%20Elias%2C%20te%20notificamos%20el%20*cambio%20de%20contrase%C3%B1a*%20asociado%20a%20tu%20correo%3A%20*arveljaap86%40hotmail.com*.%0A%0A%E2%80%A2%20Crunchyroll%20%E2%80%94%20Pantalla%20%7C%20*Pantalla%203*%20%7C%20vence%3A%2007%2F05%2F2026%0A%0A*La%20nueva%20contrase%C3%B1a%20es%3A*%20cruncme90%40%20%0ANo%20la%20compartas%20con%20nadie%3B%20%C2%A1que%20est%C3%A9s%20s%C3%BAper%20bien!%0A*Recuerda%20tu%20pantalla%20es%20la%20que%20ves%20arriba%3B%20solo%20puedes%20utilizar%20esa.*%0A%0A%0ANOTA%3A*NO%20MODIFICAR%20LOS%20NUMEROS%20DEL%20PERFIL%2C%20USAR%20UNICAMENTE%20EL%20QUE%20SE%20LE%20ASIGNO%20SIN%20CAMBIARLO*%0APARA%20EVITAR%20CODIGOS%20DEBES%20BORRAR%20HISTORIAL%20Y%20COOKIES%20----%3E%20%20%20%20%0AEN%20CELULAR%3A%20https%3A%2F%2Fwww.youtube.com%2Fwatch%3Fv%3DrEsApVI1-lk%0AEN%20EL%20COMPUTADOR%3A%20https%3A%2F%2Fwww.youtube.com%2Fwatch%3Fv%3D2pYn4px0YWI
[2026-04-29T15:19:54.456Z] [STEP 7] ↪ asentando vista ~8s…
[2026-04-29T15:20:06.259Z] [STEP 8] ↩️ Enviado (Enter)
[2026-04-29T15:20:06.260Z]    ↪ post-send pause ~9s…
[2026-04-29T15:20:15.761Z] ⏳ Pausa entre mensajes: ~21s…
[2026-04-29T15:20:36.448Z] → [5/50] phone=573244439488 correo=arveljaap86@hotmail.com plataforma_id=8 (Crunchyroll) servicio=Pantalla pantalla=6 vence=23/05/2026
[2026-04-29T15:20:36.451Z] [STEP 7] 🔁 Abriendo chat (intento 1/3) con: https://web.whatsapp.com/send?phone=573244439488&text=Hola%20%2B57%2C%20te%20notificamos%20el%20*cambio%20de%20contrase%C3%B1a*%20asociado%20a%20tu%20correo%3A%20*arveljaap86%40hotmail.com*.%0A%0A%E2%80%A2%20Crunchyroll%20%E2%80%94%20Pantalla%20%7C%20*Pantalla%206*%20%7C%20vence%3A%2023%2F05%2F2026%0A%0A*La%20nueva%20contrase%C3%B1a%20es%3A*%20cruncme90%40%20%0ANo%20la%20compartas%20con%20nadie%3B%20%C2%A1que%20est%C3%A9s%20s%C3%BAper%20bien!%0A*Recuerda%20tu%20pantalla%20es%20la%20que%20ves%20arriba%3B%20solo%20puedes%20utilizar%20esa.*%0A%0A%0ANOTA%3A*NO%20MODIFICAR%20LOS%20NUMEROS%20DEL%20PERFIL%2C%20USAR%20UNICAMENTE%20EL%20QUE%20SE%20LE%20ASIGNO%20SIN%20CAMBIARLO*%0APARA%20EVITAR%20CODIGOS%20DEBES%20BORRAR%20HISTORIAL%20Y%20COOKIES%20----%3E%20%20%20%20%0AEN%20CELULAR%3A%20https%3A%2F%2Fwww.youtube.com%2Fwatch%3Fv%3DrEsApVI1-lk%0AEN%20EL%20COMPUTADOR%3A%20https%3A%2F%2Fwww.youtube.com%2Fwatch%3Fv%3D2pYn4px0YWI
[2026-04-29T15:20:37.845Z] [STEP 7] ↪ asentando vista ~9s…
[2026-04-29T15:20:49.700Z] [STEP 8] ↩️ Enviado (Enter)
[2026-04-29T15:20:49.701Z]    ↪ post-send pause ~7s…
[2026-04-29T15:20:57.087Z] ⏳ Pausa entre mensajes: ~20s…
[2026-04-29T15:21:17.444Z] — BLOQUE — correo=barbra19367tricia2001+2@hotmail.com | plataforma_id=2 (Netflix)
[2026-04-29T15:21:17.445Z] → [6/50] phone=573017505656 correo=barbra19367tricia2001+2@hotmail.com plataforma_id=2 (Netflix) servicio=Pantalla pantalla=3 vence=24/05/2026
[2026-04-29T15:21:17.446Z] [STEP 7] 🔁 Abriendo chat (intento 1/3) con: https://web.whatsapp.com/send?phone=573017505656&text=Hola%20%2B57%2C%20te%20notificamos%20el%20*cambio%20de%20contrase%C3%B1a*%20asociado%20a%20tu%20correo%3A%20*barbra19367tricia2001%2B2%40hotmail.com*.%0A%0A%E2%80%A2%20Netflix%20%E2%80%94%20Pantalla%20%7C%20*Pantalla%203*%20%7C%20vence%3A%2024%2F05%2F2026%0A%0A*La%20nueva%20contrase%C3%B1a%20es%3A*%20BAB2229%20%0ANo%20la%20compartas%20con%20nadie%3B%20%C2%A1que%20est%C3%A9s%20s%C3%BAper%20bien!%0A*Recuerda%20tu%20pantalla%20es%20la%20que%20ves%20arriba%3B%20solo%20puedes%20utilizar%20esa.*%0A%0A%0ANOTA%3A*NO%20MODIFICAR%20LOS%20NUMEROS%20DEL%20PERFIL%2C%20USAR%20UNICAMENTE%20EL%20QUE%20SE%20LE%20ASIGNO%20SIN%20CAMBIARLO*%0APARA%20EVITAR%20CODIGOS%20DEBES%20BORRAR%20HISTORIAL%20Y%20COOKIES%20----%3E%20%20%20%20%0AEN%20CELULAR%3A%20https%3A%2F%2Fwww.youtube.com%2Fwatch%3Fv%3DrEsApVI1-lk%0AEN%20EL%20COMPUTADOR%3A%20https%3A%2F%2Fwww.youtube.com%2Fwatch%3Fv%3D2pYn4px0YWI
[2026-04-29T15:21:18.208Z] [STEP 7] ↪ asentando vista ~7s…
[2026-04-29T15:21:30.020Z] [STEP 8] ↩️ Enviado (Enter)
[2026-04-29T15:21:30.020Z]    ↪ post-send pause ~9s…
[2026-04-29T15:21:38.568Z] ⏳ Pausa entre mensajes: ~18s…
[2026-04-29T15:21:56.861Z] → [7/50] phone=573150463246 correo=barbra19367tricia2001+2@hotmail.com plataforma_id=2 (Netflix) servicio=Pantalla pantalla=1 vence=23/05/2026
[2026-04-29T15:21:56.863Z] [STEP 7] 🔁 Abriendo chat (intento 1/3) con: https://web.whatsapp.com/send?phone=573150463246&text=Hola%20%2B57%2C%20te%20notificamos%20el%20*cambio%20de%20contrase%C3%B1a*%20asociado%20a%20tu%20correo%3A%20*barbra19367tricia2001%2B2%40hotmail.com*.%0A%0A%E2%80%A2%20Netflix%20%E2%80%94%20Pantalla%20%7C%20*Pantalla%201*%20%7C%20vence%3A%2023%2F05%2F2026%0A%0A*La%20nueva%20contrase%C3%B1a%20es%3A*%20BAB2229%20%0ANo%20la%20compartas%20con%20nadie%3B%20%C2%A1que%20est%C3%A9s%20s%C3%BAper%20bien!%0A*Recuerda%20tu%20pantalla%20es%20la%20que%20ves%20arriba%3B%20solo%20puedes%20utilizar%20esa.*%0A%0A%0ANOTA%3A*NO%20MODIFICAR%20LOS%20NUMEROS%20DEL%20PERFIL%2C%20USAR%20UNICAMENTE%20EL%20QUE%20SE%20LE%20ASIGNO%20SIN%20CAMBIARLO*%0APARA%20EVITAR%20CODIGOS%20DEBES%20BORRAR%20HISTORIAL%20Y%20COOKIES%20----%3E%20%20%20%20%0AEN%20CELULAR%3A%20https%3A%2F%2Fwww.youtube.com%2Fwatch%3Fv%3DrEsApVI1-lk%0AEN%20EL%20COMPUTADOR%3A%20https%3A%2F%2Fwww.youtube.com%2Fwatch%3Fv%3D2pYn4px0YWI
[2026-04-29T15:21:59.022Z] [STEP 7] ↪ asentando vista ~9s…
[2026-04-29T15:22:10.126Z] [STEP 8] ↩️ Enviado (Enter)
[2026-04-29T15:22:10.127Z]    ↪ post-send pause ~10s…
[2026-04-29T15:22:19.906Z] ⏳ Pausa entre mensajes: ~19s…
[2026-04-29T15:22:38.680Z] → [8/50] phone=573184110606 correo=barbra19367tricia2001+2@hotmail.com plataforma_id=2 (Netflix) servicio=Pantalla pantalla=5 vence=08/05/2026
[2026-04-29T15:22:38.682Z] [STEP 7] 🔁 Abriendo chat (intento 1/3) con: https://web.whatsapp.com/send?phone=573184110606&text=Hola%20Elsa%2C%20te%20notificamos%20el%20*cambio%20de%20contrase%C3%B1a*%20asociado%20a%20tu%20correo%3A%20*barbra19367tricia2001%2B2%40hotmail.com*.%0A%0A%E2%80%A2%20Netflix%20%E2%80%94%20Pantalla%20%7C%20*Pantalla%205*%20%7C%20vence%3A%2008%2F05%2F2026%0A%0A*La%20nueva%20contrase%C3%B1a%20es%3A*%20BAB2229%20%0ANo%20la%20compartas%20con%20nadie%3B%20%C2%A1que%20est%C3%A9s%20s%C3%BAper%20bien!%0A*Recuerda%20tu%20pantalla%20es%20la%20que%20ves%20arriba%3B%20solo%20puedes%20utilizar%20esa.*%0A%0A%0ANOTA%3A*NO%20MODIFICAR%20LOS%20NUMEROS%20DEL%20PERFIL%2C%20USAR%20UNICAMENTE%20EL%20QUE%20SE%20LE%20ASIGNO%20SIN%20CAMBIARLO*%0APARA%20EVITAR%20CODIGOS%20DEBES%20BORRAR%20HISTORIAL%20Y%20COOKIES%20----%3E%20%20%20%20%0AEN%20CELULAR%3A%20https%3A%2F%2Fwww.youtube.com%2Fwatch%3Fv%3DrEsApVI1-lk%0AEN%20EL%20COMPUTADOR%3A%20https%3A%2F%2Fwww.youtube.com%2Fwatch%3Fv%3D2pYn4px0YWI
[2026-04-29T15:22:39.493Z] [STEP 7] ↪ asentando vista ~6s…
[2026-04-29T15:22:53.272Z] [STEP 8] ↩️ Enviado (Enter)
[2026-04-29T15:22:53.273Z]    ↪ post-send pause ~9s…
[2026-04-29T15:23:02.551Z] ⏳ Pausa entre mensajes: ~20s…
[2026-04-29T15:23:22.775Z] → [9/50] phone=573212236961 correo=barbra19367tricia2001+2@hotmail.com plataforma_id=2 (Netflix) servicio=Pantalla pantalla=4 vence=07/05/2026
[2026-04-29T15:23:22.777Z] [STEP 7] 🔁 Abriendo chat (intento 1/3) con: https://web.whatsapp.com/send?phone=573212236961&text=Hola%20%2B57%2C%20te%20notificamos%20el%20*cambio%20de%20contrase%C3%B1a*%20asociado%20a%20tu%20correo%3A%20*barbra19367tricia2001%2B2%40hotmail.com*.%0A%0A%E2%80%A2%20Netflix%20%E2%80%94%20Pantalla%20%7C%20*Pantalla%204*%20%7C%20vence%3A%2007%2F05%2F2026%0A%0A*La%20nueva%20contrase%C3%B1a%20es%3A*%20BAB2229%20%0ANo%20la%20compartas%20con%20nadie%3B%20%C2%A1que%20est%C3%A9s%20s%C3%BAper%20bien!%0A*Recuerda%20tu%20pantalla%20es%20la%20que%20ves%20arriba%3B%20solo%20puedes%20utilizar%20esa.*%0A%0A%0ANOTA%3A*NO%20MODIFICAR%20LOS%20NUMEROS%20DEL%20PERFIL%2C%20USAR%20UNICAMENTE%20EL%20QUE%20SE%20LE%20ASIGNO%20SIN%20CAMBIARLO*%0APARA%20EVITAR%20CODIGOS%20DEBES%20BORRAR%20HISTORIAL%20Y%20COOKIES%20----%3E%20%20%20%20%0AEN%20CELULAR%3A%20https%3A%2F%2Fwww.youtube.com%2Fwatch%3Fv%3DrEsApVI1-lk%0AEN%20EL%20COMPUTADOR%3A%20https%3A%2F%2Fwww.youtube.com%2Fwatch%3Fv%3D2pYn4px0YWI
[2026-04-29T15:23:23.802Z] [STEP 7] ↪ asentando vista ~9s…
[2026-04-29T15:23:35.797Z] [STEP 8] ↩️ Enviado (Enter)
[2026-04-29T15:23:35.798Z]    ↪ post-send pause ~6s…
[2026-04-29T15:23:41.810Z] ⏳ Pausa entre mensajes: ~19s…
[2026-04-29T15:24:00.374Z] — BLOQUE — correo=foxfosfire@gmail.com | plataforma_id=8 (Crunchyroll)
[2026-04-29T15:24:00.376Z] → [10/50] phone=573135427163 correo=foxfosfire@gmail.com plataforma_id=8 (Crunchyroll) servicio=Pantalla pantalla=5 vence=03/06/2026
[2026-04-29T15:24:00.378Z] [STEP 7] 🔁 Abriendo chat (intento 1/3) con: https://web.whatsapp.com/send?phone=573135427163&text=Hola%20Estefania%2C%20te%20notificamos%20el%20*cambio%20de%20contrase%C3%B1a*%20asociado%20a%20tu%20correo%3A%20*foxfosfire%40gmail.com*.%0A%0A%E2%80%A2%20Crunchyroll%20%E2%80%94%20Pantalla%20%7C%20*Pantalla%205*%20%7C%20vence%3A%2003%2F06%2F2026%0A%0A*La%20nueva%20contrase%C3%B1a%20es%3A*%20crunc879%40%20%0ANo%20la%20compartas%20con%20nadie%3B%20%C2%A1que%20est%C3%A9s%20s%C3%BAper%20bien!%0A*Recuerda%20tu%20pantalla%20es%20la%20que%20ves%20arriba%3B%20solo%20puedes%20utilizar%20esa.*%0A%0A%0ANOTA%3A*NO%20MODIFICAR%20LOS%20NUMEROS%20DEL%20PERFIL%2C%20USAR%20UNICAMENTE%20EL%20QUE%20SE%20LE%20ASIGNO%20SIN%20CAMBIARLO*%0APARA%20EVITAR%20CODIGOS%20DEBES%20BORRAR%20HISTORIAL%20Y%20COOKIES%20----%3E%20%20%20%20%0AEN%20CELULAR%3A%20https%3A%2F%2Fwww.youtube.com%2Fwatch%3Fv%3DrEsApVI1-lk%0AEN%20EL%20COMPUTADOR%3A%20https%3A%2F%2Fwww.youtube.com%2Fwatch%3Fv%3D2pYn4px0YWI
[2026-04-29T15:24:01.081Z] [STEP 7] ↪ asentando vista ~9s…
[2026-04-29T15:24:12.710Z] [STEP 8] ↩️ Enviado (Enter)
[2026-04-29T15:24:12.712Z]    ↪ post-send pause ~10s…
[2026-04-29T15:24:22.271Z] ⏳ Pausa entre mensajes: ~18s…
[2026-04-29T15:24:40.522Z] → [11/50] phone=573151399675 correo=foxfosfire@gmail.com plataforma_id=8 (Crunchyroll) servicio=Pantalla pantalla=6 vence=14/05/2026
[2026-04-29T15:24:40.525Z] [STEP 7] 🔁 Abriendo chat (intento 1/3) con: https://web.whatsapp.com/send?phone=573151399675&text=Hola%20%2B57%2C%20te%20notificamos%20el%20*cambio%20de%20contrase%C3%B1a*%20asociado%20a%20tu%20correo%3A%20*foxfosfire%40gmail.com*.%0A%0A%E2%80%A2%20Crunchyroll%20%E2%80%94%20Pantalla%20%7C%20*Pantalla%206*%20%7C%20vence%3A%2014%2F05%2F2026%0A%0A*La%20nueva%20contrase%C3%B1a%20es%3A*%20crunc879%40%20%0ANo%20la%20compartas%20con%20nadie%3B%20%C2%A1que%20est%C3%A9s%20s%C3%BAper%20bien!%0A*Recuerda%20tu%20pantalla%20es%20la%20que%20ves%20arriba%3B%20solo%20puedes%20utilizar%20esa.*%0A%0A%0ANOTA%3A*NO%20MODIFICAR%20LOS%20NUMEROS%20DEL%20PERFIL%2C%20USAR%20UNICAMENTE%20EL%20QUE%20SE%20LE%20ASIGNO%20SIN%20CAMBIARLO*%0APARA%20EVITAR%20CODIGOS%20DEBES%20BORRAR%20HISTORIAL%20Y%20COOKIES%20----%3E%20%20%20%20%0AEN%20CELULAR%3A%20https%3A%2F%2Fwww.youtube.com%2Fwatch%3Fv%3DrEsApVI1-lk%0AEN%20EL%20COMPUTADOR%3A%20https%3A%2F%2Fwww.youtube.com%2Fwatch%3Fv%3D2pYn4px0YWI
[2026-04-29T15:24:42.527Z] [STEP 7] ↪ asentando vista ~9s…
[2026-04-29T15:24:54.340Z] [STEP 8] ↩️ Enviado (Enter)
[2026-04-29T15:24:54.341Z]    ↪ post-send pause ~10s…
[2026-04-29T15:25:04.171Z] ⏳ Pausa entre mensajes: ~21s…
[2026-04-29T15:25:24.703Z] → [12/50] phone=573186414886 correo=foxfosfire@gmail.com plataforma_id=8 (Crunchyroll) servicio=Pantalla pantalla=2 vence=14/05/2026
[2026-04-29T15:25:24.706Z] [STEP 7] 🔁 Abriendo chat (intento 1/3) con: https://web.whatsapp.com/send?phone=573186414886&text=Hola%20%2B57%2C%20te%20notificamos%20el%20*cambio%20de%20contrase%C3%B1a*%20asociado%20a%20tu%20correo%3A%20*foxfosfire%40gmail.com*.%0A%0A%E2%80%A2%20Crunchyroll%20%E2%80%94%20Pantalla%20%7C%20*Pantalla%202*%20%7C%20vence%3A%2014%2F05%2F2026%0A%0A*La%20nueva%20contrase%C3%B1a%20es%3A*%20crunc879%40%20%0ANo%20la%20compartas%20con%20nadie%3B%20%C2%A1que%20est%C3%A9s%20s%C3%BAper%20bien!%0A*Recuerda%20tu%20pantalla%20es%20la%20que%20ves%20arriba%3B%20solo%20puedes%20utilizar%20esa.*%0A%0A%0ANOTA%3A*NO%20MODIFICAR%20LOS%20NUMEROS%20DEL%20PERFIL%2C%20USAR%20UNICAMENTE%20EL%20QUE%20SE%20LE%20ASIGNO%20SIN%20CAMBIARLO*%0APARA%20EVITAR%20CODIGOS%20DEBES%20BORRAR%20HISTORIAL%20Y%20COOKIES%20----%3E%20%20%20%20%0AEN%20CELULAR%3A%20https%3A%2F%2Fwww.youtube.com%2Fwatch%3Fv%3DrEsApVI1-lk%0AEN%20EL%20COMPUTADOR%3A%20https%3A%2F%2Fwww.youtube.com%2Fwatch%3Fv%3D2pYn4px0YWI
[2026-04-29T15:25:25.404Z] [STEP 7] ↪ asentando vista ~8s…
[2026-04-29T15:25:37.188Z] [STEP 8] ↩️ Enviado (Enter)
[2026-04-29T15:25:37.189Z]    ↪ post-send pause ~8s…
[2026-04-29T15:25:45.632Z] ⏳ Pausa entre mensajes: ~20s…
[2026-04-29T15:26:05.502Z] → [13/50] phone=573209943709 correo=foxfosfire@gmail.com plataforma_id=8 (Crunchyroll) servicio=Pantalla pantalla=3 vence=10/05/2026
[2026-04-29T15:26:05.504Z] [STEP 7] 🔁 Abriendo chat (intento 1/3) con: https://web.whatsapp.com/send?phone=573209943709&text=Hola%20Yulitza%2C%20te%20notificamos%20el%20*cambio%20de%20contrase%C3%B1a*%20asociado%20a%20tu%20correo%3A%20*foxfosfire%40gmail.com*.%0A%0A%E2%80%A2%20Crunchyroll%20%E2%80%94%20Pantalla%20%7C%20*Pantalla%203*%20%7C%20vence%3A%2010%2F05%2F2026%0A%0A*La%20nueva%20contrase%C3%B1a%20es%3A*%20crunc879%40%20%0ANo%20la%20compartas%20con%20nadie%3B%20%C2%A1que%20est%C3%A9s%20s%C3%BAper%20bien!%0A*Recuerda%20tu%20pantalla%20es%20la%20que%20ves%20arriba%3B%20solo%20puedes%20utilizar%20esa.*%0A%0A%0ANOTA%3A*NO%20MODIFICAR%20LOS%20NUMEROS%20DEL%20PERFIL%2C%20USAR%20UNICAMENTE%20EL%20QUE%20SE%20LE%20ASIGNO%20SIN%20CAMBIARLO*%0APARA%20EVITAR%20CODIGOS%20DEBES%20BORRAR%20HISTORIAL%20Y%20COOKIES%20----%3E%20%20%20%20%0AEN%20CELULAR%3A%20https%3A%2F%2Fwww.youtube.com%2Fwatch%3Fv%3DrEsApVI1-lk%0AEN%20EL%20COMPUTADOR%3A%20https%3A%2F%2Fwww.youtube.com%2Fwatch%3Fv%3D2pYn4px0YWI
[2026-04-29T15:26:06.584Z] [STEP 7] ↪ asentando vista ~9s…
[2026-04-29T15:26:18.261Z] [STEP 8] ↩️ Enviado (Enter)
[2026-04-29T15:26:18.262Z]    ↪ post-send pause ~8s…
[2026-04-29T15:26:26.677Z] ⏳ Pausa entre mensajes: ~18s…
[2026-04-29T15:26:44.431Z] → [14/50] phone=573215968113 correo=foxfosfire@gmail.com plataforma_id=8 (Crunchyroll) servicio=Pantalla pantalla=1 vence=10/05/2026
[2026-04-29T15:26:44.432Z] [STEP 7] 🔁 Abriendo chat (intento 1/3) con: https://web.whatsapp.com/send?phone=573215968113&text=Hola%20%2B57%2C%20te%20notificamos%20el%20*cambio%20de%20contrase%C3%B1a*%20asociado%20a%20tu%20correo%3A%20*foxfosfire%40gmail.com*.%0A%0A%E2%80%A2%20Crunchyroll%20%E2%80%94%20Pantalla%20%7C%20*Pantalla%201*%20%7C%20vence%3A%2010%2F05%2F2026%0A%0A*La%20nueva%20contrase%C3%B1a%20es%3A*%20crunc879%40%20%0ANo%20la%20compartas%20con%20nadie%3B%20%C2%A1que%20est%C3%A9s%20s%C3%BAper%20bien!%0A*Recuerda%20tu%20pantalla%20es%20la%20que%20ves%20arriba%3B%20solo%20puedes%20utilizar%20esa.*%0A%0A%0ANOTA%3A*NO%20MODIFICAR%20LOS%20NUMEROS%20DEL%20PERFIL%2C%20USAR%20UNICAMENTE%20EL%20QUE%20SE%20LE%20ASIGNO%20SIN%20CAMBIARLO*%0APARA%20EVITAR%20CODIGOS%20DEBES%20BORRAR%20HISTORIAL%20Y%20COOKIES%20----%3E%20%20%20%20%0AEN%20CELULAR%3A%20https%3A%2F%2Fwww.youtube.com%2Fwatch%3Fv%3DrEsApVI1-lk%0AEN%20EL%20COMPUTADOR%3A%20https%3A%2F%2Fwww.youtube.com%2Fwatch%3Fv%3D2pYn4px0YWI
[2026-04-29T15:26:45.251Z] [STEP 7] ↪ asentando vista ~9s…
[2026-04-29T15:26:58.615Z] [STEP 8] ↩️ Enviado (Enter)
[2026-04-29T15:26:58.616Z]    ↪ post-send pause ~10s…
[2026-04-29T15:27:08.317Z] ⏳ Pausa entre mensajes: ~18s…
[2026-04-29T15:27:25.843Z] — BLOQUE — correo=keirenhgg17890@hotmail.com | plataforma_id=1 (Amazon)
[2026-04-29T15:27:25.845Z] → [15/50] phone=573057779193 correo=keirenhgg17890@hotmail.com plataforma_id=1 (Amazon) servicio=Pantalla pantalla=2 vence=14/05/2026
[2026-04-29T15:27:25.845Z] [STEP 7] 🔁 Abriendo chat (intento 1/3) con: https://web.whatsapp.com/send?phone=573057779193&text=Hola%20Thomas%2C%20te%20notificamos%20el%20*cambio%20de%20contrase%C3%B1a*%20asociado%20a%20tu%20correo%3A%20*keirenhgg17890%40hotmail.com*.%0A%0A%E2%80%A2%20Amazon%20%E2%80%94%20Pantalla%20%7C%20*Pantalla%202*%20%7C%20vence%3A%2014%2F05%2F2026%0A%0A*La%20nueva%20contrase%C3%B1a%20es%3A*%20vixoama%402%20%0ANo%20la%20compartas%20con%20nadie%3B%20%C2%A1que%20est%C3%A9s%20s%C3%BAper%20bien!%0A*Recuerda%20tu%20pantalla%20es%20la%20que%20ves%20arriba%3B%20solo%20puedes%20utilizar%20esa.*%0A%0A%0ANOTA%3A*NO%20MODIFICAR%20LOS%20NUMEROS%20DEL%20PERFIL%2C%20USAR%20UNICAMENTE%20EL%20QUE%20SE%20LE%20ASIGNO%20SIN%20CAMBIARLO*%0APARA%20EVITAR%20CODIGOS%20DEBES%20BORRAR%20HISTORIAL%20Y%20COOKIES%20----%3E%20%20%20%20%0AEN%20CELULAR%3A%20https%3A%2F%2Fwww.youtube.com%2Fwatch%3Fv%3DrEsApVI1-lk%0AEN%20EL%20COMPUTADOR%3A%20https%3A%2F%2Fwww.youtube.com%2Fwatch%3Fv%3D2pYn4px0YWI
[2026-04-29T15:27:26.992Z] [STEP 7] ↪ asentando vista ~10s…
[2026-04-29T15:27:38.776Z] [STEP 8] ↩️ Enviado (Enter)
[2026-04-29T15:27:38.778Z]    ↪ post-send pause ~6s…
[2026-04-29T15:27:45.045Z] ⏳ Pausa entre mensajes: ~19s…
[2026-04-29T15:28:03.673Z] → [16/50] phone=573106737198 correo=keirenhgg17890@hotmail.com plataforma_id=1 (Amazon) servicio=Pantalla pantalla=3 vence=24/05/2026
[2026-04-29T15:28:03.674Z] [STEP 7] 🔁 Abriendo chat (intento 1/3) con: https://web.whatsapp.com/send?phone=573106737198&text=Hola%20Kevin%2C%20te%20notificamos%20el%20*cambio%20de%20contrase%C3%B1a*%20asociado%20a%20tu%20correo%3A%20*keirenhgg17890%40hotmail.com*.%0A%0A%E2%80%A2%20Amazon%20%E2%80%94%20Pantalla%20%7C%20*Pantalla%203*%20%7C%20vence%3A%2024%2F05%2F2026%0A%0A*La%20nueva%20contrase%C3%B1a%20es%3A*%20vixoama%402%20%0ANo%20la%20compartas%20con%20nadie%3B%20%C2%A1que%20est%C3%A9s%20s%C3%BAper%20bien!%0A*Recuerda%20tu%20pantalla%20es%20la%20que%20ves%20arriba%3B%20solo%20puedes%20utilizar%20esa.*%0A%0A%0ANOTA%3A*NO%20MODIFICAR%20LOS%20NUMEROS%20DEL%20PERFIL%2C%20USAR%20UNICAMENTE%20EL%20QUE%20SE%20LE%20ASIGNO%20SIN%20CAMBIARLO*%0APARA%20EVITAR%20CODIGOS%20DEBES%20BORRAR%20HISTORIAL%20Y%20COOKIES%20----%3E%20%20%20%20%0AEN%20CELULAR%3A%20https%3A%2F%2Fwww.youtube.com%2Fwatch%3Fv%3DrEsApVI1-lk%0AEN%20EL%20COMPUTADOR%3A%20https%3A%2F%2Fwww.youtube.com%2Fwatch%3Fv%3D2pYn4px0YWI
[2026-04-29T15:28:04.468Z] [STEP 7] ↪ asentando vista ~8s…
[2026-04-29T15:28:16.327Z] [STEP 8] ↩️ Enviado (Enter)
[2026-04-29T15:28:16.327Z]    ↪ post-send pause ~9s…
[2026-04-29T15:28:25.518Z] ⏳ Pausa entre mensajes: ~16s…
[2026-04-29T15:28:41.832Z] → [17/50] phone=573116400774 correo=keirenhgg17890@hotmail.com plataforma_id=1 (Amazon) servicio=Pantalla pantalla=7 vence=08/05/2026
[2026-04-29T15:28:41.835Z] [STEP 7] 🔁 Abriendo chat (intento 1/3) con: https://web.whatsapp.com/send?phone=573116400774&text=Hola%20Dannia%2C%20te%20notificamos%20el%20*cambio%20de%20contrase%C3%B1a*%20asociado%20a%20tu%20correo%3A%20*keirenhgg17890%40hotmail.com*.%0A%0A%E2%80%A2%20Amazon%20%E2%80%94%20Pantalla%20%7C%20*Pantalla%207*%20%7C%20vence%3A%2008%2F05%2F2026%0A%0A*La%20nueva%20contrase%C3%B1a%20es%3A*%20vixoama%402%20%0ANo%20la%20compartas%20con%20nadie%3B%20%C2%A1que%20est%C3%A9s%20s%C3%BAper%20bien!%0A*Recuerda%20tu%20pantalla%20es%20la%20que%20ves%20arriba%3B%20solo%20puedes%20utilizar%20esa.*%0A%0A%0ANOTA%3A*NO%20MODIFICAR%20LOS%20NUMEROS%20DEL%20PERFIL%2C%20USAR%20UNICAMENTE%20EL%20QUE%20SE%20LE%20ASIGNO%20SIN%20CAMBIARLO*%0APARA%20EVITAR%20CODIGOS%20DEBES%20BORRAR%20HISTORIAL%20Y%20COOKIES%20----%3E%20%20%20%20%0AEN%20CELULAR%3A%20https%3A%2F%2Fwww.youtube.com%2Fwatch%3Fv%3DrEsApVI1-lk%0AEN%20EL%20COMPUTADOR%3A%20https%3A%2F%2Fwww.youtube.com%2Fwatch%3Fv%3D2pYn4px0YWI
[2026-04-29T15:28:43.257Z] [STEP 7] ↪ asentando vista ~7s…
[2026-04-29T15:28:55.010Z] [STEP 8] ↩️ Enviado (Enter)
[2026-04-29T15:28:55.010Z]    ↪ post-send pause ~7s…
[2026-04-29T15:29:02.034Z] ⏳ Pausa entre mensajes: ~18s…
[2026-04-29T15:29:20.051Z] → [18/50] phone=573153864944 correo=keirenhgg17890@hotmail.com plataforma_id=1 (Amazon) servicio=Pantalla pantalla=1 vence=12/05/2026
[2026-04-29T15:29:20.053Z] [STEP 7] 🔁 Abriendo chat (intento 1/3) con: https://web.whatsapp.com/send?phone=573153864944&text=Hola%20%2B57%2C%20te%20notificamos%20el%20*cambio%20de%20contrase%C3%B1a*%20asociado%20a%20tu%20correo%3A%20*keirenhgg17890%40hotmail.com*.%0A%0A%E2%80%A2%20Amazon%20%E2%80%94%20Pantalla%20%7C%20*Pantalla%201*%20%7C%20vence%3A%2012%2F05%2F2026%0A%0A*La%20nueva%20contrase%C3%B1a%20es%3A*%20vixoama%402%20%0ANo%20la%20compartas%20con%20nadie%3B%20%C2%A1que%20est%C3%A9s%20s%C3%BAper%20bien!%0A*Recuerda%20tu%20pantalla%20es%20la%20que%20ves%20arriba%3B%20solo%20puedes%20utilizar%20esa.*%0A%0A%0ANOTA%3A*NO%20MODIFICAR%20LOS%20NUMEROS%20DEL%20PERFIL%2C%20USAR%20UNICAMENTE%20EL%20QUE%20SE%20LE%20ASIGNO%20SIN%20CAMBIARLO*%0APARA%20EVITAR%20CODIGOS%20DEBES%20BORRAR%20HISTORIAL%20Y%20COOKIES%20----%3E%20%20%20%20%0AEN%20CELULAR%3A%20https%3A%2F%2Fwww.youtube.com%2Fwatch%3Fv%3DrEsApVI1-lk%0AEN%20EL%20COMPUTADOR%3A%20https%3A%2F%2Fwww.youtube.com%2Fwatch%3Fv%3D2pYn4px0YWI
[2026-04-29T15:29:20.963Z] [STEP 7] ↪ asentando vista ~7s…
[2026-04-29T15:29:32.759Z] [STEP 8] ↩️ Enviado (Enter)
[2026-04-29T15:29:32.760Z]    ↪ post-send pause ~9s…
[2026-04-29T15:29:42.168Z] ⏳ Pausa entre mensajes: ~21s…
[2026-04-29T15:30:03.035Z] → [19/50] phone=573166274566 correo=keirenhgg17890@hotmail.com plataforma_id=1 (Amazon) servicio=Pantalla pantalla=2 vence=08/05/2026
[2026-04-29T15:30:03.036Z] [STEP 7] 🔁 Abriendo chat (intento 1/3) con: https://web.whatsapp.com/send?phone=573166274566&text=Hola%20Jeyson%2C%20te%20notificamos%20el%20*cambio%20de%20contrase%C3%B1a*%20asociado%20a%20tu%20correo%3A%20*keirenhgg17890%40hotmail.com*.%0A%0A%E2%80%A2%20Amazon%20%E2%80%94%20Pantalla%20%7C%20*Pantalla%202*%20%7C%20vence%3A%2008%2F05%2F2026%0A%0A*La%20nueva%20contrase%C3%B1a%20es%3A*%20vixoama%402%20%0ANo%20la%20compartas%20con%20nadie%3B%20%C2%A1que%20est%C3%A9s%20s%C3%BAper%20bien!%0A*Recuerda%20tu%20pantalla%20es%20la%20que%20ves%20arriba%3B%20solo%20puedes%20utilizar%20esa.*%0A%0A%0ANOTA%3A*NO%20MODIFICAR%20LOS%20NUMEROS%20DEL%20PERFIL%2C%20USAR%20UNICAMENTE%20EL%20QUE%20SE%20LE%20ASIGNO%20SIN%20CAMBIARLO*%0APARA%20EVITAR%20CODIGOS%20DEBES%20BORRAR%20HISTORIAL%20Y%20COOKIES%20----%3E%20%20%20%20%0AEN%20CELULAR%3A%20https%3A%2F%2Fwww.youtube.com%2Fwatch%3Fv%3DrEsApVI1-lk%0AEN%20EL%20COMPUTADOR%3A%20https%3A%2F%2Fwww.youtube.com%2Fwatch%3Fv%3D2pYn4px0YWI
[2026-04-29T15:30:04.186Z] [STEP 7] ↪ asentando vista ~9s…
[2026-04-29T15:30:16.983Z] [STEP 8] ↩️ Enviado (Enter)
[2026-04-29T15:30:16.984Z]    ↪ post-send pause ~7s…
[2026-04-29T15:30:23.739Z] ⏳ Pausa entre mensajes: ~20s…
[2026-04-29T15:30:43.630Z] → [20/50] phone=573197987571 correo=keirenhgg17890@hotmail.com plataforma_id=1 (Amazon) servicio=Pantalla pantalla=4 vence=28/05/2026
[2026-04-29T15:30:43.632Z] [STEP 7] 🔁 Abriendo chat (intento 1/3) con: https://web.whatsapp.com/send?phone=573197987571&text=Hola%20!%2C%20te%20notificamos%20el%20*cambio%20de%20contrase%C3%B1a*%20asociado%20a%20tu%20correo%3A%20*keirenhgg17890%40hotmail.com*.%0A%0A%E2%80%A2%20Amazon%20%E2%80%94%20Pantalla%20%7C%20*Pantalla%204*%20%7C%20vence%3A%2028%2F05%2F2026%0A%0A*La%20nueva%20contrase%C3%B1a%20es%3A*%20vixoama%402%20%0ANo%20la%20compartas%20con%20nadie%3B%20%C2%A1que%20est%C3%A9s%20s%C3%BAper%20bien!%0A*Recuerda%20tu%20pantalla%20es%20la%20que%20ves%20arriba%3B%20solo%20puedes%20utilizar%20esa.*%0A%0A%0ANOTA%3A*NO%20MODIFICAR%20LOS%20NUMEROS%20DEL%20PERFIL%2C%20USAR%20UNICAMENTE%20EL%20QUE%20SE%20LE%20ASIGNO%20SIN%20CAMBIARLO*%0APARA%20EVITAR%20CODIGOS%20DEBES%20BORRAR%20HISTORIAL%20Y%20COOKIES%20----%3E%20%20%20%20%0AEN%20CELULAR%3A%20https%3A%2F%2Fwww.youtube.com%2Fwatch%3Fv%3DrEsApVI1-lk%0AEN%20EL%20COMPUTADOR%3A%20https%3A%2F%2Fwww.youtube.com%2Fwatch%3Fv%3D2pYn4px0YWI
[2026-04-29T15:30:44.473Z] [STEP 7] ↪ asentando vista ~7s…
[2026-04-29T15:30:54.074Z] [STEP 8] ↩️ Enviado (Enter)
[2026-04-29T15:30:54.074Z]    ↪ post-send pause ~8s…
[2026-04-29T15:31:01.949Z] ⏳ Pausa entre mensajes: ~17s…
[2026-04-29T15:31:19.198Z] → [21/50] phone=573245704900 correo=keirenhgg17890@hotmail.com plataforma_id=1 (Amazon) servicio=Pantalla pantalla=1 vence=20/05/2026
[2026-04-29T15:31:19.201Z] [STEP 7] 🔁 Abriendo chat (intento 1/3) con: https://web.whatsapp.com/send?phone=573245704900&text=Hola%20%2B57%2C%20te%20notificamos%20el%20*cambio%20de%20contrase%C3%B1a*%20asociado%20a%20tu%20correo%3A%20*keirenhgg17890%40hotmail.com*.%0A%0A%E2%80%A2%20Amazon%20%E2%80%94%20Pantalla%20%7C%20*Pantalla%201*%20%7C%20vence%3A%2020%2F05%2F2026%0A%0A*La%20nueva%20contrase%C3%B1a%20es%3A*%20vixoama%402%20%0ANo%20la%20compartas%20con%20nadie%3B%20%C2%A1que%20est%C3%A9s%20s%C3%BAper%20bien!%0A*Recuerda%20tu%20pantalla%20es%20la%20que%20ves%20arriba%3B%20solo%20puedes%20utilizar%20esa.*%0A%0A%0ANOTA%3A*NO%20MODIFICAR%20LOS%20NUMEROS%20DEL%20PERFIL%2C%20USAR%20UNICAMENTE%20EL%20QUE%20SE%20LE%20ASIGNO%20SIN%20CAMBIARLO*%0APARA%20EVITAR%20CODIGOS%20DEBES%20BORRAR%20HISTORIAL%20Y%20COOKIES%20----%3E%20%20%20%20%0AEN%20CELULAR%3A%20https%3A%2F%2Fwww.youtube.com%2Fwatch%3Fv%3DrEsApVI1-lk%0AEN%20EL%20COMPUTADOR%3A%20https%3A%2F%2Fwww.youtube.com%2Fwatch%3Fv%3D2pYn4px0YWI
[2026-04-29T15:31:20.169Z] [STEP 7] ↪ asentando vista ~6s…
[2026-04-29T15:31:32.227Z] [STEP 8] ↩️ Enviado (Enter)
[2026-04-29T15:31:32.228Z]    ↪ post-send pause ~6s…
[2026-04-29T15:31:38.547Z] ⏳ Pausa entre mensajes: ~18s…
[2026-04-29T15:31:56.996Z] — BLOQUE — correo=medplay93+73ico@gmail.com | plataforma_id=9 (VIX)
[2026-04-29T15:31:56.998Z] → [22/50] phone=573107110045 correo=medplay93+73ico@gmail.com plataforma_id=9 (VIX) servicio=Pantalla pantalla=1 vence=19/05/2026
[2026-04-29T15:31:56.999Z] [STEP 7] 🔁 Abriendo chat (intento 1/3) con: https://web.whatsapp.com/send?phone=573107110045&text=Hola%20%2B57%2C%20te%20notificamos%20el%20*cambio%20de%20contrase%C3%B1a*%20asociado%20a%20tu%20correo%3A%20*medplay93%2B73ico%40gmail.com*.%0A%0A%E2%80%A2%20VIX%20%E2%80%94%20Pantalla%20%7C%20*Pantalla%201*%20%7C%20vence%3A%2019%2F05%2F2026%0A%0A*La%20nueva%20contrase%C3%B1a%20es%3A*%20viximed982%40%20%0ANo%20la%20compartas%20con%20nadie%3B%20%C2%A1que%20est%C3%A9s%20s%C3%BAper%20bien!%0A*Recuerda%20tu%20pantalla%20es%20la%20que%20ves%20arriba%3B%20solo%20puedes%20utilizar%20esa.*%0A%0A%0ANOTA%3A*NO%20MODIFICAR%20LOS%20NUMEROS%20DEL%20PERFIL%2C%20USAR%20UNICAMENTE%20EL%20QUE%20SE%20LE%20ASIGNO%20SIN%20CAMBIARLO*%0APARA%20EVITAR%20CODIGOS%20DEBES%20BORRAR%20HISTORIAL%20Y%20COOKIES%20----%3E%20%20%20%20%0AEN%20CELULAR%3A%20https%3A%2F%2Fwww.youtube.com%2Fwatch%3Fv%3DrEsApVI1-lk%0AEN%20EL%20COMPUTADOR%3A%20https%3A%2F%2Fwww.youtube.com%2Fwatch%3Fv%3D2pYn4px0YWI
[2026-04-29T15:31:57.978Z] [STEP 7] ↪ asentando vista ~9s…
[2026-04-29T15:32:10.095Z] [STEP 8] ↩️ Enviado (Enter)
[2026-04-29T15:32:10.095Z]    ↪ post-send pause ~6s…
[2026-04-29T15:32:16.389Z] ⏳ Pausa entre mensajes: ~18s…
[2026-04-29T15:32:34.733Z] → [23/50] phone=573193218642 correo=medplay93+73ico@gmail.com plataforma_id=9 (VIX) servicio=Pantalla pantalla=4 vence=20/05/2026
[2026-04-29T15:32:34.734Z] [STEP 7] 🔁 Abriendo chat (intento 1/3) con: https://web.whatsapp.com/send?phone=573193218642&text=Hola%20VG%2C%20te%20notificamos%20el%20*cambio%20de%20contrase%C3%B1a*%20asociado%20a%20tu%20correo%3A%20*medplay93%2B73ico%40gmail.com*.%0A%0A%E2%80%A2%20VIX%20%E2%80%94%20Pantalla%20%7C%20*Pantalla%204*%20%7C%20vence%3A%2020%2F05%2F2026%0A%0A*La%20nueva%20contrase%C3%B1a%20es%3A*%20viximed982%40%20%0ANo%20la%20compartas%20con%20nadie%3B%20%C2%A1que%20est%C3%A9s%20s%C3%BAper%20bien!%0A*Recuerda%20tu%20pantalla%20es%20la%20que%20ves%20arriba%3B%20solo%20puedes%20utilizar%20esa.*%0A%0A%0ANOTA%3A*NO%20MODIFICAR%20LOS%20NUMEROS%20DEL%20PERFIL%2C%20USAR%20UNICAMENTE%20EL%20QUE%20SE%20LE%20ASIGNO%20SIN%20CAMBIARLO*%0APARA%20EVITAR%20CODIGOS%20DEBES%20BORRAR%20HISTORIAL%20Y%20COOKIES%20----%3E%20%20%20%20%0AEN%20CELULAR%3A%20https%3A%2F%2Fwww.youtube.com%2Fwatch%3Fv%3DrEsApVI1-lk%0AEN%20EL%20COMPUTADOR%3A%20https%3A%2F%2Fwww.youtube.com%2Fwatch%3Fv%3D2pYn4px0YWI
[2026-04-29T15:32:35.448Z] [STEP 7] ↪ asentando vista ~7s…
[2026-04-29T15:32:47.360Z] [STEP 8] ↩️ Enviado (Enter)
[2026-04-29T15:32:47.361Z]    ↪ post-send pause ~8s…
[2026-04-29T15:32:54.941Z] ⏳ Pausa entre mensajes: ~19s…
[2026-04-29T15:33:14.242Z] — BLOQUE — correo=medplay93+bad@gmail.com | plataforma_id=5 (MAX)
[2026-04-29T15:33:14.245Z] → [24/50] phone=573102239196 correo=medplay93+bad@gmail.com plataforma_id=5 (MAX) servicio=Pantalla pantalla=2 vence=13/05/2026
[2026-04-29T15:33:14.246Z] [STEP 7] 🔁 Abriendo chat (intento 1/3) con: https://web.whatsapp.com/send?phone=573102239196&text=Hola%20!%2C%20te%20notificamos%20el%20*cambio%20de%20contrase%C3%B1a*%20asociado%20a%20tu%20correo%3A%20*medplay93%2Bbad%40gmail.com*.%0A%0A%E2%80%A2%20MAX%20%E2%80%94%20Pantalla%20%7C%20*Pantalla%202*%20%7C%20vence%3A%2013%2F05%2F2026%0A%0A*La%20nueva%20contrase%C3%B1a%20es%3A*%20maxhbo%40%40%402%20%0ANo%20la%20compartas%20con%20nadie%3B%20%C2%A1que%20est%C3%A9s%20s%C3%BAper%20bien!%0A*Recuerda%20tu%20pantalla%20es%20la%20que%20ves%20arriba%3B%20solo%20puedes%20utilizar%20esa.*%0A%0A%0ANOTA%3A*NO%20MODIFICAR%20LOS%20NUMEROS%20DEL%20PERFIL%2C%20USAR%20UNICAMENTE%20EL%20QUE%20SE%20LE%20ASIGNO%20SIN%20CAMBIARLO*%0APARA%20EVITAR%20CODIGOS%20DEBES%20BORRAR%20HISTORIAL%20Y%20COOKIES%20----%3E%20%20%20%20%0AEN%20CELULAR%3A%20https%3A%2F%2Fwww.youtube.com%2Fwatch%3Fv%3DrEsApVI1-lk%0AEN%20EL%20COMPUTADOR%3A%20https%3A%2F%2Fwww.youtube.com%2Fwatch%3Fv%3D2pYn4px0YWI
[2026-04-29T15:33:15.117Z] [STEP 7] ↪ asentando vista ~7s…
[2026-04-29T15:33:26.738Z] [STEP 8] ↩️ Enviado (Enter)
[2026-04-29T15:33:26.739Z]    ↪ post-send pause ~8s…
[2026-04-29T15:33:34.943Z] ⏳ Pausa entre mensajes: ~16s…
[2026-04-29T15:33:51.272Z] → [25/50] phone=573157306507 correo=medplay93+bad@gmail.com plataforma_id=5 (MAX) servicio=Pantalla pantalla=4 vence=27/05/2026
[2026-04-29T15:33:51.273Z] [STEP 7] 🔁 Abriendo chat (intento 1/3) con: https://web.whatsapp.com/send?phone=573157306507&text=Hola%20Sara%2C%20te%20notificamos%20el%20*cambio%20de%20contrase%C3%B1a*%20asociado%20a%20tu%20correo%3A%20*medplay93%2Bbad%40gmail.com*.%0A%0A%E2%80%A2%20MAX%20%E2%80%94%20Pantalla%20%7C%20*Pantalla%204*%20%7C%20vence%3A%2027%2F05%2F2026%0A%0A*La%20nueva%20contrase%C3%B1a%20es%3A*%20maxhbo%40%40%402%20%0ANo%20la%20compartas%20con%20nadie%3B%20%C2%A1que%20est%C3%A9s%20s%C3%BAper%20bien!%0A*Recuerda%20tu%20pantalla%20es%20la%20que%20ves%20arriba%3B%20solo%20puedes%20utilizar%20esa.*%0A%0A%0ANOTA%3A*NO%20MODIFICAR%20LOS%20NUMEROS%20DEL%20PERFIL%2C%20USAR%20UNICAMENTE%20EL%20QUE%20SE%20LE%20ASIGNO%20SIN%20CAMBIARLO*%0APARA%20EVITAR%20CODIGOS%20DEBES%20BORRAR%20HISTORIAL%20Y%20COOKIES%20----%3E%20%20%20%20%0AEN%20CELULAR%3A%20https%3A%2F%2Fwww.youtube.com%2Fwatch%3Fv%3DrEsApVI1-lk%0AEN%20EL%20COMPUTADOR%3A%20https%3A%2F%2Fwww.youtube.com%2Fwatch%3Fv%3D2pYn4px0YWI
[2026-04-29T15:33:52.407Z] [STEP 7] ↪ asentando vista ~7s…
[2026-04-29T15:34:02.861Z] [STEP 8] ↩️ Enviado (Enter)
[2026-04-29T15:34:02.862Z]    ↪ post-send pause ~10s…
[2026-04-29T15:34:12.457Z] ⏳ Pausa entre mensajes: ~17s…
[2026-04-29T15:34:29.643Z] → [26/50] phone=573163476684 correo=medplay93+bad@gmail.com plataforma_id=5 (MAX) servicio=Pantalla pantalla=5 vence=30/04/2026
[2026-04-29T15:34:29.645Z] [STEP 7] 🔁 Abriendo chat (intento 1/3) con: https://web.whatsapp.com/send?phone=573163476684&text=Hola%20!%2C%20te%20notificamos%20el%20*cambio%20de%20contrase%C3%B1a*%20asociado%20a%20tu%20correo%3A%20*medplay93%2Bbad%40gmail.com*.%0A%0A%E2%80%A2%20MAX%20%E2%80%94%20Pantalla%20%7C%20*Pantalla%205*%20%7C%20vence%3A%2030%2F04%2F2026%0A%0A*La%20nueva%20contrase%C3%B1a%20es%3A*%20maxhbo%40%40%402%20%0ANo%20la%20compartas%20con%20nadie%3B%20%C2%A1que%20est%C3%A9s%20s%C3%BAper%20bien!%0A*Recuerda%20tu%20pantalla%20es%20la%20que%20ves%20arriba%3B%20solo%20puedes%20utilizar%20esa.*%0A%0A%0ANOTA%3A*NO%20MODIFICAR%20LOS%20NUMEROS%20DEL%20PERFIL%2C%20USAR%20UNICAMENTE%20EL%20QUE%20SE%20LE%20ASIGNO%20SIN%20CAMBIARLO*%0APARA%20EVITAR%20CODIGOS%20DEBES%20BORRAR%20HISTORIAL%20Y%20COOKIES%20----%3E%20%20%20%20%0AEN%20CELULAR%3A%20https%3A%2F%2Fwww.youtube.com%2Fwatch%3Fv%3DrEsApVI1-lk%0AEN%20EL%20COMPUTADOR%3A%20https%3A%2F%2Fwww.youtube.com%2Fwatch%3Fv%3D2pYn4px0YWI
[2026-04-29T15:34:30.542Z] [STEP 7] ↪ asentando vista ~9s…
[2026-04-29T15:34:43.191Z] [STEP 8] ↩️ Enviado (Enter)
[2026-04-29T15:34:43.192Z]    ↪ post-send pause ~7s…
[2026-04-29T15:34:50.176Z] ⏳ Pausa entre mensajes: ~20s…
[2026-04-29T15:35:10.192Z] → [27/50] phone=573202863553 correo=medplay93+bad@gmail.com plataforma_id=5 (MAX) servicio=Pantalla pantalla=3 vence=11/07/2026
[2026-04-29T15:35:10.194Z] [STEP 7] 🔁 Abriendo chat (intento 1/3) con: https://web.whatsapp.com/send?phone=573202863553&text=Hola%20!%2C%20te%20notificamos%20el%20*cambio%20de%20contrase%C3%B1a*%20asociado%20a%20tu%20correo%3A%20*medplay93%2Bbad%40gmail.com*.%0A%0A%E2%80%A2%20MAX%20%E2%80%94%20Pantalla%20%7C%20*Pantalla%203*%20%7C%20vence%3A%2011%2F07%2F2026%0A%0A*La%20nueva%20contrase%C3%B1a%20es%3A*%20maxhbo%40%40%402%20%0ANo%20la%20compartas%20con%20nadie%3B%20%C2%A1que%20est%C3%A9s%20s%C3%BAper%20bien!%0A*Recuerda%20tu%20pantalla%20es%20la%20que%20ves%20arriba%3B%20solo%20puedes%20utilizar%20esa.*%0A%0A%0ANOTA%3A*NO%20MODIFICAR%20LOS%20NUMEROS%20DEL%20PERFIL%2C%20USAR%20UNICAMENTE%20EL%20QUE%20SE%20LE%20ASIGNO%20SIN%20CAMBIARLO*%0APARA%20EVITAR%20CODIGOS%20DEBES%20BORRAR%20HISTORIAL%20Y%20COOKIES%20----%3E%20%20%20%20%0AEN%20CELULAR%3A%20https%3A%2F%2Fwww.youtube.com%2Fwatch%3Fv%3DrEsApVI1-lk%0AEN%20EL%20COMPUTADOR%3A%20https%3A%2F%2Fwww.youtube.com%2Fwatch%3Fv%3D2pYn4px0YWI
[2026-04-29T15:35:11.375Z] [STEP 7] ↪ asentando vista ~7s…
[2026-04-29T15:35:20.918Z] [STEP 8] ↩️ Enviado (Enter)
[2026-04-29T15:35:20.919Z]    ↪ post-send pause ~9s…
[2026-04-29T15:35:30.350Z] ⏳ Pausa entre mensajes: ~17s…
[2026-04-29T15:35:46.880Z] — BLOQUE — correo=medplay93+gil@gmail.com | plataforma_id=5 (MAX)
[2026-04-29T15:35:46.882Z] → [28/50] phone=573057779193 correo=medplay93+gil@gmail.com plataforma_id=5 (MAX) servicio=Pantalla pantalla=2 vence=14/05/2026
[2026-04-29T15:35:46.883Z] [STEP 7] 🔁 Abriendo chat (intento 1/3) con: https://web.whatsapp.com/send?phone=573057779193&text=Hola%20Thomas%2C%20te%20notificamos%20el%20*cambio%20de%20contrase%C3%B1a*%20asociado%20a%20tu%20correo%3A%20*medplay93%2Bgil%40gmail.com*.%0A%0A%E2%80%A2%20MAX%20%E2%80%94%20Pantalla%20%7C%20*Pantalla%202*%20%7C%20vence%3A%2014%2F05%2F2026%0A%0A*La%20nueva%20contrase%C3%B1a%20es%3A*%20medocrun%40%40%40%20%0ANo%20la%20compartas%20con%20nadie%3B%20%C2%A1que%20est%C3%A9s%20s%C3%BAper%20bien!%0A*Recuerda%20tu%20pantalla%20es%20la%20que%20ves%20arriba%3B%20solo%20puedes%20utilizar%20esa.*%0A%0A%0ANOTA%3A*NO%20MODIFICAR%20LOS%20NUMEROS%20DEL%20PERFIL%2C%20USAR%20UNICAMENTE%20EL%20QUE%20SE%20LE%20ASIGNO%20SIN%20CAMBIARLO*%0APARA%20EVITAR%20CODIGOS%20DEBES%20BORRAR%20HISTORIAL%20Y%20COOKIES%20----%3E%20%20%20%20%0AEN%20CELULAR%3A%20https%3A%2F%2Fwww.youtube.com%2Fwatch%3Fv%3DrEsApVI1-lk%0AEN%20EL%20COMPUTADOR%3A%20https%3A%2F%2Fwww.youtube.com%2Fwatch%3Fv%3D2pYn4px0YWI
[2026-04-29T15:35:47.742Z] [STEP 7] ↪ asentando vista ~8s…
[2026-04-29T15:35:58.171Z] [STEP 8] ↩️ Enviado (Enter)
[2026-04-29T15:35:58.171Z]    ↪ post-send pause ~9s…
[2026-04-29T15:36:06.838Z] ⏳ Pausa entre mensajes: ~20s…
[2026-04-29T15:36:27.209Z] → [29/50] phone=573124834607 correo=medplay93+gil@gmail.com plataforma_id=5 (MAX) servicio=Pantalla pantalla=2 vence=01/05/2026
[2026-04-29T15:36:27.211Z] [STEP 7] 🔁 Abriendo chat (intento 1/3) con: https://web.whatsapp.com/send?phone=573124834607&text=Hola%20Juan%2C%20te%20notificamos%20el%20*cambio%20de%20contrase%C3%B1a*%20asociado%20a%20tu%20correo%3A%20*medplay93%2Bgil%40gmail.com*.%0A%0A%E2%80%A2%20MAX%20%E2%80%94%20Pantalla%20%7C%20*Pantalla%202*%20%7C%20vence%3A%2001%2F05%2F2026%0A%0A*La%20nueva%20contrase%C3%B1a%20es%3A*%20medocrun%40%40%40%20%0ANo%20la%20compartas%20con%20nadie%3B%20%C2%A1que%20est%C3%A9s%20s%C3%BAper%20bien!%0A*Recuerda%20tu%20pantalla%20es%20la%20que%20ves%20arriba%3B%20solo%20puedes%20utilizar%20esa.*%0A%0A%0ANOTA%3A*NO%20MODIFICAR%20LOS%20NUMEROS%20DEL%20PERFIL%2C%20USAR%20UNICAMENTE%20EL%20QUE%20SE%20LE%20ASIGNO%20SIN%20CAMBIARLO*%0APARA%20EVITAR%20CODIGOS%20DEBES%20BORRAR%20HISTORIAL%20Y%20COOKIES%20----%3E%20%20%20%20%0AEN%20CELULAR%3A%20https%3A%2F%2Fwww.youtube.com%2Fwatch%3Fv%3DrEsApVI1-lk%0AEN%20EL%20COMPUTADOR%3A%20https%3A%2F%2Fwww.youtube.com%2Fwatch%3Fv%3D2pYn4px0YWI
[2026-04-29T15:36:28.375Z] [STEP 7] ↪ asentando vista ~7s…
[2026-04-29T15:36:40.686Z] [STEP 8] ↩️ Enviado (Enter)
[2026-04-29T15:36:40.687Z]    ↪ post-send pause ~8s…
[2026-04-29T15:36:49.085Z] ⏳ Pausa entre mensajes: ~19s…
[2026-04-29T15:37:08.506Z] → [30/50] phone=573246578668 correo=medplay93+gil@gmail.com plataforma_id=5 (MAX) servicio=Pantalla pantalla=3 vence=24/05/2026
[2026-04-29T15:37:08.508Z] [STEP 7] 🔁 Abriendo chat (intento 1/3) con: https://web.whatsapp.com/send?phone=573246578668&text=Hola%20%2B57%2C%20te%20notificamos%20el%20*cambio%20de%20contrase%C3%B1a*%20asociado%20a%20tu%20correo%3A%20*medplay93%2Bgil%40gmail.com*.%0A%0A%E2%80%A2%20MAX%20%E2%80%94%20Pantalla%20%7C%20*Pantalla%203*%20%7C%20vence%3A%2024%2F05%2F2026%0A%0A*La%20nueva%20contrase%C3%B1a%20es%3A*%20medocrun%40%40%40%20%0ANo%20la%20compartas%20con%20nadie%3B%20%C2%A1que%20est%C3%A9s%20s%C3%BAper%20bien!%0A*Recuerda%20tu%20pantalla%20es%20la%20que%20ves%20arriba%3B%20solo%20puedes%20utilizar%20esa.*%0A%0A%0ANOTA%3A*NO%20MODIFICAR%20LOS%20NUMEROS%20DEL%20PERFIL%2C%20USAR%20UNICAMENTE%20EL%20QUE%20SE%20LE%20ASIGNO%20SIN%20CAMBIARLO*%0APARA%20EVITAR%20CODIGOS%20DEBES%20BORRAR%20HISTORIAL%20Y%20COOKIES%20----%3E%20%20%20%20%0AEN%20CELULAR%3A%20https%3A%2F%2Fwww.youtube.com%2Fwatch%3Fv%3DrEsApVI1-lk%0AEN%20EL%20COMPUTADOR%3A%20https%3A%2F%2Fwww.youtube.com%2Fwatch%3Fv%3D2pYn4px0YWI
[2026-04-29T15:37:09.345Z] [STEP 7] ↪ asentando vista ~9s…
[2026-04-29T15:37:21.971Z] [STEP 8] ↩️ Enviado (Enter)
[2026-04-29T15:37:21.972Z]    ↪ post-send pause ~7s…
[2026-04-29T15:37:28.719Z] ⏳ Pausa entre mensajes: ~18s…
[2026-04-29T15:37:46.852Z] — BLOQUE — correo=medplay93+h5@gmail.com | plataforma_id=3 (Disney)
[2026-04-29T15:37:46.854Z] → [31/50] phone=573007573384 correo=medplay93+h5@gmail.com plataforma_id=3 (Disney) servicio=Pantalla pantalla=2 vence=20/05/2026
[2026-04-29T15:37:46.855Z] [STEP 7] 🔁 Abriendo chat (intento 1/3) con: https://web.whatsapp.com/send?phone=573007573384&text=Hola%20!%2C%20te%20notificamos%20el%20*cambio%20de%20contrase%C3%B1a*%20asociado%20a%20tu%20correo%3A%20*medplay93%2Bh5%40gmail.com*.%0A%0A%E2%80%A2%20Disney%20%E2%80%94%20Pantalla%20%7C%20*Pantalla%202*%20%7C%20vence%3A%2020%2F05%2F2026%0A%0A*La%20nueva%20contrase%C3%B1a%20es%3A*%20medidis98%40%40%20%0ANo%20la%20compartas%20con%20nadie%3B%20%C2%A1que%20est%C3%A9s%20s%C3%BAper%20bien!%0A*Recuerda%20tu%20pantalla%20es%20la%20que%20ves%20arriba%3B%20solo%20puedes%20utilizar%20esa.*%0A%0A%0ANOTA%3A*NO%20MODIFICAR%20LOS%20NUMEROS%20DEL%20PERFIL%2C%20USAR%20UNICAMENTE%20EL%20QUE%20SE%20LE%20ASIGNO%20SIN%20CAMBIARLO*%0APARA%20EVITAR%20CODIGOS%20DEBES%20BORRAR%20HISTORIAL%20Y%20COOKIES%20----%3E%20%20%20%20%0AEN%20CELULAR%3A%20https%3A%2F%2Fwww.youtube.com%2Fwatch%3Fv%3DrEsApVI1-lk%0AEN%20EL%20COMPUTADOR%3A%20https%3A%2F%2Fwww.youtube.com%2Fwatch%3Fv%3D2pYn4px0YWI
[2026-04-29T15:37:47.507Z] [STEP 7] ↪ asentando vista ~8s…
[2026-04-29T15:37:59.353Z] [STEP 8] ↩️ Enviado (Enter)
[2026-04-29T15:37:59.354Z]    ↪ post-send pause ~6s…
[2026-04-29T15:38:05.527Z] ⏳ Pausa entre mensajes: ~21s…
[2026-04-29T15:38:26.368Z] → [32/50] phone=573116388530 correo=medplay93+h5@gmail.com plataforma_id=3 (Disney) servicio=Pantalla pantalla=1 vence=17/05/2026
[2026-04-29T15:38:26.370Z] [STEP 7] 🔁 Abriendo chat (intento 1/3) con: https://web.whatsapp.com/send?phone=573116388530&text=Hola%20Luigi%2C%20te%20notificamos%20el%20*cambio%20de%20contrase%C3%B1a*%20asociado%20a%20tu%20correo%3A%20*medplay93%2Bh5%40gmail.com*.%0A%0A%E2%80%A2%20Disney%20%E2%80%94%20Pantalla%20%7C%20*Pantalla%201*%20%7C%20vence%3A%2017%2F05%2F2026%0A%0A*La%20nueva%20contrase%C3%B1a%20es%3A*%20medidis98%40%40%20%0ANo%20la%20compartas%20con%20nadie%3B%20%C2%A1que%20est%C3%A9s%20s%C3%BAper%20bien!%0A*Recuerda%20tu%20pantalla%20es%20la%20que%20ves%20arriba%3B%20solo%20puedes%20utilizar%20esa.*%0A%0A%0ANOTA%3A*NO%20MODIFICAR%20LOS%20NUMEROS%20DEL%20PERFIL%2C%20USAR%20UNICAMENTE%20EL%20QUE%20SE%20LE%20ASIGNO%20SIN%20CAMBIARLO*%0APARA%20EVITAR%20CODIGOS%20DEBES%20BORRAR%20HISTORIAL%20Y%20COOKIES%20----%3E%20%20%20%20%0AEN%20CELULAR%3A%20https%3A%2F%2Fwww.youtube.com%2Fwatch%3Fv%3DrEsApVI1-lk%0AEN%20EL%20COMPUTADOR%3A%20https%3A%2F%2Fwww.youtube.com%2Fwatch%3Fv%3D2pYn4px0YWI
[2026-04-29T15:38:27.315Z] [STEP 7] ↪ asentando vista ~8s…
[2026-04-29T15:38:45.372Z] [STEP 8] ↩️ Enviado (Enter)
[2026-04-29T15:38:45.373Z]    ↪ post-send pause ~10s…
[2026-04-29T15:38:55.213Z] ⏳ Pausa entre mensajes: ~16s…
[2026-04-29T15:39:11.595Z] → [33/50] phone=573125579071 correo=medplay93+h5@gmail.com plataforma_id=3 (Disney) servicio=Pantalla pantalla=5 vence=30/04/2026
[2026-04-29T15:39:11.597Z] [STEP 7] 🔁 Abriendo chat (intento 1/3) con: https://web.whatsapp.com/send?phone=573125579071&text=Hola%20!%2C%20te%20notificamos%20el%20*cambio%20de%20contrase%C3%B1a*%20asociado%20a%20tu%20correo%3A%20*medplay93%2Bh5%40gmail.com*.%0A%0A%E2%80%A2%20Disney%20%E2%80%94%20Pantalla%20%7C%20*Pantalla%205*%20%7C%20vence%3A%2030%2F04%2F2026%0A%0A*La%20nueva%20contrase%C3%B1a%20es%3A*%20medidis98%40%40%20%0ANo%20la%20compartas%20con%20nadie%3B%20%C2%A1que%20est%C3%A9s%20s%C3%BAper%20bien!%0A*Recuerda%20tu%20pantalla%20es%20la%20que%20ves%20arriba%3B%20solo%20puedes%20utilizar%20esa.*%0A%0A%0ANOTA%3A*NO%20MODIFICAR%20LOS%20NUMEROS%20DEL%20PERFIL%2C%20USAR%20UNICAMENTE%20EL%20QUE%20SE%20LE%20ASIGNO%20SIN%20CAMBIARLO*%0APARA%20EVITAR%20CODIGOS%20DEBES%20BORRAR%20HISTORIAL%20Y%20COOKIES%20----%3E%20%20%20%20%0AEN%20CELULAR%3A%20https%3A%2F%2Fwww.youtube.com%2Fwatch%3Fv%3DrEsApVI1-lk%0AEN%20EL%20COMPUTADOR%3A%20https%3A%2F%2Fwww.youtube.com%2Fwatch%3Fv%3D2pYn4px0YWI
[2026-04-29T15:39:13.009Z] [STEP 7] ↪ asentando vista ~9s…
[2026-04-29T15:39:24.824Z] [STEP 8] ↩️ Enviado (Enter)
[2026-04-29T15:39:24.825Z]    ↪ post-send pause ~9s…
[2026-04-29T15:39:33.823Z] ⏳ Pausa entre mensajes: ~17s…
[2026-04-29T15:39:51.010Z] → [34/50] phone=573135427163 correo=medplay93+h5@gmail.com plataforma_id=3 (Disney) servicio=Pantalla pantalla=7 vence=30/04/2026
[2026-04-29T15:39:51.012Z] [STEP 7] 🔁 Abriendo chat (intento 1/3) con: https://web.whatsapp.com/send?phone=573135427163&text=Hola%20Estefania%2C%20te%20notificamos%20el%20*cambio%20de%20contrase%C3%B1a*%20asociado%20a%20tu%20correo%3A%20*medplay93%2Bh5%40gmail.com*.%0A%0A%E2%80%A2%20Disney%20%E2%80%94%20Pantalla%20%7C%20*Pantalla%207*%20%7C%20vence%3A%2030%2F04%2F2026%0A%0A*La%20nueva%20contrase%C3%B1a%20es%3A*%20medidis98%40%40%20%0ANo%20la%20compartas%20con%20nadie%3B%20%C2%A1que%20est%C3%A9s%20s%C3%BAper%20bien!%0A*Recuerda%20tu%20pantalla%20es%20la%20que%20ves%20arriba%3B%20solo%20puedes%20utilizar%20esa.*%0A%0A%0ANOTA%3A*NO%20MODIFICAR%20LOS%20NUMEROS%20DEL%20PERFIL%2C%20USAR%20UNICAMENTE%20EL%20QUE%20SE%20LE%20ASIGNO%20SIN%20CAMBIARLO*%0APARA%20EVITAR%20CODIGOS%20DEBES%20BORRAR%20HISTORIAL%20Y%20COOKIES%20----%3E%20%20%20%20%0AEN%20CELULAR%3A%20https%3A%2F%2Fwww.youtube.com%2Fwatch%3Fv%3DrEsApVI1-lk%0AEN%20EL%20COMPUTADOR%3A%20https%3A%2F%2Fwww.youtube.com%2Fwatch%3Fv%3D2pYn4px0YWI
[2026-04-29T15:39:51.942Z] [STEP 7] ↪ asentando vista ~7s…
[2026-04-29T15:40:01.763Z] [STEP 8] ↩️ Enviado (Enter)
[2026-04-29T15:40:01.764Z]    ↪ post-send pause ~9s…
[2026-04-29T15:40:11.252Z] ⏳ Pausa entre mensajes: ~16s…
[2026-04-29T15:40:27.400Z] → [35/50] phone=573163476684 correo=medplay93+h5@gmail.com plataforma_id=3 (Disney) servicio=Pantalla pantalla=6 vence=30/04/2026
[2026-04-29T15:40:27.402Z] [STEP 7] 🔁 Abriendo chat (intento 1/3) con: https://web.whatsapp.com/send?phone=573163476684&text=Hola%20!%2C%20te%20notificamos%20el%20*cambio%20de%20contrase%C3%B1a*%20asociado%20a%20tu%20correo%3A%20*medplay93%2Bh5%40gmail.com*.%0A%0A%E2%80%A2%20Disney%20%E2%80%94%20Pantalla%20%7C%20*Pantalla%206*%20%7C%20vence%3A%2030%2F04%2F2026%0A%0A*La%20nueva%20contrase%C3%B1a%20es%3A*%20medidis98%40%40%20%0ANo%20la%20compartas%20con%20nadie%3B%20%C2%A1que%20est%C3%A9s%20s%C3%BAper%20bien!%0A*Recuerda%20tu%20pantalla%20es%20la%20que%20ves%20arriba%3B%20solo%20puedes%20utilizar%20esa.*%0A%0A%0ANOTA%3A*NO%20MODIFICAR%20LOS%20NUMEROS%20DEL%20PERFIL%2C%20USAR%20UNICAMENTE%20EL%20QUE%20SE%20LE%20ASIGNO%20SIN%20CAMBIARLO*%0APARA%20EVITAR%20CODIGOS%20DEBES%20BORRAR%20HISTORIAL%20Y%20COOKIES%20----%3E%20%20%20%20%0AEN%20CELULAR%3A%20https%3A%2F%2Fwww.youtube.com%2Fwatch%3Fv%3DrEsApVI1-lk%0AEN%20EL%20COMPUTADOR%3A%20https%3A%2F%2Fwww.youtube.com%2Fwatch%3Fv%3D2pYn4px0YWI
[2026-04-29T15:40:28.264Z] [STEP 7] ↪ asentando vista ~8s…
[2026-04-29T15:40:39.044Z] [STEP 8] ↩️ Enviado (Enter)
[2026-04-29T15:40:39.045Z]    ↪ post-send pause ~7s…
[2026-04-29T15:40:45.873Z] ⏳ Pausa entre mensajes: ~20s…
[2026-04-29T15:41:05.389Z] → [36/50] phone=573166982541 correo=medplay93+h5@gmail.com plataforma_id=3 (Disney) servicio=Pantalla pantalla=4 vence=28/05/2026
[2026-04-29T15:41:05.391Z] [STEP 7] 🔁 Abriendo chat (intento 1/3) con: https://web.whatsapp.com/send?phone=573166982541&text=Hola%20!%2C%20te%20notificamos%20el%20*cambio%20de%20contrase%C3%B1a*%20asociado%20a%20tu%20correo%3A%20*medplay93%2Bh5%40gmail.com*.%0A%0A%E2%80%A2%20Disney%20%E2%80%94%20Pantalla%20%7C%20*Pantalla%204*%20%7C%20vence%3A%2028%2F05%2F2026%0A%0A*La%20nueva%20contrase%C3%B1a%20es%3A*%20medidis98%40%40%20%0ANo%20la%20compartas%20con%20nadie%3B%20%C2%A1que%20est%C3%A9s%20s%C3%BAper%20bien!%0A*Recuerda%20tu%20pantalla%20es%20la%20que%20ves%20arriba%3B%20solo%20puedes%20utilizar%20esa.*%0A%0A%0ANOTA%3A*NO%20MODIFICAR%20LOS%20NUMEROS%20DEL%20PERFIL%2C%20USAR%20UNICAMENTE%20EL%20QUE%20SE%20LE%20ASIGNO%20SIN%20CAMBIARLO*%0APARA%20EVITAR%20CODIGOS%20DEBES%20BORRAR%20HISTORIAL%20Y%20COOKIES%20----%3E%20%20%20%20%0AEN%20CELULAR%3A%20https%3A%2F%2Fwww.youtube.com%2Fwatch%3Fv%3DrEsApVI1-lk%0AEN%20EL%20COMPUTADOR%3A%20https%3A%2F%2Fwww.youtube.com%2Fwatch%3Fv%3D2pYn4px0YWI
[2026-04-29T15:41:06.338Z] [STEP 7] ↪ asentando vista ~8s…
[2026-04-29T15:41:16.738Z] [STEP 8] ↩️ Enviado (Enter)
[2026-04-29T15:41:16.739Z]    ↪ post-send pause ~9s…
[2026-04-29T15:41:25.524Z] ⏳ Pausa entre mensajes: ~18s…
[2026-04-29T15:41:43.164Z] → [37/50] phone=573207622972 correo=medplay93+h5@gmail.com plataforma_id=3 (Disney) servicio=Pantalla pantalla=3 vence=27/05/2026
[2026-04-29T15:41:43.166Z] [STEP 7] 🔁 Abriendo chat (intento 1/3) con: https://web.whatsapp.com/send?phone=573207622972&text=Hola%20!%2C%20te%20notificamos%20el%20*cambio%20de%20contrase%C3%B1a*%20asociado%20a%20tu%20correo%3A%20*medplay93%2Bh5%40gmail.com*.%0A%0A%E2%80%A2%20Disney%20%E2%80%94%20Pantalla%20%7C%20*Pantalla%203*%20%7C%20vence%3A%2027%2F05%2F2026%0A%0A*La%20nueva%20contrase%C3%B1a%20es%3A*%20medidis98%40%40%20%0ANo%20la%20compartas%20con%20nadie%3B%20%C2%A1que%20est%C3%A9s%20s%C3%BAper%20bien!%0A*Recuerda%20tu%20pantalla%20es%20la%20que%20ves%20arriba%3B%20solo%20puedes%20utilizar%20esa.*%0A%0A%0ANOTA%3A*NO%20MODIFICAR%20LOS%20NUMEROS%20DEL%20PERFIL%2C%20USAR%20UNICAMENTE%20EL%20QUE%20SE%20LE%20ASIGNO%20SIN%20CAMBIARLO*%0APARA%20EVITAR%20CODIGOS%20DEBES%20BORRAR%20HISTORIAL%20Y%20COOKIES%20----%3E%20%20%20%20%0AEN%20CELULAR%3A%20https%3A%2F%2Fwww.youtube.com%2Fwatch%3Fv%3DrEsApVI1-lk%0AEN%20EL%20COMPUTADOR%3A%20https%3A%2F%2Fwww.youtube.com%2Fwatch%3Fv%3D2pYn4px0YWI
[2026-04-29T15:41:43.999Z] [STEP 7] ↪ asentando vista ~8s…
[2026-04-29T15:41:55.854Z] [STEP 8] ↩️ Enviado (Enter)
[2026-04-29T15:41:55.855Z]    ↪ post-send pause ~7s…
[2026-04-29T15:42:03.224Z] ⏳ Pausa entre mensajes: ~17s…
[2026-04-29T15:42:20.559Z] — BLOQUE — correo=medplay93+nv2@gmail.com | plataforma_id=3 (Disney)
[2026-04-29T15:42:20.561Z] → [38/50] phone=573017301786 correo=medplay93+nv2@gmail.com plataforma_id=3 (Disney) servicio=Pantalla pantalla=4 vence=08/05/2026
[2026-04-29T15:42:20.562Z] [STEP 7] 🔁 Abriendo chat (intento 1/3) con: https://web.whatsapp.com/send?phone=573017301786&text=Hola%20Esneider%2C%20te%20notificamos%20el%20*cambio%20de%20contrase%C3%B1a*%20asociado%20a%20tu%20correo%3A%20*medplay93%2Bnv2%40gmail.com*.%0A%0A%E2%80%A2%20Disney%20%E2%80%94%20Pantalla%20%7C%20*Pantalla%204*%20%7C%20vence%3A%2008%2F05%2F2026%0A%0A*La%20nueva%20contrase%C3%B1a%20es%3A*%20medodos%40%20%0ANo%20la%20compartas%20con%20nadie%3B%20%C2%A1que%20est%C3%A9s%20s%C3%BAper%20bien!%0A*Recuerda%20tu%20pantalla%20es%20la%20que%20ves%20arriba%3B%20solo%20puedes%20utilizar%20esa.*%0A%0A%0ANOTA%3A*NO%20MODIFICAR%20LOS%20NUMEROS%20DEL%20PERFIL%2C%20USAR%20UNICAMENTE%20EL%20QUE%20SE%20LE%20ASIGNO%20SIN%20CAMBIARLO*%0APARA%20EVITAR%20CODIGOS%20DEBES%20BORRAR%20HISTORIAL%20Y%20COOKIES%20----%3E%20%20%20%20%0AEN%20CELULAR%3A%20https%3A%2F%2Fwww.youtube.com%2Fwatch%3Fv%3DrEsApVI1-lk%0AEN%20EL%20COMPUTADOR%3A%20https%3A%2F%2Fwww.youtube.com%2Fwatch%3Fv%3D2pYn4px0YWI
[2026-04-29T15:42:21.500Z] [STEP 7] ↪ asentando vista ~8s…
[2026-04-29T15:42:33.529Z] [STEP 8] ↩️ Enviado (Enter)
[2026-04-29T15:42:33.530Z]    ↪ post-send pause ~10s…
[2026-04-29T15:42:43.444Z] ⏳ Pausa entre mensajes: ~20s…
[2026-04-29T15:43:03.287Z] → [39/50] phone=573102175167 correo=medplay93+nv2@gmail.com plataforma_id=3 (Disney) servicio=Pantalla pantalla=2 vence=28/05/2026
[2026-04-29T15:43:03.290Z] [STEP 7] 🔁 Abriendo chat (intento 1/3) con: https://web.whatsapp.com/send?phone=573102175167&text=Hola%20!%2C%20te%20notificamos%20el%20*cambio%20de%20contrase%C3%B1a*%20asociado%20a%20tu%20correo%3A%20*medplay93%2Bnv2%40gmail.com*.%0A%0A%E2%80%A2%20Disney%20%E2%80%94%20Pantalla%20%7C%20*Pantalla%202*%20%7C%20vence%3A%2028%2F05%2F2026%0A%0A*La%20nueva%20contrase%C3%B1a%20es%3A*%20medodos%40%20%0ANo%20la%20compartas%20con%20nadie%3B%20%C2%A1que%20est%C3%A9s%20s%C3%BAper%20bien!%0A*Recuerda%20tu%20pantalla%20es%20la%20que%20ves%20arriba%3B%20solo%20puedes%20utilizar%20esa.*%0A%0A%0ANOTA%3A*NO%20MODIFICAR%20LOS%20NUMEROS%20DEL%20PERFIL%2C%20USAR%20UNICAMENTE%20EL%20QUE%20SE%20LE%20ASIGNO%20SIN%20CAMBIARLO*%0APARA%20EVITAR%20CODIGOS%20DEBES%20BORRAR%20HISTORIAL%20Y%20COOKIES%20----%3E%20%20%20%20%0AEN%20CELULAR%3A%20https%3A%2F%2Fwww.youtube.com%2Fwatch%3Fv%3DrEsApVI1-lk%0AEN%20EL%20COMPUTADOR%3A%20https%3A%2F%2Fwww.youtube.com%2Fwatch%3Fv%3D2pYn4px0YWI
[2026-04-29T15:43:04.278Z] [STEP 7] ↪ asentando vista ~9s…
[2026-04-29T15:43:17.638Z] [STEP 8] ↩️ Enviado (Enter)
[2026-04-29T15:43:17.639Z]    ↪ post-send pause ~7s…
[2026-04-29T15:43:24.382Z] ⏳ Pausa entre mensajes: ~21s…
[2026-04-29T15:43:45.194Z] → [40/50] phone=573169088080 correo=medplay93+nv2@gmail.com plataforma_id=3 (Disney) servicio=Pantalla pantalla=1 vence=27/05/2026
[2026-04-29T15:43:45.196Z] [STEP 7] 🔁 Abriendo chat (intento 1/3) con: https://web.whatsapp.com/send?phone=573169088080&text=Hola%20!%2C%20te%20notificamos%20el%20*cambio%20de%20contrase%C3%B1a*%20asociado%20a%20tu%20correo%3A%20*medplay93%2Bnv2%40gmail.com*.%0A%0A%E2%80%A2%20Disney%20%E2%80%94%20Pantalla%20%7C%20*Pantalla%201*%20%7C%20vence%3A%2027%2F05%2F2026%0A%0A*La%20nueva%20contrase%C3%B1a%20es%3A*%20medodos%40%20%0ANo%20la%20compartas%20con%20nadie%3B%20%C2%A1que%20est%C3%A9s%20s%C3%BAper%20bien!%0A*Recuerda%20tu%20pantalla%20es%20la%20que%20ves%20arriba%3B%20solo%20puedes%20utilizar%20esa.*%0A%0A%0ANOTA%3A*NO%20MODIFICAR%20LOS%20NUMEROS%20DEL%20PERFIL%2C%20USAR%20UNICAMENTE%20EL%20QUE%20SE%20LE%20ASIGNO%20SIN%20CAMBIARLO*%0APARA%20EVITAR%20CODIGOS%20DEBES%20BORRAR%20HISTORIAL%20Y%20COOKIES%20----%3E%20%20%20%20%0AEN%20CELULAR%3A%20https%3A%2F%2Fwww.youtube.com%2Fwatch%3Fv%3DrEsApVI1-lk%0AEN%20EL%20COMPUTADOR%3A%20https%3A%2F%2Fwww.youtube.com%2Fwatch%3Fv%3D2pYn4px0YWI
[2026-04-29T15:43:46.000Z] [STEP 7] ↪ asentando vista ~9s…
[2026-04-29T15:43:57.911Z] [STEP 8] ↩️ Enviado (Enter)
[2026-04-29T15:43:57.911Z]    ↪ post-send pause ~9s…
[2026-04-29T15:44:07.058Z] ⏳ Pausa entre mensajes: ~21s…
[2026-04-29T15:44:27.956Z] → [41/50] phone=573222959907 correo=medplay93+nv2@gmail.com plataforma_id=3 (Disney) servicio=Pantalla pantalla=7 vence=03/05/2026
[2026-04-29T15:44:27.958Z] [STEP 7] 🔁 Abriendo chat (intento 1/3) con: https://web.whatsapp.com/send?phone=573222959907&text=Hola%20!%2C%20te%20notificamos%20el%20*cambio%20de%20contrase%C3%B1a*%20asociado%20a%20tu%20correo%3A%20*medplay93%2Bnv2%40gmail.com*.%0A%0A%E2%80%A2%20Disney%20%E2%80%94%20Pantalla%20%7C%20*Pantalla%207*%20%7C%20vence%3A%2003%2F05%2F2026%0A%0A*La%20nueva%20contrase%C3%B1a%20es%3A*%20medodos%40%20%0ANo%20la%20compartas%20con%20nadie%3B%20%C2%A1que%20est%C3%A9s%20s%C3%BAper%20bien!%0A*Recuerda%20tu%20pantalla%20es%20la%20que%20ves%20arriba%3B%20solo%20puedes%20utilizar%20esa.*%0A%0A%0ANOTA%3A*NO%20MODIFICAR%20LOS%20NUMEROS%20DEL%20PERFIL%2C%20USAR%20UNICAMENTE%20EL%20QUE%20SE%20LE%20ASIGNO%20SIN%20CAMBIARLO*%0APARA%20EVITAR%20CODIGOS%20DEBES%20BORRAR%20HISTORIAL%20Y%20COOKIES%20----%3E%20%20%20%20%0AEN%20CELULAR%3A%20https%3A%2F%2Fwww.youtube.com%2Fwatch%3Fv%3DrEsApVI1-lk%0AEN%20EL%20COMPUTADOR%3A%20https%3A%2F%2Fwww.youtube.com%2Fwatch%3Fv%3D2pYn4px0YWI
[2026-04-29T15:44:31.633Z] [STEP 7] ↪ asentando vista ~7s…
[2026-04-29T15:44:43.170Z] [STEP 8] ↩️ Enviado (Enter)
[2026-04-29T15:44:43.170Z]    ↪ post-send pause ~7s…
[2026-04-29T15:44:50.192Z] ⏳ Pausa entre mensajes: ~17s…
[2026-04-29T15:45:06.988Z] — BLOQUE — correo=paige9498freda2001+2@outlook.com | plataforma_id=2 (Netflix)
[2026-04-29T15:45:06.989Z] → [42/50] phone=573007688866 correo=paige9498freda2001+2@outlook.com plataforma_id=2 (Netflix) servicio=Pantalla pantalla=5 vence=03/05/2026
[2026-04-29T15:45:06.990Z] [STEP 7] 🔁 Abriendo chat (intento 1/3) con: https://web.whatsapp.com/send?phone=573007688866&text=Hola%20!%2C%20te%20notificamos%20el%20*cambio%20de%20contrase%C3%B1a*%20asociado%20a%20tu%20correo%3A%20*paige9498freda2001%2B2%40outlook.com*.%0A%0A%E2%80%A2%20Netflix%20%E2%80%94%20Pantalla%20%7C%20*Pantalla%205*%20%7C%20vence%3A%2003%2F05%2F2026%0A%0A*La%20nueva%20contrase%C3%B1a%20es%3A*%20medpo092%20%0ANo%20la%20compartas%20con%20nadie%3B%20%C2%A1que%20est%C3%A9s%20s%C3%BAper%20bien!%0A*Recuerda%20tu%20pantalla%20es%20la%20que%20ves%20arriba%3B%20solo%20puedes%20utilizar%20esa.*%0A%0A%0ANOTA%3A*NO%20MODIFICAR%20LOS%20NUMEROS%20DEL%20PERFIL%2C%20USAR%20UNICAMENTE%20EL%20QUE%20SE%20LE%20ASIGNO%20SIN%20CAMBIARLO*%0APARA%20EVITAR%20CODIGOS%20DEBES%20BORRAR%20HISTORIAL%20Y%20COOKIES%20----%3E%20%20%20%20%0AEN%20CELULAR%3A%20https%3A%2F%2Fwww.youtube.com%2Fwatch%3Fv%3DrEsApVI1-lk%0AEN%20EL%20COMPUTADOR%3A%20https%3A%2F%2Fwww.youtube.com%2Fwatch%3Fv%3D2pYn4px0YWI
[2026-04-29T15:45:07.896Z] [STEP 7] ↪ asentando vista ~8s…
[2026-04-29T15:45:17.742Z] [STEP 8] ↩️ Enviado (Enter)
[2026-04-29T15:45:17.743Z]    ↪ post-send pause ~7s…
[2026-04-29T15:45:25.174Z] ⏳ Pausa entre mensajes: ~18s…
[2026-04-29T15:45:42.906Z] → [43/50] phone=573124834607 correo=paige9498freda2001+2@outlook.com plataforma_id=2 (Netflix) servicio=Pantalla pantalla=1 vence=01/05/2026
[2026-04-29T15:45:42.908Z] [STEP 7] 🔁 Abriendo chat (intento 1/3) con: https://web.whatsapp.com/send?phone=573124834607&text=Hola%20Juan%2C%20te%20notificamos%20el%20*cambio%20de%20contrase%C3%B1a*%20asociado%20a%20tu%20correo%3A%20*paige9498freda2001%2B2%40outlook.com*.%0A%0A%E2%80%A2%20Netflix%20%E2%80%94%20Pantalla%20%7C%20*Pantalla%201*%20%7C%20vence%3A%2001%2F05%2F2026%0A%0A*La%20nueva%20contrase%C3%B1a%20es%3A*%20medpo092%20%0ANo%20la%20compartas%20con%20nadie%3B%20%C2%A1que%20est%C3%A9s%20s%C3%BAper%20bien!%0A*Recuerda%20tu%20pantalla%20es%20la%20que%20ves%20arriba%3B%20solo%20puedes%20utilizar%20esa.*%0A%0A%0ANOTA%3A*NO%20MODIFICAR%20LOS%20NUMEROS%20DEL%20PERFIL%2C%20USAR%20UNICAMENTE%20EL%20QUE%20SE%20LE%20ASIGNO%20SIN%20CAMBIARLO*%0APARA%20EVITAR%20CODIGOS%20DEBES%20BORRAR%20HISTORIAL%20Y%20COOKIES%20----%3E%20%20%20%20%0AEN%20CELULAR%3A%20https%3A%2F%2Fwww.youtube.com%2Fwatch%3Fv%3DrEsApVI1-lk%0AEN%20EL%20COMPUTADOR%3A%20https%3A%2F%2Fwww.youtube.com%2Fwatch%3Fv%3D2pYn4px0YWI
[2026-04-29T15:45:43.697Z] [STEP 7] ↪ asentando vista ~8s…
[2026-04-29T15:45:54.222Z] [STEP 8] ↩️ Enviado (Enter)
[2026-04-29T15:45:54.223Z]    ↪ post-send pause ~6s…
[2026-04-29T15:46:00.292Z] ⏳ Pausa entre mensajes: ~20s…
[2026-04-29T15:46:20.562Z] → [44/50] phone=573143023743 correo=paige9498freda2001+2@outlook.com plataforma_id=2 (Netflix) servicio=Pantalla pantalla=2 vence=01/05/2026
[2026-04-29T15:46:20.564Z] [STEP 7] 🔁 Abriendo chat (intento 1/3) con: https://web.whatsapp.com/send?phone=573143023743&text=Hola%20Caro%2C%20te%20notificamos%20el%20*cambio%20de%20contrase%C3%B1a*%20asociado%20a%20tu%20correo%3A%20*paige9498freda2001%2B2%40outlook.com*.%0A%0A%E2%80%A2%20Netflix%20%E2%80%94%20Pantalla%20%7C%20*Pantalla%202*%20%7C%20vence%3A%2001%2F05%2F2026%0A%0A*La%20nueva%20contrase%C3%B1a%20es%3A*%20medpo092%20%0ANo%20la%20compartas%20con%20nadie%3B%20%C2%A1que%20est%C3%A9s%20s%C3%BAper%20bien!%0A*Recuerda%20tu%20pantalla%20es%20la%20que%20ves%20arriba%3B%20solo%20puedes%20utilizar%20esa.*%0A%0A%0ANOTA%3A*NO%20MODIFICAR%20LOS%20NUMEROS%20DEL%20PERFIL%2C%20USAR%20UNICAMENTE%20EL%20QUE%20SE%20LE%20ASIGNO%20SIN%20CAMBIARLO*%0APARA%20EVITAR%20CODIGOS%20DEBES%20BORRAR%20HISTORIAL%20Y%20COOKIES%20----%3E%20%20%20%20%0AEN%20CELULAR%3A%20https%3A%2F%2Fwww.youtube.com%2Fwatch%3Fv%3DrEsApVI1-lk%0AEN%20EL%20COMPUTADOR%3A%20https%3A%2F%2Fwww.youtube.com%2Fwatch%3Fv%3D2pYn4px0YWI
[2026-04-29T15:46:21.513Z] [STEP 7] ↪ asentando vista ~7s…
[2026-04-29T15:46:30.984Z] [STEP 8] ↩️ Enviado (Enter)
[2026-04-29T15:46:30.985Z]    ↪ post-send pause ~10s…
[2026-04-29T15:46:40.979Z] ⏳ Pausa entre mensajes: ~19s…
[2026-04-29T15:47:00.046Z] → [45/50] phone=573222959907 correo=paige9498freda2001+2@outlook.com plataforma_id=2 (Netflix) servicio=Pantalla pantalla=4 vence=03/05/2026
[2026-04-29T15:47:00.048Z] [STEP 7] 🔁 Abriendo chat (intento 1/3) con: https://web.whatsapp.com/send?phone=573222959907&text=Hola%20!%2C%20te%20notificamos%20el%20*cambio%20de%20contrase%C3%B1a*%20asociado%20a%20tu%20correo%3A%20*paige9498freda2001%2B2%40outlook.com*.%0A%0A%E2%80%A2%20Netflix%20%E2%80%94%20Pantalla%20%7C%20*Pantalla%204*%20%7C%20vence%3A%2003%2F05%2F2026%0A%0A*La%20nueva%20contrase%C3%B1a%20es%3A*%20medpo092%20%0ANo%20la%20compartas%20con%20nadie%3B%20%C2%A1que%20est%C3%A9s%20s%C3%BAper%20bien!%0A*Recuerda%20tu%20pantalla%20es%20la%20que%20ves%20arriba%3B%20solo%20puedes%20utilizar%20esa.*%0A%0A%0ANOTA%3A*NO%20MODIFICAR%20LOS%20NUMEROS%20DEL%20PERFIL%2C%20USAR%20UNICAMENTE%20EL%20QUE%20SE%20LE%20ASIGNO%20SIN%20CAMBIARLO*%0APARA%20EVITAR%20CODIGOS%20DEBES%20BORRAR%20HISTORIAL%20Y%20COOKIES%20----%3E%20%20%20%20%0AEN%20CELULAR%3A%20https%3A%2F%2Fwww.youtube.com%2Fwatch%3Fv%3DrEsApVI1-lk%0AEN%20EL%20COMPUTADOR%3A%20https%3A%2F%2Fwww.youtube.com%2Fwatch%3Fv%3D2pYn4px0YWI
[2026-04-29T15:47:01.231Z] [STEP 7] ↪ asentando vista ~9s…
[2026-04-29T15:47:13.058Z] [STEP 8] ↩️ Enviado (Enter)
[2026-04-29T15:47:13.059Z]    ↪ post-send pause ~10s…
[2026-04-29T15:47:22.771Z] ⏳ Pausa entre mensajes: ~19s…
[2026-04-29T15:47:42.074Z] — BLOQUE — correo=samaradonaghue66@hotmail.com | plataforma_id=8 (Crunchyroll)
[2026-04-29T15:47:42.075Z] → [46/50] phone=573004132117 correo=samaradonaghue66@hotmail.com plataforma_id=8 (Crunchyroll) servicio=Pantalla pantalla=1 vence=08/05/2026
[2026-04-29T15:47:42.077Z] [STEP 7] 🔁 Abriendo chat (intento 1/3) con: https://web.whatsapp.com/send?phone=573004132117&text=Hola%20%2B57%2C%20te%20notificamos%20el%20*cambio%20de%20contrase%C3%B1a*%20asociado%20a%20tu%20correo%3A%20*samaradonaghue66%40hotmail.com*.%0A%0A%E2%80%A2%20Crunchyroll%20%E2%80%94%20Pantalla%20%7C%20*Pantalla%201*%20%7C%20vence%3A%2008%2F05%2F2026%0A%0A*La%20nueva%20contrase%C3%B1a%20es%3A*%20medicrun%40%40%20%0ANo%20la%20compartas%20con%20nadie%3B%20%C2%A1que%20est%C3%A9s%20s%C3%BAper%20bien!%0A*Recuerda%20tu%20pantalla%20es%20la%20que%20ves%20arriba%3B%20solo%20puedes%20utilizar%20esa.*%0A%0A%0ANOTA%3A*NO%20MODIFICAR%20LOS%20NUMEROS%20DEL%20PERFIL%2C%20USAR%20UNICAMENTE%20EL%20QUE%20SE%20LE%20ASIGNO%20SIN%20CAMBIARLO*%0APARA%20EVITAR%20CODIGOS%20DEBES%20BORRAR%20HISTORIAL%20Y%20COOKIES%20----%3E%20%20%20%20%0AEN%20CELULAR%3A%20https%3A%2F%2Fwww.youtube.com%2Fwatch%3Fv%3DrEsApVI1-lk%0AEN%20EL%20COMPUTADOR%3A%20https%3A%2F%2Fwww.youtube.com%2Fwatch%3Fv%3D2pYn4px0YWI
[2026-04-29T15:47:42.865Z] [STEP 7] ↪ asentando vista ~7s…
[2026-04-29T15:47:54.780Z] [STEP 8] ↩️ Enviado (Enter)
[2026-04-29T15:47:54.781Z]    ↪ post-send pause ~8s…
[2026-04-29T15:48:03.166Z] ⏳ Pausa entre mensajes: ~20s…
[2026-04-29T15:48:22.815Z] → [47/50] phone=573004813587 correo=samaradonaghue66@hotmail.com plataforma_id=8 (Crunchyroll) servicio=Pantalla pantalla=4 vence=09/05/2026
[2026-04-29T15:48:22.817Z] [STEP 7] 🔁 Abriendo chat (intento 1/3) con: https://web.whatsapp.com/send?phone=573004813587&text=Hola%20%2B57%2C%20te%20notificamos%20el%20*cambio%20de%20contrase%C3%B1a*%20asociado%20a%20tu%20correo%3A%20*samaradonaghue66%40hotmail.com*.%0A%0A%E2%80%A2%20Crunchyroll%20%E2%80%94%20Pantalla%20%7C%20*Pantalla%204*%20%7C%20vence%3A%2009%2F05%2F2026%0A%0A*La%20nueva%20contrase%C3%B1a%20es%3A*%20medicrun%40%40%20%0ANo%20la%20compartas%20con%20nadie%3B%20%C2%A1que%20est%C3%A9s%20s%C3%BAper%20bien!%0A*Recuerda%20tu%20pantalla%20es%20la%20que%20ves%20arriba%3B%20solo%20puedes%20utilizar%20esa.*%0A%0A%0ANOTA%3A*NO%20MODIFICAR%20LOS%20NUMEROS%20DEL%20PERFIL%2C%20USAR%20UNICAMENTE%20EL%20QUE%20SE%20LE%20ASIGNO%20SIN%20CAMBIARLO*%0APARA%20EVITAR%20CODIGOS%20DEBES%20BORRAR%20HISTORIAL%20Y%20COOKIES%20----%3E%20%20%20%20%0AEN%20CELULAR%3A%20https%3A%2F%2Fwww.youtube.com%2Fwatch%3Fv%3DrEsApVI1-lk%0AEN%20EL%20COMPUTADOR%3A%20https%3A%2F%2Fwww.youtube.com%2Fwatch%3Fv%3D2pYn4px0YWI
[2026-04-29T15:48:23.840Z] [STEP 7] ↪ asentando vista ~6s…
[2026-04-29T15:48:35.610Z] [STEP 8] ↩️ Enviado (Enter)
[2026-04-29T15:48:35.612Z]    ↪ post-send pause ~6s…
[2026-04-29T15:48:41.783Z] ⏳ Pausa entre mensajes: ~21s…
[2026-04-29T15:49:02.514Z] → [48/50] phone=573143864441 correo=samaradonaghue66@hotmail.com plataforma_id=8 (Crunchyroll) servicio=Pantalla pantalla=5 vence=24/05/2026
[2026-04-29T15:49:02.516Z] [STEP 7] 🔁 Abriendo chat (intento 1/3) con: https://web.whatsapp.com/send?phone=573143864441&text=Hola%20Edwin%2C%20te%20notificamos%20el%20*cambio%20de%20contrase%C3%B1a*%20asociado%20a%20tu%20correo%3A%20*samaradonaghue66%40hotmail.com*.%0A%0A%E2%80%A2%20Crunchyroll%20%E2%80%94%20Pantalla%20%7C%20*Pantalla%205*%20%7C%20vence%3A%2024%2F05%2F2026%0A%0A*La%20nueva%20contrase%C3%B1a%20es%3A*%20medicrun%40%40%20%0ANo%20la%20compartas%20con%20nadie%3B%20%C2%A1que%20est%C3%A9s%20s%C3%BAper%20bien!%0A*Recuerda%20tu%20pantalla%20es%20la%20que%20ves%20arriba%3B%20solo%20puedes%20utilizar%20esa.*%0A%0A%0ANOTA%3A*NO%20MODIFICAR%20LOS%20NUMEROS%20DEL%20PERFIL%2C%20USAR%20UNICAMENTE%20EL%20QUE%20SE%20LE%20ASIGNO%20SIN%20CAMBIARLO*%0APARA%20EVITAR%20CODIGOS%20DEBES%20BORRAR%20HISTORIAL%20Y%20COOKIES%20----%3E%20%20%20%20%0AEN%20CELULAR%3A%20https%3A%2F%2Fwww.youtube.com%2Fwatch%3Fv%3DrEsApVI1-lk%0AEN%20EL%20COMPUTADOR%3A%20https%3A%2F%2Fwww.youtube.com%2Fwatch%3Fv%3D2pYn4px0YWI
[2026-04-29T15:49:03.460Z] [STEP 7] ↪ asentando vista ~8s…
[2026-04-29T15:49:15.663Z] [STEP 8] ↩️ Enviado (Enter)
[2026-04-29T15:49:15.665Z]    ↪ post-send pause ~7s…
[2026-04-29T15:49:23.068Z] ⏳ Pausa entre mensajes: ~21s…
[2026-04-29T15:49:43.649Z] → [49/50] phone=573212895023 correo=samaradonaghue66@hotmail.com plataforma_id=8 (Crunchyroll) servicio=Pantalla pantalla=3 vence=11/05/2026
[2026-04-29T15:49:43.651Z] [STEP 7] 🔁 Abriendo chat (intento 1/3) con: https://web.whatsapp.com/send?phone=573212895023&text=Hola%20!%2C%20te%20notificamos%20el%20*cambio%20de%20contrase%C3%B1a*%20asociado%20a%20tu%20correo%3A%20*samaradonaghue66%40hotmail.com*.%0A%0A%E2%80%A2%20Crunchyroll%20%E2%80%94%20Pantalla%20%7C%20*Pantalla%203*%20%7C%20vence%3A%2011%2F05%2F2026%0A%0A*La%20nueva%20contrase%C3%B1a%20es%3A*%20medicrun%40%40%20%0ANo%20la%20compartas%20con%20nadie%3B%20%C2%A1que%20est%C3%A9s%20s%C3%BAper%20bien!%0A*Recuerda%20tu%20pantalla%20es%20la%20que%20ves%20arriba%3B%20solo%20puedes%20utilizar%20esa.*%0A%0A%0ANOTA%3A*NO%20MODIFICAR%20LOS%20NUMEROS%20DEL%20PERFIL%2C%20USAR%20UNICAMENTE%20EL%20QUE%20SE%20LE%20ASIGNO%20SIN%20CAMBIARLO*%0APARA%20EVITAR%20CODIGOS%20DEBES%20BORRAR%20HISTORIAL%20Y%20COOKIES%20----%3E%20%20%20%20%0AEN%20CELULAR%3A%20https%3A%2F%2Fwww.youtube.com%2Fwatch%3Fv%3DrEsApVI1-lk%0AEN%20EL%20COMPUTADOR%3A%20https%3A%2F%2Fwww.youtube.com%2Fwatch%3Fv%3D2pYn4px0YWI
[2026-04-29T15:49:45.640Z] [STEP 7] ↪ asentando vista ~7s…
[2026-04-29T15:50:03.207Z] [STEP 8] ↩️ Enviado (Enter)
[2026-04-29T15:50:03.209Z]    ↪ post-send pause ~8s…
[2026-04-29T15:50:10.925Z] ⏳ Pausa entre mensajes: ~17s…
[2026-04-29T15:50:27.748Z] → [50/50] phone=573217039703 correo=samaradonaghue66@hotmail.com plataforma_id=8 (Crunchyroll) servicio=Pantalla pantalla=2 vence=17/05/2026
[2026-04-29T15:50:27.752Z] [STEP 7] 🔁 Abriendo chat (intento 1/3) con: https://web.whatsapp.com/send?phone=573217039703&text=Hola%20Lorena%2C%20te%20notificamos%20el%20*cambio%20de%20contrase%C3%B1a*%20asociado%20a%20tu%20correo%3A%20*samaradonaghue66%40hotmail.com*.%0A%0A%E2%80%A2%20Crunchyroll%20%E2%80%94%20Pantalla%20%7C%20*Pantalla%202*%20%7C%20vence%3A%2017%2F05%2F2026%0A%0A*La%20nueva%20contrase%C3%B1a%20es%3A*%20medicrun%40%40%20%0ANo%20la%20compartas%20con%20nadie%3B%20%C2%A1que%20est%C3%A9s%20s%C3%BAper%20bien!%0A*Recuerda%20tu%20pantalla%20es%20la%20que%20ves%20arriba%3B%20solo%20puedes%20utilizar%20esa.*%0A%0A%0ANOTA%3A*NO%20MODIFICAR%20LOS%20NUMEROS%20DEL%20PERFIL%2C%20USAR%20UNICAMENTE%20EL%20QUE%20SE%20LE%20ASIGNO%20SIN%20CAMBIARLO*%0APARA%20EVITAR%20CODIGOS%20DEBES%20BORRAR%20HISTORIAL%20Y%20COOKIES%20----%3E%20%20%20%20%0AEN%20CELULAR%3A%20https%3A%2F%2Fwww.youtube.com%2Fwatch%3Fv%3DrEsApVI1-lk%0AEN%20EL%20COMPUTADOR%3A%20https%3A%2F%2Fwww.youtube.com%2Fwatch%3Fv%3D2pYn4px0YWI
[2026-04-29T15:50:29.560Z] [STEP 7] ↪ asentando vista ~9s…
[2026-04-29T15:50:47.185Z] [STEP 8] ↩️ Enviado (Enter)
[2026-04-29T15:50:47.186Z]    ↪ post-send pause ~9s…
[2026-04-29T15:50:56.099Z] ✅ Notificaciones terminadas.
[2026-04-29T15:50:56.101Z] ℹ️ Navegador dejado abierto para revisión manual.
[2026-04-29T15:50:56.105Z] == fin notify-password-changes ==
[2026-04-30T02:59:35.715Z] LOG_FILE=C:\Users\Santiago\medplay\.logs\notify-password-changes.log
[2026-04-30T02:59:35.717Z] == inicio notify-password-changes ==
[2026-04-30T02:59:35.718Z] [STEP 1] items recibidos: 5
[2026-04-30T02:59:35.719Z] [STEP 2] Correos únicos=5 | plataforma_id únicos=2
[2026-04-30T02:59:35.719Z] [STEP 2] Time=1ms
[2026-04-30T02:59:35.749Z] [STEP 3] DB: conectado
[2026-04-30T02:59:35.792Z] [STEP 3] Filas obtenidas (futuras): 19
[2026-04-30T02:59:35.793Z] [STEP 3] Time=74ms
[2026-04-30T02:59:35.813Z] [STEP 4][RESUMEN] correo=vamoabesarnos@gmail.com plataforma_id=8 (Crunchyroll) filas=6 phones=573502816735,573217839077,573234603863,573118294029,573206447084,573183396631
[2026-04-30T02:59:35.813Z] [STEP 4][RESUMEN] correo=crunchnedply@gmail.com plataforma_id=8 (Crunchyroll) filas=3 phones=573208587741,573135980688,573214446870
[2026-04-30T02:59:35.814Z] [STEP 4][RESUMEN] correo=crunxhymex@gmail.com plataforma_id=8 (Crunchyroll) filas=4 phones=573046815972,573028220451,573014283757,573205825365
[2026-04-30T02:59:35.814Z] [STEP 4][RESUMEN] correo=drecriblez808@hotmail.com plataforma_id=8 (Crunchyroll) filas=6 phones=573028661501,573028549177,573227494798,573192381494,573006243007,573028587544
[2026-04-30T02:59:35.815Z] [STEP 4] tasks=19 skippedPhone=0 skippedNoClave=0
[2026-04-30T02:59:35.815Z] [STEP 4] Time=22ms
[2026-04-30T02:59:35.816Z] [STEP 5] OK → hay tareas, continuamos a WA/CDP.
[2026-04-30T02:59:35.816Z] [STEP 6.1] START_SCRIPT=C:\Users\Santiago\medplay\scripts\start-edge-wa.bat
[2026-04-30T02:59:35.817Z] [STEP 6.1] Lanzando start-edge-wa.bat…
[2026-04-30T02:59:37.368Z] [STEP 6.2] Esperando CDP en 127.0.0.1:9222…
[2026-04-30T02:59:37.380Z] [STEP 6.2] CDP ok: true
[2026-04-30T02:59:40.452Z] [STEP 6.3] Preparando WhatsApp Web…
[2026-04-30T02:59:54.954Z] [STEP 6.3] ✅ WhatsApp Web listo.
[2026-04-30T02:59:54.955Z] [STEP 7] base gapEnv=12000ms
[2026-04-30T02:59:54.956Z] — BLOQUE — correo=crunchnedply@gmail.com | plataforma_id=8 (Crunchyroll)
[2026-04-30T02:59:54.957Z] → [1/19] phone=573135980688 correo=crunchnedply@gmail.com plataforma_id=8 (Crunchyroll) servicio=Pantalla pantalla=5 vence=28/05/2026
[2026-04-30T02:59:54.958Z] [STEP 7] 🔁 Abriendo chat (intento 1/3) con: https://web.whatsapp.com/send?phone=573135980688&text=Hola%20!%2C%20te%20notificamos%20el%20*cambio%20de%20contrase%C3%B1a*%20asociado%20a%20tu%20correo%3A%20*crunchnedply%40gmail.com*.%0A%0A%E2%80%A2%20Crunchyroll%20%E2%80%94%20Pantalla%20%7C%20*Pantalla%205*%20%7C%20vence%3A%2028%2F05%2F2026%0A%0A*La%20nueva%20contrase%C3%B1a%20es%3A*%20medcrunch12%40%20%0ANo%20la%20compartas%20con%20nadie%3B%20%C2%A1que%20est%C3%A9s%20s%C3%BAper%20bien!%0A*Recuerda%20tu%20pantalla%20es%20la%20que%20ves%20arriba%3B%20solo%20puedes%20utilizar%20esa.*%0A%0A%0ANOTA%3A*NO%20MODIFICAR%20LOS%20NUMEROS%20DEL%20PERFIL%2C%20USAR%20UNICAMENTE%20EL%20QUE%20SE%20LE%20ASIGNO%20SIN%20CAMBIARLO*%0APARA%20EVITAR%20CODIGOS%20DEBES%20BORRAR%20HISTORIAL%20Y%20COOKIES%20----%3E%20%20%20%20%0AEN%20CELULAR%3A%20https%3A%2F%2Fwww.youtube.com%2Fwatch%3Fv%3DrEsApVI1-lk%0AEN%20EL%20COMPUTADOR%3A%20https%3A%2F%2Fwww.youtube.com%2Fwatch%3Fv%3D2pYn4px0YWI
[2026-04-30T02:59:56.190Z] [STEP 7] ↪ asentando vista ~8s…
[2026-04-30T03:00:21.617Z] [STEP 8] ↩️ Enviado (Enter)
[2026-04-30T03:00:21.618Z]    ↪ post-send pause ~7s…
[2026-04-30T03:00:28.474Z] ⏳ Pausa entre mensajes: ~17s…
[2026-04-30T03:00:45.782Z] → [2/19] phone=573208587741 correo=crunchnedply@gmail.com plataforma_id=8 (Crunchyroll) servicio=Pantalla pantalla=2 vence=27/05/2026
[2026-04-30T03:00:45.783Z] [STEP 7] 🔁 Abriendo chat (intento 1/3) con: https://web.whatsapp.com/send?phone=573208587741&text=Hola%20Juan%2C%20te%20notificamos%20el%20*cambio%20de%20contrase%C3%B1a*%20asociado%20a%20tu%20correo%3A%20*crunchnedply%40gmail.com*.%0A%0A%E2%80%A2%20Crunchyroll%20%E2%80%94%20Pantalla%20%7C%20*Pantalla%202*%20%7C%20vence%3A%2027%2F05%2F2026%0A%0A*La%20nueva%20contrase%C3%B1a%20es%3A*%20medcrunch12%40%20%0ANo%20la%20compartas%20con%20nadie%3B%20%C2%A1que%20est%C3%A9s%20s%C3%BAper%20bien!%0A*Recuerda%20tu%20pantalla%20es%20la%20que%20ves%20arriba%3B%20solo%20puedes%20utilizar%20esa.*%0A%0A%0ANOTA%3A*NO%20MODIFICAR%20LOS%20NUMEROS%20DEL%20PERFIL%2C%20USAR%20UNICAMENTE%20EL%20QUE%20SE%20LE%20ASIGNO%20SIN%20CAMBIARLO*%0APARA%20EVITAR%20CODIGOS%20DEBES%20BORRAR%20HISTORIAL%20Y%20COOKIES%20----%3E%20%20%20%20%0AEN%20CELULAR%3A%20https%3A%2F%2Fwww.youtube.com%2Fwatch%3Fv%3DrEsApVI1-lk%0AEN%20EL%20COMPUTADOR%3A%20https%3A%2F%2Fwww.youtube.com%2Fwatch%3Fv%3D2pYn4px0YWI
[2026-04-30T03:00:46.479Z] [STEP 7] ↪ asentando vista ~9s…
[2026-04-30T03:00:58.176Z] [STEP 8] ↩️ Enviado (Enter)
[2026-04-30T03:00:58.177Z]    ↪ post-send pause ~8s…
[2026-04-30T03:01:06.024Z] ⏳ Pausa entre mensajes: ~20s…
[2026-04-30T03:01:26.144Z] → [3/19] phone=573214446870 correo=crunchnedply@gmail.com plataforma_id=8 (Crunchyroll) servicio=Pantalla pantalla=6 vence=08/05/2026
[2026-04-30T03:01:26.146Z] [STEP 7] 🔁 Abriendo chat (intento 1/3) con: https://web.whatsapp.com/send?phone=573214446870&text=Hola%20Martha%2C%20te%20notificamos%20el%20*cambio%20de%20contrase%C3%B1a*%20asociado%20a%20tu%20correo%3A%20*crunchnedply%40gmail.com*.%0A%0A%E2%80%A2%20Crunchyroll%20%E2%80%94%20Pantalla%20%7C%20*Pantalla%206*%20%7C%20vence%3A%2008%2F05%2F2026%0A%0A*La%20nueva%20contrase%C3%B1a%20es%3A*%20medcrunch12%40%20%0ANo%20la%20compartas%20con%20nadie%3B%20%C2%A1que%20est%C3%A9s%20s%C3%BAper%20bien!%0A*Recuerda%20tu%20pantalla%20es%20la%20que%20ves%20arriba%3B%20solo%20puedes%20utilizar%20esa.*%0A%0A%0ANOTA%3A*NO%20MODIFICAR%20LOS%20NUMEROS%20DEL%20PERFIL%2C%20USAR%20UNICAMENTE%20EL%20QUE%20SE%20LE%20ASIGNO%20SIN%20CAMBIARLO*%0APARA%20EVITAR%20CODIGOS%20DEBES%20BORRAR%20HISTORIAL%20Y%20COOKIES%20----%3E%20%20%20%20%0AEN%20CELULAR%3A%20https%3A%2F%2Fwww.youtube.com%2Fwatch%3Fv%3DrEsApVI1-lk%0AEN%20EL%20COMPUTADOR%3A%20https%3A%2F%2Fwww.youtube.com%2Fwatch%3Fv%3D2pYn4px0YWI
[2026-04-30T03:01:26.727Z] [STEP 7] ↪ asentando vista ~8s…
[2026-04-30T03:01:38.321Z] [STEP 8] ↩️ Enviado (Enter)
[2026-04-30T03:01:38.322Z]    ↪ post-send pause ~9s…
[2026-04-30T03:01:47.494Z] ⏳ Pausa entre mensajes: ~17s…
[2026-04-30T03:02:04.824Z] — BLOQUE — correo=crunxhymex@gmail.com | plataforma_id=8 (Crunchyroll)
[2026-04-30T03:02:04.826Z] → [4/19] phone=573014283757 correo=crunxhymex@gmail.com plataforma_id=8 (Crunchyroll) servicio=Pantalla pantalla=5 vence=30/04/2026
[2026-04-30T03:02:04.828Z] [STEP 7] 🔁 Abriendo chat (intento 1/3) con: https://web.whatsapp.com/send?phone=573014283757&text=Hola%20!%2C%20te%20notificamos%20el%20*cambio%20de%20contrase%C3%B1a*%20asociado%20a%20tu%20correo%3A%20*crunxhymex%40gmail.com*.%0A%0A%E2%80%A2%20Crunchyroll%20%E2%80%94%20Pantalla%20%7C%20*Pantalla%205*%20%7C%20vence%3A%2030%2F04%2F2026%0A%0A*La%20nueva%20contrase%C3%B1a%20es%3A*%20medcrunch11%40%20%0ANo%20la%20compartas%20con%20nadie%3B%20%C2%A1que%20est%C3%A9s%20s%C3%BAper%20bien!%0A*Recuerda%20tu%20pantalla%20es%20la%20que%20ves%20arriba%3B%20solo%20puedes%20utilizar%20esa.*%0A%0A%0ANOTA%3A*NO%20MODIFICAR%20LOS%20NUMEROS%20DEL%20PERFIL%2C%20USAR%20UNICAMENTE%20EL%20QUE%20SE%20LE%20ASIGNO%20SIN%20CAMBIARLO*%0APARA%20EVITAR%20CODIGOS%20DEBES%20BORRAR%20HISTORIAL%20Y%20COOKIES%20----%3E%20%20%20%20%0AEN%20CELULAR%3A%20https%3A%2F%2Fwww.youtube.com%2Fwatch%3Fv%3DrEsApVI1-lk%0AEN%20EL%20COMPUTADOR%3A%20https%3A%2F%2Fwww.youtube.com%2Fwatch%3Fv%3D2pYn4px0YWI
[2026-04-30T03:02:05.456Z] [STEP 7] ↪ asentando vista ~7s…
[2026-04-30T03:02:14.978Z] [STEP 8] ↩️ Enviado (Enter)
[2026-04-30T03:02:14.980Z]    ↪ post-send pause ~8s…
[2026-04-30T03:02:22.927Z] ⏳ Pausa entre mensajes: ~21s…
[2026-04-30T03:02:43.712Z] → [5/19] phone=573028220451 correo=crunxhymex@gmail.com plataforma_id=8 (Crunchyroll) servicio=Pantalla pantalla=4 vence=30/04/2026
[2026-04-30T03:02:43.713Z] [STEP 7] 🔁 Abriendo chat (intento 1/3) con: https://web.whatsapp.com/send?phone=573028220451&text=Hola%20!%2C%20te%20notificamos%20el%20*cambio%20de%20contrase%C3%B1a*%20asociado%20a%20tu%20correo%3A%20*crunxhymex%40gmail.com*.%0A%0A%E2%80%A2%20Crunchyroll%20%E2%80%94%20Pantalla%20%7C%20*Pantalla%204*%20%7C%20vence%3A%2030%2F04%2F2026%0A%0A*La%20nueva%20contrase%C3%B1a%20es%3A*%20medcrunch11%40%20%0ANo%20la%20compartas%20con%20nadie%3B%20%C2%A1que%20est%C3%A9s%20s%C3%BAper%20bien!%0A*Recuerda%20tu%20pantalla%20es%20la%20que%20ves%20arriba%3B%20solo%20puedes%20utilizar%20esa.*%0A%0A%0ANOTA%3A*NO%20MODIFICAR%20LOS%20NUMEROS%20DEL%20PERFIL%2C%20USAR%20UNICAMENTE%20EL%20QUE%20SE%20LE%20ASIGNO%20SIN%20CAMBIARLO*%0APARA%20EVITAR%20CODIGOS%20DEBES%20BORRAR%20HISTORIAL%20Y%20COOKIES%20----%3E%20%20%20%20%0AEN%20CELULAR%3A%20https%3A%2F%2Fwww.youtube.com%2Fwatch%3Fv%3DrEsApVI1-lk%0AEN%20EL%20COMPUTADOR%3A%20https%3A%2F%2Fwww.youtube.com%2Fwatch%3Fv%3D2pYn4px0YWI
[2026-04-30T03:02:44.272Z] [STEP 7] ↪ asentando vista ~7s…
[2026-04-30T03:02:53.924Z] [STEP 8] ↩️ Enviado (Enter)
[2026-04-30T03:02:53.925Z]    ↪ post-send pause ~8s…
[2026-04-30T03:03:01.637Z] ⏳ Pausa entre mensajes: ~17s…
[2026-04-30T03:03:18.444Z] → [6/19] phone=573046815972 correo=crunxhymex@gmail.com plataforma_id=8 (Crunchyroll) servicio=Pantalla pantalla=3 vence=29/05/2026
[2026-04-30T03:03:18.445Z] [STEP 7] 🔁 Abriendo chat (intento 1/3) con: https://web.whatsapp.com/send?phone=573046815972&text=Hola%20%2B57%2C%20te%20notificamos%20el%20*cambio%20de%20contrase%C3%B1a*%20asociado%20a%20tu%20correo%3A%20*crunxhymex%40gmail.com*.%0A%0A%E2%80%A2%20Crunchyroll%20%E2%80%94%20Pantalla%20%7C%20*Pantalla%203*%20%7C%20vence%3A%2029%2F05%2F2026%0A%0A*La%20nueva%20contrase%C3%B1a%20es%3A*%20medcrunch11%40%20%0ANo%20la%20compartas%20con%20nadie%3B%20%C2%A1que%20est%C3%A9s%20s%C3%BAper%20bien!%0A*Recuerda%20tu%20pantalla%20es%20la%20que%20ves%20arriba%3B%20solo%20puedes%20utilizar%20esa.*%0A%0A%0ANOTA%3A*NO%20MODIFICAR%20LOS%20NUMEROS%20DEL%20PERFIL%2C%20USAR%20UNICAMENTE%20EL%20QUE%20SE%20LE%20ASIGNO%20SIN%20CAMBIARLO*%0APARA%20EVITAR%20CODIGOS%20DEBES%20BORRAR%20HISTORIAL%20Y%20COOKIES%20----%3E%20%20%20%20%0AEN%20CELULAR%3A%20https%3A%2F%2Fwww.youtube.com%2Fwatch%3Fv%3DrEsApVI1-lk%0AEN%20EL%20COMPUTADOR%3A%20https%3A%2F%2Fwww.youtube.com%2Fwatch%3Fv%3D2pYn4px0YWI
[2026-04-30T03:03:19.025Z] [STEP 7] ↪ asentando vista ~10s…
[2026-04-30T03:03:30.728Z] [STEP 8] ↩️ Enviado (Enter)
[2026-04-30T03:03:30.729Z]    ↪ post-send pause ~6s…
[2026-04-30T03:03:36.963Z] ⏳ Pausa entre mensajes: ~18s…
[2026-04-30T03:03:55.445Z] → [7/19] phone=573205825365 correo=crunxhymex@gmail.com plataforma_id=8 (Crunchyroll) servicio=Pantalla pantalla=6 vence=08/05/2026
[2026-04-30T03:03:55.447Z] [STEP 7] 🔁 Abriendo chat (intento 1/3) con: https://web.whatsapp.com/send?phone=573205825365&text=Hola%20%2B57%2C%20te%20notificamos%20el%20*cambio%20de%20contrase%C3%B1a*%20asociado%20a%20tu%20correo%3A%20*crunxhymex%40gmail.com*.%0A%0A%E2%80%A2%20Crunchyroll%20%E2%80%94%20Pantalla%20%7C%20*Pantalla%206*%20%7C%20vence%3A%2008%2F05%2F2026%0A%0A*La%20nueva%20contrase%C3%B1a%20es%3A*%20medcrunch11%40%20%0ANo%20la%20compartas%20con%20nadie%3B%20%C2%A1que%20est%C3%A9s%20s%C3%BAper%20bien!%0A*Recuerda%20tu%20pantalla%20es%20la%20que%20ves%20arriba%3B%20solo%20puedes%20utilizar%20esa.*%0A%0A%0ANOTA%3A*NO%20MODIFICAR%20LOS%20NUMEROS%20DEL%20PERFIL%2C%20USAR%20UNICAMENTE%20EL%20QUE%20SE%20LE%20ASIGNO%20SIN%20CAMBIARLO*%0APARA%20EVITAR%20CODIGOS%20DEBES%20BORRAR%20HISTORIAL%20Y%20COOKIES%20----%3E%20%20%20%20%0AEN%20CELULAR%3A%20https%3A%2F%2Fwww.youtube.com%2Fwatch%3Fv%3DrEsApVI1-lk%0AEN%20EL%20COMPUTADOR%3A%20https%3A%2F%2Fwww.youtube.com%2Fwatch%3Fv%3D2pYn4px0YWI
[2026-04-30T03:03:56.327Z] [STEP 7] ↪ asentando vista ~10s…
[2026-04-30T03:04:07.703Z] [STEP 8] ↩️ Enviado (Enter)
[2026-04-30T03:04:07.704Z]    ↪ post-send pause ~7s…
[2026-04-30T03:04:14.644Z] ⏳ Pausa entre mensajes: ~17s…
[2026-04-30T03:04:31.501Z] — BLOQUE — correo=drecriblez808@hotmail.com | plataforma_id=8 (Crunchyroll)
[2026-04-30T03:04:31.502Z] → [8/19] phone=573006243007 correo=drecriblez808@hotmail.com plataforma_id=8 (Crunchyroll) servicio=Pantalla pantalla=5 vence=13/05/2026
[2026-04-30T03:04:31.504Z] [STEP 7] 🔁 Abriendo chat (intento 1/3) con: https://web.whatsapp.com/send?phone=573006243007&text=Hola%20Fran%2C%20te%20notificamos%20el%20*cambio%20de%20contrase%C3%B1a*%20asociado%20a%20tu%20correo%3A%20*drecriblez808%40hotmail.com*.%0A%0A%E2%80%A2%20Crunchyroll%20%E2%80%94%20Pantalla%20%7C%20*Pantalla%205*%20%7C%20vence%3A%2013%2F05%2F2026%0A%0A*La%20nueva%20contrase%C3%B1a%20es%3A*%20medcrunch12%40%20%0ANo%20la%20compartas%20con%20nadie%3B%20%C2%A1que%20est%C3%A9s%20s%C3%BAper%20bien!%0A*Recuerda%20tu%20pantalla%20es%20la%20que%20ves%20arriba%3B%20solo%20puedes%20utilizar%20esa.*%0A%0A%0ANOTA%3A*NO%20MODIFICAR%20LOS%20NUMEROS%20DEL%20PERFIL%2C%20USAR%20UNICAMENTE%20EL%20QUE%20SE%20LE%20ASIGNO%20SIN%20CAMBIARLO*%0APARA%20EVITAR%20CODIGOS%20DEBES%20BORRAR%20HISTORIAL%20Y%20COOKIES%20----%3E%20%20%20%20%0AEN%20CELULAR%3A%20https%3A%2F%2Fwww.youtube.com%2Fwatch%3Fv%3DrEsApVI1-lk%0AEN%20EL%20COMPUTADOR%3A%20https%3A%2F%2Fwww.youtube.com%2Fwatch%3Fv%3D2pYn4px0YWI
[2026-04-30T03:04:31.985Z] [STEP 7] ↪ asentando vista ~7s…
[2026-04-30T03:04:41.850Z] [STEP 8] ↩️ Enviado (Enter)
[2026-04-30T03:04:41.851Z]    ↪ post-send pause ~8s…
[2026-04-30T03:04:49.407Z] ⏳ Pausa entre mensajes: ~18s…
[2026-04-30T03:05:07.488Z] → [9/19] phone=573028549177 correo=drecriblez808@hotmail.com plataforma_id=8 (Crunchyroll) servicio=Pantalla pantalla=3 vence=13/05/2026
[2026-04-30T03:05:07.489Z] [STEP 7] 🔁 Abriendo chat (intento 1/3) con: https://web.whatsapp.com/send?phone=573028549177&text=Hola%20!%2C%20te%20notificamos%20el%20*cambio%20de%20contrase%C3%B1a*%20asociado%20a%20tu%20correo%3A%20*drecriblez808%40hotmail.com*.%0A%0A%E2%80%A2%20Crunchyroll%20%E2%80%94%20Pantalla%20%7C%20*Pantalla%203*%20%7C%20vence%3A%2013%2F05%2F2026%0A%0A*La%20nueva%20contrase%C3%B1a%20es%3A*%20medcrunch12%40%20%0ANo%20la%20compartas%20con%20nadie%3B%20%C2%A1que%20est%C3%A9s%20s%C3%BAper%20bien!%0A*Recuerda%20tu%20pantalla%20es%20la%20que%20ves%20arriba%3B%20solo%20puedes%20utilizar%20esa.*%0A%0A%0ANOTA%3A*NO%20MODIFICAR%20LOS%20NUMEROS%20DEL%20PERFIL%2C%20USAR%20UNICAMENTE%20EL%20QUE%20SE%20LE%20ASIGNO%20SIN%20CAMBIARLO*%0APARA%20EVITAR%20CODIGOS%20DEBES%20BORRAR%20HISTORIAL%20Y%20COOKIES%20----%3E%20%20%20%20%0AEN%20CELULAR%3A%20https%3A%2F%2Fwww.youtube.com%2Fwatch%3Fv%3DrEsApVI1-lk%0AEN%20EL%20COMPUTADOR%3A%20https%3A%2F%2Fwww.youtube.com%2Fwatch%3Fv%3D2pYn4px0YWI
[2026-04-30T03:05:08.376Z] [STEP 7] ↪ asentando vista ~6s…
[2026-04-30T03:05:17.491Z] [STEP 8] ↩️ Enviado (Enter)
[2026-04-30T03:05:17.493Z]    ↪ post-send pause ~9s…
[2026-04-30T03:05:26.403Z] ⏳ Pausa entre mensajes: ~20s…
[2026-04-30T03:05:46.885Z] → [10/19] phone=573028587544 correo=drecriblez808@hotmail.com plataforma_id=8 (Crunchyroll) servicio=Pantalla pantalla=1 vence=15/05/2026
[2026-04-30T03:05:46.886Z] [STEP 7] 🔁 Abriendo chat (intento 1/3) con: https://web.whatsapp.com/send?phone=573028587544&text=Hola%20%2B57%2C%20te%20notificamos%20el%20*cambio%20de%20contrase%C3%B1a*%20asociado%20a%20tu%20correo%3A%20*drecriblez808%40hotmail.com*.%0A%0A%E2%80%A2%20Crunchyroll%20%E2%80%94%20Pantalla%20%7C%20*Pantalla%201*%20%7C%20vence%3A%2015%2F05%2F2026%0A%0A*La%20nueva%20contrase%C3%B1a%20es%3A*%20medcrunch12%40%20%0ANo%20la%20compartas%20con%20nadie%3B%20%C2%A1que%20est%C3%A9s%20s%C3%BAper%20bien!%0A*Recuerda%20tu%20pantalla%20es%20la%20que%20ves%20arriba%3B%20solo%20puedes%20utilizar%20esa.*%0A%0A%0ANOTA%3A*NO%20MODIFICAR%20LOS%20NUMEROS%20DEL%20PERFIL%2C%20USAR%20UNICAMENTE%20EL%20QUE%20SE%20LE%20ASIGNO%20SIN%20CAMBIARLO*%0APARA%20EVITAR%20CODIGOS%20DEBES%20BORRAR%20HISTORIAL%20Y%20COOKIES%20----%3E%20%20%20%20%0AEN%20CELULAR%3A%20https%3A%2F%2Fwww.youtube.com%2Fwatch%3Fv%3DrEsApVI1-lk%0AEN%20EL%20COMPUTADOR%3A%20https%3A%2F%2Fwww.youtube.com%2Fwatch%3Fv%3D2pYn4px0YWI
[2026-04-30T03:05:47.797Z] [STEP 7] ↪ asentando vista ~8s…
[2026-04-30T03:05:59.014Z] [STEP 8] ↩️ Enviado (Enter)
[2026-04-30T03:05:59.016Z]    ↪ post-send pause ~8s…
[2026-04-30T03:06:06.823Z] ⏳ Pausa entre mensajes: ~19s…
[2026-04-30T03:06:25.908Z] → [11/19] phone=573028661501 correo=drecriblez808@hotmail.com plataforma_id=8 (Crunchyroll) servicio=Pantalla pantalla=1 vence=13/05/2026
[2026-04-30T03:06:25.910Z] [STEP 7] 🔁 Abriendo chat (intento 1/3) con: https://web.whatsapp.com/send?phone=573028661501&text=Hola%20!%2C%20te%20notificamos%20el%20*cambio%20de%20contrase%C3%B1a*%20asociado%20a%20tu%20correo%3A%20*drecriblez808%40hotmail.com*.%0A%0A%E2%80%A2%20Crunchyroll%20%E2%80%94%20Pantalla%20%7C%20*Pantalla%201*%20%7C%20vence%3A%2013%2F05%2F2026%0A%0A*La%20nueva%20contrase%C3%B1a%20es%3A*%20medcrunch12%40%20%0ANo%20la%20compartas%20con%20nadie%3B%20%C2%A1que%20est%C3%A9s%20s%C3%BAper%20bien!%0A*Recuerda%20tu%20pantalla%20es%20la%20que%20ves%20arriba%3B%20solo%20puedes%20utilizar%20esa.*%0A%0A%0ANOTA%3A*NO%20MODIFICAR%20LOS%20NUMEROS%20DEL%20PERFIL%2C%20USAR%20UNICAMENTE%20EL%20QUE%20SE%20LE%20ASIGNO%20SIN%20CAMBIARLO*%0APARA%20EVITAR%20CODIGOS%20DEBES%20BORRAR%20HISTORIAL%20Y%20COOKIES%20----%3E%20%20%20%20%0AEN%20CELULAR%3A%20https%3A%2F%2Fwww.youtube.com%2Fwatch%3Fv%3DrEsApVI1-lk%0AEN%20EL%20COMPUTADOR%3A%20https%3A%2F%2Fwww.youtube.com%2Fwatch%3Fv%3D2pYn4px0YWI
[2026-04-30T03:06:30.024Z] [STEP 7] ↪ asentando vista ~9s…
[2026-04-30T03:06:40.556Z] [STEP 8] ↩️ Enviado (Enter)
[2026-04-30T03:06:40.557Z]    ↪ post-send pause ~6s…
[2026-04-30T03:06:46.671Z] ⏳ Pausa entre mensajes: ~19s…
[2026-04-30T03:07:06.037Z] → [12/19] phone=573192381494 correo=drecriblez808@hotmail.com plataforma_id=8 (Crunchyroll) servicio=Pantalla pantalla=4 vence=13/05/2026
[2026-04-30T03:07:06.039Z] [STEP 7] 🔁 Abriendo chat (intento 1/3) con: https://web.whatsapp.com/send?phone=573192381494&text=Hola%20!%2C%20te%20notificamos%20el%20*cambio%20de%20contrase%C3%B1a*%20asociado%20a%20tu%20correo%3A%20*drecriblez808%40hotmail.com*.%0A%0A%E2%80%A2%20Crunchyroll%20%E2%80%94%20Pantalla%20%7C%20*Pantalla%204*%20%7C%20vence%3A%2013%2F05%2F2026%0A%0A*La%20nueva%20contrase%C3%B1a%20es%3A*%20medcrunch12%40%20%0ANo%20la%20compartas%20con%20nadie%3B%20%C2%A1que%20est%C3%A9s%20s%C3%BAper%20bien!%0A*Recuerda%20tu%20pantalla%20es%20la%20que%20ves%20arriba%3B%20solo%20puedes%20utilizar%20esa.*%0A%0A%0ANOTA%3A*NO%20MODIFICAR%20LOS%20NUMEROS%20DEL%20PERFIL%2C%20USAR%20UNICAMENTE%20EL%20QUE%20SE%20LE%20ASIGNO%20SIN%20CAMBIARLO*%0APARA%20EVITAR%20CODIGOS%20DEBES%20BORRAR%20HISTORIAL%20Y%20COOKIES%20----%3E%20%20%20%20%0AEN%20CELULAR%3A%20https%3A%2F%2Fwww.youtube.com%2Fwatch%3Fv%3DrEsApVI1-lk%0AEN%20EL%20COMPUTADOR%3A%20https%3A%2F%2Fwww.youtube.com%2Fwatch%3Fv%3D2pYn4px0YWI
[2026-04-30T03:07:07.381Z] [STEP 7] ↪ asentando vista ~9s…
[2026-04-30T03:07:18.538Z] [STEP 8] ↩️ Enviado (Enter)
[2026-04-30T03:07:18.539Z]    ↪ post-send pause ~8s…
[2026-04-30T03:07:26.072Z] ⏳ Pausa entre mensajes: ~17s…
[2026-04-30T03:07:42.681Z] → [13/19] phone=573227494798 correo=drecriblez808@hotmail.com plataforma_id=8 (Crunchyroll) servicio=Pantalla pantalla=2 vence=13/05/2026
[2026-04-30T03:07:42.682Z] [STEP 7] 🔁 Abriendo chat (intento 1/3) con: https://web.whatsapp.com/send?phone=573227494798&text=Hola%20!%2C%20te%20notificamos%20el%20*cambio%20de%20contrase%C3%B1a*%20asociado%20a%20tu%20correo%3A%20*drecriblez808%40hotmail.com*.%0A%0A%E2%80%A2%20Crunchyroll%20%E2%80%94%20Pantalla%20%7C%20*Pantalla%202*%20%7C%20vence%3A%2013%2F05%2F2026%0A%0A*La%20nueva%20contrase%C3%B1a%20es%3A*%20medcrunch12%40%20%0ANo%20la%20compartas%20con%20nadie%3B%20%C2%A1que%20est%C3%A9s%20s%C3%BAper%20bien!%0A*Recuerda%20tu%20pantalla%20es%20la%20que%20ves%20arriba%3B%20solo%20puedes%20utilizar%20esa.*%0A%0A%0ANOTA%3A*NO%20MODIFICAR%20LOS%20NUMEROS%20DEL%20PERFIL%2C%20USAR%20UNICAMENTE%20EL%20QUE%20SE%20LE%20ASIGNO%20SIN%20CAMBIARLO*%0APARA%20EVITAR%20CODIGOS%20DEBES%20BORRAR%20HISTORIAL%20Y%20COOKIES%20----%3E%20%20%20%20%0AEN%20CELULAR%3A%20https%3A%2F%2Fwww.youtube.com%2Fwatch%3Fv%3DrEsApVI1-lk%0AEN%20EL%20COMPUTADOR%3A%20https%3A%2F%2Fwww.youtube.com%2Fwatch%3Fv%3D2pYn4px0YWI
[2026-04-30T03:07:43.525Z] [STEP 7] ↪ asentando vista ~7s…
[2026-04-30T03:07:52.749Z] [STEP 8] ↩️ Enviado (Enter)
[2026-04-30T03:07:52.751Z]    ↪ post-send pause ~7s…
[2026-04-30T03:07:59.571Z] ⏳ Pausa entre mensajes: ~19s…
[2026-04-30T03:08:18.897Z] — BLOQUE — correo=vamoabesarnos@gmail.com | plataforma_id=8 (Crunchyroll)
[2026-04-30T03:08:18.902Z] → [14/19] phone=573118294029 correo=vamoabesarnos@gmail.com plataforma_id=8 (Crunchyroll) servicio=Pantalla pantalla=3 vence=20/05/2026
[2026-04-30T03:08:18.906Z] [STEP 7] 🔁 Abriendo chat (intento 1/3) con: https://web.whatsapp.com/send?phone=573118294029&text=Hola%20Bianny%2C%20te%20notificamos%20el%20*cambio%20de%20contrase%C3%B1a*%20asociado%20a%20tu%20correo%3A%20*vamoabesarnos%40gmail.com*.%0A%0A%E2%80%A2%20Crunchyroll%20%E2%80%94%20Pantalla%20%7C%20*Pantalla%203*%20%7C%20vence%3A%2020%2F05%2F2026%0A%0A*La%20nueva%20contrase%C3%B1a%20es%3A*%20medcrunch34%40%20%0ANo%20la%20compartas%20con%20nadie%3B%20%C2%A1que%20est%C3%A9s%20s%C3%BAper%20bien!%0A*Recuerda%20tu%20pantalla%20es%20la%20que%20ves%20arriba%3B%20solo%20puedes%20utilizar%20esa.*%0A%0A%0ANOTA%3A*NO%20MODIFICAR%20LOS%20NUMEROS%20DEL%20PERFIL%2C%20USAR%20UNICAMENTE%20EL%20QUE%20SE%20LE%20ASIGNO%20SIN%20CAMBIARLO*%0APARA%20EVITAR%20CODIGOS%20DEBES%20BORRAR%20HISTORIAL%20Y%20COOKIES%20----%3E%20%20%20%20%0AEN%20CELULAR%3A%20https%3A%2F%2Fwww.youtube.com%2Fwatch%3Fv%3DrEsApVI1-lk%0AEN%20EL%20COMPUTADOR%3A%20https%3A%2F%2Fwww.youtube.com%2Fwatch%3Fv%3D2pYn4px0YWI
[2026-04-30T03:08:19.641Z] [STEP 7] ↪ asentando vista ~8s…
[2026-04-30T03:08:31.016Z] [STEP 8] ↩️ Enviado (Enter)
[2026-04-30T03:08:31.017Z]    ↪ post-send pause ~9s…
[2026-04-30T03:08:39.926Z] ⏳ Pausa entre mensajes: ~21s…
[2026-04-30T03:09:00.789Z] → [15/19] phone=573183396631 correo=vamoabesarnos@gmail.com plataforma_id=8 (Crunchyroll) servicio=Pantalla pantalla=5 vence=22/05/2026
[2026-04-30T03:09:00.790Z] [STEP 7] 🔁 Abriendo chat (intento 1/3) con: https://web.whatsapp.com/send?phone=573183396631&text=Hola%20John%2C%20te%20notificamos%20el%20*cambio%20de%20contrase%C3%B1a*%20asociado%20a%20tu%20correo%3A%20*vamoabesarnos%40gmail.com*.%0A%0A%E2%80%A2%20Crunchyroll%20%E2%80%94%20Pantalla%20%7C%20*Pantalla%205*%20%7C%20vence%3A%2022%2F05%2F2026%0A%0A*La%20nueva%20contrase%C3%B1a%20es%3A*%20medcrunch34%40%20%0ANo%20la%20compartas%20con%20nadie%3B%20%C2%A1que%20est%C3%A9s%20s%C3%BAper%20bien!%0A*Recuerda%20tu%20pantalla%20es%20la%20que%20ves%20arriba%3B%20solo%20puedes%20utilizar%20esa.*%0A%0A%0ANOTA%3A*NO%20MODIFICAR%20LOS%20NUMEROS%20DEL%20PERFIL%2C%20USAR%20UNICAMENTE%20EL%20QUE%20SE%20LE%20ASIGNO%20SIN%20CAMBIARLO*%0APARA%20EVITAR%20CODIGOS%20DEBES%20BORRAR%20HISTORIAL%20Y%20COOKIES%20----%3E%20%20%20%20%0AEN%20CELULAR%3A%20https%3A%2F%2Fwww.youtube.com%2Fwatch%3Fv%3DrEsApVI1-lk%0AEN%20EL%20COMPUTADOR%3A%20https%3A%2F%2Fwww.youtube.com%2Fwatch%3Fv%3D2pYn4px0YWI
[2026-04-30T03:09:01.587Z] [STEP 7] ↪ asentando vista ~9s…
[2026-04-30T03:09:12.889Z] [STEP 8] ↩️ Enviado (Enter)
[2026-04-30T03:09:12.891Z]    ↪ post-send pause ~9s…
[2026-04-30T03:09:22.192Z] ⏳ Pausa entre mensajes: ~16s…
[2026-04-30T03:09:38.342Z] → [16/19] phone=573206447084 correo=vamoabesarnos@gmail.com plataforma_id=8 (Crunchyroll) servicio=Pantalla pantalla=4 vence=22/05/2026
[2026-04-30T03:09:38.343Z] [STEP 7] 🔁 Abriendo chat (intento 1/3) con: https://web.whatsapp.com/send?phone=573206447084&text=Hola%20Julian%2C%20te%20notificamos%20el%20*cambio%20de%20contrase%C3%B1a*%20asociado%20a%20tu%20correo%3A%20*vamoabesarnos%40gmail.com*.%0A%0A%E2%80%A2%20Crunchyroll%20%E2%80%94%20Pantalla%20%7C%20*Pantalla%204*%20%7C%20vence%3A%2022%2F05%2F2026%0A%0A*La%20nueva%20contrase%C3%B1a%20es%3A*%20medcrunch34%40%20%0ANo%20la%20compartas%20con%20nadie%3B%20%C2%A1que%20est%C3%A9s%20s%C3%BAper%20bien!%0A*Recuerda%20tu%20pantalla%20es%20la%20que%20ves%20arriba%3B%20solo%20puedes%20utilizar%20esa.*%0A%0A%0ANOTA%3A*NO%20MODIFICAR%20LOS%20NUMEROS%20DEL%20PERFIL%2C%20USAR%20UNICAMENTE%20EL%20QUE%20SE%20LE%20ASIGNO%20SIN%20CAMBIARLO*%0APARA%20EVITAR%20CODIGOS%20DEBES%20BORRAR%20HISTORIAL%20Y%20COOKIES%20----%3E%20%20%20%20%0AEN%20CELULAR%3A%20https%3A%2F%2Fwww.youtube.com%2Fwatch%3Fv%3DrEsApVI1-lk%0AEN%20EL%20COMPUTADOR%3A%20https%3A%2F%2Fwww.youtube.com%2Fwatch%3Fv%3D2pYn4px0YWI
[2026-04-30T03:09:38.910Z] [STEP 7] ↪ asentando vista ~9s…
[2026-04-30T03:09:50.555Z] [STEP 8] ↩️ Enviado (Enter)
[2026-04-30T03:09:50.555Z]    ↪ post-send pause ~8s…
[2026-04-30T03:09:59.012Z] ⏳ Pausa entre mensajes: ~19s…
[2026-04-30T03:10:17.749Z] → [17/19] phone=573217839077 correo=vamoabesarnos@gmail.com plataforma_id=8 (Crunchyroll) servicio=Pantalla pantalla=1 vence=21/05/2026
[2026-04-30T03:10:17.752Z] [STEP 7] 🔁 Abriendo chat (intento 1/3) con: https://web.whatsapp.com/send?phone=573217839077&text=Hola%20!%2C%20te%20notificamos%20el%20*cambio%20de%20contrase%C3%B1a*%20asociado%20a%20tu%20correo%3A%20*vamoabesarnos%40gmail.com*.%0A%0A%E2%80%A2%20Crunchyroll%20%E2%80%94%20Pantalla%20%7C%20*Pantalla%201*%20%7C%20vence%3A%2021%2F05%2F2026%0A%0A*La%20nueva%20contrase%C3%B1a%20es%3A*%20medcrunch34%40%20%0ANo%20la%20compartas%20con%20nadie%3B%20%C2%A1que%20est%C3%A9s%20s%C3%BAper%20bien!%0A*Recuerda%20tu%20pantalla%20es%20la%20que%20ves%20arriba%3B%20solo%20puedes%20utilizar%20esa.*%0A%0A%0ANOTA%3A*NO%20MODIFICAR%20LOS%20NUMEROS%20DEL%20PERFIL%2C%20USAR%20UNICAMENTE%20EL%20QUE%20SE%20LE%20ASIGNO%20SIN%20CAMBIARLO*%0APARA%20EVITAR%20CODIGOS%20DEBES%20BORRAR%20HISTORIAL%20Y%20COOKIES%20----%3E%20%20%20%20%0AEN%20CELULAR%3A%20https%3A%2F%2Fwww.youtube.com%2Fwatch%3Fv%3DrEsApVI1-lk%0AEN%20EL%20COMPUTADOR%3A%20https%3A%2F%2Fwww.youtube.com%2Fwatch%3Fv%3D2pYn4px0YWI
[2026-04-30T03:10:18.666Z] [STEP 7] ↪ asentando vista ~8s…
[2026-04-30T03:10:27.962Z] [STEP 8] ↩️ Enviado (Enter)
[2026-04-30T03:10:27.962Z]    ↪ post-send pause ~8s…
[2026-04-30T03:10:36.128Z] ⏳ Pausa entre mensajes: ~19s…
[2026-04-30T03:10:55.306Z] → [18/19] phone=573234603863 correo=vamoabesarnos@gmail.com plataforma_id=8 (Crunchyroll) servicio=Pantalla pantalla=2 vence=21/05/2026
[2026-04-30T03:10:55.313Z] [STEP 7] 🔁 Abriendo chat (intento 1/3) con: https://web.whatsapp.com/send?phone=573234603863&text=Hola%20!%2C%20te%20notificamos%20el%20*cambio%20de%20contrase%C3%B1a*%20asociado%20a%20tu%20correo%3A%20*vamoabesarnos%40gmail.com*.%0A%0A%E2%80%A2%20Crunchyroll%20%E2%80%94%20Pantalla%20%7C%20*Pantalla%202*%20%7C%20vence%3A%2021%2F05%2F2026%0A%0A*La%20nueva%20contrase%C3%B1a%20es%3A*%20medcrunch34%40%20%0ANo%20la%20compartas%20con%20nadie%3B%20%C2%A1que%20est%C3%A9s%20s%C3%BAper%20bien!%0A*Recuerda%20tu%20pantalla%20es%20la%20que%20ves%20arriba%3B%20solo%20puedes%20utilizar%20esa.*%0A%0A%0ANOTA%3A*NO%20MODIFICAR%20LOS%20NUMEROS%20DEL%20PERFIL%2C%20USAR%20UNICAMENTE%20EL%20QUE%20SE%20LE%20ASIGNO%20SIN%20CAMBIARLO*%0APARA%20EVITAR%20CODIGOS%20DEBES%20BORRAR%20HISTORIAL%20Y%20COOKIES%20----%3E%20%20%20%20%0AEN%20CELULAR%3A%20https%3A%2F%2Fwww.youtube.com%2Fwatch%3Fv%3DrEsApVI1-lk%0AEN%20EL%20COMPUTADOR%3A%20https%3A%2F%2Fwww.youtube.com%2Fwatch%3Fv%3D2pYn4px0YWI
[2026-04-30T03:10:55.849Z] [STEP 7] ↪ asentando vista ~8s…
[2026-04-30T03:11:05.535Z] [STEP 8] ↩️ Enviado (Enter)
[2026-04-30T03:11:05.536Z]    ↪ post-send pause ~8s…
[2026-04-30T03:11:13.855Z] ⏳ Pausa entre mensajes: ~17s…
[2026-04-30T03:11:31.161Z] → [19/19] phone=573502816735 correo=vamoabesarnos@gmail.com plataforma_id=8 (Crunchyroll) servicio=Pantalla pantalla=2 vence=20/05/2026
[2026-04-30T03:11:31.163Z] [STEP 7] 🔁 Abriendo chat (intento 1/3) con: https://web.whatsapp.com/send?phone=573502816735&text=Hola%20!%2C%20te%20notificamos%20el%20*cambio%20de%20contrase%C3%B1a*%20asociado%20a%20tu%20correo%3A%20*vamoabesarnos%40gmail.com*.%0A%0A%E2%80%A2%20Crunchyroll%20%E2%80%94%20Pantalla%20%7C%20*Pantalla%202*%20%7C%20vence%3A%2020%2F05%2F2026%0A%0A*La%20nueva%20contrase%C3%B1a%20es%3A*%20medcrunch34%40%20%0ANo%20la%20compartas%20con%20nadie%3B%20%C2%A1que%20est%C3%A9s%20s%C3%BAper%20bien!%0A*Recuerda%20tu%20pantalla%20es%20la%20que%20ves%20arriba%3B%20solo%20puedes%20utilizar%20esa.*%0A%0A%0ANOTA%3A*NO%20MODIFICAR%20LOS%20NUMEROS%20DEL%20PERFIL%2C%20USAR%20UNICAMENTE%20EL%20QUE%20SE%20LE%20ASIGNO%20SIN%20CAMBIARLO*%0APARA%20EVITAR%20CODIGOS%20DEBES%20BORRAR%20HISTORIAL%20Y%20COOKIES%20----%3E%20%20%20%20%0AEN%20CELULAR%3A%20https%3A%2F%2Fwww.youtube.com%2Fwatch%3Fv%3DrEsApVI1-lk%0AEN%20EL%20COMPUTADOR%3A%20https%3A%2F%2Fwww.youtube.com%2Fwatch%3Fv%3D2pYn4px0YWI
[2026-04-30T03:11:31.682Z] [STEP 7] ↪ asentando vista ~7s…
[2026-04-30T03:11:41.355Z] [STEP 8] ↩️ Enviado (Enter)
[2026-04-30T03:11:41.355Z]    ↪ post-send pause ~7s…
[2026-04-30T03:11:48.316Z] ✅ Notificaciones terminadas.
[2026-04-30T03:11:48.319Z] ℹ️ Navegador dejado abierto para revisión manual.
[2026-04-30T03:11:48.341Z] == fin notify-password-changes ==
[2026-05-01T01:19:47.753Z] LOG_FILE=C:\Users\Santiago\medplay\.logs\notify-password-changes.log
[2026-05-01T01:19:47.754Z] == inicio notify-password-changes ==
[2026-05-01T01:19:47.755Z] [STEP 1] items recibidos: 5
[2026-05-01T01:19:47.755Z] [STEP 2] Correos únicos=5 | plataforma_id únicos=4
[2026-05-01T01:19:47.756Z] [STEP 2] Time=1ms
[2026-05-01T01:19:47.786Z] [STEP 3] DB: conectado
[2026-05-01T01:19:47.809Z] [STEP 3] Filas obtenidas (futuras): 15
[2026-05-01T01:19:47.810Z] [STEP 3] Time=54ms
[2026-05-01T01:19:47.817Z] [STEP 4][RESUMEN] correo=medplay93+h5@gmail.com plataforma_id=3 (Disney) filas=4 phones=573116388530,573007573384,573207622972,573166982541
[2026-05-01T01:19:47.818Z] [STEP 4][RESUMEN] correo=medplay93+bad@gmail.com plataforma_id=5 (MAX) filas=3 phones=573202863553,573102239196,573157306507
[2026-05-01T01:19:47.818Z] [STEP 4][RESUMEN] correo=medplay93+qa8eh@gmail.com plataforma_id=9 (VIX) filas=2 phones=573134228773,573247726970
[2026-05-01T01:19:47.819Z] [STEP 4][RESUMEN] correo=crunxhymex@gmail.com plataforma_id=8 (Crunchyroll) filas=4 phones=573204354872,573046815972,573028220451,573205825365
[2026-05-01T01:19:47.819Z] [STEP 4][RESUMEN] correo=joisselumukanda188@hotmail.com plataforma_id=8 (Crunchyroll) filas=2 phones=573115624765,573027093640
[2026-05-01T01:19:47.819Z] [STEP 4] tasks=15 skippedPhone=0 skippedNoClave=0
[2026-05-01T01:19:47.819Z] [STEP 4] Time=9ms
[2026-05-01T01:19:47.819Z] [STEP 5] OK → hay tareas, continuamos a WA/CDP.
[2026-05-01T01:19:47.820Z] [STEP 6.1] START_SCRIPT=C:\Users\Santiago\medplay\scripts\start-edge-wa.bat
[2026-05-01T01:19:47.820Z] [STEP 6.1] Lanzando start-edge-wa.bat…
[2026-05-01T01:19:49.345Z] [STEP 6.2] Esperando CDP en 127.0.0.1:9222…
[2026-05-01T01:19:49.357Z] [STEP 6.2] CDP ok: true
[2026-05-01T01:19:52.414Z] [STEP 6.3] Preparando WhatsApp Web…
[2026-05-01T01:20:23.286Z] [STEP 6.3] ✅ WhatsApp Web listo.
[2026-05-01T01:20:23.286Z] [STEP 7] base gapEnv=12000ms
[2026-05-01T01:20:23.287Z] — BLOQUE — correo=crunxhymex@gmail.com | plataforma_id=8 (Crunchyroll)
[2026-05-01T01:20:23.288Z] → [1/15] phone=573028220451 correo=crunxhymex@gmail.com plataforma_id=8 (Crunchyroll) servicio=Pantalla pantalla=4 vence=29/05/2026
[2026-05-01T01:20:23.289Z] [STEP 7] 🔁 Abriendo chat (intento 1/3) con: https://web.whatsapp.com/send?phone=573028220451&text=Hola%20!%2C%20te%20notificamos%20el%20*cambio%20de%20contrase%C3%B1a*%20asociado%20a%20tu%20correo%3A%20*crunxhymex%40gmail.com*.%0A%0A%E2%80%A2%20Crunchyroll%20%E2%80%94%20Pantalla%20%7C%20*Pantalla%204*%20%7C%20vence%3A%2029%2F05%2F2026%0A%0A*La%20nueva%20contrase%C3%B1a%20es%3A*%20clapmed221%40%20%0ANo%20la%20compartas%20con%20nadie%3B%20%C2%A1que%20est%C3%A9s%20s%C3%BAper%20bien!%0A*Recuerda%20tu%20pantalla%20es%20la%20que%20ves%20arriba%3B%20solo%20puedes%20utilizar%20esa.*%0A%0A%0ANOTA%3A*NO%20MODIFICAR%20LOS%20NUMEROS%20DEL%20PERFIL%2C%20USAR%20UNICAMENTE%20EL%20QUE%20SE%20LE%20ASIGNO%20SIN%20CAMBIARLO*%0APARA%20EVITAR%20CODIGOS%20DEBES%20BORRAR%20HISTORIAL%20Y%20COOKIES%20----%3E%20%20%20%20%0AEN%20CELULAR%3A%20https%3A%2F%2Fwww.youtube.com%2Fwatch%3Fv%3DrEsApVI1-lk%0AEN%20EL%20COMPUTADOR%3A%20https%3A%2F%2Fwww.youtube.com%2Fwatch%3Fv%3D2pYn4px0YWI
[2026-05-01T01:20:24.239Z] [STEP 7] ↪ asentando vista ~8s…
[2026-05-01T01:20:39.822Z] [STEP 8] ↩️ Enviado (Enter)
[2026-05-01T01:20:39.828Z]    ↪ post-send pause ~9s…
[2026-05-01T01:20:48.924Z] ⏳ Pausa entre mensajes: ~16s…
[2026-05-01T01:21:05.409Z] → [2/15] phone=573046815972 correo=crunxhymex@gmail.com plataforma_id=8 (Crunchyroll) servicio=Pantalla pantalla=3 vence=29/05/2026
[2026-05-01T01:21:05.412Z] [STEP 7] 🔁 Abriendo chat (intento 1/3) con: https://web.whatsapp.com/send?phone=573046815972&text=Hola%20%2B57%2C%20te%20notificamos%20el%20*cambio%20de%20contrase%C3%B1a*%20asociado%20a%20tu%20correo%3A%20*crunxhymex%40gmail.com*.%0A%0A%E2%80%A2%20Crunchyroll%20%E2%80%94%20Pantalla%20%7C%20*Pantalla%203*%20%7C%20vence%3A%2029%2F05%2F2026%0A%0A*La%20nueva%20contrase%C3%B1a%20es%3A*%20clapmed221%40%20%0ANo%20la%20compartas%20con%20nadie%3B%20%C2%A1que%20est%C3%A9s%20s%C3%BAper%20bien!%0A*Recuerda%20tu%20pantalla%20es%20la%20que%20ves%20arriba%3B%20solo%20puedes%20utilizar%20esa.*%0A%0A%0ANOTA%3A*NO%20MODIFICAR%20LOS%20NUMEROS%20DEL%20PERFIL%2C%20USAR%20UNICAMENTE%20EL%20QUE%20SE%20LE%20ASIGNO%20SIN%20CAMBIARLO*%0APARA%20EVITAR%20CODIGOS%20DEBES%20BORRAR%20HISTORIAL%20Y%20COOKIES%20----%3E%20%20%20%20%0AEN%20CELULAR%3A%20https%3A%2F%2Fwww.youtube.com%2Fwatch%3Fv%3DrEsApVI1-lk%0AEN%20EL%20COMPUTADOR%3A%20https%3A%2F%2Fwww.youtube.com%2Fwatch%3Fv%3D2pYn4px0YWI
[2026-05-01T01:21:06.232Z] [STEP 7] ↪ asentando vista ~7s…
[2026-05-01T01:21:15.903Z] [STEP 8] ↩️ Enviado (Enter)
[2026-05-01T01:21:15.904Z]    ↪ post-send pause ~8s…
[2026-05-01T01:21:24.079Z] ⏳ Pausa entre mensajes: ~17s…
[2026-05-01T01:21:41.052Z] → [3/15] phone=573204354872 correo=crunxhymex@gmail.com plataforma_id=8 (Crunchyroll) servicio=Pantalla pantalla=1 vence=29/05/2026
[2026-05-01T01:21:41.053Z] [STEP 7] 🔁 Abriendo chat (intento 1/3) con: https://web.whatsapp.com/send?phone=573204354872&text=Hola%20jhoel%2C%20te%20notificamos%20el%20*cambio%20de%20contrase%C3%B1a*%20asociado%20a%20tu%20correo%3A%20*crunxhymex%40gmail.com*.%0A%0A%E2%80%A2%20Crunchyroll%20%E2%80%94%20Pantalla%20%7C%20*Pantalla%201*%20%7C%20vence%3A%2029%2F05%2F2026%0A%0A*La%20nueva%20contrase%C3%B1a%20es%3A*%20clapmed221%40%20%0ANo%20la%20compartas%20con%20nadie%3B%20%C2%A1que%20est%C3%A9s%20s%C3%BAper%20bien!%0A*Recuerda%20tu%20pantalla%20es%20la%20que%20ves%20arriba%3B%20solo%20puedes%20utilizar%20esa.*%0A%0A%0ANOTA%3A*NO%20MODIFICAR%20LOS%20NUMEROS%20DEL%20PERFIL%2C%20USAR%20UNICAMENTE%20EL%20QUE%20SE%20LE%20ASIGNO%20SIN%20CAMBIARLO*%0APARA%20EVITAR%20CODIGOS%20DEBES%20BORRAR%20HISTORIAL%20Y%20COOKIES%20----%3E%20%20%20%20%0AEN%20CELULAR%3A%20https%3A%2F%2Fwww.youtube.com%2Fwatch%3Fv%3DrEsApVI1-lk%0AEN%20EL%20COMPUTADOR%3A%20https%3A%2F%2Fwww.youtube.com%2Fwatch%3Fv%3D2pYn4px0YWI
[2026-05-01T01:21:41.624Z] [STEP 7] ↪ asentando vista ~6s…
[2026-05-01T01:21:53.494Z] [STEP 8] ↩️ Enviado (Enter)
[2026-05-01T01:21:53.494Z]    ↪ post-send pause ~8s…
[2026-05-01T01:22:01.187Z] ⏳ Pausa entre mensajes: ~19s…
[2026-05-01T01:22:19.901Z] → [4/15] phone=573205825365 correo=crunxhymex@gmail.com plataforma_id=8 (Crunchyroll) servicio=Pantalla pantalla=6 vence=08/05/2026
[2026-05-01T01:22:19.903Z] [STEP 7] 🔁 Abriendo chat (intento 1/3) con: https://web.whatsapp.com/send?phone=573205825365&text=Hola%20%2B57%2C%20te%20notificamos%20el%20*cambio%20de%20contrase%C3%B1a*%20asociado%20a%20tu%20correo%3A%20*crunxhymex%40gmail.com*.%0A%0A%E2%80%A2%20Crunchyroll%20%E2%80%94%20Pantalla%20%7C%20*Pantalla%206*%20%7C%20vence%3A%2008%2F05%2F2026%0A%0A*La%20nueva%20contrase%C3%B1a%20es%3A*%20clapmed221%40%20%0ANo%20la%20compartas%20con%20nadie%3B%20%C2%A1que%20est%C3%A9s%20s%C3%BAper%20bien!%0A*Recuerda%20tu%20pantalla%20es%20la%20que%20ves%20arriba%3B%20solo%20puedes%20utilizar%20esa.*%0A%0A%0ANOTA%3A*NO%20MODIFICAR%20LOS%20NUMEROS%20DEL%20PERFIL%2C%20USAR%20UNICAMENTE%20EL%20QUE%20SE%20LE%20ASIGNO%20SIN%20CAMBIARLO*%0APARA%20EVITAR%20CODIGOS%20DEBES%20BORRAR%20HISTORIAL%20Y%20COOKIES%20----%3E%20%20%20%20%0AEN%20CELULAR%3A%20https%3A%2F%2Fwww.youtube.com%2Fwatch%3Fv%3DrEsApVI1-lk%0AEN%20EL%20COMPUTADOR%3A%20https%3A%2F%2Fwww.youtube.com%2Fwatch%3Fv%3D2pYn4px0YWI
[2026-05-01T01:22:22.580Z] [STEP 7] ↪ asentando vista ~7s…
[2026-05-01T01:22:33.274Z] [STEP 8] ↩️ Enviado (Enter)
[2026-05-01T01:22:33.275Z]    ↪ post-send pause ~9s…
[2026-05-01T01:22:42.370Z] ⏳ Pausa entre mensajes: ~17s…
[2026-05-01T01:22:59.640Z] — BLOQUE — correo=joisselumukanda188@hotmail.com | plataforma_id=8 (Crunchyroll)
[2026-05-01T01:22:59.642Z] → [5/15] phone=573027093640 correo=joisselumukanda188@hotmail.com plataforma_id=8 (Crunchyroll) servicio=Pantalla pantalla=6 vence=08/05/2026
[2026-05-01T01:22:59.643Z] [STEP 7] 🔁 Abriendo chat (intento 1/3) con: https://web.whatsapp.com/send?phone=573027093640&text=Hola%20Juanes%2C%20te%20notificamos%20el%20*cambio%20de%20contrase%C3%B1a*%20asociado%20a%20tu%20correo%3A%20*joisselumukanda188%40hotmail.com*.%0A%0A%E2%80%A2%20Crunchyroll%20%E2%80%94%20Pantalla%20%7C%20*Pantalla%206*%20%7C%20vence%3A%2008%2F05%2F2026%0A%0A*La%20nueva%20contrase%C3%B1a%20es%3A*%20medcrunch11%40%20%0ANo%20la%20compartas%20con%20nadie%3B%20%C2%A1que%20est%C3%A9s%20s%C3%BAper%20bien!%0A*Recuerda%20tu%20pantalla%20es%20la%20que%20ves%20arriba%3B%20solo%20puedes%20utilizar%20esa.*%0A%0A%0ANOTA%3A*NO%20MODIFICAR%20LOS%20NUMEROS%20DEL%20PERFIL%2C%20USAR%20UNICAMENTE%20EL%20QUE%20SE%20LE%20ASIGNO%20SIN%20CAMBIARLO*%0APARA%20EVITAR%20CODIGOS%20DEBES%20BORRAR%20HISTORIAL%20Y%20COOKIES%20----%3E%20%20%20%20%0AEN%20CELULAR%3A%20https%3A%2F%2Fwww.youtube.com%2Fwatch%3Fv%3DrEsApVI1-lk%0AEN%20EL%20COMPUTADOR%3A%20https%3A%2F%2Fwww.youtube.com%2Fwatch%3Fv%3D2pYn4px0YWI
[2026-05-01T01:23:01.205Z] [STEP 7] ↪ asentando vista ~8s…
[2026-05-01T01:23:12.357Z] [STEP 8] ↩️ Enviado (Enter)
[2026-05-01T01:23:12.358Z]    ↪ post-send pause ~6s…
[2026-05-01T01:23:18.855Z] ⏳ Pausa entre mensajes: ~18s…
[2026-05-01T01:23:36.920Z] → [6/15] phone=573115624765 correo=joisselumukanda188@hotmail.com plataforma_id=8 (Crunchyroll) servicio=Pantalla pantalla=5 vence=01/05/2026
[2026-05-01T01:23:36.923Z] [STEP 7] 🔁 Abriendo chat (intento 1/3) con: https://web.whatsapp.com/send?phone=573115624765&text=Hola%20YONATHAN%2C%20te%20notificamos%20el%20*cambio%20de%20contrase%C3%B1a*%20asociado%20a%20tu%20correo%3A%20*joisselumukanda188%40hotmail.com*.%0A%0A%E2%80%A2%20Crunchyroll%20%E2%80%94%20Pantalla%20%7C%20*Pantalla%205*%20%7C%20vence%3A%2001%2F05%2F2026%0A%0A*La%20nueva%20contrase%C3%B1a%20es%3A*%20medcrunch11%40%20%0ANo%20la%20compartas%20con%20nadie%3B%20%C2%A1que%20est%C3%A9s%20s%C3%BAper%20bien!%0A*Recuerda%20tu%20pantalla%20es%20la%20que%20ves%20arriba%3B%20solo%20puedes%20utilizar%20esa.*%0A%0A%0ANOTA%3A*NO%20MODIFICAR%20LOS%20NUMEROS%20DEL%20PERFIL%2C%20USAR%20UNICAMENTE%20EL%20QUE%20SE%20LE%20ASIGNO%20SIN%20CAMBIARLO*%0APARA%20EVITAR%20CODIGOS%20DEBES%20BORRAR%20HISTORIAL%20Y%20COOKIES%20----%3E%20%20%20%20%0AEN%20CELULAR%3A%20https%3A%2F%2Fwww.youtube.com%2Fwatch%3Fv%3DrEsApVI1-lk%0AEN%20EL%20COMPUTADOR%3A%20https%3A%2F%2Fwww.youtube.com%2Fwatch%3Fv%3D2pYn4px0YWI
[2026-05-01T01:23:42.206Z] [STEP 7] ↪ asentando vista ~6s…
[2026-05-01T01:23:52.254Z] [STEP 8] ↩️ Enviado (Enter)
[2026-05-01T01:23:52.255Z]    ↪ post-send pause ~9s…
[2026-05-01T01:24:00.791Z] ⏳ Pausa entre mensajes: ~19s…
[2026-05-01T01:24:19.796Z] — BLOQUE — correo=medplay93+bad@gmail.com | plataforma_id=5 (MAX)
[2026-05-01T01:24:19.797Z] → [7/15] phone=573102239196 correo=medplay93+bad@gmail.com plataforma_id=5 (MAX) servicio=Pantalla pantalla=2 vence=13/05/2026
[2026-05-01T01:24:19.798Z] [STEP 7] 🔁 Abriendo chat (intento 1/3) con: https://web.whatsapp.com/send?phone=573102239196&text=Hola%20!%2C%20te%20notificamos%20el%20*cambio%20de%20contrase%C3%B1a*%20asociado%20a%20tu%20correo%3A%20*medplay93%2Bbad%40gmail.com*.%0A%0A%E2%80%A2%20MAX%20%E2%80%94%20Pantalla%20%7C%20*Pantalla%202*%20%7C%20vence%3A%2013%2F05%2F2026%0A%0A*La%20nueva%20contrase%C3%B1a%20es%3A*%20medcrunch11%40%20%0ANo%20la%20compartas%20con%20nadie%3B%20%C2%A1que%20est%C3%A9s%20s%C3%BAper%20bien!%0A*Recuerda%20tu%20pantalla%20es%20la%20que%20ves%20arriba%3B%20solo%20puedes%20utilizar%20esa.*%0A%0A%0ANOTA%3A*NO%20MODIFICAR%20LOS%20NUMEROS%20DEL%20PERFIL%2C%20USAR%20UNICAMENTE%20EL%20QUE%20SE%20LE%20ASIGNO%20SIN%20CAMBIARLO*%0APARA%20EVITAR%20CODIGOS%20DEBES%20BORRAR%20HISTORIAL%20Y%20COOKIES%20----%3E%20%20%20%20%0AEN%20CELULAR%3A%20https%3A%2F%2Fwww.youtube.com%2Fwatch%3Fv%3DrEsApVI1-lk%0AEN%20EL%20COMPUTADOR%3A%20https%3A%2F%2Fwww.youtube.com%2Fwatch%3Fv%3D2pYn4px0YWI
[2026-05-01T01:24:23.599Z] [STEP 7] ↪ asentando vista ~7s…
[2026-05-01T01:24:33.695Z] [STEP 8] ↩️ Enviado (Enter)
[2026-05-01T01:24:33.696Z]    ↪ post-send pause ~9s…
[2026-05-01T01:24:42.239Z] ⏳ Pausa entre mensajes: ~21s…
[2026-05-01T01:25:03.163Z] → [8/15] phone=573157306507 correo=medplay93+bad@gmail.com plataforma_id=5 (MAX) servicio=Pantalla pantalla=4 vence=27/05/2026
[2026-05-01T01:25:03.164Z] [STEP 7] 🔁 Abriendo chat (intento 1/3) con: https://web.whatsapp.com/send?phone=573157306507&text=Hola%20Sara%2C%20te%20notificamos%20el%20*cambio%20de%20contrase%C3%B1a*%20asociado%20a%20tu%20correo%3A%20*medplay93%2Bbad%40gmail.com*.%0A%0A%E2%80%A2%20MAX%20%E2%80%94%20Pantalla%20%7C%20*Pantalla%204*%20%7C%20vence%3A%2027%2F05%2F2026%0A%0A*La%20nueva%20contrase%C3%B1a%20es%3A*%20medcrunch11%40%20%0ANo%20la%20compartas%20con%20nadie%3B%20%C2%A1que%20est%C3%A9s%20s%C3%BAper%20bien!%0A*Recuerda%20tu%20pantalla%20es%20la%20que%20ves%20arriba%3B%20solo%20puedes%20utilizar%20esa.*%0A%0A%0ANOTA%3A*NO%20MODIFICAR%20LOS%20NUMEROS%20DEL%20PERFIL%2C%20USAR%20UNICAMENTE%20EL%20QUE%20SE%20LE%20ASIGNO%20SIN%20CAMBIARLO*%0APARA%20EVITAR%20CODIGOS%20DEBES%20BORRAR%20HISTORIAL%20Y%20COOKIES%20----%3E%20%20%20%20%0AEN%20CELULAR%3A%20https%3A%2F%2Fwww.youtube.com%2Fwatch%3Fv%3DrEsApVI1-lk%0AEN%20EL%20COMPUTADOR%3A%20https%3A%2F%2Fwww.youtube.com%2Fwatch%3Fv%3D2pYn4px0YWI
[2026-05-01T01:25:04.018Z] [STEP 7] ↪ asentando vista ~8s…
[2026-05-01T01:25:16.818Z] [STEP 8] ↩️ Enviado (Enter)
[2026-05-01T01:25:16.819Z]    ↪ post-send pause ~7s…
[2026-05-01T01:25:23.525Z] ⏳ Pausa entre mensajes: ~20s…
[2026-05-01T01:25:43.718Z] → [9/15] phone=573202863553 correo=medplay93+bad@gmail.com plataforma_id=5 (MAX) servicio=Pantalla pantalla=3 vence=11/07/2026
[2026-05-01T01:25:43.720Z] [STEP 7] 🔁 Abriendo chat (intento 1/3) con: https://web.whatsapp.com/send?phone=573202863553&text=Hola%20!%2C%20te%20notificamos%20el%20*cambio%20de%20contrase%C3%B1a*%20asociado%20a%20tu%20correo%3A%20*medplay93%2Bbad%40gmail.com*.%0A%0A%E2%80%A2%20MAX%20%E2%80%94%20Pantalla%20%7C%20*Pantalla%203*%20%7C%20vence%3A%2011%2F07%2F2026%0A%0A*La%20nueva%20contrase%C3%B1a%20es%3A*%20medcrunch11%40%20%0ANo%20la%20compartas%20con%20nadie%3B%20%C2%A1que%20est%C3%A9s%20s%C3%BAper%20bien!%0A*Recuerda%20tu%20pantalla%20es%20la%20que%20ves%20arriba%3B%20solo%20puedes%20utilizar%20esa.*%0A%0A%0ANOTA%3A*NO%20MODIFICAR%20LOS%20NUMEROS%20DEL%20PERFIL%2C%20USAR%20UNICAMENTE%20EL%20QUE%20SE%20LE%20ASIGNO%20SIN%20CAMBIARLO*%0APARA%20EVITAR%20CODIGOS%20DEBES%20BORRAR%20HISTORIAL%20Y%20COOKIES%20----%3E%20%20%20%20%0AEN%20CELULAR%3A%20https%3A%2F%2Fwww.youtube.com%2Fwatch%3Fv%3DrEsApVI1-lk%0AEN%20EL%20COMPUTADOR%3A%20https%3A%2F%2Fwww.youtube.com%2Fwatch%3Fv%3D2pYn4px0YWI
[2026-05-01T01:25:44.590Z] [STEP 7] ↪ asentando vista ~7s…
[2026-05-01T01:25:56.030Z] [STEP 8] ↩️ Enviado (Enter)
[2026-05-01T01:25:56.031Z]    ↪ post-send pause ~8s…
[2026-05-01T01:26:03.803Z] ⏳ Pausa entre mensajes: ~17s…
[2026-05-01T01:26:20.318Z] — BLOQUE — correo=medplay93+h5@gmail.com | plataforma_id=3 (Disney)
[2026-05-01T01:26:20.321Z] → [10/15] phone=573007573384 correo=medplay93+h5@gmail.com plataforma_id=3 (Disney) servicio=Pantalla pantalla=2 vence=20/05/2026
[2026-05-01T01:26:20.322Z] [STEP 7] 🔁 Abriendo chat (intento 1/3) con: https://web.whatsapp.com/send?phone=573007573384&text=Hola%20!%2C%20te%20notificamos%20el%20*cambio%20de%20contrase%C3%B1a*%20asociado%20a%20tu%20correo%3A%20*medplay93%2Bh5%40gmail.com*.%0A%0A%E2%80%A2%20Disney%20%E2%80%94%20Pantalla%20%7C%20*Pantalla%202*%20%7C%20vence%3A%2020%2F05%2F2026%0A%0A*La%20nueva%20contrase%C3%B1a%20es%3A*%20medcrunch11%40%20%0ANo%20la%20compartas%20con%20nadie%3B%20%C2%A1que%20est%C3%A9s%20s%C3%BAper%20bien!%0A*Recuerda%20tu%20pantalla%20es%20la%20que%20ves%20arriba%3B%20solo%20puedes%20utilizar%20esa.*%0A%0A%0ANOTA%3A*NO%20MODIFICAR%20LOS%20NUMEROS%20DEL%20PERFIL%2C%20USAR%20UNICAMENTE%20EL%20QUE%20SE%20LE%20ASIGNO%20SIN%20CAMBIARLO*%0APARA%20EVITAR%20CODIGOS%20DEBES%20BORRAR%20HISTORIAL%20Y%20COOKIES%20----%3E%20%20%20%20%0AEN%20CELULAR%3A%20https%3A%2F%2Fwww.youtube.com%2Fwatch%3Fv%3DrEsApVI1-lk%0AEN%20EL%20COMPUTADOR%3A%20https%3A%2F%2Fwww.youtube.com%2Fwatch%3Fv%3D2pYn4px0YWI
[2026-05-01T01:26:22.546Z] [STEP 7] ↪ asentando vista ~9s…
[2026-05-01T01:26:33.286Z] [STEP 8] ↩️ Enviado (Enter)
[2026-05-01T01:26:33.287Z]    ↪ post-send pause ~9s…
[2026-05-01T01:26:42.309Z] ⏳ Pausa entre mensajes: ~19s…
[2026-05-01T01:27:01.637Z] → [11/15] phone=573116388530 correo=medplay93+h5@gmail.com plataforma_id=3 (Disney) servicio=Pantalla pantalla=1 vence=17/05/2026
[2026-05-01T01:27:01.639Z] [STEP 7] 🔁 Abriendo chat (intento 1/3) con: https://web.whatsapp.com/send?phone=573116388530&text=Hola%20Luigi%2C%20te%20notificamos%20el%20*cambio%20de%20contrase%C3%B1a*%20asociado%20a%20tu%20correo%3A%20*medplay93%2Bh5%40gmail.com*.%0A%0A%E2%80%A2%20Disney%20%E2%80%94%20Pantalla%20%7C%20*Pantalla%201*%20%7C%20vence%3A%2017%2F05%2F2026%0A%0A*La%20nueva%20contrase%C3%B1a%20es%3A*%20medcrunch11%40%20%0ANo%20la%20compartas%20con%20nadie%3B%20%C2%A1que%20est%C3%A9s%20s%C3%BAper%20bien!%0A*Recuerda%20tu%20pantalla%20es%20la%20que%20ves%20arriba%3B%20solo%20puedes%20utilizar%20esa.*%0A%0A%0ANOTA%3A*NO%20MODIFICAR%20LOS%20NUMEROS%20DEL%20PERFIL%2C%20USAR%20UNICAMENTE%20EL%20QUE%20SE%20LE%20ASIGNO%20SIN%20CAMBIARLO*%0APARA%20EVITAR%20CODIGOS%20DEBES%20BORRAR%20HISTORIAL%20Y%20COOKIES%20----%3E%20%20%20%20%0AEN%20CELULAR%3A%20https%3A%2F%2Fwww.youtube.com%2Fwatch%3Fv%3DrEsApVI1-lk%0AEN%20EL%20COMPUTADOR%3A%20https%3A%2F%2Fwww.youtube.com%2Fwatch%3Fv%3D2pYn4px0YWI
[2026-05-01T01:27:04.892Z] [STEP 7] ↪ asentando vista ~10s…
[2026-05-01T01:27:16.532Z] [STEP 8] ↩️ Enviado (Enter)
[2026-05-01T01:27:16.533Z]    ↪ post-send pause ~9s…
[2026-05-01T01:27:25.381Z] ⏳ Pausa entre mensajes: ~19s…
[2026-05-01T01:27:44.401Z] → [12/15] phone=573166982541 correo=medplay93+h5@gmail.com plataforma_id=3 (Disney) servicio=Pantalla pantalla=4 vence=28/05/2026
[2026-05-01T01:27:44.403Z] [STEP 7] 🔁 Abriendo chat (intento 1/3) con: https://web.whatsapp.com/send?phone=573166982541&text=Hola%20!%2C%20te%20notificamos%20el%20*cambio%20de%20contrase%C3%B1a*%20asociado%20a%20tu%20correo%3A%20*medplay93%2Bh5%40gmail.com*.%0A%0A%E2%80%A2%20Disney%20%E2%80%94%20Pantalla%20%7C%20*Pantalla%204*%20%7C%20vence%3A%2028%2F05%2F2026%0A%0A*La%20nueva%20contrase%C3%B1a%20es%3A*%20medcrunch11%40%20%0ANo%20la%20compartas%20con%20nadie%3B%20%C2%A1que%20est%C3%A9s%20s%C3%BAper%20bien!%0A*Recuerda%20tu%20pantalla%20es%20la%20que%20ves%20arriba%3B%20solo%20puedes%20utilizar%20esa.*%0A%0A%0ANOTA%3A*NO%20MODIFICAR%20LOS%20NUMEROS%20DEL%20PERFIL%2C%20USAR%20UNICAMENTE%20EL%20QUE%20SE%20LE%20ASIGNO%20SIN%20CAMBIARLO*%0APARA%20EVITAR%20CODIGOS%20DEBES%20BORRAR%20HISTORIAL%20Y%20COOKIES%20----%3E%20%20%20%20%0AEN%20CELULAR%3A%20https%3A%2F%2Fwww.youtube.com%2Fwatch%3Fv%3DrEsApVI1-lk%0AEN%20EL%20COMPUTADOR%3A%20https%3A%2F%2Fwww.youtube.com%2Fwatch%3Fv%3D2pYn4px0YWI
[2026-05-01T01:27:45.101Z] [STEP 7] ↪ asentando vista ~9s…
[2026-05-01T01:27:56.783Z] [STEP 8] ↩️ Enviado (Enter)
[2026-05-01T01:27:56.784Z]    ↪ post-send pause ~7s…
[2026-05-01T01:28:03.440Z] ⏳ Pausa entre mensajes: ~16s…
[2026-05-01T01:28:19.817Z] → [13/15] phone=573207622972 correo=medplay93+h5@gmail.com plataforma_id=3 (Disney) servicio=Pantalla pantalla=3 vence=27/05/2026
[2026-05-01T01:28:19.818Z] [STEP 7] 🔁 Abriendo chat (intento 1/3) con: https://web.whatsapp.com/send?phone=573207622972&text=Hola%20!%2C%20te%20notificamos%20el%20*cambio%20de%20contrase%C3%B1a*%20asociado%20a%20tu%20correo%3A%20*medplay93%2Bh5%40gmail.com*.%0A%0A%E2%80%A2%20Disney%20%E2%80%94%20Pantalla%20%7C%20*Pantalla%203*%20%7C%20vence%3A%2027%2F05%2F2026%0A%0A*La%20nueva%20contrase%C3%B1a%20es%3A*%20medcrunch11%40%20%0ANo%20la%20compartas%20con%20nadie%3B%20%C2%A1que%20est%C3%A9s%20s%C3%BAper%20bien!%0A*Recuerda%20tu%20pantalla%20es%20la%20que%20ves%20arriba%3B%20solo%20puedes%20utilizar%20esa.*%0A%0A%0ANOTA%3A*NO%20MODIFICAR%20LOS%20NUMEROS%20DEL%20PERFIL%2C%20USAR%20UNICAMENTE%20EL%20QUE%20SE%20LE%20ASIGNO%20SIN%20CAMBIARLO*%0APARA%20EVITAR%20CODIGOS%20DEBES%20BORRAR%20HISTORIAL%20Y%20COOKIES%20----%3E%20%20%20%20%0AEN%20CELULAR%3A%20https%3A%2F%2Fwww.youtube.com%2Fwatch%3Fv%3DrEsApVI1-lk%0AEN%20EL%20COMPUTADOR%3A%20https%3A%2F%2Fwww.youtube.com%2Fwatch%3Fv%3D2pYn4px0YWI
[2026-05-01T01:28:20.572Z] [STEP 7] ↪ asentando vista ~9s…
[2026-05-01T01:28:32.078Z] [STEP 8] ↩️ Enviado (Enter)
[2026-05-01T01:28:32.079Z]    ↪ post-send pause ~7s…
[2026-05-01T01:28:38.786Z] ⏳ Pausa entre mensajes: ~18s…
[2026-05-01T01:28:56.500Z] — BLOQUE — correo=medplay93+qa8eh@gmail.com | plataforma_id=9 (VIX)
[2026-05-01T01:28:56.503Z] → [14/15] phone=573134228773 correo=medplay93+qa8eh@gmail.com plataforma_id=9 (VIX) servicio=Pantalla pantalla=2 vence=13/05/2026
[2026-05-01T01:28:56.503Z] [STEP 7] 🔁 Abriendo chat (intento 1/3) con: https://web.whatsapp.com/send?phone=573134228773&text=Hola%20%2B573134228773%2C%20te%20notificamos%20el%20*cambio%20de%20contrase%C3%B1a*%20asociado%20a%20tu%20correo%3A%20*medplay93%2Bqa8eh%40gmail.com*.%0A%0A%E2%80%A2%20VIX%20%E2%80%94%20Pantalla%20%7C%20*Pantalla%202*%20%7C%20vence%3A%2013%2F05%2F2026%0A%0A*La%20nueva%20contrase%C3%B1a%20es%3A*%20medolay12%40%20%0ANo%20la%20compartas%20con%20nadie%3B%20%C2%A1que%20est%C3%A9s%20s%C3%BAper%20bien!%0A*Recuerda%20tu%20pantalla%20es%20la%20que%20ves%20arriba%3B%20solo%20puedes%20utilizar%20esa.*%0A%0A%0ANOTA%3A*NO%20MODIFICAR%20LOS%20NUMEROS%20DEL%20PERFIL%2C%20USAR%20UNICAMENTE%20EL%20QUE%20SE%20LE%20ASIGNO%20SIN%20CAMBIARLO*%0APARA%20EVITAR%20CODIGOS%20DEBES%20BORRAR%20HISTORIAL%20Y%20COOKIES%20----%3E%20%20%20%20%0AEN%20CELULAR%3A%20https%3A%2F%2Fwww.youtube.com%2Fwatch%3Fv%3DrEsApVI1-lk%0AEN%20EL%20COMPUTADOR%3A%20https%3A%2F%2Fwww.youtube.com%2Fwatch%3Fv%3D2pYn4px0YWI
[2026-05-01T01:28:57.389Z] [STEP 7] ↪ asentando vista ~9s…
[2026-05-01T01:29:09.262Z] [STEP 8] ↩️ Enviado (Enter)
[2026-05-01T01:29:09.263Z]    ↪ post-send pause ~10s…
[2026-05-01T01:29:18.992Z] ⏳ Pausa entre mensajes: ~16s…
[2026-05-01T01:29:35.414Z] → [15/15] phone=573247726970 correo=medplay93+qa8eh@gmail.com plataforma_id=9 (VIX) servicio=Pantalla pantalla=5 vence=03/05/2026
[2026-05-01T01:29:35.415Z] [STEP 7] 🔁 Abriendo chat (intento 1/3) con: https://web.whatsapp.com/send?phone=573247726970&text=Hola%20!%2C%20te%20notificamos%20el%20*cambio%20de%20contrase%C3%B1a*%20asociado%20a%20tu%20correo%3A%20*medplay93%2Bqa8eh%40gmail.com*.%0A%0A%E2%80%A2%20VIX%20%E2%80%94%20Pantalla%20%7C%20*Pantalla%205*%20%7C%20vence%3A%2003%2F05%2F2026%0A%0A*La%20nueva%20contrase%C3%B1a%20es%3A*%20medolay12%40%20%0ANo%20la%20compartas%20con%20nadie%3B%20%C2%A1que%20est%C3%A9s%20s%C3%BAper%20bien!%0A*Recuerda%20tu%20pantalla%20es%20la%20que%20ves%20arriba%3B%20solo%20puedes%20utilizar%20esa.*%0A%0A%0ANOTA%3A*NO%20MODIFICAR%20LOS%20NUMEROS%20DEL%20PERFIL%2C%20USAR%20UNICAMENTE%20EL%20QUE%20SE%20LE%20ASIGNO%20SIN%20CAMBIARLO*%0APARA%20EVITAR%20CODIGOS%20DEBES%20BORRAR%20HISTORIAL%20Y%20COOKIES%20----%3E%20%20%20%20%0AEN%20CELULAR%3A%20https%3A%2F%2Fwww.youtube.com%2Fwatch%3Fv%3DrEsApVI1-lk%0AEN%20EL%20COMPUTADOR%3A%20https%3A%2F%2Fwww.youtube.com%2Fwatch%3Fv%3D2pYn4px0YWI
[2026-05-01T01:29:37.294Z] [STEP 7] ↪ asentando vista ~7s…
[2026-05-01T01:29:48.063Z] [STEP 8] ↩️ Enviado (Enter)
[2026-05-01T01:29:48.064Z]    ↪ post-send pause ~10s…
[2026-05-01T01:29:58.053Z] ✅ Notificaciones terminadas.
[2026-05-01T01:29:58.055Z] ℹ️ Navegador dejado abierto para revisión manual.
[2026-05-01T01:29:58.058Z] == fin notify-password-changes ==
[2026-05-01T19:41:29.614Z] LOG_FILE=C:\Users\Santiago\medplay\.logs\notify-password-changes.log
[2026-05-01T19:41:29.615Z] == inicio notify-password-changes ==
[2026-05-01T19:41:29.616Z] [STEP 1] items recibidos: 7
[2026-05-01T19:41:29.616Z] [STEP 2] Correos únicos=7 | plataforma_id únicos=5
[2026-05-01T19:41:29.616Z] [STEP 2] Time=1ms
[2026-05-01T19:41:29.649Z] [STEP 3] DB: conectado
[2026-05-01T19:41:29.683Z] [STEP 3] Filas obtenidas (futuras): 29
[2026-05-01T19:41:29.683Z] [STEP 3] Time=67ms
[2026-05-01T19:41:29.691Z] [STEP 4][RESUMEN] correo=mxreya44@gmail.com plataforma_id=1 (Amazon) filas=6 phones=573157306507,573114334872,573148385983,573247726970,573126652559,573002955519
[2026-05-01T19:41:29.691Z] [STEP 4][RESUMEN] correo=medplay93+dis5@gmail.com plataforma_id=3 (Disney) filas=7 phones=573128096569,573245014566,573206193252,573177286450,573196281142,573184110606,573136201571
[2026-05-01T19:41:29.691Z] [STEP 4][RESUMEN] correo=medplay93+gil@gmail.com plataforma_id=5 (MAX) filas=2 phones=573057779193,573246578668
[2026-05-01T19:41:29.692Z] [STEP 4][RESUMEN] correo=medplay93+bad@gmail.com plataforma_id=5 (MAX) filas=3 phones=573202863553,573102239196,573157306507
[2026-05-01T19:41:29.692Z] [STEP 4][RESUMEN] correo=crunchmed419@gmail.com plataforma_id=8 (Crunchyroll) filas=1 phones=573027093640
[2026-05-01T19:41:29.692Z] [STEP 4][RESUMEN] correo=paige9498freda2001+2@outlook.com plataforma_id=2 (Netflix) filas=3 phones=573222959907,573007688866,573107366652
[2026-05-01T19:41:29.692Z] [STEP 4][RESUMEN] correo=g83356714@gmail.com plataforma_id=8 (Crunchyroll) filas=7 phones=573505460738,573105587349,573158771114,573161488859,573045601999,573026064341,573011051728
[2026-05-01T19:41:29.693Z] [STEP 4] tasks=29 skippedPhone=0 skippedNoClave=0
[2026-05-01T19:41:29.693Z] [STEP 4] Time=9ms
[2026-05-01T19:41:29.693Z] [STEP 5] OK → hay tareas, continuamos a WA/CDP.
[2026-05-01T19:41:29.694Z] [STEP 6.1] START_SCRIPT=C:\Users\Santiago\medplay\scripts\start-edge-wa.bat
[2026-05-01T19:41:29.694Z] [STEP 6.1] Lanzando start-edge-wa.bat…
[2026-05-01T19:41:31.213Z] [STEP 6.2] Esperando CDP en 127.0.0.1:9222…
[2026-05-01T19:41:31.220Z] [STEP 6.2] CDP ok: true
[2026-05-01T19:41:34.284Z] [STEP 6.3] Preparando WhatsApp Web…
[2026-05-01T19:42:02.411Z] [STEP 6.3] ✅ WhatsApp Web listo.
[2026-05-01T19:42:02.411Z] [STEP 7] base gapEnv=12000ms
[2026-05-01T19:42:02.412Z] — BLOQUE — correo=crunchmed419@gmail.com | plataforma_id=8 (Crunchyroll)
[2026-05-01T19:42:02.413Z] → [1/29] phone=573027093640 correo=crunchmed419@gmail.com plataforma_id=8 (Crunchyroll) servicio=Pantalla pantalla=6 vence=08/05/2026
[2026-05-01T19:42:02.414Z] [STEP 7] 🔁 Abriendo chat (intento 1/3) con: https://web.whatsapp.com/send?phone=573027093640&text=Hola%20Juanes%2C%20te%20notificamos%20el%20*cambio%20de%20contrase%C3%B1a*%20asociado%20a%20tu%20correo%3A%20*crunchmed419%40gmail.com*.%0A%0A%E2%80%A2%20Crunchyroll%20%E2%80%94%20Pantalla%20%7C%20*Pantalla%206*%20%7C%20vence%3A%2008%2F05%2F2026%0A%0A*La%20nueva%20contrase%C3%B1a%20es%3A*%20medcrun44%40%20%0ANo%20la%20compartas%20con%20nadie%3B%20%C2%A1que%20est%C3%A9s%20s%C3%BAper%20bien!%0A*Recuerda%20tu%20pantalla%20es%20la%20que%20ves%20arriba%3B%20solo%20puedes%20utilizar%20esa.*%0A%0A%0ANOTA%3A*NO%20MODIFICAR%20LOS%20NUMEROS%20DEL%20PERFIL%2C%20USAR%20UNICAMENTE%20EL%20QUE%20SE%20LE%20ASIGNO%20SIN%20CAMBIARLO*%0APARA%20EVITAR%20CODIGOS%20DEBES%20BORRAR%20HISTORIAL%20Y%20COOKIES%20----%3E%20%20%20%20%0AEN%20CELULAR%3A%20https%3A%2F%2Fwww.youtube.com%2Fwatch%3Fv%3DrEsApVI1-lk%0AEN%20EL%20COMPUTADOR%3A%20https%3A%2F%2Fwww.youtube.com%2Fwatch%3Fv%3D2pYn4px0YWI
[2026-05-01T19:42:03.291Z] [STEP 7] ↪ asentando vista ~10s…
[2026-05-01T19:42:17.302Z] [STEP 8] ↩️ Enviado (Enter)
[2026-05-01T19:42:17.303Z]    ↪ post-send pause ~6s…
[2026-05-01T19:42:23.651Z] ⏳ Pausa entre mensajes: ~20s…
[2026-05-01T19:42:43.702Z] — BLOQUE — correo=g83356714@gmail.com | plataforma_id=8 (Crunchyroll)
[2026-05-01T19:42:43.703Z] → [2/29] phone=573011051728 correo=g83356714@gmail.com plataforma_id=8 (Crunchyroll) servicio=Pantalla pantalla=5 vence=27/05/2026
[2026-05-01T19:42:43.704Z] [STEP 7] 🔁 Abriendo chat (intento 1/3) con: https://web.whatsapp.com/send?phone=573011051728&text=Hola%20!%2C%20te%20notificamos%20el%20*cambio%20de%20contrase%C3%B1a*%20asociado%20a%20tu%20correo%3A%20*g83356714%40gmail.com*.%0A%0A%E2%80%A2%20Crunchyroll%20%E2%80%94%20Pantalla%20%7C%20*Pantalla%205*%20%7C%20vence%3A%2027%2F05%2F2026%0A%0A*La%20nueva%20contrase%C3%B1a%20es%3A*%20medcrunh34%40%20%0ANo%20la%20compartas%20con%20nadie%3B%20%C2%A1que%20est%C3%A9s%20s%C3%BAper%20bien!%0A*Recuerda%20tu%20pantalla%20es%20la%20que%20ves%20arriba%3B%20solo%20puedes%20utilizar%20esa.*%0A%0A%0ANOTA%3A*NO%20MODIFICAR%20LOS%20NUMEROS%20DEL%20PERFIL%2C%20USAR%20UNICAMENTE%20EL%20QUE%20SE%20LE%20ASIGNO%20SIN%20CAMBIARLO*%0APARA%20EVITAR%20CODIGOS%20DEBES%20BORRAR%20HISTORIAL%20Y%20COOKIES%20----%3E%20%20%20%20%0AEN%20CELULAR%3A%20https%3A%2F%2Fwww.youtube.com%2Fwatch%3Fv%3DrEsApVI1-lk%0AEN%20EL%20COMPUTADOR%3A%20https%3A%2F%2Fwww.youtube.com%2Fwatch%3Fv%3D2pYn4px0YWI
[2026-05-01T19:42:44.212Z] [STEP 7] ↪ asentando vista ~6s…
[2026-05-01T19:42:52.908Z] [STEP 8] ↩️ Enviado (Enter)
[2026-05-01T19:42:52.908Z]    ↪ post-send pause ~7s…
[2026-05-01T19:42:59.845Z] ⏳ Pausa entre mensajes: ~20s…
[2026-05-01T19:43:19.889Z] → [3/29] phone=573026064341 correo=g83356714@gmail.com plataforma_id=8 (Crunchyroll) servicio=Pantalla pantalla=4 vence=27/05/2026
[2026-05-01T19:43:19.891Z] [STEP 7] 🔁 Abriendo chat (intento 1/3) con: https://web.whatsapp.com/send?phone=573026064341&text=Hola%20%2B57%2C%20te%20notificamos%20el%20*cambio%20de%20contrase%C3%B1a*%20asociado%20a%20tu%20correo%3A%20*g83356714%40gmail.com*.%0A%0A%E2%80%A2%20Crunchyroll%20%E2%80%94%20Pantalla%20%7C%20*Pantalla%204*%20%7C%20vence%3A%2027%2F05%2F2026%0A%0A*La%20nueva%20contrase%C3%B1a%20es%3A*%20medcrunh34%40%20%0ANo%20la%20compartas%20con%20nadie%3B%20%C2%A1que%20est%C3%A9s%20s%C3%BAper%20bien!%0A*Recuerda%20tu%20pantalla%20es%20la%20que%20ves%20arriba%3B%20solo%20puedes%20utilizar%20esa.*%0A%0A%0ANOTA%3A*NO%20MODIFICAR%20LOS%20NUMEROS%20DEL%20PERFIL%2C%20USAR%20UNICAMENTE%20EL%20QUE%20SE%20LE%20ASIGNO%20SIN%20CAMBIARLO*%0APARA%20EVITAR%20CODIGOS%20DEBES%20BORRAR%20HISTORIAL%20Y%20COOKIES%20----%3E%20%20%20%20%0AEN%20CELULAR%3A%20https%3A%2F%2Fwww.youtube.com%2Fwatch%3Fv%3DrEsApVI1-lk%0AEN%20EL%20COMPUTADOR%3A%20https%3A%2F%2Fwww.youtube.com%2Fwatch%3Fv%3D2pYn4px0YWI
[2026-05-01T19:43:23.025Z] [STEP 7] ↪ asentando vista ~8s…
[2026-05-01T19:43:33.521Z] [STEP 8] ↩️ Enviado (Enter)
[2026-05-01T19:43:33.521Z]    ↪ post-send pause ~9s…
[2026-05-01T19:43:42.778Z] ⏳ Pausa entre mensajes: ~17s…
[2026-05-01T19:43:59.627Z] → [4/29] phone=573045601999 correo=g83356714@gmail.com plataforma_id=8 (Crunchyroll) servicio=Pantalla pantalla=2 vence=17/05/2026
[2026-05-01T19:43:59.630Z] [STEP 7] 🔁 Abriendo chat (intento 1/3) con: https://web.whatsapp.com/send?phone=573045601999&text=Hola%20%2B57%2C%20te%20notificamos%20el%20*cambio%20de%20contrase%C3%B1a*%20asociado%20a%20tu%20correo%3A%20*g83356714%40gmail.com*.%0A%0A%E2%80%A2%20Crunchyroll%20%E2%80%94%20Pantalla%20%7C%20*Pantalla%202*%20%7C%20vence%3A%2017%2F05%2F2026%0A%0A*La%20nueva%20contrase%C3%B1a%20es%3A*%20medcrunh34%40%20%0ANo%20la%20compartas%20con%20nadie%3B%20%C2%A1que%20est%C3%A9s%20s%C3%BAper%20bien!%0A*Recuerda%20tu%20pantalla%20es%20la%20que%20ves%20arriba%3B%20solo%20puedes%20utilizar%20esa.*%0A%0A%0ANOTA%3A*NO%20MODIFICAR%20LOS%20NUMEROS%20DEL%20PERFIL%2C%20USAR%20UNICAMENTE%20EL%20QUE%20SE%20LE%20ASIGNO%20SIN%20CAMBIARLO*%0APARA%20EVITAR%20CODIGOS%20DEBES%20BORRAR%20HISTORIAL%20Y%20COOKIES%20----%3E%20%20%20%20%0AEN%20CELULAR%3A%20https%3A%2F%2Fwww.youtube.com%2Fwatch%3Fv%3DrEsApVI1-lk%0AEN%20EL%20COMPUTADOR%3A%20https%3A%2F%2Fwww.youtube.com%2Fwatch%3Fv%3D2pYn4px0YWI
[2026-05-01T19:44:00.422Z] [STEP 7] ↪ asentando vista ~8s…
[2026-05-01T19:44:12.293Z] [STEP 8] ↩️ Enviado (Enter)
[2026-05-01T19:44:12.294Z]    ↪ post-send pause ~7s…
[2026-05-01T19:44:19.456Z] ⏳ Pausa entre mensajes: ~19s…
[2026-05-01T19:44:38.685Z] → [5/29] phone=573105587349 correo=g83356714@gmail.com plataforma_id=8 (Crunchyroll) servicio=Pantalla pantalla=4 vence=11/05/2026
[2026-05-01T19:44:38.686Z] [STEP 7] 🔁 Abriendo chat (intento 1/3) con: https://web.whatsapp.com/send?phone=573105587349&text=Hola%20!%2C%20te%20notificamos%20el%20*cambio%20de%20contrase%C3%B1a*%20asociado%20a%20tu%20correo%3A%20*g83356714%40gmail.com*.%0A%0A%E2%80%A2%20Crunchyroll%20%E2%80%94%20Pantalla%20%7C%20*Pantalla%204*%20%7C%20vence%3A%2011%2F05%2F2026%0A%0A*La%20nueva%20contrase%C3%B1a%20es%3A*%20medcrunh34%40%20%0ANo%20la%20compartas%20con%20nadie%3B%20%C2%A1que%20est%C3%A9s%20s%C3%BAper%20bien!%0A*Recuerda%20tu%20pantalla%20es%20la%20que%20ves%20arriba%3B%20solo%20puedes%20utilizar%20esa.*%0A%0A%0ANOTA%3A*NO%20MODIFICAR%20LOS%20NUMEROS%20DEL%20PERFIL%2C%20USAR%20UNICAMENTE%20EL%20QUE%20SE%20LE%20ASIGNO%20SIN%20CAMBIARLO*%0APARA%20EVITAR%20CODIGOS%20DEBES%20BORRAR%20HISTORIAL%20Y%20COOKIES%20----%3E%20%20%20%20%0AEN%20CELULAR%3A%20https%3A%2F%2Fwww.youtube.com%2Fwatch%3Fv%3DrEsApVI1-lk%0AEN%20EL%20COMPUTADOR%3A%20https%3A%2F%2Fwww.youtube.com%2Fwatch%3Fv%3D2pYn4px0YWI
[2026-05-01T19:44:40.083Z] [STEP 7] ↪ asentando vista ~7s…
[2026-05-01T19:44:49.541Z] [STEP 8] ↩️ Enviado (Enter)
[2026-05-01T19:44:49.542Z]    ↪ post-send pause ~9s…
[2026-05-01T19:44:58.690Z] ⏳ Pausa entre mensajes: ~16s…
[2026-05-01T19:45:14.904Z] → [6/29] phone=573158771114 correo=g83356714@gmail.com plataforma_id=8 (Crunchyroll) servicio=Pantalla pantalla=1 vence=02/05/2026
[2026-05-01T19:45:14.905Z] [STEP 7] 🔁 Abriendo chat (intento 1/3) con: https://web.whatsapp.com/send?phone=573158771114&text=Hola%20Yilmer%2C%20te%20notificamos%20el%20*cambio%20de%20contrase%C3%B1a*%20asociado%20a%20tu%20correo%3A%20*g83356714%40gmail.com*.%0A%0A%E2%80%A2%20Crunchyroll%20%E2%80%94%20Pantalla%20%7C%20*Pantalla%201*%20%7C%20vence%3A%2002%2F05%2F2026%0A%0A*La%20nueva%20contrase%C3%B1a%20es%3A*%20medcrunh34%40%20%0ANo%20la%20compartas%20con%20nadie%3B%20%C2%A1que%20est%C3%A9s%20s%C3%BAper%20bien!%0A*Recuerda%20tu%20pantalla%20es%20la%20que%20ves%20arriba%3B%20solo%20puedes%20utilizar%20esa.*%0A%0A%0ANOTA%3A*NO%20MODIFICAR%20LOS%20NUMEROS%20DEL%20PERFIL%2C%20USAR%20UNICAMENTE%20EL%20QUE%20SE%20LE%20ASIGNO%20SIN%20CAMBIARLO*%0APARA%20EVITAR%20CODIGOS%20DEBES%20BORRAR%20HISTORIAL%20Y%20COOKIES%20----%3E%20%20%20%20%0AEN%20CELULAR%3A%20https%3A%2F%2Fwww.youtube.com%2Fwatch%3Fv%3DrEsApVI1-lk%0AEN%20EL%20COMPUTADOR%3A%20https%3A%2F%2Fwww.youtube.com%2Fwatch%3Fv%3D2pYn4px0YWI
[2026-05-01T19:45:15.722Z] [STEP 7] ↪ asentando vista ~9s…
[2026-05-01T19:45:27.307Z] [STEP 8] ↩️ Enviado (Enter)
[2026-05-01T19:45:27.307Z]    ↪ post-send pause ~7s…
[2026-05-01T19:45:34.482Z] ⏳ Pausa entre mensajes: ~19s…
[2026-05-01T19:45:53.326Z] → [7/29] phone=573161488859 correo=g83356714@gmail.com plataforma_id=8 (Crunchyroll) servicio=Pantalla pantalla=3 vence=07/05/2026
[2026-05-01T19:45:53.327Z] [STEP 7] 🔁 Abriendo chat (intento 1/3) con: https://web.whatsapp.com/send?phone=573161488859&text=Hola%20!%2C%20te%20notificamos%20el%20*cambio%20de%20contrase%C3%B1a*%20asociado%20a%20tu%20correo%3A%20*g83356714%40gmail.com*.%0A%0A%E2%80%A2%20Crunchyroll%20%E2%80%94%20Pantalla%20%7C%20*Pantalla%203*%20%7C%20vence%3A%2007%2F05%2F2026%0A%0A*La%20nueva%20contrase%C3%B1a%20es%3A*%20medcrunh34%40%20%0ANo%20la%20compartas%20con%20nadie%3B%20%C2%A1que%20est%C3%A9s%20s%C3%BAper%20bien!%0A*Recuerda%20tu%20pantalla%20es%20la%20que%20ves%20arriba%3B%20solo%20puedes%20utilizar%20esa.*%0A%0A%0ANOTA%3A*NO%20MODIFICAR%20LOS%20NUMEROS%20DEL%20PERFIL%2C%20USAR%20UNICAMENTE%20EL%20QUE%20SE%20LE%20ASIGNO%20SIN%20CAMBIARLO*%0APARA%20EVITAR%20CODIGOS%20DEBES%20BORRAR%20HISTORIAL%20Y%20COOKIES%20----%3E%20%20%20%20%0AEN%20CELULAR%3A%20https%3A%2F%2Fwww.youtube.com%2Fwatch%3Fv%3DrEsApVI1-lk%0AEN%20EL%20COMPUTADOR%3A%20https%3A%2F%2Fwww.youtube.com%2Fwatch%3Fv%3D2pYn4px0YWI
[2026-05-01T19:45:54.476Z] [STEP 7] ↪ asentando vista ~9s…
[2026-05-01T19:46:06.989Z] [STEP 8] ↩️ Enviado (Enter)
[2026-05-01T19:46:06.989Z]    ↪ post-send pause ~6s…
[2026-05-01T19:46:13.266Z] ⏳ Pausa entre mensajes: ~19s…
[2026-05-01T19:46:32.003Z] → [8/29] phone=573505460738 correo=g83356714@gmail.com plataforma_id=8 (Crunchyroll) servicio=Pantalla pantalla=5 vence=09/05/2026
[2026-05-01T19:46:32.004Z] [STEP 7] 🔁 Abriendo chat (intento 1/3) con: https://web.whatsapp.com/send?phone=573505460738&text=Hola%20Freddy%2C%20te%20notificamos%20el%20*cambio%20de%20contrase%C3%B1a*%20asociado%20a%20tu%20correo%3A%20*g83356714%40gmail.com*.%0A%0A%E2%80%A2%20Crunchyroll%20%E2%80%94%20Pantalla%20%7C%20*Pantalla%205*%20%7C%20vence%3A%2009%2F05%2F2026%0A%0A*La%20nueva%20contrase%C3%B1a%20es%3A*%20medcrunh34%40%20%0ANo%20la%20compartas%20con%20nadie%3B%20%C2%A1que%20est%C3%A9s%20s%C3%BAper%20bien!%0A*Recuerda%20tu%20pantalla%20es%20la%20que%20ves%20arriba%3B%20solo%20puedes%20utilizar%20esa.*%0A%0A%0ANOTA%3A*NO%20MODIFICAR%20LOS%20NUMEROS%20DEL%20PERFIL%2C%20USAR%20UNICAMENTE%20EL%20QUE%20SE%20LE%20ASIGNO%20SIN%20CAMBIARLO*%0APARA%20EVITAR%20CODIGOS%20DEBES%20BORRAR%20HISTORIAL%20Y%20COOKIES%20----%3E%20%20%20%20%0AEN%20CELULAR%3A%20https%3A%2F%2Fwww.youtube.com%2Fwatch%3Fv%3DrEsApVI1-lk%0AEN%20EL%20COMPUTADOR%3A%20https%3A%2F%2Fwww.youtube.com%2Fwatch%3Fv%3D2pYn4px0YWI
[2026-05-01T19:46:32.889Z] [STEP 7] ↪ asentando vista ~8s…
[2026-05-01T19:46:44.426Z] [STEP 8] ↩️ Enviado (Enter)
[2026-05-01T19:46:44.427Z]    ↪ post-send pause ~6s…
[2026-05-01T19:46:50.563Z] ⏳ Pausa entre mensajes: ~19s…
[2026-05-01T19:47:09.502Z] — BLOQUE — correo=medplay93+bad@gmail.com | plataforma_id=5 (MAX)
[2026-05-01T19:47:09.504Z] → [9/29] phone=573102239196 correo=medplay93+bad@gmail.com plataforma_id=5 (MAX) servicio=Pantalla pantalla=2 vence=13/05/2026
[2026-05-01T19:47:09.505Z] [STEP 7] 🔁 Abriendo chat (intento 1/3) con: https://web.whatsapp.com/send?phone=573102239196&text=Hola%20!%2C%20te%20notificamos%20el%20*cambio%20de%20contrase%C3%B1a*%20asociado%20a%20tu%20correo%3A%20*medplay93%2Bbad%40gmail.com*.%0A%0A%E2%80%A2%20MAX%20%E2%80%94%20Pantalla%20%7C%20*Pantalla%202*%20%7C%20vence%3A%2013%2F05%2F2026%0A%0A*La%20nueva%20contrase%C3%B1a%20es%3A*%20medmax2124%40%20%0ANo%20la%20compartas%20con%20nadie%3B%20%C2%A1que%20est%C3%A9s%20s%C3%BAper%20bien!%0A*Recuerda%20tu%20pantalla%20es%20la%20que%20ves%20arriba%3B%20solo%20puedes%20utilizar%20esa.*%0A%0A%0ANOTA%3A*NO%20MODIFICAR%20LOS%20NUMEROS%20DEL%20PERFIL%2C%20USAR%20UNICAMENTE%20EL%20QUE%20SE%20LE%20ASIGNO%20SIN%20CAMBIARLO*%0APARA%20EVITAR%20CODIGOS%20DEBES%20BORRAR%20HISTORIAL%20Y%20COOKIES%20----%3E%20%20%20%20%0AEN%20CELULAR%3A%20https%3A%2F%2Fwww.youtube.com%2Fwatch%3Fv%3DrEsApVI1-lk%0AEN%20EL%20COMPUTADOR%3A%20https%3A%2F%2Fwww.youtube.com%2Fwatch%3Fv%3D2pYn4px0YWI
[2026-05-01T19:47:11.146Z] [STEP 7] ↪ asentando vista ~7s…
[2026-05-01T19:47:21.052Z] [STEP 8] ↩️ Enviado (Enter)
[2026-05-01T19:47:21.052Z]    ↪ post-send pause ~7s…
[2026-05-01T19:47:28.333Z] ⏳ Pausa entre mensajes: ~20s…
[2026-05-01T19:47:47.852Z] → [10/29] phone=573157306507 correo=medplay93+bad@gmail.com plataforma_id=5 (MAX) servicio=Pantalla pantalla=4 vence=27/05/2026
[2026-05-01T19:47:47.854Z] [STEP 7] 🔁 Abriendo chat (intento 1/3) con: https://web.whatsapp.com/send?phone=573157306507&text=Hola%20Sara%2C%20te%20notificamos%20el%20*cambio%20de%20contrase%C3%B1a*%20asociado%20a%20tu%20correo%3A%20*medplay93%2Bbad%40gmail.com*.%0A%0A%E2%80%A2%20MAX%20%E2%80%94%20Pantalla%20%7C%20*Pantalla%204*%20%7C%20vence%3A%2027%2F05%2F2026%0A%0A*La%20nueva%20contrase%C3%B1a%20es%3A*%20medmax2124%40%20%0ANo%20la%20compartas%20con%20nadie%3B%20%C2%A1que%20est%C3%A9s%20s%C3%BAper%20bien!%0A*Recuerda%20tu%20pantalla%20es%20la%20que%20ves%20arriba%3B%20solo%20puedes%20utilizar%20esa.*%0A%0A%0ANOTA%3A*NO%20MODIFICAR%20LOS%20NUMEROS%20DEL%20PERFIL%2C%20USAR%20UNICAMENTE%20EL%20QUE%20SE%20LE%20ASIGNO%20SIN%20CAMBIARLO*%0APARA%20EVITAR%20CODIGOS%20DEBES%20BORRAR%20HISTORIAL%20Y%20COOKIES%20----%3E%20%20%20%20%0AEN%20CELULAR%3A%20https%3A%2F%2Fwww.youtube.com%2Fwatch%3Fv%3DrEsApVI1-lk%0AEN%20EL%20COMPUTADOR%3A%20https%3A%2F%2Fwww.youtube.com%2Fwatch%3Fv%3D2pYn4px0YWI
[2026-05-01T19:47:48.350Z] [STEP 7] ↪ asentando vista ~8s…
[2026-05-01T19:47:58.806Z] [STEP 8] ↩️ Enviado (Enter)
[2026-05-01T19:47:58.807Z]    ↪ post-send pause ~6s…
[2026-05-01T19:48:05.048Z] ⏳ Pausa entre mensajes: ~19s…
[2026-05-01T19:48:24.002Z] → [11/29] phone=573202863553 correo=medplay93+bad@gmail.com plataforma_id=5 (MAX) servicio=Pantalla pantalla=3 vence=11/07/2026
[2026-05-01T19:48:24.003Z] [STEP 7] 🔁 Abriendo chat (intento 1/3) con: https://web.whatsapp.com/send?phone=573202863553&text=Hola%20!%2C%20te%20notificamos%20el%20*cambio%20de%20contrase%C3%B1a*%20asociado%20a%20tu%20correo%3A%20*medplay93%2Bbad%40gmail.com*.%0A%0A%E2%80%A2%20MAX%20%E2%80%94%20Pantalla%20%7C%20*Pantalla%203*%20%7C%20vence%3A%2011%2F07%2F2026%0A%0A*La%20nueva%20contrase%C3%B1a%20es%3A*%20medmax2124%40%20%0ANo%20la%20compartas%20con%20nadie%3B%20%C2%A1que%20est%C3%A9s%20s%C3%BAper%20bien!%0A*Recuerda%20tu%20pantalla%20es%20la%20que%20ves%20arriba%3B%20solo%20puedes%20utilizar%20esa.*%0A%0A%0ANOTA%3A*NO%20MODIFICAR%20LOS%20NUMEROS%20DEL%20PERFIL%2C%20USAR%20UNICAMENTE%20EL%20QUE%20SE%20LE%20ASIGNO%20SIN%20CAMBIARLO*%0APARA%20EVITAR%20CODIGOS%20DEBES%20BORRAR%20HISTORIAL%20Y%20COOKIES%20----%3E%20%20%20%20%0AEN%20CELULAR%3A%20https%3A%2F%2Fwww.youtube.com%2Fwatch%3Fv%3DrEsApVI1-lk%0AEN%20EL%20COMPUTADOR%3A%20https%3A%2F%2Fwww.youtube.com%2Fwatch%3Fv%3D2pYn4px0YWI
[2026-05-01T19:48:25.689Z] [STEP 7] ↪ asentando vista ~7s…
[2026-05-01T19:48:35.109Z] [STEP 8] ↩️ Enviado (Enter)
[2026-05-01T19:48:35.110Z]    ↪ post-send pause ~9s…
[2026-05-01T19:48:44.300Z] ⏳ Pausa entre mensajes: ~20s…
[2026-05-01T19:49:04.216Z] — BLOQUE — correo=medplay93+dis5@gmail.com | plataforma_id=3 (Disney)
[2026-05-01T19:49:04.217Z] → [12/29] phone=573128096569 correo=medplay93+dis5@gmail.com plataforma_id=3 (Disney) servicio=Pantalla pantalla=2 vence=04/07/2026
[2026-05-01T19:49:04.218Z] [STEP 7] 🔁 Abriendo chat (intento 1/3) con: https://web.whatsapp.com/send?phone=573128096569&text=Hola%20Nathaly%2C%20te%20notificamos%20el%20*cambio%20de%20contrase%C3%B1a*%20asociado%20a%20tu%20correo%3A%20*medplay93%2Bdis5%40gmail.com*.%0A%0A%E2%80%A2%20Disney%20%E2%80%94%20Pantalla%20%7C%20*Pantalla%202*%20%7C%20vence%3A%2004%2F07%2F2026%0A%0A*La%20nueva%20contrase%C3%B1a%20es%3A*%20meddisn33%40%20%0ANo%20la%20compartas%20con%20nadie%3B%20%C2%A1que%20est%C3%A9s%20s%C3%BAper%20bien!%0A*Recuerda%20tu%20pantalla%20es%20la%20que%20ves%20arriba%3B%20solo%20puedes%20utilizar%20esa.*%0A%0A%0ANOTA%3A*NO%20MODIFICAR%20LOS%20NUMEROS%20DEL%20PERFIL%2C%20USAR%20UNICAMENTE%20EL%20QUE%20SE%20LE%20ASIGNO%20SIN%20CAMBIARLO*%0APARA%20EVITAR%20CODIGOS%20DEBES%20BORRAR%20HISTORIAL%20Y%20COOKIES%20----%3E%20%20%20%20%0AEN%20CELULAR%3A%20https%3A%2F%2Fwww.youtube.com%2Fwatch%3Fv%3DrEsApVI1-lk%0AEN%20EL%20COMPUTADOR%3A%20https%3A%2F%2Fwww.youtube.com%2Fwatch%3Fv%3D2pYn4px0YWI
[2026-05-01T19:49:11.406Z] [STEP 7] ↪ asentando vista ~7s…
[2026-05-01T19:49:20.660Z] [STEP 8] ↩️ Enviado (Enter)
[2026-05-01T19:49:20.661Z]    ↪ post-send pause ~8s…
[2026-05-01T19:49:28.750Z] ⏳ Pausa entre mensajes: ~18s…
[2026-05-01T19:49:46.321Z] → [13/29] phone=573136201571 correo=medplay93+dis5@gmail.com plataforma_id=3 (Disney) servicio=Pantalla pantalla=1 vence=22/05/2026
[2026-05-01T19:49:46.323Z] [STEP 7] 🔁 Abriendo chat (intento 1/3) con: https://web.whatsapp.com/send?phone=573136201571&text=Hola%20%2B57%2C%20te%20notificamos%20el%20*cambio%20de%20contrase%C3%B1a*%20asociado%20a%20tu%20correo%3A%20*medplay93%2Bdis5%40gmail.com*.%0A%0A%E2%80%A2%20Disney%20%E2%80%94%20Pantalla%20%7C%20*Pantalla%201*%20%7C%20vence%3A%2022%2F05%2F2026%0A%0A*La%20nueva%20contrase%C3%B1a%20es%3A*%20meddisn33%40%20%0ANo%20la%20compartas%20con%20nadie%3B%20%C2%A1que%20est%C3%A9s%20s%C3%BAper%20bien!%0A*Recuerda%20tu%20pantalla%20es%20la%20que%20ves%20arriba%3B%20solo%20puedes%20utilizar%20esa.*%0A%0A%0ANOTA%3A*NO%20MODIFICAR%20LOS%20NUMEROS%20DEL%20PERFIL%2C%20USAR%20UNICAMENTE%20EL%20QUE%20SE%20LE%20ASIGNO%20SIN%20CAMBIARLO*%0APARA%20EVITAR%20CODIGOS%20DEBES%20BORRAR%20HISTORIAL%20Y%20COOKIES%20----%3E%20%20%20%20%0AEN%20CELULAR%3A%20https%3A%2F%2Fwww.youtube.com%2Fwatch%3Fv%3DrEsApVI1-lk%0AEN%20EL%20COMPUTADOR%3A%20https%3A%2F%2Fwww.youtube.com%2Fwatch%3Fv%3D2pYn4px0YWI
[2026-05-01T19:49:47.162Z] [STEP 7] ↪ asentando vista ~8s…
[2026-05-01T19:49:59.007Z] [STEP 8] ↩️ Enviado (Enter)
[2026-05-01T19:49:59.008Z]    ↪ post-send pause ~10s…
[2026-05-01T19:50:08.865Z] ⏳ Pausa entre mensajes: ~16s…
[2026-05-01T19:50:25.320Z] → [14/29] phone=573177286450 correo=medplay93+dis5@gmail.com plataforma_id=3 (Disney) servicio=Pantalla pantalla=4 vence=25/05/2026
[2026-05-01T19:50:25.321Z] [STEP 7] 🔁 Abriendo chat (intento 1/3) con: https://web.whatsapp.com/send?phone=573177286450&text=Hola%20!%2C%20te%20notificamos%20el%20*cambio%20de%20contrase%C3%B1a*%20asociado%20a%20tu%20correo%3A%20*medplay93%2Bdis5%40gmail.com*.%0A%0A%E2%80%A2%20Disney%20%E2%80%94%20Pantalla%20%7C%20*Pantalla%204*%20%7C%20vence%3A%2025%2F05%2F2026%0A%0A*La%20nueva%20contrase%C3%B1a%20es%3A*%20meddisn33%40%20%0ANo%20la%20compartas%20con%20nadie%3B%20%C2%A1que%20est%C3%A9s%20s%C3%BAper%20bien!%0A*Recuerda%20tu%20pantalla%20es%20la%20que%20ves%20arriba%3B%20solo%20puedes%20utilizar%20esa.*%0A%0A%0ANOTA%3A*NO%20MODIFICAR%20LOS%20NUMEROS%20DEL%20PERFIL%2C%20USAR%20UNICAMENTE%20EL%20QUE%20SE%20LE%20ASIGNO%20SIN%20CAMBIARLO*%0APARA%20EVITAR%20CODIGOS%20DEBES%20BORRAR%20HISTORIAL%20Y%20COOKIES%20----%3E%20%20%20%20%0AEN%20CELULAR%3A%20https%3A%2F%2Fwww.youtube.com%2Fwatch%3Fv%3DrEsApVI1-lk%0AEN%20EL%20COMPUTADOR%3A%20https%3A%2F%2Fwww.youtube.com%2Fwatch%3Fv%3D2pYn4px0YWI
[2026-05-01T19:50:26.102Z] [STEP 7] ↪ asentando vista ~7s…
[2026-05-01T19:50:38.456Z] [STEP 8] ↩️ Enviado (Enter)
[2026-05-01T19:50:38.457Z]    ↪ post-send pause ~10s…
[2026-05-01T19:50:47.989Z] ⏳ Pausa entre mensajes: ~19s…
[2026-05-01T19:51:07.100Z] → [15/29] phone=573184110606 correo=medplay93+dis5@gmail.com plataforma_id=3 (Disney) servicio=Pantalla pantalla=5 vence=28/05/2026
[2026-05-01T19:51:07.103Z] [STEP 7] 🔁 Abriendo chat (intento 1/3) con: https://web.whatsapp.com/send?phone=573184110606&text=Hola%20Elsa%2C%20te%20notificamos%20el%20*cambio%20de%20contrase%C3%B1a*%20asociado%20a%20tu%20correo%3A%20*medplay93%2Bdis5%40gmail.com*.%0A%0A%E2%80%A2%20Disney%20%E2%80%94%20Pantalla%20%7C%20*Pantalla%205*%20%7C%20vence%3A%2028%2F05%2F2026%0A%0A*La%20nueva%20contrase%C3%B1a%20es%3A*%20meddisn33%40%20%0ANo%20la%20compartas%20con%20nadie%3B%20%C2%A1que%20est%C3%A9s%20s%C3%BAper%20bien!%0A*Recuerda%20tu%20pantalla%20es%20la%20que%20ves%20arriba%3B%20solo%20puedes%20utilizar%20esa.*%0A%0A%0ANOTA%3A*NO%20MODIFICAR%20LOS%20NUMEROS%20DEL%20PERFIL%2C%20USAR%20UNICAMENTE%20EL%20QUE%20SE%20LE%20ASIGNO%20SIN%20CAMBIARLO*%0APARA%20EVITAR%20CODIGOS%20DEBES%20BORRAR%20HISTORIAL%20Y%20COOKIES%20----%3E%20%20%20%20%0AEN%20CELULAR%3A%20https%3A%2F%2Fwww.youtube.com%2Fwatch%3Fv%3DrEsApVI1-lk%0AEN%20EL%20COMPUTADOR%3A%20https%3A%2F%2Fwww.youtube.com%2Fwatch%3Fv%3D2pYn4px0YWI
[2026-05-01T19:51:07.919Z] [STEP 7] ↪ asentando vista ~10s…
[2026-05-01T19:51:20.079Z] [STEP 8] ↩️ Enviado (Enter)
[2026-05-01T19:51:20.080Z]    ↪ post-send pause ~8s…
[2026-05-01T19:51:28.213Z] ⏳ Pausa entre mensajes: ~17s…
[2026-05-01T19:51:45.711Z] → [16/29] phone=573196281142 correo=medplay93+dis5@gmail.com plataforma_id=3 (Disney) servicio=Pantalla pantalla=3 vence=28/05/2026
[2026-05-01T19:51:45.713Z] [STEP 7] 🔁 Abriendo chat (intento 1/3) con: https://web.whatsapp.com/send?phone=573196281142&text=Hola%20!%2C%20te%20notificamos%20el%20*cambio%20de%20contrase%C3%B1a*%20asociado%20a%20tu%20correo%3A%20*medplay93%2Bdis5%40gmail.com*.%0A%0A%E2%80%A2%20Disney%20%E2%80%94%20Pantalla%20%7C%20*Pantalla%203*%20%7C%20vence%3A%2028%2F05%2F2026%0A%0A*La%20nueva%20contrase%C3%B1a%20es%3A*%20meddisn33%40%20%0ANo%20la%20compartas%20con%20nadie%3B%20%C2%A1que%20est%C3%A9s%20s%C3%BAper%20bien!%0A*Recuerda%20tu%20pantalla%20es%20la%20que%20ves%20arriba%3B%20solo%20puedes%20utilizar%20esa.*%0A%0A%0ANOTA%3A*NO%20MODIFICAR%20LOS%20NUMEROS%20DEL%20PERFIL%2C%20USAR%20UNICAMENTE%20EL%20QUE%20SE%20LE%20ASIGNO%20SIN%20CAMBIARLO*%0APARA%20EVITAR%20CODIGOS%20DEBES%20BORRAR%20HISTORIAL%20Y%20COOKIES%20----%3E%20%20%20%20%0AEN%20CELULAR%3A%20https%3A%2F%2Fwww.youtube.com%2Fwatch%3Fv%3DrEsApVI1-lk%0AEN%20EL%20COMPUTADOR%3A%20https%3A%2F%2Fwww.youtube.com%2Fwatch%3Fv%3D2pYn4px0YWI
[2026-05-01T19:51:46.452Z] [STEP 7] ↪ asentando vista ~8s…
[2026-05-01T19:51:58.483Z] [STEP 8] ↩️ Enviado (Enter)
[2026-05-01T19:51:58.484Z]    ↪ post-send pause ~7s…
[2026-05-01T19:52:05.349Z] ⏳ Pausa entre mensajes: ~16s…
[2026-05-01T19:52:21.624Z] → [17/29] phone=573206193252 correo=medplay93+dis5@gmail.com plataforma_id=3 (Disney) servicio=Pantalla pantalla=1 vence=18/05/2026
[2026-05-01T19:52:21.625Z] [STEP 7] 🔁 Abriendo chat (intento 1/3) con: https://web.whatsapp.com/send?phone=573206193252&text=Hola%20!%2C%20te%20notificamos%20el%20*cambio%20de%20contrase%C3%B1a*%20asociado%20a%20tu%20correo%3A%20*medplay93%2Bdis5%40gmail.com*.%0A%0A%E2%80%A2%20Disney%20%E2%80%94%20Pantalla%20%7C%20*Pantalla%201*%20%7C%20vence%3A%2018%2F05%2F2026%0A%0A*La%20nueva%20contrase%C3%B1a%20es%3A*%20meddisn33%40%20%0ANo%20la%20compartas%20con%20nadie%3B%20%C2%A1que%20est%C3%A9s%20s%C3%BAper%20bien!%0A*Recuerda%20tu%20pantalla%20es%20la%20que%20ves%20arriba%3B%20solo%20puedes%20utilizar%20esa.*%0A%0A%0ANOTA%3A*NO%20MODIFICAR%20LOS%20NUMEROS%20DEL%20PERFIL%2C%20USAR%20UNICAMENTE%20EL%20QUE%20SE%20LE%20ASIGNO%20SIN%20CAMBIARLO*%0APARA%20EVITAR%20CODIGOS%20DEBES%20BORRAR%20HISTORIAL%20Y%20COOKIES%20----%3E%20%20%20%20%0AEN%20CELULAR%3A%20https%3A%2F%2Fwww.youtube.com%2Fwatch%3Fv%3DrEsApVI1-lk%0AEN%20EL%20COMPUTADOR%3A%20https%3A%2F%2Fwww.youtube.com%2Fwatch%3Fv%3D2pYn4px0YWI
[2026-05-01T19:52:26.529Z] [STEP 7] ↪ asentando vista ~8s…
[2026-05-01T19:52:37.899Z] [STEP 8] ↩️ Enviado (Enter)
[2026-05-01T19:52:37.900Z]    ↪ post-send pause ~9s…
[2026-05-01T19:52:46.688Z] ⏳ Pausa entre mensajes: ~19s…
[2026-05-01T19:53:05.206Z] → [18/29] phone=573245014566 correo=medplay93+dis5@gmail.com plataforma_id=3 (Disney) servicio=Pantalla pantalla=6 vence=05/05/2026
[2026-05-01T19:53:05.208Z] [STEP 7] 🔁 Abriendo chat (intento 1/3) con: https://web.whatsapp.com/send?phone=573245014566&text=Hola%20Sebastian%2C%20te%20notificamos%20el%20*cambio%20de%20contrase%C3%B1a*%20asociado%20a%20tu%20correo%3A%20*medplay93%2Bdis5%40gmail.com*.%0A%0A%E2%80%A2%20Disney%20%E2%80%94%20Pantalla%20%7C%20*Pantalla%206*%20%7C%20vence%3A%2005%2F05%2F2026%0A%0A*La%20nueva%20contrase%C3%B1a%20es%3A*%20meddisn33%40%20%0ANo%20la%20compartas%20con%20nadie%3B%20%C2%A1que%20est%C3%A9s%20s%C3%BAper%20bien!%0A*Recuerda%20tu%20pantalla%20es%20la%20que%20ves%20arriba%3B%20solo%20puedes%20utilizar%20esa.*%0A%0A%0ANOTA%3A*NO%20MODIFICAR%20LOS%20NUMEROS%20DEL%20PERFIL%2C%20USAR%20UNICAMENTE%20EL%20QUE%20SE%20LE%20ASIGNO%20SIN%20CAMBIARLO*%0APARA%20EVITAR%20CODIGOS%20DEBES%20BORRAR%20HISTORIAL%20Y%20COOKIES%20----%3E%20%20%20%20%0AEN%20CELULAR%3A%20https%3A%2F%2Fwww.youtube.com%2Fwatch%3Fv%3DrEsApVI1-lk%0AEN%20EL%20COMPUTADOR%3A%20https%3A%2F%2Fwww.youtube.com%2Fwatch%3Fv%3D2pYn4px0YWI
[2026-05-01T19:53:05.952Z] [STEP 7] ↪ asentando vista ~6s…
[2026-05-01T19:53:17.662Z] [STEP 8] ↩️ Enviado (Enter)
[2026-05-01T19:53:17.663Z]    ↪ post-send pause ~9s…
[2026-05-01T19:53:26.464Z] ⏳ Pausa entre mensajes: ~16s…
[2026-05-01T19:53:42.530Z] — BLOQUE — correo=medplay93+gil@gmail.com | plataforma_id=5 (MAX)
[2026-05-01T19:53:42.531Z] → [19/29] phone=573057779193 correo=medplay93+gil@gmail.com plataforma_id=5 (MAX) servicio=Pantalla pantalla=2 vence=14/05/2026
[2026-05-01T19:53:42.532Z] [STEP 7] 🔁 Abriendo chat (intento 1/3) con: https://web.whatsapp.com/send?phone=573057779193&text=Hola%20Thomas%2C%20te%20notificamos%20el%20*cambio%20de%20contrase%C3%B1a*%20asociado%20a%20tu%20correo%3A%20*medplay93%2Bgil%40gmail.com*.%0A%0A%E2%80%A2%20MAX%20%E2%80%94%20Pantalla%20%7C%20*Pantalla%202*%20%7C%20vence%3A%2014%2F05%2F2026%0A%0A*La%20nueva%20contrase%C3%B1a%20es%3A*%20medmax1618%40%20%0ANo%20la%20compartas%20con%20nadie%3B%20%C2%A1que%20est%C3%A9s%20s%C3%BAper%20bien!%0A*Recuerda%20tu%20pantalla%20es%20la%20que%20ves%20arriba%3B%20solo%20puedes%20utilizar%20esa.*%0A%0A%0ANOTA%3A*NO%20MODIFICAR%20LOS%20NUMEROS%20DEL%20PERFIL%2C%20USAR%20UNICAMENTE%20EL%20QUE%20SE%20LE%20ASIGNO%20SIN%20CAMBIARLO*%0APARA%20EVITAR%20CODIGOS%20DEBES%20BORRAR%20HISTORIAL%20Y%20COOKIES%20----%3E%20%20%20%20%0AEN%20CELULAR%3A%20https%3A%2F%2Fwww.youtube.com%2Fwatch%3Fv%3DrEsApVI1-lk%0AEN%20EL%20COMPUTADOR%3A%20https%3A%2F%2Fwww.youtube.com%2Fwatch%3Fv%3D2pYn4px0YWI
[2026-05-01T19:53:43.700Z] [STEP 7] ↪ asentando vista ~8s…
[2026-05-01T19:53:55.261Z] [STEP 8] ↩️ Enviado (Enter)
[2026-05-01T19:53:55.261Z]    ↪ post-send pause ~8s…
[2026-05-01T19:54:03.057Z] ⏳ Pausa entre mensajes: ~20s…
[2026-05-01T19:54:22.631Z] → [20/29] phone=573246578668 correo=medplay93+gil@gmail.com plataforma_id=5 (MAX) servicio=Pantalla pantalla=3 vence=24/05/2026
[2026-05-01T19:54:22.632Z] [STEP 7] 🔁 Abriendo chat (intento 1/3) con: https://web.whatsapp.com/send?phone=573246578668&text=Hola%20%2B57%2C%20te%20notificamos%20el%20*cambio%20de%20contrase%C3%B1a*%20asociado%20a%20tu%20correo%3A%20*medplay93%2Bgil%40gmail.com*.%0A%0A%E2%80%A2%20MAX%20%E2%80%94%20Pantalla%20%7C%20*Pantalla%203*%20%7C%20vence%3A%2024%2F05%2F2026%0A%0A*La%20nueva%20contrase%C3%B1a%20es%3A*%20medmax1618%40%20%0ANo%20la%20compartas%20con%20nadie%3B%20%C2%A1que%20est%C3%A9s%20s%C3%BAper%20bien!%0A*Recuerda%20tu%20pantalla%20es%20la%20que%20ves%20arriba%3B%20solo%20puedes%20utilizar%20esa.*%0A%0A%0ANOTA%3A*NO%20MODIFICAR%20LOS%20NUMEROS%20DEL%20PERFIL%2C%20USAR%20UNICAMENTE%20EL%20QUE%20SE%20LE%20ASIGNO%20SIN%20CAMBIARLO*%0APARA%20EVITAR%20CODIGOS%20DEBES%20BORRAR%20HISTORIAL%20Y%20COOKIES%20----%3E%20%20%20%20%0AEN%20CELULAR%3A%20https%3A%2F%2Fwww.youtube.com%2Fwatch%3Fv%3DrEsApVI1-lk%0AEN%20EL%20COMPUTADOR%3A%20https%3A%2F%2Fwww.youtube.com%2Fwatch%3Fv%3D2pYn4px0YWI
[2026-05-01T19:54:23.500Z] [STEP 7] ↪ asentando vista ~9s…
[2026-05-01T19:54:41.012Z] [STEP 8] ↩️ Enviado (Enter)
[2026-05-01T19:54:41.013Z]    ↪ post-send pause ~9s…
[2026-05-01T19:54:49.626Z] ⏳ Pausa entre mensajes: ~17s…
[2026-05-01T19:55:06.712Z] — BLOQUE — correo=mxreya44@gmail.com | plataforma_id=1 (Amazon)
[2026-05-01T19:55:06.715Z] → [21/29] phone=573002955519 correo=mxreya44@gmail.com plataforma_id=1 (Amazon) servicio=Pantalla pantalla=1 vence=14/05/2026
[2026-05-01T19:55:06.716Z] [STEP 7] 🔁 Abriendo chat (intento 1/3) con: https://web.whatsapp.com/send?phone=573002955519&text=Hola%20%2B57%2C%20te%20notificamos%20el%20*cambio%20de%20contrase%C3%B1a*%20asociado%20a%20tu%20correo%3A%20*mxreya44%40gmail.com*.%0A%0A%E2%80%A2%20Amazon%20%E2%80%94%20Pantalla%20%7C%20*Pantalla%201*%20%7C%20vence%3A%2014%2F05%2F2026%0A%0A*La%20nueva%20contrase%C3%B1a%20es%3A*%20meddisn33%40%20%0ANo%20la%20compartas%20con%20nadie%3B%20%C2%A1que%20est%C3%A9s%20s%C3%BAper%20bien!%0A*Recuerda%20tu%20pantalla%20es%20la%20que%20ves%20arriba%3B%20solo%20puedes%20utilizar%20esa.*%0A%0A%0ANOTA%3A*NO%20MODIFICAR%20LOS%20NUMEROS%20DEL%20PERFIL%2C%20USAR%20UNICAMENTE%20EL%20QUE%20SE%20LE%20ASIGNO%20SIN%20CAMBIARLO*%0APARA%20EVITAR%20CODIGOS%20DEBES%20BORRAR%20HISTORIAL%20Y%20COOKIES%20----%3E%20%20%20%20%0AEN%20CELULAR%3A%20https%3A%2F%2Fwww.youtube.com%2Fwatch%3Fv%3DrEsApVI1-lk%0AEN%20EL%20COMPUTADOR%3A%20https%3A%2F%2Fwww.youtube.com%2Fwatch%3Fv%3D2pYn4px0YWI
[2026-05-01T19:55:13.753Z] [STEP 7] ↪ asentando vista ~9s…
[2026-05-01T19:55:25.200Z] [STEP 8] ↩️ Enviado (Enter)
[2026-05-01T19:55:25.200Z]    ↪ post-send pause ~9s…
[2026-05-01T19:55:34.575Z] ⏳ Pausa entre mensajes: ~17s…
[2026-05-01T19:55:51.746Z] → [22/29] phone=573114334872 correo=mxreya44@gmail.com plataforma_id=1 (Amazon) servicio=Pantalla pantalla=2 vence=02/05/2026
[2026-05-01T19:55:51.749Z] [STEP 7] 🔁 Abriendo chat (intento 1/3) con: https://web.whatsapp.com/send?phone=573114334872&text=Hola%20%2B57%2C%20te%20notificamos%20el%20*cambio%20de%20contrase%C3%B1a*%20asociado%20a%20tu%20correo%3A%20*mxreya44%40gmail.com*.%0A%0A%E2%80%A2%20Amazon%20%E2%80%94%20Pantalla%20%7C%20*Pantalla%202*%20%7C%20vence%3A%2002%2F05%2F2026%0A%0A*La%20nueva%20contrase%C3%B1a%20es%3A*%20meddisn33%40%20%0ANo%20la%20compartas%20con%20nadie%3B%20%C2%A1que%20est%C3%A9s%20s%C3%BAper%20bien!%0A*Recuerda%20tu%20pantalla%20es%20la%20que%20ves%20arriba%3B%20solo%20puedes%20utilizar%20esa.*%0A%0A%0ANOTA%3A*NO%20MODIFICAR%20LOS%20NUMEROS%20DEL%20PERFIL%2C%20USAR%20UNICAMENTE%20EL%20QUE%20SE%20LE%20ASIGNO%20SIN%20CAMBIARLO*%0APARA%20EVITAR%20CODIGOS%20DEBES%20BORRAR%20HISTORIAL%20Y%20COOKIES%20----%3E%20%20%20%20%0AEN%20CELULAR%3A%20https%3A%2F%2Fwww.youtube.com%2Fwatch%3Fv%3DrEsApVI1-lk%0AEN%20EL%20COMPUTADOR%3A%20https%3A%2F%2Fwww.youtube.com%2Fwatch%3Fv%3D2pYn4px0YWI
[2026-05-01T19:55:56.787Z] [STEP 7] ↪ asentando vista ~9s…
[2026-05-01T19:56:08.148Z] [STEP 8] ↩️ Enviado (Enter)
[2026-05-01T19:56:08.148Z]    ↪ post-send pause ~9s…
[2026-05-01T19:56:17.078Z] ⏳ Pausa entre mensajes: ~19s…
[2026-05-01T19:56:35.943Z] → [23/29] phone=573126652559 correo=mxreya44@gmail.com plataforma_id=1 (Amazon) servicio=Pantalla pantalla=2 vence=05/05/2026
[2026-05-01T19:56:35.946Z] [STEP 7] 🔁 Abriendo chat (intento 1/3) con: https://web.whatsapp.com/send?phone=573126652559&text=Hola%20Angie%2C%20te%20notificamos%20el%20*cambio%20de%20contrase%C3%B1a*%20asociado%20a%20tu%20correo%3A%20*mxreya44%40gmail.com*.%0A%0A%E2%80%A2%20Amazon%20%E2%80%94%20Pantalla%20%7C%20*Pantalla%202*%20%7C%20vence%3A%2005%2F05%2F2026%0A%0A*La%20nueva%20contrase%C3%B1a%20es%3A*%20meddisn33%40%20%0ANo%20la%20compartas%20con%20nadie%3B%20%C2%A1que%20est%C3%A9s%20s%C3%BAper%20bien!%0A*Recuerda%20tu%20pantalla%20es%20la%20que%20ves%20arriba%3B%20solo%20puedes%20utilizar%20esa.*%0A%0A%0ANOTA%3A*NO%20MODIFICAR%20LOS%20NUMEROS%20DEL%20PERFIL%2C%20USAR%20UNICAMENTE%20EL%20QUE%20SE%20LE%20ASIGNO%20SIN%20CAMBIARLO*%0APARA%20EVITAR%20CODIGOS%20DEBES%20BORRAR%20HISTORIAL%20Y%20COOKIES%20----%3E%20%20%20%20%0AEN%20CELULAR%3A%20https%3A%2F%2Fwww.youtube.com%2Fwatch%3Fv%3DrEsApVI1-lk%0AEN%20EL%20COMPUTADOR%3A%20https%3A%2F%2Fwww.youtube.com%2Fwatch%3Fv%3D2pYn4px0YWI
[2026-05-01T19:56:37.105Z] [STEP 7] ↪ asentando vista ~9s…
[2026-05-01T19:56:48.440Z] [STEP 8] ↩️ Enviado (Enter)
[2026-05-01T19:56:48.441Z]    ↪ post-send pause ~9s…
[2026-05-01T19:56:57.811Z] ⏳ Pausa entre mensajes: ~17s…
[2026-05-01T19:57:15.008Z] → [24/29] phone=573148385983 correo=mxreya44@gmail.com plataforma_id=1 (Amazon) servicio=Pantalla pantalla=5 vence=03/05/2026
[2026-05-01T19:57:15.009Z] [STEP 7] 🔁 Abriendo chat (intento 1/3) con: https://web.whatsapp.com/send?phone=573148385983&text=Hola%20Juan%2C%20te%20notificamos%20el%20*cambio%20de%20contrase%C3%B1a*%20asociado%20a%20tu%20correo%3A%20*mxreya44%40gmail.com*.%0A%0A%E2%80%A2%20Amazon%20%E2%80%94%20Pantalla%20%7C%20*Pantalla%205*%20%7C%20vence%3A%2003%2F05%2F2026%0A%0A*La%20nueva%20contrase%C3%B1a%20es%3A*%20meddisn33%40%20%0ANo%20la%20compartas%20con%20nadie%3B%20%C2%A1que%20est%C3%A9s%20s%C3%BAper%20bien!%0A*Recuerda%20tu%20pantalla%20es%20la%20que%20ves%20arriba%3B%20solo%20puedes%20utilizar%20esa.*%0A%0A%0ANOTA%3A*NO%20MODIFICAR%20LOS%20NUMEROS%20DEL%20PERFIL%2C%20USAR%20UNICAMENTE%20EL%20QUE%20SE%20LE%20ASIGNO%20SIN%20CAMBIARLO*%0APARA%20EVITAR%20CODIGOS%20DEBES%20BORRAR%20HISTORIAL%20Y%20COOKIES%20----%3E%20%20%20%20%0AEN%20CELULAR%3A%20https%3A%2F%2Fwww.youtube.com%2Fwatch%3Fv%3DrEsApVI1-lk%0AEN%20EL%20COMPUTADOR%3A%20https%3A%2F%2Fwww.youtube.com%2Fwatch%3Fv%3D2pYn4px0YWI
[2026-05-01T19:57:15.758Z] [STEP 7] ↪ asentando vista ~8s…
[2026-05-01T19:57:27.678Z] [STEP 8] ↩️ Enviado (Enter)
[2026-05-01T19:57:27.678Z]    ↪ post-send pause ~7s…
[2026-05-01T19:57:35.079Z] ⏳ Pausa entre mensajes: ~20s…
[2026-05-01T19:57:55.373Z] → [25/29] phone=573157306507 correo=mxreya44@gmail.com plataforma_id=1 (Amazon) servicio=Pantalla pantalla=3 vence=26/05/2026
[2026-05-01T19:57:55.377Z] [STEP 7] 🔁 Abriendo chat (intento 1/3) con: https://web.whatsapp.com/send?phone=573157306507&text=Hola%20Sara%2C%20te%20notificamos%20el%20*cambio%20de%20contrase%C3%B1a*%20asociado%20a%20tu%20correo%3A%20*mxreya44%40gmail.com*.%0A%0A%E2%80%A2%20Amazon%20%E2%80%94%20Pantalla%20%7C%20*Pantalla%203*%20%7C%20vence%3A%2026%2F05%2F2026%0A%0A*La%20nueva%20contrase%C3%B1a%20es%3A*%20meddisn33%40%20%0ANo%20la%20compartas%20con%20nadie%3B%20%C2%A1que%20est%C3%A9s%20s%C3%BAper%20bien!%0A*Recuerda%20tu%20pantalla%20es%20la%20que%20ves%20arriba%3B%20solo%20puedes%20utilizar%20esa.*%0A%0A%0ANOTA%3A*NO%20MODIFICAR%20LOS%20NUMEROS%20DEL%20PERFIL%2C%20USAR%20UNICAMENTE%20EL%20QUE%20SE%20LE%20ASIGNO%20SIN%20CAMBIARLO*%0APARA%20EVITAR%20CODIGOS%20DEBES%20BORRAR%20HISTORIAL%20Y%20COOKIES%20----%3E%20%20%20%20%0AEN%20CELULAR%3A%20https%3A%2F%2Fwww.youtube.com%2Fwatch%3Fv%3DrEsApVI1-lk%0AEN%20EL%20COMPUTADOR%3A%20https%3A%2F%2Fwww.youtube.com%2Fwatch%3Fv%3D2pYn4px0YWI
[2026-05-01T19:57:56.228Z] [STEP 7] ↪ asentando vista ~7s…
[2026-05-01T19:58:05.482Z] [STEP 8] ↩️ Enviado (Enter)
[2026-05-01T19:58:05.482Z]    ↪ post-send pause ~8s…
[2026-05-01T19:58:13.379Z] ⏳ Pausa entre mensajes: ~16s…
[2026-05-01T19:58:29.799Z] → [26/29] phone=573247726970 correo=mxreya44@gmail.com plataforma_id=1 (Amazon) servicio=Pantalla pantalla=6 vence=03/05/2026
[2026-05-01T19:58:29.802Z] [STEP 7] 🔁 Abriendo chat (intento 1/3) con: https://web.whatsapp.com/send?phone=573247726970&text=Hola%20!%2C%20te%20notificamos%20el%20*cambio%20de%20contrase%C3%B1a*%20asociado%20a%20tu%20correo%3A%20*mxreya44%40gmail.com*.%0A%0A%E2%80%A2%20Amazon%20%E2%80%94%20Pantalla%20%7C%20*Pantalla%206*%20%7C%20vence%3A%2003%2F05%2F2026%0A%0A*La%20nueva%20contrase%C3%B1a%20es%3A*%20meddisn33%40%20%0ANo%20la%20compartas%20con%20nadie%3B%20%C2%A1que%20est%C3%A9s%20s%C3%BAper%20bien!%0A*Recuerda%20tu%20pantalla%20es%20la%20que%20ves%20arriba%3B%20solo%20puedes%20utilizar%20esa.*%0A%0A%0ANOTA%3A*NO%20MODIFICAR%20LOS%20NUMEROS%20DEL%20PERFIL%2C%20USAR%20UNICAMENTE%20EL%20QUE%20SE%20LE%20ASIGNO%20SIN%20CAMBIARLO*%0APARA%20EVITAR%20CODIGOS%20DEBES%20BORRAR%20HISTORIAL%20Y%20COOKIES%20----%3E%20%20%20%20%0AEN%20CELULAR%3A%20https%3A%2F%2Fwww.youtube.com%2Fwatch%3Fv%3DrEsApVI1-lk%0AEN%20EL%20COMPUTADOR%3A%20https%3A%2F%2Fwww.youtube.com%2Fwatch%3Fv%3D2pYn4px0YWI
[2026-05-01T19:58:30.443Z] [STEP 7] ↪ asentando vista ~8s…
[2026-05-01T19:58:42.147Z] [STEP 8] ↩️ Enviado (Enter)
[2026-05-01T19:58:42.148Z]    ↪ post-send pause ~9s…
[2026-05-01T19:58:51.353Z] ⏳ Pausa entre mensajes: ~20s…
[2026-05-01T19:59:11.029Z] — BLOQUE — correo=paige9498freda2001+2@outlook.com | plataforma_id=2 (Netflix)
[2026-05-01T19:59:11.030Z] → [27/29] phone=573007688866 correo=paige9498freda2001+2@outlook.com plataforma_id=2 (Netflix) servicio=Pantalla pantalla=5 vence=03/05/2026
[2026-05-01T19:59:11.032Z] [STEP 7] 🔁 Abriendo chat (intento 1/3) con: https://web.whatsapp.com/send?phone=573007688866&text=Hola%20!%2C%20te%20notificamos%20el%20*cambio%20de%20contrase%C3%B1a*%20asociado%20a%20tu%20correo%3A%20*paige9498freda2001%2B2%40outlook.com*.%0A%0A%E2%80%A2%20Netflix%20%E2%80%94%20Pantalla%20%7C%20*Pantalla%205*%20%7C%20vence%3A%2003%2F05%2F2026%0A%0A*La%20nueva%20contrase%C3%B1a%20es%3A*%20mednet55%20%0ANo%20la%20compartas%20con%20nadie%3B%20%C2%A1que%20est%C3%A9s%20s%C3%BAper%20bien!%0A*Recuerda%20tu%20pantalla%20es%20la%20que%20ves%20arriba%3B%20solo%20puedes%20utilizar%20esa.*%0A%0A%0ANOTA%3A*NO%20MODIFICAR%20LOS%20NUMEROS%20DEL%20PERFIL%2C%20USAR%20UNICAMENTE%20EL%20QUE%20SE%20LE%20ASIGNO%20SIN%20CAMBIARLO*%0APARA%20EVITAR%20CODIGOS%20DEBES%20BORRAR%20HISTORIAL%20Y%20COOKIES%20----%3E%20%20%20%20%0AEN%20CELULAR%3A%20https%3A%2F%2Fwww.youtube.com%2Fwatch%3Fv%3DrEsApVI1-lk%0AEN%20EL%20COMPUTADOR%3A%20https%3A%2F%2Fwww.youtube.com%2Fwatch%3Fv%3D2pYn4px0YWI
[2026-05-01T19:59:15.216Z] [STEP 7] ↪ asentando vista ~6s…
[2026-05-01T19:59:24.696Z] [STEP 8] ↩️ Enviado (Enter)
[2026-05-01T19:59:24.697Z]    ↪ post-send pause ~7s…
[2026-05-01T19:59:31.878Z] ⏳ Pausa entre mensajes: ~17s…
[2026-05-01T19:59:49.345Z] → [28/29] phone=573107366652 correo=paige9498freda2001+2@outlook.com plataforma_id=2 (Netflix) servicio=Pantalla pantalla=3 vence=30/05/2026
[2026-05-01T19:59:49.348Z] [STEP 7] 🔁 Abriendo chat (intento 1/3) con: https://web.whatsapp.com/send?phone=573107366652&text=Hola%20Alejandra%2C%20te%20notificamos%20el%20*cambio%20de%20contrase%C3%B1a*%20asociado%20a%20tu%20correo%3A%20*paige9498freda2001%2B2%40outlook.com*.%0A%0A%E2%80%A2%20Netflix%20%E2%80%94%20Pantalla%20%7C%20*Pantalla%203*%20%7C%20vence%3A%2030%2F05%2F2026%0A%0A*La%20nueva%20contrase%C3%B1a%20es%3A*%20mednet55%20%0ANo%20la%20compartas%20con%20nadie%3B%20%C2%A1que%20est%C3%A9s%20s%C3%BAper%20bien!%0A*Recuerda%20tu%20pantalla%20es%20la%20que%20ves%20arriba%3B%20solo%20puedes%20utilizar%20esa.*%0A%0A%0ANOTA%3A*NO%20MODIFICAR%20LOS%20NUMEROS%20DEL%20PERFIL%2C%20USAR%20UNICAMENTE%20EL%20QUE%20SE%20LE%20ASIGNO%20SIN%20CAMBIARLO*%0APARA%20EVITAR%20CODIGOS%20DEBES%20BORRAR%20HISTORIAL%20Y%20COOKIES%20----%3E%20%20%20%20%0AEN%20CELULAR%3A%20https%3A%2F%2Fwww.youtube.com%2Fwatch%3Fv%3DrEsApVI1-lk%0AEN%20EL%20COMPUTADOR%3A%20https%3A%2F%2Fwww.youtube.com%2Fwatch%3Fv%3D2pYn4px0YWI
[2026-05-01T19:59:50.079Z] [STEP 7] ↪ asentando vista ~9s…
[2026-05-01T20:00:01.991Z] [STEP 8] ↩️ Enviado (Enter)
[2026-05-01T20:00:01.991Z]    ↪ post-send pause ~8s…
[2026-05-01T20:00:10.004Z] ⏳ Pausa entre mensajes: ~18s…
[2026-05-01T20:00:28.068Z] → [29/29] phone=573222959907 correo=paige9498freda2001+2@outlook.com plataforma_id=2 (Netflix) servicio=Pantalla pantalla=4 vence=03/05/2026
[2026-05-01T20:00:28.070Z] [STEP 7] 🔁 Abriendo chat (intento 1/3) con: https://web.whatsapp.com/send?phone=573222959907&text=Hola%20!%2C%20te%20notificamos%20el%20*cambio%20de%20contrase%C3%B1a*%20asociado%20a%20tu%20correo%3A%20*paige9498freda2001%2B2%40outlook.com*.%0A%0A%E2%80%A2%20Netflix%20%E2%80%94%20Pantalla%20%7C%20*Pantalla%204*%20%7C%20vence%3A%2003%2F05%2F2026%0A%0A*La%20nueva%20contrase%C3%B1a%20es%3A*%20mednet55%20%0ANo%20la%20compartas%20con%20nadie%3B%20%C2%A1que%20est%C3%A9s%20s%C3%BAper%20bien!%0A*Recuerda%20tu%20pantalla%20es%20la%20que%20ves%20arriba%3B%20solo%20puedes%20utilizar%20esa.*%0A%0A%0ANOTA%3A*NO%20MODIFICAR%20LOS%20NUMEROS%20DEL%20PERFIL%2C%20USAR%20UNICAMENTE%20EL%20QUE%20SE%20LE%20ASIGNO%20SIN%20CAMBIARLO*%0APARA%20EVITAR%20CODIGOS%20DEBES%20BORRAR%20HISTORIAL%20Y%20COOKIES%20----%3E%20%20%20%20%0AEN%20CELULAR%3A%20https%3A%2F%2Fwww.youtube.com%2Fwatch%3Fv%3DrEsApVI1-lk%0AEN%20EL%20COMPUTADOR%3A%20https%3A%2F%2Fwww.youtube.com%2Fwatch%3Fv%3D2pYn4px0YWI
[2026-05-01T20:00:29.123Z] [STEP 7] ↪ asentando vista ~9s…
[2026-05-01T20:00:42.481Z] [STEP 8] ↩️ Enviado (Enter)
[2026-05-01T20:00:42.482Z]    ↪ post-send pause ~10s…
[2026-05-01T20:00:52.246Z] ✅ Notificaciones terminadas.
[2026-05-01T20:00:52.247Z] ℹ️ Navegador dejado abierto para revisión manual.
[2026-05-01T20:00:52.269Z] == fin notify-password-changes ==
[2026-05-03T18:59:54.100Z] LOG_FILE=C:\Users\Santiago\medplay\.logs\notify-password-changes.log
[2026-05-03T18:59:54.103Z] == inicio notify-password-changes ==
[2026-05-03T18:59:54.105Z] [STEP 1] items recibidos: 6
[2026-05-03T18:59:54.105Z] [STEP 2] Correos únicos=6 | plataforma_id únicos=5
[2026-05-03T18:59:54.106Z] [STEP 2] Time=2ms
[2026-05-03T18:59:54.171Z] [STEP 3] DB: conectado
[2026-05-03T18:59:54.196Z] [STEP 3] Filas obtenidas (futuras): 24
[2026-05-03T18:59:54.197Z] [STEP 3] Time=91ms
[2026-05-03T18:59:54.212Z] [STEP 4][RESUMEN] correo=mxreya44@gmail.com plataforma_id=1 (Amazon) filas=3 phones=573157306507,573126652559,573002955519
[2026-05-03T18:59:54.212Z] [STEP 4][RESUMEN] correo=medplay93+c01@gmail.com plataforma_id=4 (Disney Premium) filas=7 phones=573134228773,573507222562,573236276421,573005089661,573135533891,573045527236,573218276620
[2026-05-03T18:59:54.213Z] [STEP 4][RESUMEN] correo=ppapacalcalit@gmail.com plataforma_id=8 (Crunchyroll) filas=5 phones=573126467605,573212418468,573176119491,573172240672,573213123581
[2026-05-03T18:59:54.214Z] [STEP 4][RESUMEN] correo=medplay93+qa8eh@gmail.com plataforma_id=9 (VIX) filas=3 phones=573134228773,573155969358,573227277192
[2026-05-03T18:59:54.214Z] [STEP 4][RESUMEN] correo=paige9498freda2001+2@outlook.com plataforma_id=2 (Netflix) filas=3 phones=573103136121,573107366652,573212440007
[2026-05-03T18:59:54.214Z] [STEP 4][RESUMEN] correo=crunchr1209@gmail.com plataforma_id=8 (Crunchyroll) filas=3 phones=573133723280,573015225334,573043319108
[2026-05-03T18:59:54.215Z] [STEP 4] tasks=24 skippedPhone=0 skippedNoClave=0
[2026-05-03T18:59:54.215Z] [STEP 4] Time=18ms
[2026-05-03T18:59:54.216Z] [STEP 5] OK → hay tareas, continuamos a WA/CDP.
[2026-05-03T18:59:54.217Z] [STEP 6.1] START_SCRIPT=C:\Users\Santiago\medplay\scripts\start-edge-wa.bat
[2026-05-03T18:59:54.217Z] [STEP 6.1] Lanzando start-edge-wa.bat…
[2026-05-03T18:59:55.744Z] [STEP 6.2] Esperando CDP en 127.0.0.1:9222…
[2026-05-03T18:59:56.158Z] [STEP 6.2] CDP ok: true
[2026-05-03T18:59:59.727Z] [STEP 6.3] Preparando WhatsApp Web…
[2026-05-03T19:00:27.269Z] [STEP 6.3] ✅ WhatsApp Web listo.
[2026-05-03T19:00:27.271Z] [STEP 7] base gapEnv=12000ms
[2026-05-03T19:00:27.272Z] — BLOQUE — correo=crunchr1209@gmail.com | plataforma_id=8 (Crunchyroll)
[2026-05-03T19:00:27.274Z] → [1/24] phone=573015225334 correo=crunchr1209@gmail.com plataforma_id=8 (Crunchyroll) servicio=Pantalla pantalla=5 vence=04/05/2026
[2026-05-03T19:00:27.275Z] [STEP 7] 🔁 Abriendo chat (intento 1/3) con: https://web.whatsapp.com/send?phone=573015225334&text=Hola%20!%2C%20te%20notificamos%20el%20*cambio%20de%20contrase%C3%B1a*%20asociado%20a%20tu%20correo%3A%20*crunchr1209%40gmail.com*.%0A%0A%E2%80%A2%20Crunchyroll%20%E2%80%94%20Pantalla%20%7C%20*Pantalla%205*%20%7C%20vence%3A%2004%2F05%2F2026%0A%0A*La%20nueva%20contrase%C3%B1a%20es%3A*%20medcrun12%40%20%0ANo%20la%20compartas%20con%20nadie%3B%20%C2%A1que%20est%C3%A9s%20s%C3%BAper%20bien!%0A*Recuerda%20tu%20pantalla%20es%20la%20que%20ves%20arriba%3B%20solo%20puedes%20utilizar%20esa.*%0A%0A%0ANOTA%3A*NO%20MODIFICAR%20LOS%20NUMEROS%20DEL%20PERFIL%2C%20USAR%20UNICAMENTE%20EL%20QUE%20SE%20LE%20ASIGNO%20SIN%20CAMBIARLO*%0APARA%20EVITAR%20CODIGOS%20DEBES%20BORRAR%20HISTORIAL%20Y%20COOKIES%20----%3E%20%20%20%20%0AEN%20CELULAR%3A%20https%3A%2F%2Fwww.youtube.com%2Fwatch%3Fv%3DrEsApVI1-lk%0AEN%20EL%20COMPUTADOR%3A%20https%3A%2F%2Fwww.youtube.com%2Fwatch%3Fv%3D2pYn4px0YWI
[2026-05-03T19:00:28.441Z] [STEP 7] ↪ asentando vista ~8s…
[2026-05-03T19:00:41.134Z] [STEP 8] ↩️ Enviado (Enter)
[2026-05-03T19:00:41.136Z]    ↪ post-send pause ~8s…
[2026-05-03T19:00:49.429Z] ⏳ Pausa entre mensajes: ~21s…
[2026-05-03T19:01:10.364Z] → [2/24] phone=573043319108 correo=crunchr1209@gmail.com plataforma_id=8 (Crunchyroll) servicio=Pantalla pantalla=6 vence=04/05/2026
[2026-05-03T19:01:10.366Z] [STEP 7] 🔁 Abriendo chat (intento 1/3) con: https://web.whatsapp.com/send?phone=573043319108&text=Hola%20!%2C%20te%20notificamos%20el%20*cambio%20de%20contrase%C3%B1a*%20asociado%20a%20tu%20correo%3A%20*crunchr1209%40gmail.com*.%0A%0A%E2%80%A2%20Crunchyroll%20%E2%80%94%20Pantalla%20%7C%20*Pantalla%206*%20%7C%20vence%3A%2004%2F05%2F2026%0A%0A*La%20nueva%20contrase%C3%B1a%20es%3A*%20medcrun12%40%20%0ANo%20la%20compartas%20con%20nadie%3B%20%C2%A1que%20est%C3%A9s%20s%C3%BAper%20bien!%0A*Recuerda%20tu%20pantalla%20es%20la%20que%20ves%20arriba%3B%20solo%20puedes%20utilizar%20esa.*%0A%0A%0ANOTA%3A*NO%20MODIFICAR%20LOS%20NUMEROS%20DEL%20PERFIL%2C%20USAR%20UNICAMENTE%20EL%20QUE%20SE%20LE%20ASIGNO%20SIN%20CAMBIARLO*%0APARA%20EVITAR%20CODIGOS%20DEBES%20BORRAR%20HISTORIAL%20Y%20COOKIES%20----%3E%20%20%20%20%0AEN%20CELULAR%3A%20https%3A%2F%2Fwww.youtube.com%2Fwatch%3Fv%3DrEsApVI1-lk%0AEN%20EL%20COMPUTADOR%3A%20https%3A%2F%2Fwww.youtube.com%2Fwatch%3Fv%3D2pYn4px0YWI
[2026-05-03T19:01:13.414Z] [STEP 7] ↪ asentando vista ~9s…
[2026-05-03T19:01:27.263Z] [STEP 8] ↩️ Enviado (Enter)
[2026-05-03T19:01:27.265Z]    ↪ post-send pause ~10s…
[2026-05-03T19:01:37.225Z] ⏳ Pausa entre mensajes: ~19s…
[2026-05-03T19:01:55.995Z] → [3/24] phone=573133723280 correo=crunchr1209@gmail.com plataforma_id=8 (Crunchyroll) servicio=Pantalla pantalla=1 vence=03/06/2026
[2026-05-03T19:01:55.996Z] [STEP 7] 🔁 Abriendo chat (intento 1/3) con: https://web.whatsapp.com/send?phone=573133723280&text=Hola%20!%2C%20te%20notificamos%20el%20*cambio%20de%20contrase%C3%B1a*%20asociado%20a%20tu%20correo%3A%20*crunchr1209%40gmail.com*.%0A%0A%E2%80%A2%20Crunchyroll%20%E2%80%94%20Pantalla%20%7C%20*Pantalla%201*%20%7C%20vence%3A%2003%2F06%2F2026%0A%0A*La%20nueva%20contrase%C3%B1a%20es%3A*%20medcrun12%40%20%0ANo%20la%20compartas%20con%20nadie%3B%20%C2%A1que%20est%C3%A9s%20s%C3%BAper%20bien!%0A*Recuerda%20tu%20pantalla%20es%20la%20que%20ves%20arriba%3B%20solo%20puedes%20utilizar%20esa.*%0A%0A%0ANOTA%3A*NO%20MODIFICAR%20LOS%20NUMEROS%20DEL%20PERFIL%2C%20USAR%20UNICAMENTE%20EL%20QUE%20SE%20LE%20ASIGNO%20SIN%20CAMBIARLO*%0APARA%20EVITAR%20CODIGOS%20DEBES%20BORRAR%20HISTORIAL%20Y%20COOKIES%20----%3E%20%20%20%20%0AEN%20CELULAR%3A%20https%3A%2F%2Fwww.youtube.com%2Fwatch%3Fv%3DrEsApVI1-lk%0AEN%20EL%20COMPUTADOR%3A%20https%3A%2F%2Fwww.youtube.com%2Fwatch%3Fv%3D2pYn4px0YWI
[2026-05-03T19:01:56.956Z] [STEP 7] ↪ asentando vista ~9s…
[2026-05-03T19:02:10.421Z] [STEP 8] ↩️ Enviado (Enter)
[2026-05-03T19:02:10.423Z]    ↪ post-send pause ~7s…
[2026-05-03T19:02:17.900Z] ⏳ Pausa entre mensajes: ~20s…
[2026-05-03T19:02:38.014Z] — BLOQUE — correo=medplay93+c01@gmail.com | plataforma_id=4 (Disney Premium)
[2026-05-03T19:02:38.016Z] → [4/24] phone=573005089661 correo=medplay93+c01@gmail.com plataforma_id=4 (Disney Premium) servicio=Pantalla pantalla=2 vence=07/05/2026
[2026-05-03T19:02:38.017Z] [STEP 7] 🔁 Abriendo chat (intento 1/3) con: https://web.whatsapp.com/send?phone=573005089661&text=Hola%20%2B57%2C%20te%20notificamos%20el%20*cambio%20de%20contrase%C3%B1a*%20asociado%20a%20tu%20correo%3A%20*medplay93%2Bc01%40gmail.com*.%0A%0A%E2%80%A2%20Disney%20Premium%20%E2%80%94%20Pantalla%20%7C%20*Pantalla%202*%20%7C%20vence%3A%2007%2F05%2F2026%0A%0A*La%20nueva%20contrase%C3%B1a%20es%3A*%20meddis12%40%20%0ANo%20la%20compartas%20con%20nadie%3B%20%C2%A1que%20est%C3%A9s%20s%C3%BAper%20bien!%0A*Recuerda%20tu%20pantalla%20es%20la%20que%20ves%20arriba%3B%20solo%20puedes%20utilizar%20esa.*%0A%0A%0ANOTA%3A*NO%20MODIFICAR%20LOS%20NUMEROS%20DEL%20PERFIL%2C%20USAR%20UNICAMENTE%20EL%20QUE%20SE%20LE%20ASIGNO%20SIN%20CAMBIARLO*%0APARA%20EVITAR%20CODIGOS%20DEBES%20BORRAR%20HISTORIAL%20Y%20COOKIES%20----%3E%20%20%20%20%0AEN%20CELULAR%3A%20https%3A%2F%2Fwww.youtube.com%2Fwatch%3Fv%3DrEsApVI1-lk%0AEN%20EL%20COMPUTADOR%3A%20https%3A%2F%2Fwww.youtube.com%2Fwatch%3Fv%3D2pYn4px0YWI
[2026-05-03T19:02:39.186Z] [STEP 7] ↪ asentando vista ~6s…
[2026-05-03T19:02:50.458Z] [STEP 8] ↩️ Enviado (Enter)
[2026-05-03T19:02:50.460Z]    ↪ post-send pause ~8s…
[2026-05-03T19:02:58.885Z] ⏳ Pausa entre mensajes: ~21s…
[2026-05-03T19:03:19.845Z] → [5/24] phone=573045527236 correo=medplay93+c01@gmail.com plataforma_id=4 (Disney Premium) servicio=Pantalla pantalla=1 vence=08/05/2026
[2026-05-03T19:03:19.847Z] [STEP 7] 🔁 Abriendo chat (intento 1/3) con: https://web.whatsapp.com/send?phone=573045527236&text=Hola%20Diego%2C%20te%20notificamos%20el%20*cambio%20de%20contrase%C3%B1a*%20asociado%20a%20tu%20correo%3A%20*medplay93%2Bc01%40gmail.com*.%0A%0A%E2%80%A2%20Disney%20Premium%20%E2%80%94%20Pantalla%20%7C%20*Pantalla%201*%20%7C%20vence%3A%2008%2F05%2F2026%0A%0A*La%20nueva%20contrase%C3%B1a%20es%3A*%20meddis12%40%20%0ANo%20la%20compartas%20con%20nadie%3B%20%C2%A1que%20est%C3%A9s%20s%C3%BAper%20bien!%0A*Recuerda%20tu%20pantalla%20es%20la%20que%20ves%20arriba%3B%20solo%20puedes%20utilizar%20esa.*%0A%0A%0ANOTA%3A*NO%20MODIFICAR%20LOS%20NUMEROS%20DEL%20PERFIL%2C%20USAR%20UNICAMENTE%20EL%20QUE%20SE%20LE%20ASIGNO%20SIN%20CAMBIARLO*%0APARA%20EVITAR%20CODIGOS%20DEBES%20BORRAR%20HISTORIAL%20Y%20COOKIES%20----%3E%20%20%20%20%0AEN%20CELULAR%3A%20https%3A%2F%2Fwww.youtube.com%2Fwatch%3Fv%3DrEsApVI1-lk%0AEN%20EL%20COMPUTADOR%3A%20https%3A%2F%2Fwww.youtube.com%2Fwatch%3Fv%3D2pYn4px0YWI
[2026-05-03T19:03:20.847Z] [STEP 7] ↪ asentando vista ~9s…
[2026-05-03T19:03:34.110Z] [STEP 8] ↩️ Enviado (Enter)
[2026-05-03T19:03:34.111Z]    ↪ post-send pause ~10s…
[2026-05-03T19:03:43.839Z] ⏳ Pausa entre mensajes: ~17s…
[2026-05-03T19:04:00.616Z] → [6/24] phone=573134228773 correo=medplay93+c01@gmail.com plataforma_id=4 (Disney Premium) servicio=Pantalla pantalla=3 vence=13/05/2026
[2026-05-03T19:04:00.618Z] [STEP 7] 🔁 Abriendo chat (intento 1/3) con: https://web.whatsapp.com/send?phone=573134228773&text=Hola%20%2B573134228773%2C%20te%20notificamos%20el%20*cambio%20de%20contrase%C3%B1a*%20asociado%20a%20tu%20correo%3A%20*medplay93%2Bc01%40gmail.com*.%0A%0A%E2%80%A2%20Disney%20Premium%20%E2%80%94%20Pantalla%20%7C%20*Pantalla%203*%20%7C%20vence%3A%2013%2F05%2F2026%0A%0A*La%20nueva%20contrase%C3%B1a%20es%3A*%20meddis12%40%20%0ANo%20la%20compartas%20con%20nadie%3B%20%C2%A1que%20est%C3%A9s%20s%C3%BAper%20bien!%0A*Recuerda%20tu%20pantalla%20es%20la%20que%20ves%20arriba%3B%20solo%20puedes%20utilizar%20esa.*%0A%0A%0ANOTA%3A*NO%20MODIFICAR%20LOS%20NUMEROS%20DEL%20PERFIL%2C%20USAR%20UNICAMENTE%20EL%20QUE%20SE%20LE%20ASIGNO%20SIN%20CAMBIARLO*%0APARA%20EVITAR%20CODIGOS%20DEBES%20BORRAR%20HISTORIAL%20Y%20COOKIES%20----%3E%20%20%20%20%0AEN%20CELULAR%3A%20https%3A%2F%2Fwww.youtube.com%2Fwatch%3Fv%3DrEsApVI1-lk%0AEN%20EL%20COMPUTADOR%3A%20https%3A%2F%2Fwww.youtube.com%2Fwatch%3Fv%3D2pYn4px0YWI
[2026-05-03T19:04:01.779Z] [STEP 7] ↪ asentando vista ~9s…
[2026-05-03T19:04:14.874Z] [STEP 8] ↩️ Enviado (Enter)
[2026-05-03T19:04:14.876Z]    ↪ post-send pause ~7s…
[2026-05-03T19:04:22.186Z] ⏳ Pausa entre mensajes: ~17s…
[2026-05-03T19:04:39.488Z] → [7/24] phone=573135533891 correo=medplay93+c01@gmail.com plataforma_id=4 (Disney Premium) servicio=Pantalla pantalla=8 vence=07/05/2026
[2026-05-03T19:04:39.490Z] [STEP 7] 🔁 Abriendo chat (intento 1/3) con: https://web.whatsapp.com/send?phone=573135533891&text=Hola%20%2B57%2C%20te%20notificamos%20el%20*cambio%20de%20contrase%C3%B1a*%20asociado%20a%20tu%20correo%3A%20*medplay93%2Bc01%40gmail.com*.%0A%0A%E2%80%A2%20Disney%20Premium%20%E2%80%94%20Pantalla%20%7C%20*Pantalla%208*%20%7C%20vence%3A%2007%2F05%2F2026%0A%0A*La%20nueva%20contrase%C3%B1a%20es%3A*%20meddis12%40%20%0ANo%20la%20compartas%20con%20nadie%3B%20%C2%A1que%20est%C3%A9s%20s%C3%BAper%20bien!%0A*Recuerda%20tu%20pantalla%20es%20la%20que%20ves%20arriba%3B%20solo%20puedes%20utilizar%20esa.*%0A%0A%0ANOTA%3A*NO%20MODIFICAR%20LOS%20NUMEROS%20DEL%20PERFIL%2C%20USAR%20UNICAMENTE%20EL%20QUE%20SE%20LE%20ASIGNO%20SIN%20CAMBIARLO*%0APARA%20EVITAR%20CODIGOS%20DEBES%20BORRAR%20HISTORIAL%20Y%20COOKIES%20----%3E%20%20%20%20%0AEN%20CELULAR%3A%20https%3A%2F%2Fwww.youtube.com%2Fwatch%3Fv%3DrEsApVI1-lk%0AEN%20EL%20COMPUTADOR%3A%20https%3A%2F%2Fwww.youtube.com%2Fwatch%3Fv%3D2pYn4px0YWI
[2026-05-03T19:04:40.678Z] [STEP 7] ↪ asentando vista ~7s…
[2026-05-03T19:04:59.398Z] [STEP 8] ↩️ Enviado (Enter)
[2026-05-03T19:04:59.399Z]    ↪ post-send pause ~6s…
[2026-05-03T19:05:05.619Z] ⏳ Pausa entre mensajes: ~21s…
[2026-05-03T19:05:26.255Z] → [8/24] phone=573218276620 correo=medplay93+c01@gmail.com plataforma_id=4 (Disney Premium) servicio=Pantalla pantalla=1 vence=12/05/2026
[2026-05-03T19:05:26.256Z] [STEP 7] 🔁 Abriendo chat (intento 1/3) con: https://web.whatsapp.com/send?phone=573218276620&text=Hola%20Edwin%2C%20te%20notificamos%20el%20*cambio%20de%20contrase%C3%B1a*%20asociado%20a%20tu%20correo%3A%20*medplay93%2Bc01%40gmail.com*.%0A%0A%E2%80%A2%20Disney%20Premium%20%E2%80%94%20Pantalla%20%7C%20*Pantalla%201*%20%7C%20vence%3A%2012%2F05%2F2026%0A%0A*La%20nueva%20contrase%C3%B1a%20es%3A*%20meddis12%40%20%0ANo%20la%20compartas%20con%20nadie%3B%20%C2%A1que%20est%C3%A9s%20s%C3%BAper%20bien!%0A*Recuerda%20tu%20pantalla%20es%20la%20que%20ves%20arriba%3B%20solo%20puedes%20utilizar%20esa.*%0A%0A%0ANOTA%3A*NO%20MODIFICAR%20LOS%20NUMEROS%20DEL%20PERFIL%2C%20USAR%20UNICAMENTE%20EL%20QUE%20SE%20LE%20ASIGNO%20SIN%20CAMBIARLO*%0APARA%20EVITAR%20CODIGOS%20DEBES%20BORRAR%20HISTORIAL%20Y%20COOKIES%20----%3E%20%20%20%20%0AEN%20CELULAR%3A%20https%3A%2F%2Fwww.youtube.com%2Fwatch%3Fv%3DrEsApVI1-lk%0AEN%20EL%20COMPUTADOR%3A%20https%3A%2F%2Fwww.youtube.com%2Fwatch%3Fv%3D2pYn4px0YWI
[2026-05-03T19:05:27.959Z] [STEP 7] ↪ asentando vista ~8s…
[2026-05-03T19:05:45.920Z] [STEP 8] ↩️ Enviado (Enter)
[2026-05-03T19:05:45.921Z]    ↪ post-send pause ~8s…
[2026-05-03T19:05:54.214Z] ⏳ Pausa entre mensajes: ~20s…
[2026-05-03T19:06:13.756Z] → [9/24] phone=573236276421 correo=medplay93+c01@gmail.com plataforma_id=4 (Disney Premium) servicio=Pantalla pantalla=7 vence=04/05/2026
[2026-05-03T19:06:13.760Z] [STEP 7] 🔁 Abriendo chat (intento 1/3) con: https://web.whatsapp.com/send?phone=573236276421&text=Hola%20!%2C%20te%20notificamos%20el%20*cambio%20de%20contrase%C3%B1a*%20asociado%20a%20tu%20correo%3A%20*medplay93%2Bc01%40gmail.com*.%0A%0A%E2%80%A2%20Disney%20Premium%20%E2%80%94%20Pantalla%20%7C%20*Pantalla%207*%20%7C%20vence%3A%2004%2F05%2F2026%0A%0A*La%20nueva%20contrase%C3%B1a%20es%3A*%20meddis12%40%20%0ANo%20la%20compartas%20con%20nadie%3B%20%C2%A1que%20est%C3%A9s%20s%C3%BAper%20bien!%0A*Recuerda%20tu%20pantalla%20es%20la%20que%20ves%20arriba%3B%20solo%20puedes%20utilizar%20esa.*%0A%0A%0ANOTA%3A*NO%20MODIFICAR%20LOS%20NUMEROS%20DEL%20PERFIL%2C%20USAR%20UNICAMENTE%20EL%20QUE%20SE%20LE%20ASIGNO%20SIN%20CAMBIARLO*%0APARA%20EVITAR%20CODIGOS%20DEBES%20BORRAR%20HISTORIAL%20Y%20COOKIES%20----%3E%20%20%20%20%0AEN%20CELULAR%3A%20https%3A%2F%2Fwww.youtube.com%2Fwatch%3Fv%3DrEsApVI1-lk%0AEN%20EL%20COMPUTADOR%3A%20https%3A%2F%2Fwww.youtube.com%2Fwatch%3Fv%3D2pYn4px0YWI
[2026-05-03T19:06:15.042Z] [STEP 7] ↪ asentando vista ~9s…
[2026-05-03T19:06:33.930Z] [STEP 8] ↩️ Enviado (Enter)
[2026-05-03T19:06:33.931Z]    ↪ post-send pause ~7s…
[2026-05-03T19:06:41.064Z] ⏳ Pausa entre mensajes: ~20s…
[2026-05-03T19:07:01.242Z] → [10/24] phone=573507222562 correo=medplay93+c01@gmail.com plataforma_id=4 (Disney Premium) servicio=Pantalla pantalla=6 vence=04/05/2026
[2026-05-03T19:07:01.245Z] [STEP 7] 🔁 Abriendo chat (intento 1/3) con: https://web.whatsapp.com/send?phone=573507222562&text=Hola%20!%2C%20te%20notificamos%20el%20*cambio%20de%20contrase%C3%B1a*%20asociado%20a%20tu%20correo%3A%20*medplay93%2Bc01%40gmail.com*.%0A%0A%E2%80%A2%20Disney%20Premium%20%E2%80%94%20Pantalla%20%7C%20*Pantalla%206*%20%7C%20vence%3A%2004%2F05%2F2026%0A%0A*La%20nueva%20contrase%C3%B1a%20es%3A*%20meddis12%40%20%0ANo%20la%20compartas%20con%20nadie%3B%20%C2%A1que%20est%C3%A9s%20s%C3%BAper%20bien!%0A*Recuerda%20tu%20pantalla%20es%20la%20que%20ves%20arriba%3B%20solo%20puedes%20utilizar%20esa.*%0A%0A%0ANOTA%3A*NO%20MODIFICAR%20LOS%20NUMEROS%20DEL%20PERFIL%2C%20USAR%20UNICAMENTE%20EL%20QUE%20SE%20LE%20ASIGNO%20SIN%20CAMBIARLO*%0APARA%20EVITAR%20CODIGOS%20DEBES%20BORRAR%20HISTORIAL%20Y%20COOKIES%20----%3E%20%20%20%20%0AEN%20CELULAR%3A%20https%3A%2F%2Fwww.youtube.com%2Fwatch%3Fv%3DrEsApVI1-lk%0AEN%20EL%20COMPUTADOR%3A%20https%3A%2F%2Fwww.youtube.com%2Fwatch%3Fv%3D2pYn4px0YWI
[2026-05-03T19:07:03.608Z] [STEP 7] ↪ asentando vista ~9s…
[2026-05-03T19:07:22.328Z] [STEP 8] ↩️ Enviado (Enter)
[2026-05-03T19:07:22.329Z]    ↪ post-send pause ~8s…
[2026-05-03T19:07:30.405Z] ⏳ Pausa entre mensajes: ~16s…
[2026-05-03T19:07:46.900Z] — BLOQUE — correo=medplay93+qa8eh@gmail.com | plataforma_id=9 (VIX)
[2026-05-03T19:07:46.902Z] → [11/24] phone=573134228773 correo=medplay93+qa8eh@gmail.com plataforma_id=9 (VIX) servicio=Pantalla pantalla=2 vence=13/05/2026
[2026-05-03T19:07:46.903Z] [STEP 7] 🔁 Abriendo chat (intento 1/3) con: https://web.whatsapp.com/send?phone=573134228773&text=Hola%20%2B573134228773%2C%20te%20notificamos%20el%20*cambio%20de%20contrase%C3%B1a*%20asociado%20a%20tu%20correo%3A%20*medplay93%2Bqa8eh%40gmail.com*.%0A%0A%E2%80%A2%20VIX%20%E2%80%94%20Pantalla%20%7C%20*Pantalla%202*%20%7C%20vence%3A%2013%2F05%2F2026%0A%0A*La%20nueva%20contrase%C3%B1a%20es%3A*%20medvix12%40%20%0ANo%20la%20compartas%20con%20nadie%3B%20%C2%A1que%20est%C3%A9s%20s%C3%BAper%20bien!%0A*Recuerda%20tu%20pantalla%20es%20la%20que%20ves%20arriba%3B%20solo%20puedes%20utilizar%20esa.*%0A%0A%0ANOTA%3A*NO%20MODIFICAR%20LOS%20NUMEROS%20DEL%20PERFIL%2C%20USAR%20UNICAMENTE%20EL%20QUE%20SE%20LE%20ASIGNO%20SIN%20CAMBIARLO*%0APARA%20EVITAR%20CODIGOS%20DEBES%20BORRAR%20HISTORIAL%20Y%20COOKIES%20----%3E%20%20%20%20%0AEN%20CELULAR%3A%20https%3A%2F%2Fwww.youtube.com%2Fwatch%3Fv%3DrEsApVI1-lk%0AEN%20EL%20COMPUTADOR%3A%20https%3A%2F%2Fwww.youtube.com%2Fwatch%3Fv%3D2pYn4px0YWI
[2026-05-03T19:07:48.894Z] [STEP 7] ↪ asentando vista ~8s…
[2026-05-03T19:08:06.017Z] [STEP 8] ↩️ Enviado (Enter)
[2026-05-03T19:08:06.019Z]    ↪ post-send pause ~10s…
[2026-05-03T19:08:16.012Z] ⏳ Pausa entre mensajes: ~19s…
[2026-05-03T19:08:34.876Z] → [12/24] phone=573155969358 correo=medplay93+qa8eh@gmail.com plataforma_id=9 (VIX) servicio=Pantalla pantalla=1 vence=30/05/2026
[2026-05-03T19:08:34.877Z] [STEP 7] 🔁 Abriendo chat (intento 1/3) con: https://web.whatsapp.com/send?phone=573155969358&text=Hola%20Eder%2C%20te%20notificamos%20el%20*cambio%20de%20contrase%C3%B1a*%20asociado%20a%20tu%20correo%3A%20*medplay93%2Bqa8eh%40gmail.com*.%0A%0A%E2%80%A2%20VIX%20%E2%80%94%20Pantalla%20%7C%20*Pantalla%201*%20%7C%20vence%3A%2030%2F05%2F2026%0A%0A*La%20nueva%20contrase%C3%B1a%20es%3A*%20medvix12%40%20%0ANo%20la%20compartas%20con%20nadie%3B%20%C2%A1que%20est%C3%A9s%20s%C3%BAper%20bien!%0A*Recuerda%20tu%20pantalla%20es%20la%20que%20ves%20arriba%3B%20solo%20puedes%20utilizar%20esa.*%0A%0A%0ANOTA%3A*NO%20MODIFICAR%20LOS%20NUMEROS%20DEL%20PERFIL%2C%20USAR%20UNICAMENTE%20EL%20QUE%20SE%20LE%20ASIGNO%20SIN%20CAMBIARLO*%0APARA%20EVITAR%20CODIGOS%20DEBES%20BORRAR%20HISTORIAL%20Y%20COOKIES%20----%3E%20%20%20%20%0AEN%20CELULAR%3A%20https%3A%2F%2Fwww.youtube.com%2Fwatch%3Fv%3DrEsApVI1-lk%0AEN%20EL%20COMPUTADOR%3A%20https%3A%2F%2Fwww.youtube.com%2Fwatch%3Fv%3D2pYn4px0YWI
[2026-05-03T19:08:37.137Z] [STEP 7] ↪ asentando vista ~10s…
[2026-05-03T19:08:58.947Z] [STEP 8] ↩️ Enviado (Enter)
[2026-05-03T19:08:58.948Z]    ↪ post-send pause ~6s…
[2026-05-03T19:09:05.045Z] ⏳ Pausa entre mensajes: ~16s…
[2026-05-03T19:09:21.302Z] → [13/24] phone=573227277192 correo=medplay93+qa8eh@gmail.com plataforma_id=9 (VIX) servicio=Pantalla pantalla=3 vence=02/06/2026
[2026-05-03T19:09:21.303Z] [STEP 7] 🔁 Abriendo chat (intento 1/3) con: https://web.whatsapp.com/send?phone=573227277192&text=Hola%20!%2C%20te%20notificamos%20el%20*cambio%20de%20contrase%C3%B1a*%20asociado%20a%20tu%20correo%3A%20*medplay93%2Bqa8eh%40gmail.com*.%0A%0A%E2%80%A2%20VIX%20%E2%80%94%20Pantalla%20%7C%20*Pantalla%203*%20%7C%20vence%3A%2002%2F06%2F2026%0A%0A*La%20nueva%20contrase%C3%B1a%20es%3A*%20medvix12%40%20%0ANo%20la%20compartas%20con%20nadie%3B%20%C2%A1que%20est%C3%A9s%20s%C3%BAper%20bien!%0A*Recuerda%20tu%20pantalla%20es%20la%20que%20ves%20arriba%3B%20solo%20puedes%20utilizar%20esa.*%0A%0A%0ANOTA%3A*NO%20MODIFICAR%20LOS%20NUMEROS%20DEL%20PERFIL%2C%20USAR%20UNICAMENTE%20EL%20QUE%20SE%20LE%20ASIGNO%20SIN%20CAMBIARLO*%0APARA%20EVITAR%20CODIGOS%20DEBES%20BORRAR%20HISTORIAL%20Y%20COOKIES%20----%3E%20%20%20%20%0AEN%20CELULAR%3A%20https%3A%2F%2Fwww.youtube.com%2Fwatch%3Fv%3DrEsApVI1-lk%0AEN%20EL%20COMPUTADOR%3A%20https%3A%2F%2Fwww.youtube.com%2Fwatch%3Fv%3D2pYn4px0YWI
[2026-05-03T19:09:22.965Z] [STEP 7] ↪ asentando vista ~9s…
[2026-05-03T19:09:39.965Z] [STEP 8] ↩️ Enviado (Enter)
[2026-05-03T19:09:39.966Z]    ↪ post-send pause ~7s…
[2026-05-03T19:09:47.335Z] ⏳ Pausa entre mensajes: ~17s…
[2026-05-03T19:10:04.702Z] — BLOQUE — correo=mxreya44@gmail.com | plataforma_id=1 (Amazon)
[2026-05-03T19:10:04.704Z] → [14/24] phone=573002955519 correo=mxreya44@gmail.com plataforma_id=1 (Amazon) servicio=Pantalla pantalla=1 vence=14/05/2026
[2026-05-03T19:10:04.705Z] [STEP 7] 🔁 Abriendo chat (intento 1/3) con: https://web.whatsapp.com/send?phone=573002955519&text=Hola%20%2B57%2C%20te%20notificamos%20el%20*cambio%20de%20contrase%C3%B1a*%20asociado%20a%20tu%20correo%3A%20*mxreya44%40gmail.com*.%0A%0A%E2%80%A2%20Amazon%20%E2%80%94%20Pantalla%20%7C%20*Pantalla%201*%20%7C%20vence%3A%2014%2F05%2F2026%0A%0A*La%20nueva%20contrase%C3%B1a%20es%3A*%20medprime12%20%0ANo%20la%20compartas%20con%20nadie%3B%20%C2%A1que%20est%C3%A9s%20s%C3%BAper%20bien!%0A*Recuerda%20tu%20pantalla%20es%20la%20que%20ves%20arriba%3B%20solo%20puedes%20utilizar%20esa.*%0A%0A%0ANOTA%3A*NO%20MODIFICAR%20LOS%20NUMEROS%20DEL%20PERFIL%2C%20USAR%20UNICAMENTE%20EL%20QUE%20SE%20LE%20ASIGNO%20SIN%20CAMBIARLO*%0APARA%20EVITAR%20CODIGOS%20DEBES%20BORRAR%20HISTORIAL%20Y%20COOKIES%20----%3E%20%20%20%20%0AEN%20CELULAR%3A%20https%3A%2F%2Fwww.youtube.com%2Fwatch%3Fv%3DrEsApVI1-lk%0AEN%20EL%20COMPUTADOR%3A%20https%3A%2F%2Fwww.youtube.com%2Fwatch%3Fv%3D2pYn4px0YWI
[2026-05-03T19:10:06.290Z] [STEP 7] ↪ asentando vista ~9s…
[2026-05-03T19:10:24.763Z] [STEP 8] ↩️ Enviado (Enter)
[2026-05-03T19:10:24.765Z]    ↪ post-send pause ~10s…
[2026-05-03T19:10:34.718Z] ⏳ Pausa entre mensajes: ~16s…
[2026-05-03T19:10:50.803Z] → [15/24] phone=573126652559 correo=mxreya44@gmail.com plataforma_id=1 (Amazon) servicio=Pantalla pantalla=2 vence=05/05/2026
[2026-05-03T19:10:50.805Z] [STEP 7] 🔁 Abriendo chat (intento 1/3) con: https://web.whatsapp.com/send?phone=573126652559&text=Hola%20Angie%2C%20te%20notificamos%20el%20*cambio%20de%20contrase%C3%B1a*%20asociado%20a%20tu%20correo%3A%20*mxreya44%40gmail.com*.%0A%0A%E2%80%A2%20Amazon%20%E2%80%94%20Pantalla%20%7C%20*Pantalla%202*%20%7C%20vence%3A%2005%2F05%2F2026%0A%0A*La%20nueva%20contrase%C3%B1a%20es%3A*%20medprime12%20%0ANo%20la%20compartas%20con%20nadie%3B%20%C2%A1que%20est%C3%A9s%20s%C3%BAper%20bien!%0A*Recuerda%20tu%20pantalla%20es%20la%20que%20ves%20arriba%3B%20solo%20puedes%20utilizar%20esa.*%0A%0A%0ANOTA%3A*NO%20MODIFICAR%20LOS%20NUMEROS%20DEL%20PERFIL%2C%20USAR%20UNICAMENTE%20EL%20QUE%20SE%20LE%20ASIGNO%20SIN%20CAMBIARLO*%0APARA%20EVITAR%20CODIGOS%20DEBES%20BORRAR%20HISTORIAL%20Y%20COOKIES%20----%3E%20%20%20%20%0AEN%20CELULAR%3A%20https%3A%2F%2Fwww.youtube.com%2Fwatch%3Fv%3DrEsApVI1-lk%0AEN%20EL%20COMPUTADOR%3A%20https%3A%2F%2Fwww.youtube.com%2Fwatch%3Fv%3D2pYn4px0YWI
[2026-05-03T19:10:56.362Z] [STEP 7] ↪ asentando vista ~8s…
[2026-05-03T19:11:14.863Z] [STEP 8] ↩️ Enviado (Enter)
[2026-05-03T19:11:14.864Z]    ↪ post-send pause ~8s…
[2026-05-03T19:11:22.956Z] ⏳ Pausa entre mensajes: ~19s…
[2026-05-03T19:11:41.466Z] → [16/24] phone=573157306507 correo=mxreya44@gmail.com plataforma_id=1 (Amazon) servicio=Pantalla pantalla=3 vence=26/05/2026
[2026-05-03T19:11:41.467Z] [STEP 7] 🔁 Abriendo chat (intento 1/3) con: https://web.whatsapp.com/send?phone=573157306507&text=Hola%20Sara%2C%20te%20notificamos%20el%20*cambio%20de%20contrase%C3%B1a*%20asociado%20a%20tu%20correo%3A%20*mxreya44%40gmail.com*.%0A%0A%E2%80%A2%20Amazon%20%E2%80%94%20Pantalla%20%7C%20*Pantalla%203*%20%7C%20vence%3A%2026%2F05%2F2026%0A%0A*La%20nueva%20contrase%C3%B1a%20es%3A*%20medprime12%20%0ANo%20la%20compartas%20con%20nadie%3B%20%C2%A1que%20est%C3%A9s%20s%C3%BAper%20bien!%0A*Recuerda%20tu%20pantalla%20es%20la%20que%20ves%20arriba%3B%20solo%20puedes%20utilizar%20esa.*%0A%0A%0ANOTA%3A*NO%20MODIFICAR%20LOS%20NUMEROS%20DEL%20PERFIL%2C%20USAR%20UNICAMENTE%20EL%20QUE%20SE%20LE%20ASIGNO%20SIN%20CAMBIARLO*%0APARA%20EVITAR%20CODIGOS%20DEBES%20BORRAR%20HISTORIAL%20Y%20COOKIES%20----%3E%20%20%20%20%0AEN%20CELULAR%3A%20https%3A%2F%2Fwww.youtube.com%2Fwatch%3Fv%3DrEsApVI1-lk%0AEN%20EL%20COMPUTADOR%3A%20https%3A%2F%2Fwww.youtube.com%2Fwatch%3Fv%3D2pYn4px0YWI
[2026-05-03T19:11:43.454Z] [STEP 7] ↪ asentando vista ~8s…
[2026-05-03T19:12:00.823Z] [STEP 8] ↩️ Enviado (Enter)
[2026-05-03T19:12:00.825Z]    ↪ post-send pause ~8s…
[2026-05-03T19:12:09.020Z] ⏳ Pausa entre mensajes: ~19s…
[2026-05-03T19:12:28.361Z] — BLOQUE — correo=paige9498freda2001+2@outlook.com | plataforma_id=2 (Netflix)
[2026-05-03T19:12:28.363Z] → [17/24] phone=573103136121 correo=paige9498freda2001+2@outlook.com plataforma_id=2 (Netflix) servicio=Pantalla pantalla=2 vence=20/05/2026
[2026-05-03T19:12:28.365Z] [STEP 7] 🔁 Abriendo chat (intento 1/3) con: https://web.whatsapp.com/send?phone=573103136121&text=Hola%20!%2C%20te%20notificamos%20el%20*cambio%20de%20contrase%C3%B1a*%20asociado%20a%20tu%20correo%3A%20*paige9498freda2001%2B2%40outlook.com*.%0A%0A%E2%80%A2%20Netflix%20%E2%80%94%20Pantalla%20%7C%20*Pantalla%202*%20%7C%20vence%3A%2020%2F05%2F2026%0A%0A*La%20nueva%20contrase%C3%B1a%20es%3A*%20mednet55%20%0ANo%20la%20compartas%20con%20nadie%3B%20%C2%A1que%20est%C3%A9s%20s%C3%BAper%20bien!%0A*Recuerda%20tu%20pantalla%20es%20la%20que%20ves%20arriba%3B%20solo%20puedes%20utilizar%20esa.*%0A%0A%0ANOTA%3A*NO%20MODIFICAR%20LOS%20NUMEROS%20DEL%20PERFIL%2C%20USAR%20UNICAMENTE%20EL%20QUE%20SE%20LE%20ASIGNO%20SIN%20CAMBIARLO*%0APARA%20EVITAR%20CODIGOS%20DEBES%20BORRAR%20HISTORIAL%20Y%20COOKIES%20----%3E%20%20%20%20%0AEN%20CELULAR%3A%20https%3A%2F%2Fwww.youtube.com%2Fwatch%3Fv%3DrEsApVI1-lk%0AEN%20EL%20COMPUTADOR%3A%20https%3A%2F%2Fwww.youtube.com%2Fwatch%3Fv%3D2pYn4px0YWI
[2026-05-03T19:12:29.708Z] [STEP 7] ↪ asentando vista ~10s…
[2026-05-03T19:12:46.667Z] [STEP 8] ↩️ Enviado (Enter)
[2026-05-03T19:12:46.669Z]    ↪ post-send pause ~6s…
[2026-05-03T19:12:52.882Z] ⏳ Pausa entre mensajes: ~20s…
[2026-05-03T19:13:12.510Z] → [18/24] phone=573107366652 correo=paige9498freda2001+2@outlook.com plataforma_id=2 (Netflix) servicio=Pantalla pantalla=3 vence=30/05/2026
[2026-05-03T19:13:12.512Z] [STEP 7] 🔁 Abriendo chat (intento 1/3) con: https://web.whatsapp.com/send?phone=573107366652&text=Hola%20Alejandra%2C%20te%20notificamos%20el%20*cambio%20de%20contrase%C3%B1a*%20asociado%20a%20tu%20correo%3A%20*paige9498freda2001%2B2%40outlook.com*.%0A%0A%E2%80%A2%20Netflix%20%E2%80%94%20Pantalla%20%7C%20*Pantalla%203*%20%7C%20vence%3A%2030%2F05%2F2026%0A%0A*La%20nueva%20contrase%C3%B1a%20es%3A*%20mednet55%20%0ANo%20la%20compartas%20con%20nadie%3B%20%C2%A1que%20est%C3%A9s%20s%C3%BAper%20bien!%0A*Recuerda%20tu%20pantalla%20es%20la%20que%20ves%20arriba%3B%20solo%20puedes%20utilizar%20esa.*%0A%0A%0ANOTA%3A*NO%20MODIFICAR%20LOS%20NUMEROS%20DEL%20PERFIL%2C%20USAR%20UNICAMENTE%20EL%20QUE%20SE%20LE%20ASIGNO%20SIN%20CAMBIARLO*%0APARA%20EVITAR%20CODIGOS%20DEBES%20BORRAR%20HISTORIAL%20Y%20COOKIES%20----%3E%20%20%20%20%0AEN%20CELULAR%3A%20https%3A%2F%2Fwww.youtube.com%2Fwatch%3Fv%3DrEsApVI1-lk%0AEN%20EL%20COMPUTADOR%3A%20https%3A%2F%2Fwww.youtube.com%2Fwatch%3Fv%3D2pYn4px0YWI
[2026-05-03T19:13:14.044Z] [STEP 7] ↪ asentando vista ~7s…
[2026-05-03T19:13:31.096Z] [STEP 8] ↩️ Enviado (Enter)
[2026-05-03T19:13:31.097Z]    ↪ post-send pause ~10s…
[2026-05-03T19:13:40.841Z] ⏳ Pausa entre mensajes: ~19s…
[2026-05-03T19:14:00.045Z] → [19/24] phone=573212440007 correo=paige9498freda2001+2@outlook.com plataforma_id=2 (Netflix) servicio=Pantalla pantalla=1 vence=01/06/2026
[2026-05-03T19:14:00.046Z] [STEP 7] 🔁 Abriendo chat (intento 1/3) con: https://web.whatsapp.com/send?phone=573212440007&text=Hola%20%C2%A3%E2%82%ACP%C5%91%2C%20te%20notificamos%20el%20*cambio%20de%20contrase%C3%B1a*%20asociado%20a%20tu%20correo%3A%20*paige9498freda2001%2B2%40outlook.com*.%0A%0A%E2%80%A2%20Netflix%20%E2%80%94%20Pantalla%20%7C%20*Pantalla%201*%20%7C%20vence%3A%2001%2F06%2F2026%0A%0A*La%20nueva%20contrase%C3%B1a%20es%3A*%20mednet55%20%0ANo%20la%20compartas%20con%20nadie%3B%20%C2%A1que%20est%C3%A9s%20s%C3%BAper%20bien!%0A*Recuerda%20tu%20pantalla%20es%20la%20que%20ves%20arriba%3B%20solo%20puedes%20utilizar%20esa.*%0A%0A%0ANOTA%3A*NO%20MODIFICAR%20LOS%20NUMEROS%20DEL%20PERFIL%2C%20USAR%20UNICAMENTE%20EL%20QUE%20SE%20LE%20ASIGNO%20SIN%20CAMBIARLO*%0APARA%20EVITAR%20CODIGOS%20DEBES%20BORRAR%20HISTORIAL%20Y%20COOKIES%20----%3E%20%20%20%20%0AEN%20CELULAR%3A%20https%3A%2F%2Fwww.youtube.com%2Fwatch%3Fv%3DrEsApVI1-lk%0AEN%20EL%20COMPUTADOR%3A%20https%3A%2F%2Fwww.youtube.com%2Fwatch%3Fv%3D2pYn4px0YWI
[2026-05-03T19:14:01.663Z] [STEP 7] ↪ asentando vista ~10s…
[2026-05-03T19:14:15.986Z] [STEP 8] ↩️ Enviado (Enter)
[2026-05-03T19:14:15.987Z]    ↪ post-send pause ~6s…
[2026-05-03T19:14:22.238Z] ⏳ Pausa entre mensajes: ~17s…
[2026-05-03T19:14:39.636Z] — BLOQUE — correo=ppapacalcalit@gmail.com | plataforma_id=8 (Crunchyroll)
[2026-05-03T19:14:39.637Z] → [20/24] phone=573126467605 correo=ppapacalcalit@gmail.com plataforma_id=8 (Crunchyroll) servicio=Pantalla pantalla=5 vence=23/05/2026
[2026-05-03T19:14:39.638Z] [STEP 7] 🔁 Abriendo chat (intento 1/3) con: https://web.whatsapp.com/send?phone=573126467605&text=Hola%20Victor%2C%20te%20notificamos%20el%20*cambio%20de%20contrase%C3%B1a*%20asociado%20a%20tu%20correo%3A%20*ppapacalcalit%40gmail.com*.%0A%0A%E2%80%A2%20Crunchyroll%20%E2%80%94%20Pantalla%20%7C%20*Pantalla%205*%20%7C%20vence%3A%2023%2F05%2F2026%0A%0A*La%20nueva%20contrase%C3%B1a%20es%3A*%20medcrun12%40%20%0ANo%20la%20compartas%20con%20nadie%3B%20%C2%A1que%20est%C3%A9s%20s%C3%BAper%20bien!%0A*Recuerda%20tu%20pantalla%20es%20la%20que%20ves%20arriba%3B%20solo%20puedes%20utilizar%20esa.*%0A%0A%0ANOTA%3A*NO%20MODIFICAR%20LOS%20NUMEROS%20DEL%20PERFIL%2C%20USAR%20UNICAMENTE%20EL%20QUE%20SE%20LE%20ASIGNO%20SIN%20CAMBIARLO*%0APARA%20EVITAR%20CODIGOS%20DEBES%20BORRAR%20HISTORIAL%20Y%20COOKIES%20----%3E%20%20%20%20%0AEN%20CELULAR%3A%20https%3A%2F%2Fwww.youtube.com%2Fwatch%3Fv%3DrEsApVI1-lk%0AEN%20EL%20COMPUTADOR%3A%20https%3A%2F%2Fwww.youtube.com%2Fwatch%3Fv%3D2pYn4px0YWI
[2026-05-03T19:14:40.472Z] [STEP 7] ↪ asentando vista ~6s…
[2026-05-03T19:14:52.420Z] [STEP 8] ↩️ Enviado (Enter)
[2026-05-03T19:14:52.421Z]    ↪ post-send pause ~6s…
[2026-05-03T19:14:58.558Z] ⏳ Pausa entre mensajes: ~17s…
[2026-05-03T19:15:15.142Z] → [21/24] phone=573172240672 correo=ppapacalcalit@gmail.com plataforma_id=8 (Crunchyroll) servicio=Pantalla pantalla=6 vence=14/05/2026
[2026-05-03T19:15:15.143Z] [STEP 7] 🔁 Abriendo chat (intento 1/3) con: https://web.whatsapp.com/send?phone=573172240672&text=Hola%20%2B57%2C%20te%20notificamos%20el%20*cambio%20de%20contrase%C3%B1a*%20asociado%20a%20tu%20correo%3A%20*ppapacalcalit%40gmail.com*.%0A%0A%E2%80%A2%20Crunchyroll%20%E2%80%94%20Pantalla%20%7C%20*Pantalla%206*%20%7C%20vence%3A%2014%2F05%2F2026%0A%0A*La%20nueva%20contrase%C3%B1a%20es%3A*%20medcrun12%40%20%0ANo%20la%20compartas%20con%20nadie%3B%20%C2%A1que%20est%C3%A9s%20s%C3%BAper%20bien!%0A*Recuerda%20tu%20pantalla%20es%20la%20que%20ves%20arriba%3B%20solo%20puedes%20utilizar%20esa.*%0A%0A%0ANOTA%3A*NO%20MODIFICAR%20LOS%20NUMEROS%20DEL%20PERFIL%2C%20USAR%20UNICAMENTE%20EL%20QUE%20SE%20LE%20ASIGNO%20SIN%20CAMBIARLO*%0APARA%20EVITAR%20CODIGOS%20DEBES%20BORRAR%20HISTORIAL%20Y%20COOKIES%20----%3E%20%20%20%20%0AEN%20CELULAR%3A%20https%3A%2F%2Fwww.youtube.com%2Fwatch%3Fv%3DrEsApVI1-lk%0AEN%20EL%20COMPUTADOR%3A%20https%3A%2F%2Fwww.youtube.com%2Fwatch%3Fv%3D2pYn4px0YWI
[2026-05-03T19:15:16.526Z] [STEP 7] ↪ asentando vista ~7s…
[2026-05-03T19:15:35.054Z] [STEP 8] ↩️ Enviado (Enter)
[2026-05-03T19:15:35.055Z]    ↪ post-send pause ~9s…
[2026-05-03T19:15:44.481Z] ⏳ Pausa entre mensajes: ~20s…
[2026-05-03T19:16:04.362Z] → [22/24] phone=573176119491 correo=ppapacalcalit@gmail.com plataforma_id=8 (Crunchyroll) servicio=Pantalla pantalla=2 vence=11/05/2026
[2026-05-03T19:16:04.363Z] [STEP 7] 🔁 Abriendo chat (intento 1/3) con: https://web.whatsapp.com/send?phone=573176119491&text=Hola%20!%2C%20te%20notificamos%20el%20*cambio%20de%20contrase%C3%B1a*%20asociado%20a%20tu%20correo%3A%20*ppapacalcalit%40gmail.com*.%0A%0A%E2%80%A2%20Crunchyroll%20%E2%80%94%20Pantalla%20%7C%20*Pantalla%202*%20%7C%20vence%3A%2011%2F05%2F2026%0A%0A*La%20nueva%20contrase%C3%B1a%20es%3A*%20medcrun12%40%20%0ANo%20la%20compartas%20con%20nadie%3B%20%C2%A1que%20est%C3%A9s%20s%C3%BAper%20bien!%0A*Recuerda%20tu%20pantalla%20es%20la%20que%20ves%20arriba%3B%20solo%20puedes%20utilizar%20esa.*%0A%0A%0ANOTA%3A*NO%20MODIFICAR%20LOS%20NUMEROS%20DEL%20PERFIL%2C%20USAR%20UNICAMENTE%20EL%20QUE%20SE%20LE%20ASIGNO%20SIN%20CAMBIARLO*%0APARA%20EVITAR%20CODIGOS%20DEBES%20BORRAR%20HISTORIAL%20Y%20COOKIES%20----%3E%20%20%20%20%0AEN%20CELULAR%3A%20https%3A%2F%2Fwww.youtube.com%2Fwatch%3Fv%3DrEsApVI1-lk%0AEN%20EL%20COMPUTADOR%3A%20https%3A%2F%2Fwww.youtube.com%2Fwatch%3Fv%3D2pYn4px0YWI
[2026-05-03T19:16:05.091Z] [STEP 7] ↪ asentando vista ~7s…
[2026-05-03T19:16:18.225Z] [STEP 8] ↩️ Enviado (Enter)
[2026-05-03T19:16:18.225Z]    ↪ post-send pause ~6s…
[2026-05-03T19:16:24.472Z] ⏳ Pausa entre mensajes: ~18s…
[2026-05-03T19:16:42.443Z] → [23/24] phone=573212418468 correo=ppapacalcalit@gmail.com plataforma_id=8 (Crunchyroll) servicio=Pantalla pantalla=1 vence=10/05/2026
[2026-05-03T19:16:42.444Z] [STEP 7] 🔁 Abriendo chat (intento 1/3) con: https://web.whatsapp.com/send?phone=573212418468&text=Hola%20Claudio%2C%20te%20notificamos%20el%20*cambio%20de%20contrase%C3%B1a*%20asociado%20a%20tu%20correo%3A%20*ppapacalcalit%40gmail.com*.%0A%0A%E2%80%A2%20Crunchyroll%20%E2%80%94%20Pantalla%20%7C%20*Pantalla%201*%20%7C%20vence%3A%2010%2F05%2F2026%0A%0A*La%20nueva%20contrase%C3%B1a%20es%3A*%20medcrun12%40%20%0ANo%20la%20compartas%20con%20nadie%3B%20%C2%A1que%20est%C3%A9s%20s%C3%BAper%20bien!%0A*Recuerda%20tu%20pantalla%20es%20la%20que%20ves%20arriba%3B%20solo%20puedes%20utilizar%20esa.*%0A%0A%0ANOTA%3A*NO%20MODIFICAR%20LOS%20NUMEROS%20DEL%20PERFIL%2C%20USAR%20UNICAMENTE%20EL%20QUE%20SE%20LE%20ASIGNO%20SIN%20CAMBIARLO*%0APARA%20EVITAR%20CODIGOS%20DEBES%20BORRAR%20HISTORIAL%20Y%20COOKIES%20----%3E%20%20%20%20%0AEN%20CELULAR%3A%20https%3A%2F%2Fwww.youtube.com%2Fwatch%3Fv%3DrEsApVI1-lk%0AEN%20EL%20COMPUTADOR%3A%20https%3A%2F%2Fwww.youtube.com%2Fwatch%3Fv%3D2pYn4px0YWI
[2026-05-03T19:16:43.127Z] [STEP 7] ↪ asentando vista ~6s…
[2026-05-03T19:16:56.482Z] [STEP 8] ↩️ Enviado (Enter)
[2026-05-03T19:16:56.483Z]    ↪ post-send pause ~6s…
[2026-05-03T19:17:02.914Z] ⏳ Pausa entre mensajes: ~20s…
[2026-05-03T19:17:23.402Z] → [24/24] phone=573213123581 correo=ppapacalcalit@gmail.com plataforma_id=8 (Crunchyroll) servicio=Pantalla pantalla=3 vence=20/05/2026
[2026-05-03T19:17:23.404Z] [STEP 7] 🔁 Abriendo chat (intento 1/3) con: https://web.whatsapp.com/send?phone=573213123581&text=Hola%20%2B57%2C%20te%20notificamos%20el%20*cambio%20de%20contrase%C3%B1a*%20asociado%20a%20tu%20correo%3A%20*ppapacalcalit%40gmail.com*.%0A%0A%E2%80%A2%20Crunchyroll%20%E2%80%94%20Pantalla%20%7C%20*Pantalla%203*%20%7C%20vence%3A%2020%2F05%2F2026%0A%0A*La%20nueva%20contrase%C3%B1a%20es%3A*%20medcrun12%40%20%0ANo%20la%20compartas%20con%20nadie%3B%20%C2%A1que%20est%C3%A9s%20s%C3%BAper%20bien!%0A*Recuerda%20tu%20pantalla%20es%20la%20que%20ves%20arriba%3B%20solo%20puedes%20utilizar%20esa.*%0A%0A%0ANOTA%3A*NO%20MODIFICAR%20LOS%20NUMEROS%20DEL%20PERFIL%2C%20USAR%20UNICAMENTE%20EL%20QUE%20SE%20LE%20ASIGNO%20SIN%20CAMBIARLO*%0APARA%20EVITAR%20CODIGOS%20DEBES%20BORRAR%20HISTORIAL%20Y%20COOKIES%20----%3E%20%20%20%20%0AEN%20CELULAR%3A%20https%3A%2F%2Fwww.youtube.com%2Fwatch%3Fv%3DrEsApVI1-lk%0AEN%20EL%20COMPUTADOR%3A%20https%3A%2F%2Fwww.youtube.com%2Fwatch%3Fv%3D2pYn4px0YWI
[2026-05-03T19:17:24.078Z] [STEP 7] ↪ asentando vista ~8s…
[2026-05-03T19:17:37.864Z] [STEP 8] ↩️ Enviado (Enter)
[2026-05-03T19:17:37.865Z]    ↪ post-send pause ~9s…
[2026-05-03T19:17:47.076Z] ✅ Notificaciones terminadas.
[2026-05-03T19:17:47.078Z] ℹ️ Navegador dejado abierto para revisión manual.
[2026-05-03T19:17:47.083Z] == fin notify-password-changes ==
[2026-05-06T00:53:36.670Z] LOG_FILE=C:\Users\Santiago\medplay\.logs\notify-password-changes.log
[2026-05-06T00:53:36.672Z] == inicio notify-password-changes ==
[2026-05-06T00:53:36.672Z] [STEP 1] items recibidos: 13
[2026-05-06T00:53:36.673Z] [STEP 2] Correos únicos=13 | plataforma_id únicos=6
[2026-05-06T00:53:36.673Z] [STEP 2] Time=1ms
[2026-05-06T00:53:36.735Z] [STEP 3] DB: conectado
[2026-05-06T00:53:36.761Z] [STEP 3] Filas obtenidas (futuras): 59
[2026-05-06T00:53:36.761Z] [STEP 3] Time=88ms
[2026-05-06T00:53:36.791Z] [STEP 4][RESUMEN] correo=mxreya44@gmail.com plataforma_id=1 (Amazon) filas=2 phones=573157306507,573002955519
[2026-05-06T00:53:36.792Z] [STEP 4][RESUMEN] correo=medplay93+dis5@gmail.com plataforma_id=3 (Disney) filas=7 phones=573128096569,573206193252,573177286450,573196281142,573184110606,573136201571,573015696099
[2026-05-06T00:53:36.793Z] [STEP 4][RESUMEN] correo=medplay93+lc@gmail.com plataforma_id=4 (Disney Premium) filas=3 phones=573136247452,573117347370,573123423399
[2026-05-06T00:53:36.794Z] [STEP 4][RESUMEN] correo=medplay93+c01@gmail.com plataforma_id=4 (Disney Premium) filas=7 phones=573134228773,573005089661,573135533891,573045527236,573218276620,573135407993,573507222562
[2026-05-06T00:53:36.794Z] [STEP 4][RESUMEN] correo=medolayplanatt@gmail.com plataforma_id=8 (Crunchyroll) filas=6 phones=573244348960,573212215871,573112803016,573204905533,573144639399,573117312302
[2026-05-06T00:53:36.795Z] [STEP 4][RESUMEN] correo=ppapacalcalit@gmail.com plataforma_id=8 (Crunchyroll) filas=6 phones=573126467605,573212418468,573176119491,573172240672,573213123581,573227542254
[2026-05-06T00:53:36.795Z] [STEP 4][RESUMEN] correo=medplay93+qa8eh@gmail.com plataforma_id=9 (VIX) filas=3 phones=573134228773,573227277192,573022967664
[2026-05-06T00:53:36.796Z] [STEP 4][RESUMEN] correo=paige9498freda2001+2@outlook.com plataforma_id=2 (Netflix) filas=4 phones=573222959907,573103136121,573107366652,573212440007
[2026-05-06T00:53:36.796Z] [STEP 4][RESUMEN] correo=colleenyaw4642@hotmail.com plataforma_id=8 (Crunchyroll) filas=3 phones=573219246939,573025367947,573107714028
[2026-05-06T00:53:36.797Z] [STEP 4][RESUMEN] correo=crunchr1209@gmail.com plataforma_id=8 (Crunchyroll) filas=5 phones=573133723280,573228937365,573026064341,573024818243,573213201507
[2026-05-06T00:53:36.797Z] [STEP 4][RESUMEN] correo=guadalupekeisha276101987+6@hotmail.com plataforma_id=2 (Netflix) filas=4 phones=573155240263,573005910856,573003465259,573161218707
[2026-05-06T00:53:36.798Z] [STEP 4][RESUMEN] correo=medplay93+vj3y1@gmail.com plataforma_id=9 (VIX) filas=4 phones=573214495781,573116400774,573166470753,573145477780
[2026-05-06T00:53:36.798Z] [STEP 4][RESUMEN] correo=alessandraprinciotta065@hotmail.com plataforma_id=8 (Crunchyroll) filas=5 phones=573013745446,573021030508,573197535297,573245264819,573204354872
[2026-05-06T00:53:36.798Z] [STEP 4] tasks=59 skippedPhone=0 skippedNoClave=0
[2026-05-06T00:53:36.798Z] [STEP 4] Time=37ms
[2026-05-06T00:53:36.798Z] [STEP 5] OK → hay tareas, continuamos a WA/CDP.
[2026-05-06T00:53:36.799Z] [STEP 6.1] START_SCRIPT=C:\Users\Santiago\medplay\scripts\start-edge-wa.bat
[2026-05-06T00:53:36.799Z] [STEP 6.1] Lanzando start-edge-wa.bat…
[2026-05-06T00:53:38.341Z] [STEP 6.2] Esperando CDP en 127.0.0.1:9222…
[2026-05-06T00:53:38.423Z] [STEP 6.2] CDP ok: true
[2026-05-06T00:53:41.798Z] [STEP 6.3] Preparando WhatsApp Web…
[2026-05-06T00:54:01.724Z] [STEP 6.3] ✅ WhatsApp Web listo.
[2026-05-06T00:54:01.725Z] [STEP 7] base gapEnv=12000ms
[2026-05-06T00:54:01.725Z] — BLOQUE — correo=alessandraprinciotta065@hotmail.com | plataforma_id=8 (Crunchyroll)
[2026-05-06T00:54:01.725Z] → [1/59] phone=573013745446 correo=alessandraprinciotta065@hotmail.com plataforma_id=8 (Crunchyroll) servicio=Pantalla pantalla=1 vence=28/05/2026
[2026-05-06T00:54:01.726Z] [STEP 7] 🔁 Abriendo chat (intento 1/3) con: https://web.whatsapp.com/send?phone=573013745446&text=Hola%20!%2C%20te%20notificamos%20el%20*cambio%20de%20contrase%C3%B1a*%20asociado%20a%20tu%20correo%3A%20*alessandraprinciotta065%40hotmail.com*.%0A%0A%E2%80%A2%20Crunchyroll%20%E2%80%94%20Pantalla%20%7C%20*Pantalla%201*%20%7C%20vence%3A%2028%2F05%2F2026%0A%0A*La%20nueva%20contrase%C3%B1a%20es%3A*%20mederoll%405%20%0ANo%20la%20compartas%20con%20nadie%3B%20%C2%A1que%20est%C3%A9s%20s%C3%BAper%20bien!%0A*Recuerda%20tu%20pantalla%20es%20la%20que%20ves%20arriba%3B%20solo%20puedes%20utilizar%20esa.*%0A%0A%0ANOTA%3A*NO%20MODIFICAR%20LOS%20NUMEROS%20DEL%20PERFIL%2C%20USAR%20UNICAMENTE%20EL%20QUE%20SE%20LE%20ASIGNO%20SIN%20CAMBIARLO*%0APARA%20EVITAR%20CODIGOS%20DEBES%20BORRAR%20HISTORIAL%20Y%20COOKIES%20----%3E%20%20%20%20%0AEN%20CELULAR%3A%20https%3A%2F%2Fwww.youtube.com%2Fwatch%3Fv%3DrEsApVI1-lk%0AEN%20EL%20COMPUTADOR%3A%20https%3A%2F%2Fwww.youtube.com%2Fwatch%3Fv%3D2pYn4px0YWI
[2026-05-06T00:54:02.487Z] [STEP 7] ↪ asentando vista ~7s…
[2026-05-06T00:54:31.261Z] [STEP 8] ↩️ Enviado (Enter)
[2026-05-06T00:54:31.262Z]    ↪ post-send pause ~7s…
[2026-05-06T00:54:38.139Z] ⏳ Pausa entre mensajes: ~18s…
[2026-05-06T00:54:56.073Z] → [2/59] phone=573021030508 correo=alessandraprinciotta065@hotmail.com plataforma_id=8 (Crunchyroll) servicio=Pantalla pantalla=2 vence=28/05/2026
[2026-05-06T00:54:56.075Z] [STEP 7] 🔁 Abriendo chat (intento 1/3) con: https://web.whatsapp.com/send?phone=573021030508&text=Hola%20!%2C%20te%20notificamos%20el%20*cambio%20de%20contrase%C3%B1a*%20asociado%20a%20tu%20correo%3A%20*alessandraprinciotta065%40hotmail.com*.%0A%0A%E2%80%A2%20Crunchyroll%20%E2%80%94%20Pantalla%20%7C%20*Pantalla%202*%20%7C%20vence%3A%2028%2F05%2F2026%0A%0A*La%20nueva%20contrase%C3%B1a%20es%3A*%20mederoll%405%20%0ANo%20la%20compartas%20con%20nadie%3B%20%C2%A1que%20est%C3%A9s%20s%C3%BAper%20bien!%0A*Recuerda%20tu%20pantalla%20es%20la%20que%20ves%20arriba%3B%20solo%20puedes%20utilizar%20esa.*%0A%0A%0ANOTA%3A*NO%20MODIFICAR%20LOS%20NUMEROS%20DEL%20PERFIL%2C%20USAR%20UNICAMENTE%20EL%20QUE%20SE%20LE%20ASIGNO%20SIN%20CAMBIARLO*%0APARA%20EVITAR%20CODIGOS%20DEBES%20BORRAR%20HISTORIAL%20Y%20COOKIES%20----%3E%20%20%20%20%0AEN%20CELULAR%3A%20https%3A%2F%2Fwww.youtube.com%2Fwatch%3Fv%3DrEsApVI1-lk%0AEN%20EL%20COMPUTADOR%3A%20https%3A%2F%2Fwww.youtube.com%2Fwatch%3Fv%3D2pYn4px0YWI
[2026-05-06T00:54:57.195Z] [STEP 7] ↪ asentando vista ~9s…
[2026-05-06T00:55:26.310Z] [STEP 8] ↩️ Enviado (Enter)
[2026-05-06T00:55:26.312Z]    ↪ post-send pause ~10s…
[2026-05-06T00:55:35.941Z] ⏳ Pausa entre mensajes: ~20s…
[2026-05-06T00:55:56.135Z] → [3/59] phone=573197535297 correo=alessandraprinciotta065@hotmail.com plataforma_id=8 (Crunchyroll) servicio=Pantalla pantalla=4 vence=29/05/2026
[2026-05-06T00:55:56.138Z] [STEP 7] 🔁 Abriendo chat (intento 1/3) con: https://web.whatsapp.com/send?phone=573197535297&text=Hola%20%2B57%2C%20te%20notificamos%20el%20*cambio%20de%20contrase%C3%B1a*%20asociado%20a%20tu%20correo%3A%20*alessandraprinciotta065%40hotmail.com*.%0A%0A%E2%80%A2%20Crunchyroll%20%E2%80%94%20Pantalla%20%7C%20*Pantalla%204*%20%7C%20vence%3A%2029%2F05%2F2026%0A%0A*La%20nueva%20contrase%C3%B1a%20es%3A*%20mederoll%405%20%0ANo%20la%20compartas%20con%20nadie%3B%20%C2%A1que%20est%C3%A9s%20s%C3%BAper%20bien!%0A*Recuerda%20tu%20pantalla%20es%20la%20que%20ves%20arriba%3B%20solo%20puedes%20utilizar%20esa.*%0A%0A%0ANOTA%3A*NO%20MODIFICAR%20LOS%20NUMEROS%20DEL%20PERFIL%2C%20USAR%20UNICAMENTE%20EL%20QUE%20SE%20LE%20ASIGNO%20SIN%20CAMBIARLO*%0APARA%20EVITAR%20CODIGOS%20DEBES%20BORRAR%20HISTORIAL%20Y%20COOKIES%20----%3E%20%20%20%20%0AEN%20CELULAR%3A%20https%3A%2F%2Fwww.youtube.com%2Fwatch%3Fv%3DrEsApVI1-lk%0AEN%20EL%20COMPUTADOR%3A%20https%3A%2F%2Fwww.youtube.com%2Fwatch%3Fv%3D2pYn4px0YWI
[2026-05-06T00:55:56.859Z] [STEP 7] ↪ asentando vista ~7s…
[2026-05-06T00:56:09.122Z] [STEP 8] ↩️ Enviado (Enter)
[2026-05-06T00:56:09.122Z]    ↪ post-send pause ~7s…
[2026-05-06T00:56:16.326Z] ⏳ Pausa entre mensajes: ~19s…
[2026-05-06T00:56:35.527Z] → [4/59] phone=573204354872 correo=alessandraprinciotta065@hotmail.com plataforma_id=8 (Crunchyroll) servicio=Pantalla pantalla=6 vence=29/05/2026
[2026-05-06T00:56:35.528Z] [STEP 7] 🔁 Abriendo chat (intento 1/3) con: https://web.whatsapp.com/send?phone=573204354872&text=Hola%20%2B57%2C%20te%20notificamos%20el%20*cambio%20de%20contrase%C3%B1a*%20asociado%20a%20tu%20correo%3A%20*alessandraprinciotta065%40hotmail.com*.%0A%0A%E2%80%A2%20Crunchyroll%20%E2%80%94%20Pantalla%20%7C%20*Pantalla%206*%20%7C%20vence%3A%2029%2F05%2F2026%0A%0A*La%20nueva%20contrase%C3%B1a%20es%3A*%20mederoll%405%20%0ANo%20la%20compartas%20con%20nadie%3B%20%C2%A1que%20est%C3%A9s%20s%C3%BAper%20bien!%0A*Recuerda%20tu%20pantalla%20es%20la%20que%20ves%20arriba%3B%20solo%20puedes%20utilizar%20esa.*%0A%0A%0ANOTA%3A*NO%20MODIFICAR%20LOS%20NUMEROS%20DEL%20PERFIL%2C%20USAR%20UNICAMENTE%20EL%20QUE%20SE%20LE%20ASIGNO%20SIN%20CAMBIARLO*%0APARA%20EVITAR%20CODIGOS%20DEBES%20BORRAR%20HISTORIAL%20Y%20COOKIES%20----%3E%20%20%20%20%0AEN%20CELULAR%3A%20https%3A%2F%2Fwww.youtube.com%2Fwatch%3Fv%3DrEsApVI1-lk%0AEN%20EL%20COMPUTADOR%3A%20https%3A%2F%2Fwww.youtube.com%2Fwatch%3Fv%3D2pYn4px0YWI
[2026-05-06T00:56:36.449Z] [STEP 7] ↪ asentando vista ~6s…
[2026-05-06T00:56:56.483Z] [STEP 8] ↩️ Enviado (Enter)
[2026-05-06T00:56:56.484Z]    ↪ post-send pause ~9s…
[2026-05-06T00:57:05.777Z] ⏳ Pausa entre mensajes: ~21s…
[2026-05-06T00:57:26.704Z] → [5/59] phone=573245264819 correo=alessandraprinciotta065@hotmail.com plataforma_id=8 (Crunchyroll) servicio=Pantalla pantalla=5 vence=21/05/2026
[2026-05-06T00:57:26.705Z] [STEP 7] 🔁 Abriendo chat (intento 1/3) con: https://web.whatsapp.com/send?phone=573245264819&text=Hola%20%2B57%2C%20te%20notificamos%20el%20*cambio%20de%20contrase%C3%B1a*%20asociado%20a%20tu%20correo%3A%20*alessandraprinciotta065%40hotmail.com*.%0A%0A%E2%80%A2%20Crunchyroll%20%E2%80%94%20Pantalla%20%7C%20*Pantalla%205*%20%7C%20vence%3A%2021%2F05%2F2026%0A%0A*La%20nueva%20contrase%C3%B1a%20es%3A*%20mederoll%405%20%0ANo%20la%20compartas%20con%20nadie%3B%20%C2%A1que%20est%C3%A9s%20s%C3%BAper%20bien!%0A*Recuerda%20tu%20pantalla%20es%20la%20que%20ves%20arriba%3B%20solo%20puedes%20utilizar%20esa.*%0A%0A%0ANOTA%3A*NO%20MODIFICAR%20LOS%20NUMEROS%20DEL%20PERFIL%2C%20USAR%20UNICAMENTE%20EL%20QUE%20SE%20LE%20ASIGNO%20SIN%20CAMBIARLO*%0APARA%20EVITAR%20CODIGOS%20DEBES%20BORRAR%20HISTORIAL%20Y%20COOKIES%20----%3E%20%20%20%20%0AEN%20CELULAR%3A%20https%3A%2F%2Fwww.youtube.com%2Fwatch%3Fv%3DrEsApVI1-lk%0AEN%20EL%20COMPUTADOR%3A%20https%3A%2F%2Fwww.youtube.com%2Fwatch%3Fv%3D2pYn4px0YWI
[2026-05-06T00:57:27.780Z] [STEP 7] ↪ asentando vista ~6s…
[2026-05-06T00:57:41.363Z] [STEP 8] ↩️ Enviado (Enter)
[2026-05-06T00:57:41.379Z]    ↪ post-send pause ~6s…
[2026-05-06T00:57:47.825Z] ⏳ Pausa entre mensajes: ~18s…
[2026-05-06T00:58:05.508Z] — BLOQUE — correo=colleenyaw4642@hotmail.com | plataforma_id=8 (Crunchyroll)
[2026-05-06T00:58:05.509Z] → [6/59] phone=573025367947 correo=colleenyaw4642@hotmail.com plataforma_id=8 (Crunchyroll) servicio=Pantalla pantalla=6 vence=06/05/2026
[2026-05-06T00:58:05.510Z] [STEP 7] 🔁 Abriendo chat (intento 1/3) con: https://web.whatsapp.com/send?phone=573025367947&text=Hola%20!%2C%20te%20notificamos%20el%20*cambio%20de%20contrase%C3%B1a*%20asociado%20a%20tu%20correo%3A%20*colleenyaw4642%40hotmail.com*.%0A%0A%E2%80%A2%20Crunchyroll%20%E2%80%94%20Pantalla%20%7C%20*Pantalla%206*%20%7C%20vence%3A%2006%2F05%2F2026%0A%0A*La%20nueva%20contrase%C3%B1a%20es%3A*%20medecrun%401%20%0ANo%20la%20compartas%20con%20nadie%3B%20%C2%A1que%20est%C3%A9s%20s%C3%BAper%20bien!%0A*Recuerda%20tu%20pantalla%20es%20la%20que%20ves%20arriba%3B%20solo%20puedes%20utilizar%20esa.*%0A%0A%0ANOTA%3A*NO%20MODIFICAR%20LOS%20NUMEROS%20DEL%20PERFIL%2C%20USAR%20UNICAMENTE%20EL%20QUE%20SE%20LE%20ASIGNO%20SIN%20CAMBIARLO*%0APARA%20EVITAR%20CODIGOS%20DEBES%20BORRAR%20HISTORIAL%20Y%20COOKIES%20----%3E%20%20%20%20%0AEN%20CELULAR%3A%20https%3A%2F%2Fwww.youtube.com%2Fwatch%3Fv%3DrEsApVI1-lk%0AEN%20EL%20COMPUTADOR%3A%20https%3A%2F%2Fwww.youtube.com%2Fwatch%3Fv%3D2pYn4px0YWI
[2026-05-06T00:58:06.558Z] [STEP 7] ↪ asentando vista ~6s…
[2026-05-06T00:58:32.903Z] [STEP 8] ↩️ Enviado (Enter)
[2026-05-06T00:58:32.903Z]    ↪ post-send pause ~9s…
[2026-05-06T00:58:41.631Z] ⏳ Pausa entre mensajes: ~20s…
[2026-05-06T00:59:01.893Z] → [7/59] phone=573107714028 correo=colleenyaw4642@hotmail.com plataforma_id=8 (Crunchyroll) servicio=Pantalla pantalla=2 vence=02/06/2026
[2026-05-06T00:59:01.894Z] [STEP 7] 🔁 Abriendo chat (intento 1/3) con: https://web.whatsapp.com/send?phone=573107714028&text=Hola%20!%2C%20te%20notificamos%20el%20*cambio%20de%20contrase%C3%B1a*%20asociado%20a%20tu%20correo%3A%20*colleenyaw4642%40hotmail.com*.%0A%0A%E2%80%A2%20Crunchyroll%20%E2%80%94%20Pantalla%20%7C%20*Pantalla%202*%20%7C%20vence%3A%2002%2F06%2F2026%0A%0A*La%20nueva%20contrase%C3%B1a%20es%3A*%20medecrun%401%20%0ANo%20la%20compartas%20con%20nadie%3B%20%C2%A1que%20est%C3%A9s%20s%C3%BAper%20bien!%0A*Recuerda%20tu%20pantalla%20es%20la%20que%20ves%20arriba%3B%20solo%20puedes%20utilizar%20esa.*%0A%0A%0ANOTA%3A*NO%20MODIFICAR%20LOS%20NUMEROS%20DEL%20PERFIL%2C%20USAR%20UNICAMENTE%20EL%20QUE%20SE%20LE%20ASIGNO%20SIN%20CAMBIARLO*%0APARA%20EVITAR%20CODIGOS%20DEBES%20BORRAR%20HISTORIAL%20Y%20COOKIES%20----%3E%20%20%20%20%0AEN%20CELULAR%3A%20https%3A%2F%2Fwww.youtube.com%2Fwatch%3Fv%3DrEsApVI1-lk%0AEN%20EL%20COMPUTADOR%3A%20https%3A%2F%2Fwww.youtube.com%2Fwatch%3Fv%3D2pYn4px0YWI
[2026-05-06T00:59:02.889Z] [STEP 7] ↪ asentando vista ~7s…
[2026-05-06T00:59:48.775Z] [STEP 8] ↩️ Enviado (Enter)
[2026-05-06T00:59:48.776Z]    ↪ post-send pause ~8s…
[2026-05-06T00:59:56.534Z] ⏳ Pausa entre mensajes: ~19s…
[2026-05-06T01:00:15.617Z] → [8/59] phone=573219246939 correo=colleenyaw4642@hotmail.com plataforma_id=8 (Crunchyroll) servicio=Pantalla pantalla=1 vence=03/06/2026
[2026-05-06T01:00:15.618Z] [STEP 7] 🔁 Abriendo chat (intento 1/3) con: https://web.whatsapp.com/send?phone=573219246939&text=Hola%20!%2C%20te%20notificamos%20el%20*cambio%20de%20contrase%C3%B1a*%20asociado%20a%20tu%20correo%3A%20*colleenyaw4642%40hotmail.com*.%0A%0A%E2%80%A2%20Crunchyroll%20%E2%80%94%20Pantalla%20%7C%20*Pantalla%201*%20%7C%20vence%3A%2003%2F06%2F2026%0A%0A*La%20nueva%20contrase%C3%B1a%20es%3A*%20medecrun%401%20%0ANo%20la%20compartas%20con%20nadie%3B%20%C2%A1que%20est%C3%A9s%20s%C3%BAper%20bien!%0A*Recuerda%20tu%20pantalla%20es%20la%20que%20ves%20arriba%3B%20solo%20puedes%20utilizar%20esa.*%0A%0A%0ANOTA%3A*NO%20MODIFICAR%20LOS%20NUMEROS%20DEL%20PERFIL%2C%20USAR%20UNICAMENTE%20EL%20QUE%20SE%20LE%20ASIGNO%20SIN%20CAMBIARLO*%0APARA%20EVITAR%20CODIGOS%20DEBES%20BORRAR%20HISTORIAL%20Y%20COOKIES%20----%3E%20%20%20%20%0AEN%20CELULAR%3A%20https%3A%2F%2Fwww.youtube.com%2Fwatch%3Fv%3DrEsApVI1-lk%0AEN%20EL%20COMPUTADOR%3A%20https%3A%2F%2Fwww.youtube.com%2Fwatch%3Fv%3D2pYn4px0YWI
[2026-05-06T01:00:17.112Z] [STEP 7] ↪ asentando vista ~9s…
[2026-05-06T01:00:29.128Z] [STEP 8] ↩️ Enviado (Enter)
[2026-05-06T01:00:29.129Z]    ↪ post-send pause ~6s…
[2026-05-06T01:00:35.273Z] ⏳ Pausa entre mensajes: ~20s…
[2026-05-06T01:00:55.546Z] — BLOQUE — correo=crunchr1209@gmail.com | plataforma_id=8 (Crunchyroll)
[2026-05-06T01:00:55.547Z] → [9/59] phone=573024818243 correo=crunchr1209@gmail.com plataforma_id=8 (Crunchyroll) servicio=Pantalla pantalla=5 vence=03/06/2026
[2026-05-06T01:00:55.547Z] [STEP 7] 🔁 Abriendo chat (intento 1/3) con: https://web.whatsapp.com/send?phone=573024818243&text=Hola%20%2B57%2C%20te%20notificamos%20el%20*cambio%20de%20contrase%C3%B1a*%20asociado%20a%20tu%20correo%3A%20*crunchr1209%40gmail.com*.%0A%0A%E2%80%A2%20Crunchyroll%20%E2%80%94%20Pantalla%20%7C%20*Pantalla%205*%20%7C%20vence%3A%2003%2F06%2F2026%0A%0A*La%20nueva%20contrase%C3%B1a%20es%3A*%20medecrunc%40%20%0ANo%20la%20compartas%20con%20nadie%3B%20%C2%A1que%20est%C3%A9s%20s%C3%BAper%20bien!%0A*Recuerda%20tu%20pantalla%20es%20la%20que%20ves%20arriba%3B%20solo%20puedes%20utilizar%20esa.*%0A%0A%0ANOTA%3A*NO%20MODIFICAR%20LOS%20NUMEROS%20DEL%20PERFIL%2C%20USAR%20UNICAMENTE%20EL%20QUE%20SE%20LE%20ASIGNO%20SIN%20CAMBIARLO*%0APARA%20EVITAR%20CODIGOS%20DEBES%20BORRAR%20HISTORIAL%20Y%20COOKIES%20----%3E%20%20%20%20%0AEN%20CELULAR%3A%20https%3A%2F%2Fwww.youtube.com%2Fwatch%3Fv%3DrEsApVI1-lk%0AEN%20EL%20COMPUTADOR%3A%20https%3A%2F%2Fwww.youtube.com%2Fwatch%3Fv%3D2pYn4px0YWI
[2026-05-06T01:00:56.383Z] [STEP 7] ↪ asentando vista ~9s…
[2026-05-06T01:01:08.043Z] [STEP 8] ↩️ Enviado (Enter)
[2026-05-06T01:01:08.044Z]    ↪ post-send pause ~8s…
[2026-05-06T01:01:16.332Z] ⏳ Pausa entre mensajes: ~17s…
[2026-05-06T01:01:32.914Z] → [10/59] phone=573026064341 correo=crunchr1209@gmail.com plataforma_id=8 (Crunchyroll) servicio=Pantalla pantalla=3 vence=27/05/2026
[2026-05-06T01:01:32.916Z] [STEP 7] 🔁 Abriendo chat (intento 1/3) con: https://web.whatsapp.com/send?phone=573026064341&text=Hola%20%2B57%2C%20te%20notificamos%20el%20*cambio%20de%20contrase%C3%B1a*%20asociado%20a%20tu%20correo%3A%20*crunchr1209%40gmail.com*.%0A%0A%E2%80%A2%20Crunchyroll%20%E2%80%94%20Pantalla%20%7C%20*Pantalla%203*%20%7C%20vence%3A%2027%2F05%2F2026%0A%0A*La%20nueva%20contrase%C3%B1a%20es%3A*%20medecrunc%40%20%0ANo%20la%20compartas%20con%20nadie%3B%20%C2%A1que%20est%C3%A9s%20s%C3%BAper%20bien!%0A*Recuerda%20tu%20pantalla%20es%20la%20que%20ves%20arriba%3B%20solo%20puedes%20utilizar%20esa.*%0A%0A%0ANOTA%3A*NO%20MODIFICAR%20LOS%20NUMEROS%20DEL%20PERFIL%2C%20USAR%20UNICAMENTE%20EL%20QUE%20SE%20LE%20ASIGNO%20SIN%20CAMBIARLO*%0APARA%20EVITAR%20CODIGOS%20DEBES%20BORRAR%20HISTORIAL%20Y%20COOKIES%20----%3E%20%20%20%20%0AEN%20CELULAR%3A%20https%3A%2F%2Fwww.youtube.com%2Fwatch%3Fv%3DrEsApVI1-lk%0AEN%20EL%20COMPUTADOR%3A%20https%3A%2F%2Fwww.youtube.com%2Fwatch%3Fv%3D2pYn4px0YWI
[2026-05-06T01:01:33.687Z] [STEP 7] ↪ asentando vista ~8s…
[2026-05-06T01:01:44.043Z] [STEP 8] ↩️ Enviado (Enter)
[2026-05-06T01:01:44.044Z]    ↪ post-send pause ~8s…
[2026-05-06T01:01:52.249Z] ⏳ Pausa entre mensajes: ~18s…
[2026-05-06T01:02:10.095Z] → [11/59] phone=573133723280 correo=crunchr1209@gmail.com plataforma_id=8 (Crunchyroll) servicio=Pantalla pantalla=1 vence=03/06/2026
[2026-05-06T01:02:10.097Z] [STEP 7] 🔁 Abriendo chat (intento 1/3) con: https://web.whatsapp.com/send?phone=573133723280&text=Hola%20!%2C%20te%20notificamos%20el%20*cambio%20de%20contrase%C3%B1a*%20asociado%20a%20tu%20correo%3A%20*crunchr1209%40gmail.com*.%0A%0A%E2%80%A2%20Crunchyroll%20%E2%80%94%20Pantalla%20%7C%20*Pantalla%201*%20%7C%20vence%3A%2003%2F06%2F2026%0A%0A*La%20nueva%20contrase%C3%B1a%20es%3A*%20medecrunc%40%20%0ANo%20la%20compartas%20con%20nadie%3B%20%C2%A1que%20est%C3%A9s%20s%C3%BAper%20bien!%0A*Recuerda%20tu%20pantalla%20es%20la%20que%20ves%20arriba%3B%20solo%20puedes%20utilizar%20esa.*%0A%0A%0ANOTA%3A*NO%20MODIFICAR%20LOS%20NUMEROS%20DEL%20PERFIL%2C%20USAR%20UNICAMENTE%20EL%20QUE%20SE%20LE%20ASIGNO%20SIN%20CAMBIARLO*%0APARA%20EVITAR%20CODIGOS%20DEBES%20BORRAR%20HISTORIAL%20Y%20COOKIES%20----%3E%20%20%20%20%0AEN%20CELULAR%3A%20https%3A%2F%2Fwww.youtube.com%2Fwatch%3Fv%3DrEsApVI1-lk%0AEN%20EL%20COMPUTADOR%3A%20https%3A%2F%2Fwww.youtube.com%2Fwatch%3Fv%3D2pYn4px0YWI
[2026-05-06T01:02:10.926Z] [STEP 7] ↪ asentando vista ~7s…
[2026-05-06T01:02:20.721Z] [STEP 8] ↩️ Enviado (Enter)
[2026-05-06T01:02:20.723Z]    ↪ post-send pause ~10s…
[2026-05-06T01:02:30.670Z] ⏳ Pausa entre mensajes: ~17s…
[2026-05-06T01:02:47.214Z] → [12/59] phone=573213201507 correo=crunchr1209@gmail.com plataforma_id=8 (Crunchyroll) servicio=Pantalla pantalla=4 vence=04/06/2026
[2026-05-06T01:02:47.215Z] [STEP 7] 🔁 Abriendo chat (intento 1/3) con: https://web.whatsapp.com/send?phone=573213201507&text=Hola%20!%2C%20te%20notificamos%20el%20*cambio%20de%20contrase%C3%B1a*%20asociado%20a%20tu%20correo%3A%20*crunchr1209%40gmail.com*.%0A%0A%E2%80%A2%20Crunchyroll%20%E2%80%94%20Pantalla%20%7C%20*Pantalla%204*%20%7C%20vence%3A%2004%2F06%2F2026%0A%0A*La%20nueva%20contrase%C3%B1a%20es%3A*%20medecrunc%40%20%0ANo%20la%20compartas%20con%20nadie%3B%20%C2%A1que%20est%C3%A9s%20s%C3%BAper%20bien!%0A*Recuerda%20tu%20pantalla%20es%20la%20que%20ves%20arriba%3B%20solo%20puedes%20utilizar%20esa.*%0A%0A%0ANOTA%3A*NO%20MODIFICAR%20LOS%20NUMEROS%20DEL%20PERFIL%2C%20USAR%20UNICAMENTE%20EL%20QUE%20SE%20LE%20ASIGNO%20SIN%20CAMBIARLO*%0APARA%20EVITAR%20CODIGOS%20DEBES%20BORRAR%20HISTORIAL%20Y%20COOKIES%20----%3E%20%20%20%20%0AEN%20CELULAR%3A%20https%3A%2F%2Fwww.youtube.com%2Fwatch%3Fv%3DrEsApVI1-lk%0AEN%20EL%20COMPUTADOR%3A%20https%3A%2F%2Fwww.youtube.com%2Fwatch%3Fv%3D2pYn4px0YWI
[2026-05-06T01:02:47.902Z] [STEP 7] ↪ asentando vista ~8s…
[2026-05-06T01:02:59.147Z] [STEP 8] ↩️ Enviado (Enter)
[2026-05-06T01:02:59.148Z]    ↪ post-send pause ~10s…
[2026-05-06T01:03:09.036Z] ⏳ Pausa entre mensajes: ~17s…
[2026-05-06T01:03:26.452Z] → [13/59] phone=573228937365 correo=crunchr1209@gmail.com plataforma_id=8 (Crunchyroll) servicio=Pantalla pantalla=2 vence=03/06/2026
[2026-05-06T01:03:26.454Z] [STEP 7] 🔁 Abriendo chat (intento 1/3) con: https://web.whatsapp.com/send?phone=573228937365&text=Hola%20!%2C%20te%20notificamos%20el%20*cambio%20de%20contrase%C3%B1a*%20asociado%20a%20tu%20correo%3A%20*crunchr1209%40gmail.com*.%0A%0A%E2%80%A2%20Crunchyroll%20%E2%80%94%20Pantalla%20%7C%20*Pantalla%202*%20%7C%20vence%3A%2003%2F06%2F2026%0A%0A*La%20nueva%20contrase%C3%B1a%20es%3A*%20medecrunc%40%20%0ANo%20la%20compartas%20con%20nadie%3B%20%C2%A1que%20est%C3%A9s%20s%C3%BAper%20bien!%0A*Recuerda%20tu%20pantalla%20es%20la%20que%20ves%20arriba%3B%20solo%20puedes%20utilizar%20esa.*%0A%0A%0ANOTA%3A*NO%20MODIFICAR%20LOS%20NUMEROS%20DEL%20PERFIL%2C%20USAR%20UNICAMENTE%20EL%20QUE%20SE%20LE%20ASIGNO%20SIN%20CAMBIARLO*%0APARA%20EVITAR%20CODIGOS%20DEBES%20BORRAR%20HISTORIAL%20Y%20COOKIES%20----%3E%20%20%20%20%0AEN%20CELULAR%3A%20https%3A%2F%2Fwww.youtube.com%2Fwatch%3Fv%3DrEsApVI1-lk%0AEN%20EL%20COMPUTADOR%3A%20https%3A%2F%2Fwww.youtube.com%2Fwatch%3Fv%3D2pYn4px0YWI
[2026-05-06T01:03:27.278Z] [STEP 7] ↪ asentando vista ~8s…
[2026-05-06T01:03:38.705Z] [STEP 8] ↩️ Enviado (Enter)
[2026-05-06T01:03:38.706Z]    ↪ post-send pause ~9s…
[2026-05-06T01:03:48.018Z] ⏳ Pausa entre mensajes: ~20s…
[2026-05-06T01:04:07.634Z] — BLOQUE — correo=guadalupekeisha276101987+6@hotmail.com | plataforma_id=2 (Netflix)
[2026-05-06T01:04:07.635Z] → [14/59] phone=573003465259 correo=guadalupekeisha276101987+6@hotmail.com plataforma_id=2 (Netflix) servicio=Pantalla pantalla=4 vence=20/05/2026
[2026-05-06T01:04:07.636Z] [STEP 7] 🔁 Abriendo chat (intento 1/3) con: https://web.whatsapp.com/send?phone=573003465259&text=Hola%20!%2C%20te%20notificamos%20el%20*cambio%20de%20contrase%C3%B1a*%20asociado%20a%20tu%20correo%3A%20*guadalupekeisha276101987%2B6%40hotmail.com*.%0A%0A%E2%80%A2%20Netflix%20%E2%80%94%20Pantalla%20%7C%20*Pantalla%204*%20%7C%20vence%3A%2020%2F05%2F2026%0A%0A*La%20nueva%20contrase%C3%B1a%20es%3A*%20medeflix%404%20%0ANo%20la%20compartas%20con%20nadie%3B%20%C2%A1que%20est%C3%A9s%20s%C3%BAper%20bien!%0A*Recuerda%20tu%20pantalla%20es%20la%20que%20ves%20arriba%3B%20solo%20puedes%20utilizar%20esa.*%0A%0A%0ANOTA%3A*NO%20MODIFICAR%20LOS%20NUMEROS%20DEL%20PERFIL%2C%20USAR%20UNICAMENTE%20EL%20QUE%20SE%20LE%20ASIGNO%20SIN%20CAMBIARLO*%0APARA%20EVITAR%20CODIGOS%20DEBES%20BORRAR%20HISTORIAL%20Y%20COOKIES%20----%3E%20%20%20%20%0AEN%20CELULAR%3A%20https%3A%2F%2Fwww.youtube.com%2Fwatch%3Fv%3DrEsApVI1-lk%0AEN%20EL%20COMPUTADOR%3A%20https%3A%2F%2Fwww.youtube.com%2Fwatch%3Fv%3D2pYn4px0YWI
[2026-05-06T01:04:08.253Z] [STEP 7] ↪ asentando vista ~6s…
[2026-05-06T01:04:20.477Z] [STEP 8] ↩️ Enviado (Enter)
[2026-05-06T01:04:20.477Z]    ↪ post-send pause ~10s…
[2026-05-06T01:04:30.291Z] ⏳ Pausa entre mensajes: ~20s…
[2026-05-06T01:04:50.432Z] → [15/59] phone=573005910856 correo=guadalupekeisha276101987+6@hotmail.com plataforma_id=2 (Netflix) servicio=Pantalla pantalla=3 vence=11/05/2026
[2026-05-06T01:04:50.433Z] [STEP 7] 🔁 Abriendo chat (intento 1/3) con: https://web.whatsapp.com/send?phone=573005910856&text=Hola%20!%2C%20te%20notificamos%20el%20*cambio%20de%20contrase%C3%B1a*%20asociado%20a%20tu%20correo%3A%20*guadalupekeisha276101987%2B6%40hotmail.com*.%0A%0A%E2%80%A2%20Netflix%20%E2%80%94%20Pantalla%20%7C%20*Pantalla%203*%20%7C%20vence%3A%2011%2F05%2F2026%0A%0A*La%20nueva%20contrase%C3%B1a%20es%3A*%20medeflix%404%20%0ANo%20la%20compartas%20con%20nadie%3B%20%C2%A1que%20est%C3%A9s%20s%C3%BAper%20bien!%0A*Recuerda%20tu%20pantalla%20es%20la%20que%20ves%20arriba%3B%20solo%20puedes%20utilizar%20esa.*%0A%0A%0ANOTA%3A*NO%20MODIFICAR%20LOS%20NUMEROS%20DEL%20PERFIL%2C%20USAR%20UNICAMENTE%20EL%20QUE%20SE%20LE%20ASIGNO%20SIN%20CAMBIARLO*%0APARA%20EVITAR%20CODIGOS%20DEBES%20BORRAR%20HISTORIAL%20Y%20COOKIES%20----%3E%20%20%20%20%0AEN%20CELULAR%3A%20https%3A%2F%2Fwww.youtube.com%2Fwatch%3Fv%3DrEsApVI1-lk%0AEN%20EL%20COMPUTADOR%3A%20https%3A%2F%2Fwww.youtube.com%2Fwatch%3Fv%3D2pYn4px0YWI
[2026-05-06T01:04:51.173Z] [STEP 7] ↪ asentando vista ~6s…
[2026-05-06T01:05:00.363Z] [STEP 8] ↩️ Enviado (Enter)
[2026-05-06T01:05:00.365Z]    ↪ post-send pause ~9s…
[2026-05-06T01:05:09.294Z] ⏳ Pausa entre mensajes: ~17s…
[2026-05-06T01:05:26.047Z] → [16/59] phone=573155240263 correo=guadalupekeisha276101987+6@hotmail.com plataforma_id=2 (Netflix) servicio=Pantalla pantalla=2 vence=09/05/2026
[2026-05-06T01:05:26.049Z] [STEP 7] 🔁 Abriendo chat (intento 1/3) con: https://web.whatsapp.com/send?phone=573155240263&text=Hola%20KyAr%2C%20te%20notificamos%20el%20*cambio%20de%20contrase%C3%B1a*%20asociado%20a%20tu%20correo%3A%20*guadalupekeisha276101987%2B6%40hotmail.com*.%0A%0A%E2%80%A2%20Netflix%20%E2%80%94%20Pantalla%20%7C%20*Pantalla%202*%20%7C%20vence%3A%2009%2F05%2F2026%0A%0A*La%20nueva%20contrase%C3%B1a%20es%3A*%20medeflix%404%20%0ANo%20la%20compartas%20con%20nadie%3B%20%C2%A1que%20est%C3%A9s%20s%C3%BAper%20bien!%0A*Recuerda%20tu%20pantalla%20es%20la%20que%20ves%20arriba%3B%20solo%20puedes%20utilizar%20esa.*%0A%0A%0ANOTA%3A*NO%20MODIFICAR%20LOS%20NUMEROS%20DEL%20PERFIL%2C%20USAR%20UNICAMENTE%20EL%20QUE%20SE%20LE%20ASIGNO%20SIN%20CAMBIARLO*%0APARA%20EVITAR%20CODIGOS%20DEBES%20BORRAR%20HISTORIAL%20Y%20COOKIES%20----%3E%20%20%20%20%0AEN%20CELULAR%3A%20https%3A%2F%2Fwww.youtube.com%2Fwatch%3Fv%3DrEsApVI1-lk%0AEN%20EL%20COMPUTADOR%3A%20https%3A%2F%2Fwww.youtube.com%2Fwatch%3Fv%3D2pYn4px0YWI
[2026-05-06T01:05:26.880Z] [STEP 7] ↪ asentando vista ~10s…
[2026-05-06T01:05:38.288Z] [STEP 8] ↩️ Enviado (Enter)
[2026-05-06T01:05:38.289Z]    ↪ post-send pause ~10s…
[2026-05-06T01:05:47.859Z] ⏳ Pausa entre mensajes: ~20s…
[2026-05-06T01:06:08.216Z] → [17/59] phone=573161218707 correo=guadalupekeisha276101987+6@hotmail.com plataforma_id=2 (Netflix) servicio=Pantalla pantalla=6 vence=20/05/2026
[2026-05-06T01:06:08.218Z] [STEP 7] 🔁 Abriendo chat (intento 1/3) con: https://web.whatsapp.com/send?phone=573161218707&text=Hola%20%2B57%2C%20te%20notificamos%20el%20*cambio%20de%20contrase%C3%B1a*%20asociado%20a%20tu%20correo%3A%20*guadalupekeisha276101987%2B6%40hotmail.com*.%0A%0A%E2%80%A2%20Netflix%20%E2%80%94%20Pantalla%20%7C%20*Pantalla%206*%20%7C%20vence%3A%2020%2F05%2F2026%0A%0A*La%20nueva%20contrase%C3%B1a%20es%3A*%20medeflix%404%20%0ANo%20la%20compartas%20con%20nadie%3B%20%C2%A1que%20est%C3%A9s%20s%C3%BAper%20bien!%0A*Recuerda%20tu%20pantalla%20es%20la%20que%20ves%20arriba%3B%20solo%20puedes%20utilizar%20esa.*%0A%0A%0ANOTA%3A*NO%20MODIFICAR%20LOS%20NUMEROS%20DEL%20PERFIL%2C%20USAR%20UNICAMENTE%20EL%20QUE%20SE%20LE%20ASIGNO%20SIN%20CAMBIARLO*%0APARA%20EVITAR%20CODIGOS%20DEBES%20BORRAR%20HISTORIAL%20Y%20COOKIES%20----%3E%20%20%20%20%0AEN%20CELULAR%3A%20https%3A%2F%2Fwww.youtube.com%2Fwatch%3Fv%3DrEsApVI1-lk%0AEN%20EL%20COMPUTADOR%3A%20https%3A%2F%2Fwww.youtube.com%2Fwatch%3Fv%3D2pYn4px0YWI
[2026-05-06T01:06:09.093Z] [STEP 7] ↪ asentando vista ~9s…
[2026-05-06T01:06:20.475Z] [STEP 8] ↩️ Enviado (Enter)
[2026-05-06T01:06:20.476Z]    ↪ post-send pause ~6s…
[2026-05-06T01:06:26.570Z] ⏳ Pausa entre mensajes: ~17s…
[2026-05-06T01:06:43.734Z] — BLOQUE — correo=medolayplanatt@gmail.com | plataforma_id=8 (Crunchyroll)
[2026-05-06T01:06:43.736Z] → [18/59] phone=573112803016 correo=medolayplanatt@gmail.com plataforma_id=8 (Crunchyroll) servicio=Pantalla pantalla=3 vence=11/05/2026
[2026-05-06T01:06:43.737Z] [STEP 7] 🔁 Abriendo chat (intento 1/3) con: https://web.whatsapp.com/send?phone=573112803016&text=Hola%20!%2C%20te%20notificamos%20el%20*cambio%20de%20contrase%C3%B1a*%20asociado%20a%20tu%20correo%3A%20*medolayplanatt%40gmail.com*.%0A%0A%E2%80%A2%20Crunchyroll%20%E2%80%94%20Pantalla%20%7C%20*Pantalla%203*%20%7C%20vence%3A%2011%2F05%2F2026%0A%0A*La%20nueva%20contrase%C3%B1a%20es%3A*%20medecrun%4034%20%0ANo%20la%20compartas%20con%20nadie%3B%20%C2%A1que%20est%C3%A9s%20s%C3%BAper%20bien!%0A*Recuerda%20tu%20pantalla%20es%20la%20que%20ves%20arriba%3B%20solo%20puedes%20utilizar%20esa.*%0A%0A%0ANOTA%3A*NO%20MODIFICAR%20LOS%20NUMEROS%20DEL%20PERFIL%2C%20USAR%20UNICAMENTE%20EL%20QUE%20SE%20LE%20ASIGNO%20SIN%20CAMBIARLO*%0APARA%20EVITAR%20CODIGOS%20DEBES%20BORRAR%20HISTORIAL%20Y%20COOKIES%20----%3E%20%20%20%20%0AEN%20CELULAR%3A%20https%3A%2F%2Fwww.youtube.com%2Fwatch%3Fv%3DrEsApVI1-lk%0AEN%20EL%20COMPUTADOR%3A%20https%3A%2F%2Fwww.youtube.com%2Fwatch%3Fv%3D2pYn4px0YWI
[2026-05-06T01:06:44.557Z] [STEP 7] ↪ asentando vista ~10s…
[2026-05-06T01:06:57.519Z] [STEP 8] ↩️ Enviado (Enter)
[2026-05-06T01:06:57.520Z]    ↪ post-send pause ~10s…
[2026-05-06T01:07:07.524Z] ⏳ Pausa entre mensajes: ~17s…
[2026-05-06T01:07:24.222Z] → [19/59] phone=573117312302 correo=medolayplanatt@gmail.com plataforma_id=8 (Crunchyroll) servicio=Pantalla pantalla=4 vence=04/06/2026
[2026-05-06T01:07:24.224Z] [STEP 7] 🔁 Abriendo chat (intento 1/3) con: https://web.whatsapp.com/send?phone=573117312302&text=Hola%20!%2C%20te%20notificamos%20el%20*cambio%20de%20contrase%C3%B1a*%20asociado%20a%20tu%20correo%3A%20*medolayplanatt%40gmail.com*.%0A%0A%E2%80%A2%20Crunchyroll%20%E2%80%94%20Pantalla%20%7C%20*Pantalla%204*%20%7C%20vence%3A%2004%2F06%2F2026%0A%0A*La%20nueva%20contrase%C3%B1a%20es%3A*%20medecrun%4034%20%0ANo%20la%20compartas%20con%20nadie%3B%20%C2%A1que%20est%C3%A9s%20s%C3%BAper%20bien!%0A*Recuerda%20tu%20pantalla%20es%20la%20que%20ves%20arriba%3B%20solo%20puedes%20utilizar%20esa.*%0A%0A%0ANOTA%3A*NO%20MODIFICAR%20LOS%20NUMEROS%20DEL%20PERFIL%2C%20USAR%20UNICAMENTE%20EL%20QUE%20SE%20LE%20ASIGNO%20SIN%20CAMBIARLO*%0APARA%20EVITAR%20CODIGOS%20DEBES%20BORRAR%20HISTORIAL%20Y%20COOKIES%20----%3E%20%20%20%20%0AEN%20CELULAR%3A%20https%3A%2F%2Fwww.youtube.com%2Fwatch%3Fv%3DrEsApVI1-lk%0AEN%20EL%20COMPUTADOR%3A%20https%3A%2F%2Fwww.youtube.com%2Fwatch%3Fv%3D2pYn4px0YWI
[2026-05-06T01:07:24.952Z] [STEP 7] ↪ asentando vista ~6s…
[2026-05-06T01:07:34.369Z] [STEP 8] ↩️ Enviado (Enter)
[2026-05-06T01:07:34.371Z]    ↪ post-send pause ~10s…
[2026-05-06T01:07:44.213Z] ⏳ Pausa entre mensajes: ~20s…
[2026-05-06T01:08:04.217Z] → [20/59] phone=573144639399 correo=medolayplanatt@gmail.com plataforma_id=8 (Crunchyroll) servicio=Pantalla pantalla=6 vence=02/06/2026
[2026-05-06T01:08:04.220Z] [STEP 7] 🔁 Abriendo chat (intento 1/3) con: https://web.whatsapp.com/send?phone=573144639399&text=Hola%20!%2C%20te%20notificamos%20el%20*cambio%20de%20contrase%C3%B1a*%20asociado%20a%20tu%20correo%3A%20*medolayplanatt%40gmail.com*.%0A%0A%E2%80%A2%20Crunchyroll%20%E2%80%94%20Pantalla%20%7C%20*Pantalla%206*%20%7C%20vence%3A%2002%2F06%2F2026%0A%0A*La%20nueva%20contrase%C3%B1a%20es%3A*%20medecrun%4034%20%0ANo%20la%20compartas%20con%20nadie%3B%20%C2%A1que%20est%C3%A9s%20s%C3%BAper%20bien!%0A*Recuerda%20tu%20pantalla%20es%20la%20que%20ves%20arriba%3B%20solo%20puedes%20utilizar%20esa.*%0A%0A%0ANOTA%3A*NO%20MODIFICAR%20LOS%20NUMEROS%20DEL%20PERFIL%2C%20USAR%20UNICAMENTE%20EL%20QUE%20SE%20LE%20ASIGNO%20SIN%20CAMBIARLO*%0APARA%20EVITAR%20CODIGOS%20DEBES%20BORRAR%20HISTORIAL%20Y%20COOKIES%20----%3E%20%20%20%20%0AEN%20CELULAR%3A%20https%3A%2F%2Fwww.youtube.com%2Fwatch%3Fv%3DrEsApVI1-lk%0AEN%20EL%20COMPUTADOR%3A%20https%3A%2F%2Fwww.youtube.com%2Fwatch%3Fv%3D2pYn4px0YWI
[2026-05-06T01:08:05.012Z] [STEP 7] ↪ asentando vista ~8s…
[2026-05-06T01:08:16.163Z] [STEP 8] ↩️ Enviado (Enter)
[2026-05-06T01:08:16.164Z]    ↪ post-send pause ~6s…
[2026-05-06T01:08:22.350Z] ⏳ Pausa entre mensajes: ~19s…
[2026-05-06T01:08:41.169Z] → [21/59] phone=573204905533 correo=medolayplanatt@gmail.com plataforma_id=8 (Crunchyroll) servicio=Pantalla pantalla=1 vence=20/05/2026
[2026-05-06T01:08:41.171Z] [STEP 7] 🔁 Abriendo chat (intento 1/3) con: https://web.whatsapp.com/send?phone=573204905533&text=Hola%20DN%2C%20te%20notificamos%20el%20*cambio%20de%20contrase%C3%B1a*%20asociado%20a%20tu%20correo%3A%20*medolayplanatt%40gmail.com*.%0A%0A%E2%80%A2%20Crunchyroll%20%E2%80%94%20Pantalla%20%7C%20*Pantalla%201*%20%7C%20vence%3A%2020%2F05%2F2026%0A%0A*La%20nueva%20contrase%C3%B1a%20es%3A*%20medecrun%4034%20%0ANo%20la%20compartas%20con%20nadie%3B%20%C2%A1que%20est%C3%A9s%20s%C3%BAper%20bien!%0A*Recuerda%20tu%20pantalla%20es%20la%20que%20ves%20arriba%3B%20solo%20puedes%20utilizar%20esa.*%0A%0A%0ANOTA%3A*NO%20MODIFICAR%20LOS%20NUMEROS%20DEL%20PERFIL%2C%20USAR%20UNICAMENTE%20EL%20QUE%20SE%20LE%20ASIGNO%20SIN%20CAMBIARLO*%0APARA%20EVITAR%20CODIGOS%20DEBES%20BORRAR%20HISTORIAL%20Y%20COOKIES%20----%3E%20%20%20%20%0AEN%20CELULAR%3A%20https%3A%2F%2Fwww.youtube.com%2Fwatch%3Fv%3DrEsApVI1-lk%0AEN%20EL%20COMPUTADOR%3A%20https%3A%2F%2Fwww.youtube.com%2Fwatch%3Fv%3D2pYn4px0YWI
[2026-05-06T01:08:42.034Z] [STEP 7] ↪ asentando vista ~9s…
[2026-05-06T01:08:53.076Z] [STEP 8] ↩️ Enviado (Enter)
[2026-05-06T01:08:53.077Z]    ↪ post-send pause ~9s…
[2026-05-06T01:09:01.932Z] ⏳ Pausa entre mensajes: ~19s…
[2026-05-06T01:09:21.431Z] → [22/59] phone=573212215871 correo=medolayplanatt@gmail.com plataforma_id=8 (Crunchyroll) servicio=Pantalla pantalla=2 vence=23/05/2026
[2026-05-06T01:09:21.432Z] [STEP 7] 🔁 Abriendo chat (intento 1/3) con: https://web.whatsapp.com/send?phone=573212215871&text=Hola%20!%2C%20te%20notificamos%20el%20*cambio%20de%20contrase%C3%B1a*%20asociado%20a%20tu%20correo%3A%20*medolayplanatt%40gmail.com*.%0A%0A%E2%80%A2%20Crunchyroll%20%E2%80%94%20Pantalla%20%7C%20*Pantalla%202*%20%7C%20vence%3A%2023%2F05%2F2026%0A%0A*La%20nueva%20contrase%C3%B1a%20es%3A*%20medecrun%4034%20%0ANo%20la%20compartas%20con%20nadie%3B%20%C2%A1que%20est%C3%A9s%20s%C3%BAper%20bien!%0A*Recuerda%20tu%20pantalla%20es%20la%20que%20ves%20arriba%3B%20solo%20puedes%20utilizar%20esa.*%0A%0A%0ANOTA%3A*NO%20MODIFICAR%20LOS%20NUMEROS%20DEL%20PERFIL%2C%20USAR%20UNICAMENTE%20EL%20QUE%20SE%20LE%20ASIGNO%20SIN%20CAMBIARLO*%0APARA%20EVITAR%20CODIGOS%20DEBES%20BORRAR%20HISTORIAL%20Y%20COOKIES%20----%3E%20%20%20%20%0AEN%20CELULAR%3A%20https%3A%2F%2Fwww.youtube.com%2Fwatch%3Fv%3DrEsApVI1-lk%0AEN%20EL%20COMPUTADOR%3A%20https%3A%2F%2Fwww.youtube.com%2Fwatch%3Fv%3D2pYn4px0YWI
[2026-05-06T01:09:22.080Z] [STEP 7] ↪ asentando vista ~9s…
[2026-05-06T01:09:34.933Z] [STEP 8] ↩️ Enviado (Enter)
[2026-05-06T01:09:34.934Z]    ↪ post-send pause ~8s…
[2026-05-06T01:09:42.957Z] ⏳ Pausa entre mensajes: ~18s…
[2026-05-06T01:10:00.909Z] → [23/59] phone=573244348960 correo=medolayplanatt@gmail.com plataforma_id=8 (Crunchyroll) servicio=Pantalla pantalla=5 vence=16/05/2026
[2026-05-06T01:10:00.911Z] [STEP 7] 🔁 Abriendo chat (intento 1/3) con: https://web.whatsapp.com/send?phone=573244348960&text=Hola%20Jaime%2C%20te%20notificamos%20el%20*cambio%20de%20contrase%C3%B1a*%20asociado%20a%20tu%20correo%3A%20*medolayplanatt%40gmail.com*.%0A%0A%E2%80%A2%20Crunchyroll%20%E2%80%94%20Pantalla%20%7C%20*Pantalla%205*%20%7C%20vence%3A%2016%2F05%2F2026%0A%0A*La%20nueva%20contrase%C3%B1a%20es%3A*%20medecrun%4034%20%0ANo%20la%20compartas%20con%20nadie%3B%20%C2%A1que%20est%C3%A9s%20s%C3%BAper%20bien!%0A*Recuerda%20tu%20pantalla%20es%20la%20que%20ves%20arriba%3B%20solo%20puedes%20utilizar%20esa.*%0A%0A%0ANOTA%3A*NO%20MODIFICAR%20LOS%20NUMEROS%20DEL%20PERFIL%2C%20USAR%20UNICAMENTE%20EL%20QUE%20SE%20LE%20ASIGNO%20SIN%20CAMBIARLO*%0APARA%20EVITAR%20CODIGOS%20DEBES%20BORRAR%20HISTORIAL%20Y%20COOKIES%20----%3E%20%20%20%20%0AEN%20CELULAR%3A%20https%3A%2F%2Fwww.youtube.com%2Fwatch%3Fv%3DrEsApVI1-lk%0AEN%20EL%20COMPUTADOR%3A%20https%3A%2F%2Fwww.youtube.com%2Fwatch%3Fv%3D2pYn4px0YWI
[2026-05-06T01:10:01.760Z] [STEP 7] ↪ asentando vista ~7s…
[2026-05-06T01:10:11.231Z] [STEP 8] ↩️ Enviado (Enter)
[2026-05-06T01:10:11.232Z]    ↪ post-send pause ~7s…
[2026-05-06T01:10:18.617Z] ⏳ Pausa entre mensajes: ~18s…
[2026-05-06T01:10:36.251Z] — BLOQUE — correo=medplay93+c01@gmail.com | plataforma_id=4 (Disney Premium)
[2026-05-06T01:10:36.252Z] → [24/59] phone=573005089661 correo=medplay93+c01@gmail.com plataforma_id=4 (Disney Premium) servicio=Pantalla pantalla=2 vence=07/05/2026
[2026-05-06T01:10:36.253Z] [STEP 7] 🔁 Abriendo chat (intento 1/3) con: https://web.whatsapp.com/send?phone=573005089661&text=Hola%20%2B57%2C%20te%20notificamos%20el%20*cambio%20de%20contrase%C3%B1a*%20asociado%20a%20tu%20correo%3A%20*medplay93%2Bc01%40gmail.com*.%0A%0A%E2%80%A2%20Disney%20Premium%20%E2%80%94%20Pantalla%20%7C%20*Pantalla%202*%20%7C%20vence%3A%2007%2F05%2F2026%0A%0A*La%20nueva%20contrase%C3%B1a%20es%3A*%20mededis%4012%20%0ANo%20la%20compartas%20con%20nadie%3B%20%C2%A1que%20est%C3%A9s%20s%C3%BAper%20bien!%0A*Recuerda%20tu%20pantalla%20es%20la%20que%20ves%20arriba%3B%20solo%20puedes%20utilizar%20esa.*%0A%0A%0ANOTA%3A*NO%20MODIFICAR%20LOS%20NUMEROS%20DEL%20PERFIL%2C%20USAR%20UNICAMENTE%20EL%20QUE%20SE%20LE%20ASIGNO%20SIN%20CAMBIARLO*%0APARA%20EVITAR%20CODIGOS%20DEBES%20BORRAR%20HISTORIAL%20Y%20COOKIES%20----%3E%20%20%20%20%0AEN%20CELULAR%3A%20https%3A%2F%2Fwww.youtube.com%2Fwatch%3Fv%3DrEsApVI1-lk%0AEN%20EL%20COMPUTADOR%3A%20https%3A%2F%2Fwww.youtube.com%2Fwatch%3Fv%3D2pYn4px0YWI
[2026-05-06T01:10:37.109Z] [STEP 7] ↪ asentando vista ~6s…
[2026-05-06T01:10:46.953Z] [STEP 8] ↩️ Enviado (Enter)
[2026-05-06T01:10:46.954Z]    ↪ post-send pause ~9s…
[2026-05-06T01:10:55.891Z] ⏳ Pausa entre mensajes: ~18s…
[2026-05-06T01:11:13.719Z] → [25/59] phone=573045527236 correo=medplay93+c01@gmail.com plataforma_id=4 (Disney Premium) servicio=Pantalla pantalla=1 vence=08/05/2026
[2026-05-06T01:11:13.740Z] [STEP 7] 🔁 Abriendo chat (intento 1/3) con: https://web.whatsapp.com/send?phone=573045527236&text=Hola%20Diego%2C%20te%20notificamos%20el%20*cambio%20de%20contrase%C3%B1a*%20asociado%20a%20tu%20correo%3A%20*medplay93%2Bc01%40gmail.com*.%0A%0A%E2%80%A2%20Disney%20Premium%20%E2%80%94%20Pantalla%20%7C%20*Pantalla%201*%20%7C%20vence%3A%2008%2F05%2F2026%0A%0A*La%20nueva%20contrase%C3%B1a%20es%3A*%20mededis%4012%20%0ANo%20la%20compartas%20con%20nadie%3B%20%C2%A1que%20est%C3%A9s%20s%C3%BAper%20bien!%0A*Recuerda%20tu%20pantalla%20es%20la%20que%20ves%20arriba%3B%20solo%20puedes%20utilizar%20esa.*%0A%0A%0ANOTA%3A*NO%20MODIFICAR%20LOS%20NUMEROS%20DEL%20PERFIL%2C%20USAR%20UNICAMENTE%20EL%20QUE%20SE%20LE%20ASIGNO%20SIN%20CAMBIARLO*%0APARA%20EVITAR%20CODIGOS%20DEBES%20BORRAR%20HISTORIAL%20Y%20COOKIES%20----%3E%20%20%20%20%0AEN%20CELULAR%3A%20https%3A%2F%2Fwww.youtube.com%2Fwatch%3Fv%3DrEsApVI1-lk%0AEN%20EL%20COMPUTADOR%3A%20https%3A%2F%2Fwww.youtube.com%2Fwatch%3Fv%3D2pYn4px0YWI
[2026-05-06T01:11:14.566Z] [STEP 7] ↪ asentando vista ~7s…
[2026-05-06T01:11:24.218Z] [STEP 8] ↩️ Enviado (Enter)
[2026-05-06T01:11:24.219Z]    ↪ post-send pause ~7s…
[2026-05-06T01:11:31.676Z] ⏳ Pausa entre mensajes: ~21s…
[2026-05-06T01:11:52.585Z] → [26/59] phone=573134228773 correo=medplay93+c01@gmail.com plataforma_id=4 (Disney Premium) servicio=Pantalla pantalla=3 vence=13/05/2026
[2026-05-06T01:11:52.586Z] [STEP 7] 🔁 Abriendo chat (intento 1/3) con: https://web.whatsapp.com/send?phone=573134228773&text=Hola%20%2B573134228773%2C%20te%20notificamos%20el%20*cambio%20de%20contrase%C3%B1a*%20asociado%20a%20tu%20correo%3A%20*medplay93%2Bc01%40gmail.com*.%0A%0A%E2%80%A2%20Disney%20Premium%20%E2%80%94%20Pantalla%20%7C%20*Pantalla%203*%20%7C%20vence%3A%2013%2F05%2F2026%0A%0A*La%20nueva%20contrase%C3%B1a%20es%3A*%20mededis%4012%20%0ANo%20la%20compartas%20con%20nadie%3B%20%C2%A1que%20est%C3%A9s%20s%C3%BAper%20bien!%0A*Recuerda%20tu%20pantalla%20es%20la%20que%20ves%20arriba%3B%20solo%20puedes%20utilizar%20esa.*%0A%0A%0ANOTA%3A*NO%20MODIFICAR%20LOS%20NUMEROS%20DEL%20PERFIL%2C%20USAR%20UNICAMENTE%20EL%20QUE%20SE%20LE%20ASIGNO%20SIN%20CAMBIARLO*%0APARA%20EVITAR%20CODIGOS%20DEBES%20BORRAR%20HISTORIAL%20Y%20COOKIES%20----%3E%20%20%20%20%0AEN%20CELULAR%3A%20https%3A%2F%2Fwww.youtube.com%2Fwatch%3Fv%3DrEsApVI1-lk%0AEN%20EL%20COMPUTADOR%3A%20https%3A%2F%2Fwww.youtube.com%2Fwatch%3Fv%3D2pYn4px0YWI
[2026-05-06T01:11:53.263Z] [STEP 7] ↪ asentando vista ~7s…
[2026-05-06T01:12:02.962Z] [STEP 8] ↩️ Enviado (Enter)
[2026-05-06T01:12:02.965Z]    ↪ post-send pause ~8s…
[2026-05-06T01:12:10.708Z] ⏳ Pausa entre mensajes: ~19s…
[2026-05-06T01:12:29.490Z] → [27/59] phone=573135407993 correo=medplay93+c01@gmail.com plataforma_id=4 (Disney Premium) servicio=Pantalla pantalla=4 vence=04/06/2026
[2026-05-06T01:12:29.492Z] [STEP 7] 🔁 Abriendo chat (intento 1/3) con: https://web.whatsapp.com/send?phone=573135407993&text=Hola%20!%2C%20te%20notificamos%20el%20*cambio%20de%20contrase%C3%B1a*%20asociado%20a%20tu%20correo%3A%20*medplay93%2Bc01%40gmail.com*.%0A%0A%E2%80%A2%20Disney%20Premium%20%E2%80%94%20Pantalla%20%7C%20*Pantalla%204*%20%7C%20vence%3A%2004%2F06%2F2026%0A%0A*La%20nueva%20contrase%C3%B1a%20es%3A*%20mededis%4012%20%0ANo%20la%20compartas%20con%20nadie%3B%20%C2%A1que%20est%C3%A9s%20s%C3%BAper%20bien!%0A*Recuerda%20tu%20pantalla%20es%20la%20que%20ves%20arriba%3B%20solo%20puedes%20utilizar%20esa.*%0A%0A%0ANOTA%3A*NO%20MODIFICAR%20LOS%20NUMEROS%20DEL%20PERFIL%2C%20USAR%20UNICAMENTE%20EL%20QUE%20SE%20LE%20ASIGNO%20SIN%20CAMBIARLO*%0APARA%20EVITAR%20CODIGOS%20DEBES%20BORRAR%20HISTORIAL%20Y%20COOKIES%20----%3E%20%20%20%20%0AEN%20CELULAR%3A%20https%3A%2F%2Fwww.youtube.com%2Fwatch%3Fv%3DrEsApVI1-lk%0AEN%20EL%20COMPUTADOR%3A%20https%3A%2F%2Fwww.youtube.com%2Fwatch%3Fv%3D2pYn4px0YWI
[2026-05-06T01:12:31.108Z] [STEP 7] ↪ asentando vista ~7s…
[2026-05-06T01:12:41.543Z] [STEP 8] ↩️ Enviado (Enter)
[2026-05-06T01:12:41.547Z]    ↪ post-send pause ~7s…
[2026-05-06T01:12:48.617Z] ⏳ Pausa entre mensajes: ~18s…
[2026-05-06T01:13:06.173Z] → [28/59] phone=573135533891 correo=medplay93+c01@gmail.com plataforma_id=4 (Disney Premium) servicio=Pantalla pantalla=8 vence=07/05/2026
[2026-05-06T01:13:06.175Z] [STEP 7] 🔁 Abriendo chat (intento 1/3) con: https://web.whatsapp.com/send?phone=573135533891&text=Hola%20%2B57%2C%20te%20notificamos%20el%20*cambio%20de%20contrase%C3%B1a*%20asociado%20a%20tu%20correo%3A%20*medplay93%2Bc01%40gmail.com*.%0A%0A%E2%80%A2%20Disney%20Premium%20%E2%80%94%20Pantalla%20%7C%20*Pantalla%208*%20%7C%20vence%3A%2007%2F05%2F2026%0A%0A*La%20nueva%20contrase%C3%B1a%20es%3A*%20mededis%4012%20%0ANo%20la%20compartas%20con%20nadie%3B%20%C2%A1que%20est%C3%A9s%20s%C3%BAper%20bien!%0A*Recuerda%20tu%20pantalla%20es%20la%20que%20ves%20arriba%3B%20solo%20puedes%20utilizar%20esa.*%0A%0A%0ANOTA%3A*NO%20MODIFICAR%20LOS%20NUMEROS%20DEL%20PERFIL%2C%20USAR%20UNICAMENTE%20EL%20QUE%20SE%20LE%20ASIGNO%20SIN%20CAMBIARLO*%0APARA%20EVITAR%20CODIGOS%20DEBES%20BORRAR%20HISTORIAL%20Y%20COOKIES%20----%3E%20%20%20%20%0AEN%20CELULAR%3A%20https%3A%2F%2Fwww.youtube.com%2Fwatch%3Fv%3DrEsApVI1-lk%0AEN%20EL%20COMPUTADOR%3A%20https%3A%2F%2Fwww.youtube.com%2Fwatch%3Fv%3D2pYn4px0YWI
[2026-05-06T01:13:07.701Z] [STEP 7] ↪ asentando vista ~9s…
[2026-05-06T01:13:18.970Z] [STEP 8] ↩️ Enviado (Enter)
[2026-05-06T01:13:18.970Z]    ↪ post-send pause ~8s…
[2026-05-06T01:13:27.103Z] ⏳ Pausa entre mensajes: ~19s…
[2026-05-06T01:13:45.992Z] → [29/59] phone=573218276620 correo=medplay93+c01@gmail.com plataforma_id=4 (Disney Premium) servicio=Pantalla pantalla=1 vence=12/05/2026
[2026-05-06T01:13:45.994Z] [STEP 7] 🔁 Abriendo chat (intento 1/3) con: https://web.whatsapp.com/send?phone=573218276620&text=Hola%20Edwin%2C%20te%20notificamos%20el%20*cambio%20de%20contrase%C3%B1a*%20asociado%20a%20tu%20correo%3A%20*medplay93%2Bc01%40gmail.com*.%0A%0A%E2%80%A2%20Disney%20Premium%20%E2%80%94%20Pantalla%20%7C%20*Pantalla%201*%20%7C%20vence%3A%2012%2F05%2F2026%0A%0A*La%20nueva%20contrase%C3%B1a%20es%3A*%20mededis%4012%20%0ANo%20la%20compartas%20con%20nadie%3B%20%C2%A1que%20est%C3%A9s%20s%C3%BAper%20bien!%0A*Recuerda%20tu%20pantalla%20es%20la%20que%20ves%20arriba%3B%20solo%20puedes%20utilizar%20esa.*%0A%0A%0ANOTA%3A*NO%20MODIFICAR%20LOS%20NUMEROS%20DEL%20PERFIL%2C%20USAR%20UNICAMENTE%20EL%20QUE%20SE%20LE%20ASIGNO%20SIN%20CAMBIARLO*%0APARA%20EVITAR%20CODIGOS%20DEBES%20BORRAR%20HISTORIAL%20Y%20COOKIES%20----%3E%20%20%20%20%0AEN%20CELULAR%3A%20https%3A%2F%2Fwww.youtube.com%2Fwatch%3Fv%3DrEsApVI1-lk%0AEN%20EL%20COMPUTADOR%3A%20https%3A%2F%2Fwww.youtube.com%2Fwatch%3Fv%3D2pYn4px0YWI
[2026-05-06T01:13:47.145Z] [STEP 7] ↪ asentando vista ~10s…
[2026-05-06T01:13:59.018Z] [STEP 8] ↩️ Enviado (Enter)
[2026-05-06T01:13:59.019Z]    ↪ post-send pause ~7s…
[2026-05-06T01:14:05.627Z] ⏳ Pausa entre mensajes: ~17s…
[2026-05-06T01:14:22.692Z] → [30/59] phone=573507222562 correo=medplay93+c01@gmail.com plataforma_id=4 (Disney Premium) servicio=Pantalla pantalla=6 vence=04/06/2026
[2026-05-06T01:14:22.695Z] [STEP 7] 🔁 Abriendo chat (intento 1/3) con: https://web.whatsapp.com/send?phone=573507222562&text=Hola%20!%2C%20te%20notificamos%20el%20*cambio%20de%20contrase%C3%B1a*%20asociado%20a%20tu%20correo%3A%20*medplay93%2Bc01%40gmail.com*.%0A%0A%E2%80%A2%20Disney%20Premium%20%E2%80%94%20Pantalla%20%7C%20*Pantalla%206*%20%7C%20vence%3A%2004%2F06%2F2026%0A%0A*La%20nueva%20contrase%C3%B1a%20es%3A*%20mededis%4012%20%0ANo%20la%20compartas%20con%20nadie%3B%20%C2%A1que%20est%C3%A9s%20s%C3%BAper%20bien!%0A*Recuerda%20tu%20pantalla%20es%20la%20que%20ves%20arriba%3B%20solo%20puedes%20utilizar%20esa.*%0A%0A%0ANOTA%3A*NO%20MODIFICAR%20LOS%20NUMEROS%20DEL%20PERFIL%2C%20USAR%20UNICAMENTE%20EL%20QUE%20SE%20LE%20ASIGNO%20SIN%20CAMBIARLO*%0APARA%20EVITAR%20CODIGOS%20DEBES%20BORRAR%20HISTORIAL%20Y%20COOKIES%20----%3E%20%20%20%20%0AEN%20CELULAR%3A%20https%3A%2F%2Fwww.youtube.com%2Fwatch%3Fv%3DrEsApVI1-lk%0AEN%20EL%20COMPUTADOR%3A%20https%3A%2F%2Fwww.youtube.com%2Fwatch%3Fv%3D2pYn4px0YWI
[2026-05-06T01:14:23.292Z] [STEP 7] ↪ asentando vista ~7s…
[2026-05-06T01:14:32.952Z] [STEP 8] ↩️ Enviado (Enter)
[2026-05-06T01:14:32.954Z]    ↪ post-send pause ~9s…
[2026-05-06T01:14:42.079Z] ⏳ Pausa entre mensajes: ~20s…
[2026-05-06T01:15:02.471Z] — BLOQUE — correo=medplay93+dis5@gmail.com | plataforma_id=3 (Disney)
[2026-05-06T01:15:02.473Z] → [31/59] phone=573015696099 correo=medplay93+dis5@gmail.com plataforma_id=3 (Disney) servicio=Pantalla pantalla=7 vence=03/06/2026
[2026-05-06T01:15:02.473Z] [STEP 7] 🔁 Abriendo chat (intento 1/3) con: https://web.whatsapp.com/send?phone=573015696099&text=Hola%20%2B57%2C%20te%20notificamos%20el%20*cambio%20de%20contrase%C3%B1a*%20asociado%20a%20tu%20correo%3A%20*medplay93%2Bdis5%40gmail.com*.%0A%0A%E2%80%A2%20Disney%20%E2%80%94%20Pantalla%20%7C%20*Pantalla%207*%20%7C%20vence%3A%2003%2F06%2F2026%0A%0A*La%20nueva%20contrase%C3%B1a%20es%3A*%20mededis%402%20%0ANo%20la%20compartas%20con%20nadie%3B%20%C2%A1que%20est%C3%A9s%20s%C3%BAper%20bien!%0A*Recuerda%20tu%20pantalla%20es%20la%20que%20ves%20arriba%3B%20solo%20puedes%20utilizar%20esa.*%0A%0A%0ANOTA%3A*NO%20MODIFICAR%20LOS%20NUMEROS%20DEL%20PERFIL%2C%20USAR%20UNICAMENTE%20EL%20QUE%20SE%20LE%20ASIGNO%20SIN%20CAMBIARLO*%0APARA%20EVITAR%20CODIGOS%20DEBES%20BORRAR%20HISTORIAL%20Y%20COOKIES%20----%3E%20%20%20%20%0AEN%20CELULAR%3A%20https%3A%2F%2Fwww.youtube.com%2Fwatch%3Fv%3DrEsApVI1-lk%0AEN%20EL%20COMPUTADOR%3A%20https%3A%2F%2Fwww.youtube.com%2Fwatch%3Fv%3D2pYn4px0YWI
[2026-05-06T01:15:03.712Z] [STEP 7] ↪ asentando vista ~6s…
[2026-05-06T01:15:16.918Z] [STEP 8] ↩️ Enviado (Enter)
[2026-05-06T01:15:16.919Z]    ↪ post-send pause ~9s…
[2026-05-06T01:15:26.271Z] ⏳ Pausa entre mensajes: ~20s…
[2026-05-06T01:15:46.585Z] → [32/59] phone=573128096569 correo=medplay93+dis5@gmail.com plataforma_id=3 (Disney) servicio=Pantalla pantalla=2 vence=04/07/2026
[2026-05-06T01:15:46.587Z] [STEP 7] 🔁 Abriendo chat (intento 1/3) con: https://web.whatsapp.com/send?phone=573128096569&text=Hola%20Nathaly%2C%20te%20notificamos%20el%20*cambio%20de%20contrase%C3%B1a*%20asociado%20a%20tu%20correo%3A%20*medplay93%2Bdis5%40gmail.com*.%0A%0A%E2%80%A2%20Disney%20%E2%80%94%20Pantalla%20%7C%20*Pantalla%202*%20%7C%20vence%3A%2004%2F07%2F2026%0A%0A*La%20nueva%20contrase%C3%B1a%20es%3A*%20mededis%402%20%0ANo%20la%20compartas%20con%20nadie%3B%20%C2%A1que%20est%C3%A9s%20s%C3%BAper%20bien!%0A*Recuerda%20tu%20pantalla%20es%20la%20que%20ves%20arriba%3B%20solo%20puedes%20utilizar%20esa.*%0A%0A%0ANOTA%3A*NO%20MODIFICAR%20LOS%20NUMEROS%20DEL%20PERFIL%2C%20USAR%20UNICAMENTE%20EL%20QUE%20SE%20LE%20ASIGNO%20SIN%20CAMBIARLO*%0APARA%20EVITAR%20CODIGOS%20DEBES%20BORRAR%20HISTORIAL%20Y%20COOKIES%20----%3E%20%20%20%20%0AEN%20CELULAR%3A%20https%3A%2F%2Fwww.youtube.com%2Fwatch%3Fv%3DrEsApVI1-lk%0AEN%20EL%20COMPUTADOR%3A%20https%3A%2F%2Fwww.youtube.com%2Fwatch%3Fv%3D2pYn4px0YWI
[2026-05-06T01:15:47.295Z] [STEP 7] ↪ asentando vista ~7s…
[2026-05-06T01:15:57.597Z] [STEP 8] ↩️ Enviado (Enter)
[2026-05-06T01:15:57.598Z]    ↪ post-send pause ~9s…
[2026-05-06T01:16:06.897Z] ⏳ Pausa entre mensajes: ~19s…
[2026-05-06T01:16:25.788Z] → [33/59] phone=573136201571 correo=medplay93+dis5@gmail.com plataforma_id=3 (Disney) servicio=Pantalla pantalla=1 vence=22/05/2026
[2026-05-06T01:16:25.790Z] [STEP 7] 🔁 Abriendo chat (intento 1/3) con: https://web.whatsapp.com/send?phone=573136201571&text=Hola%20%2B57%2C%20te%20notificamos%20el%20*cambio%20de%20contrase%C3%B1a*%20asociado%20a%20tu%20correo%3A%20*medplay93%2Bdis5%40gmail.com*.%0A%0A%E2%80%A2%20Disney%20%E2%80%94%20Pantalla%20%7C%20*Pantalla%201*%20%7C%20vence%3A%2022%2F05%2F2026%0A%0A*La%20nueva%20contrase%C3%B1a%20es%3A*%20mededis%402%20%0ANo%20la%20compartas%20con%20nadie%3B%20%C2%A1que%20est%C3%A9s%20s%C3%BAper%20bien!%0A*Recuerda%20tu%20pantalla%20es%20la%20que%20ves%20arriba%3B%20solo%20puedes%20utilizar%20esa.*%0A%0A%0ANOTA%3A*NO%20MODIFICAR%20LOS%20NUMEROS%20DEL%20PERFIL%2C%20USAR%20UNICAMENTE%20EL%20QUE%20SE%20LE%20ASIGNO%20SIN%20CAMBIARLO*%0APARA%20EVITAR%20CODIGOS%20DEBES%20BORRAR%20HISTORIAL%20Y%20COOKIES%20----%3E%20%20%20%20%0AEN%20CELULAR%3A%20https%3A%2F%2Fwww.youtube.com%2Fwatch%3Fv%3DrEsApVI1-lk%0AEN%20EL%20COMPUTADOR%3A%20https%3A%2F%2Fwww.youtube.com%2Fwatch%3Fv%3D2pYn4px0YWI
[2026-05-06T01:16:27.155Z] [STEP 7] ↪ asentando vista ~6s…
[2026-05-06T01:16:37.737Z] [STEP 8] ↩️ Enviado (Enter)
[2026-05-06T01:16:37.738Z]    ↪ post-send pause ~7s…
[2026-05-06T01:16:44.989Z] ⏳ Pausa entre mensajes: ~18s…
[2026-05-06T01:17:03.464Z] → [34/59] phone=573177286450 correo=medplay93+dis5@gmail.com plataforma_id=3 (Disney) servicio=Pantalla pantalla=4 vence=25/05/2026
[2026-05-06T01:17:03.465Z] [STEP 7] 🔁 Abriendo chat (intento 1/3) con: https://web.whatsapp.com/send?phone=573177286450&text=Hola%20!%2C%20te%20notificamos%20el%20*cambio%20de%20contrase%C3%B1a*%20asociado%20a%20tu%20correo%3A%20*medplay93%2Bdis5%40gmail.com*.%0A%0A%E2%80%A2%20Disney%20%E2%80%94%20Pantalla%20%7C%20*Pantalla%204*%20%7C%20vence%3A%2025%2F05%2F2026%0A%0A*La%20nueva%20contrase%C3%B1a%20es%3A*%20mededis%402%20%0ANo%20la%20compartas%20con%20nadie%3B%20%C2%A1que%20est%C3%A9s%20s%C3%BAper%20bien!%0A*Recuerda%20tu%20pantalla%20es%20la%20que%20ves%20arriba%3B%20solo%20puedes%20utilizar%20esa.*%0A%0A%0ANOTA%3A*NO%20MODIFICAR%20LOS%20NUMEROS%20DEL%20PERFIL%2C%20USAR%20UNICAMENTE%20EL%20QUE%20SE%20LE%20ASIGNO%20SIN%20CAMBIARLO*%0APARA%20EVITAR%20CODIGOS%20DEBES%20BORRAR%20HISTORIAL%20Y%20COOKIES%20----%3E%20%20%20%20%0AEN%20CELULAR%3A%20https%3A%2F%2Fwww.youtube.com%2Fwatch%3Fv%3DrEsApVI1-lk%0AEN%20EL%20COMPUTADOR%3A%20https%3A%2F%2Fwww.youtube.com%2Fwatch%3Fv%3D2pYn4px0YWI
[2026-05-06T01:17:04.142Z] [STEP 7] ↪ asentando vista ~9s…
[2026-05-06T01:17:15.884Z] [STEP 8] ↩️ Enviado (Enter)
[2026-05-06T01:17:15.885Z]    ↪ post-send pause ~9s…
[2026-05-06T01:17:25.111Z] ⏳ Pausa entre mensajes: ~17s…
[2026-05-06T01:17:42.195Z] → [35/59] phone=573184110606 correo=medplay93+dis5@gmail.com plataforma_id=3 (Disney) servicio=Pantalla pantalla=5 vence=28/05/2026
[2026-05-06T01:17:42.198Z] [STEP 7] 🔁 Abriendo chat (intento 1/3) con: https://web.whatsapp.com/send?phone=573184110606&text=Hola%20Elsa%2C%20te%20notificamos%20el%20*cambio%20de%20contrase%C3%B1a*%20asociado%20a%20tu%20correo%3A%20*medplay93%2Bdis5%40gmail.com*.%0A%0A%E2%80%A2%20Disney%20%E2%80%94%20Pantalla%20%7C%20*Pantalla%205*%20%7C%20vence%3A%2028%2F05%2F2026%0A%0A*La%20nueva%20contrase%C3%B1a%20es%3A*%20mededis%402%20%0ANo%20la%20compartas%20con%20nadie%3B%20%C2%A1que%20est%C3%A9s%20s%C3%BAper%20bien!%0A*Recuerda%20tu%20pantalla%20es%20la%20que%20ves%20arriba%3B%20solo%20puedes%20utilizar%20esa.*%0A%0A%0ANOTA%3A*NO%20MODIFICAR%20LOS%20NUMEROS%20DEL%20PERFIL%2C%20USAR%20UNICAMENTE%20EL%20QUE%20SE%20LE%20ASIGNO%20SIN%20CAMBIARLO*%0APARA%20EVITAR%20CODIGOS%20DEBES%20BORRAR%20HISTORIAL%20Y%20COOKIES%20----%3E%20%20%20%20%0AEN%20CELULAR%3A%20https%3A%2F%2Fwww.youtube.com%2Fwatch%3Fv%3DrEsApVI1-lk%0AEN%20EL%20COMPUTADOR%3A%20https%3A%2F%2Fwww.youtube.com%2Fwatch%3Fv%3D2pYn4px0YWI
[2026-05-06T01:17:42.825Z] [STEP 7] ↪ asentando vista ~10s…
[2026-05-06T01:17:54.804Z] [STEP 8] ↩️ Enviado (Enter)
[2026-05-06T01:17:54.805Z]    ↪ post-send pause ~9s…
[2026-05-06T01:18:03.356Z] ⏳ Pausa entre mensajes: ~20s…
[2026-05-06T01:18:23.066Z] → [36/59] phone=573196281142 correo=medplay93+dis5@gmail.com plataforma_id=3 (Disney) servicio=Pantalla pantalla=3 vence=28/05/2026
[2026-05-06T01:18:23.068Z] [STEP 7] 🔁 Abriendo chat (intento 1/3) con: https://web.whatsapp.com/send?phone=573196281142&text=Hola%20!%2C%20te%20notificamos%20el%20*cambio%20de%20contrase%C3%B1a*%20asociado%20a%20tu%20correo%3A%20*medplay93%2Bdis5%40gmail.com*.%0A%0A%E2%80%A2%20Disney%20%E2%80%94%20Pantalla%20%7C%20*Pantalla%203*%20%7C%20vence%3A%2028%2F05%2F2026%0A%0A*La%20nueva%20contrase%C3%B1a%20es%3A*%20mededis%402%20%0ANo%20la%20compartas%20con%20nadie%3B%20%C2%A1que%20est%C3%A9s%20s%C3%BAper%20bien!%0A*Recuerda%20tu%20pantalla%20es%20la%20que%20ves%20arriba%3B%20solo%20puedes%20utilizar%20esa.*%0A%0A%0ANOTA%3A*NO%20MODIFICAR%20LOS%20NUMEROS%20DEL%20PERFIL%2C%20USAR%20UNICAMENTE%20EL%20QUE%20SE%20LE%20ASIGNO%20SIN%20CAMBIARLO*%0APARA%20EVITAR%20CODIGOS%20DEBES%20BORRAR%20HISTORIAL%20Y%20COOKIES%20----%3E%20%20%20%20%0AEN%20CELULAR%3A%20https%3A%2F%2Fwww.youtube.com%2Fwatch%3Fv%3DrEsApVI1-lk%0AEN%20EL%20COMPUTADOR%3A%20https%3A%2F%2Fwww.youtube.com%2Fwatch%3Fv%3D2pYn4px0YWI
[2026-05-06T01:18:24.145Z] [STEP 7] ↪ asentando vista ~7s…
[2026-05-06T01:18:35.127Z] [STEP 8] ↩️ Enviado (Enter)
[2026-05-06T01:18:35.128Z]    ↪ post-send pause ~9s…
[2026-05-06T01:18:44.367Z] ⏳ Pausa entre mensajes: ~18s…
[2026-05-06T01:19:02.685Z] → [37/59] phone=573206193252 correo=medplay93+dis5@gmail.com plataforma_id=3 (Disney) servicio=Pantalla pantalla=1 vence=18/05/2026
[2026-05-06T01:19:02.686Z] [STEP 7] 🔁 Abriendo chat (intento 1/3) con: https://web.whatsapp.com/send?phone=573206193252&text=Hola%20!%2C%20te%20notificamos%20el%20*cambio%20de%20contrase%C3%B1a*%20asociado%20a%20tu%20correo%3A%20*medplay93%2Bdis5%40gmail.com*.%0A%0A%E2%80%A2%20Disney%20%E2%80%94%20Pantalla%20%7C%20*Pantalla%201*%20%7C%20vence%3A%2018%2F05%2F2026%0A%0A*La%20nueva%20contrase%C3%B1a%20es%3A*%20mededis%402%20%0ANo%20la%20compartas%20con%20nadie%3B%20%C2%A1que%20est%C3%A9s%20s%C3%BAper%20bien!%0A*Recuerda%20tu%20pantalla%20es%20la%20que%20ves%20arriba%3B%20solo%20puedes%20utilizar%20esa.*%0A%0A%0ANOTA%3A*NO%20MODIFICAR%20LOS%20NUMEROS%20DEL%20PERFIL%2C%20USAR%20UNICAMENTE%20EL%20QUE%20SE%20LE%20ASIGNO%20SIN%20CAMBIARLO*%0APARA%20EVITAR%20CODIGOS%20DEBES%20BORRAR%20HISTORIAL%20Y%20COOKIES%20----%3E%20%20%20%20%0AEN%20CELULAR%3A%20https%3A%2F%2Fwww.youtube.com%2Fwatch%3Fv%3DrEsApVI1-lk%0AEN%20EL%20COMPUTADOR%3A%20https%3A%2F%2Fwww.youtube.com%2Fwatch%3Fv%3D2pYn4px0YWI
[2026-05-06T01:19:03.282Z] [STEP 7] ↪ asentando vista ~7s…
[2026-05-06T01:19:13.210Z] [STEP 8] ↩️ Enviado (Enter)
[2026-05-06T01:19:13.210Z]    ↪ post-send pause ~10s…
[2026-05-06T01:19:22.883Z] ⏳ Pausa entre mensajes: ~16s…
[2026-05-06T01:19:39.134Z] — BLOQUE — correo=medplay93+lc@gmail.com | plataforma_id=4 (Disney Premium)
[2026-05-06T01:19:39.136Z] → [38/59] phone=573117347370 correo=medplay93+lc@gmail.com plataforma_id=4 (Disney Premium) servicio=Pantalla pantalla=1 vence=29/05/2026
[2026-05-06T01:19:39.137Z] [STEP 7] 🔁 Abriendo chat (intento 1/3) con: https://web.whatsapp.com/send?phone=573117347370&text=Hola%20%2B57%2C%20te%20notificamos%20el%20*cambio%20de%20contrase%C3%B1a*%20asociado%20a%20tu%20correo%3A%20*medplay93%2Blc%40gmail.com*.%0A%0A%E2%80%A2%20Disney%20Premium%20%E2%80%94%20Pantalla%20%7C%20*Pantalla%201*%20%7C%20vence%3A%2029%2F05%2F2026%0A%0A*La%20nueva%20contrase%C3%B1a%20es%3A*%20mededis%4012%20%0ANo%20la%20compartas%20con%20nadie%3B%20%C2%A1que%20est%C3%A9s%20s%C3%BAper%20bien!%0A*Recuerda%20tu%20pantalla%20es%20la%20que%20ves%20arriba%3B%20solo%20puedes%20utilizar%20esa.*%0A%0A%0ANOTA%3A*NO%20MODIFICAR%20LOS%20NUMEROS%20DEL%20PERFIL%2C%20USAR%20UNICAMENTE%20EL%20QUE%20SE%20LE%20ASIGNO%20SIN%20CAMBIARLO*%0APARA%20EVITAR%20CODIGOS%20DEBES%20BORRAR%20HISTORIAL%20Y%20COOKIES%20----%3E%20%20%20%20%0AEN%20CELULAR%3A%20https%3A%2F%2Fwww.youtube.com%2Fwatch%3Fv%3DrEsApVI1-lk%0AEN%20EL%20COMPUTADOR%3A%20https%3A%2F%2Fwww.youtube.com%2Fwatch%3Fv%3D2pYn4px0YWI
[2026-05-06T01:19:40.197Z] [STEP 7] ↪ asentando vista ~8s…
[2026-05-06T01:19:50.452Z] [STEP 8] ↩️ Enviado (Enter)
[2026-05-06T01:19:50.453Z]    ↪ post-send pause ~7s…
[2026-05-06T01:19:57.823Z] ⏳ Pausa entre mensajes: ~19s…
[2026-05-06T01:20:16.441Z] → [39/59] phone=573123423399 correo=medplay93+lc@gmail.com plataforma_id=4 (Disney Premium) servicio=Pantalla pantalla=5 vence=08/05/2026
[2026-05-06T01:20:16.442Z] [STEP 7] 🔁 Abriendo chat (intento 1/3) con: https://web.whatsapp.com/send?phone=573123423399&text=Hola%20Cristian%2C%20te%20notificamos%20el%20*cambio%20de%20contrase%C3%B1a*%20asociado%20a%20tu%20correo%3A%20*medplay93%2Blc%40gmail.com*.%0A%0A%E2%80%A2%20Disney%20Premium%20%E2%80%94%20Pantalla%20%7C%20*Pantalla%205*%20%7C%20vence%3A%2008%2F05%2F2026%0A%0A*La%20nueva%20contrase%C3%B1a%20es%3A*%20mededis%4012%20%0ANo%20la%20compartas%20con%20nadie%3B%20%C2%A1que%20est%C3%A9s%20s%C3%BAper%20bien!%0A*Recuerda%20tu%20pantalla%20es%20la%20que%20ves%20arriba%3B%20solo%20puedes%20utilizar%20esa.*%0A%0A%0ANOTA%3A*NO%20MODIFICAR%20LOS%20NUMEROS%20DEL%20PERFIL%2C%20USAR%20UNICAMENTE%20EL%20QUE%20SE%20LE%20ASIGNO%20SIN%20CAMBIARLO*%0APARA%20EVITAR%20CODIGOS%20DEBES%20BORRAR%20HISTORIAL%20Y%20COOKIES%20----%3E%20%20%20%20%0AEN%20CELULAR%3A%20https%3A%2F%2Fwww.youtube.com%2Fwatch%3Fv%3DrEsApVI1-lk%0AEN%20EL%20COMPUTADOR%3A%20https%3A%2F%2Fwww.youtube.com%2Fwatch%3Fv%3D2pYn4px0YWI
[2026-05-06T01:20:17.232Z] [STEP 7] ↪ asentando vista ~8s…
[2026-05-06T01:20:27.588Z] [STEP 8] ↩️ Enviado (Enter)
[2026-05-06T01:20:27.589Z]    ↪ post-send pause ~9s…
[2026-05-06T01:20:36.969Z] ⏳ Pausa entre mensajes: ~17s…
[2026-05-06T01:20:54.100Z] → [40/59] phone=573136247452 correo=medplay93+lc@gmail.com plataforma_id=4 (Disney Premium) servicio=Pantalla pantalla=2 vence=30/05/2026
[2026-05-06T01:20:54.102Z] [STEP 7] 🔁 Abriendo chat (intento 1/3) con: https://web.whatsapp.com/send?phone=573136247452&text=Hola%20Juan%2C%20te%20notificamos%20el%20*cambio%20de%20contrase%C3%B1a*%20asociado%20a%20tu%20correo%3A%20*medplay93%2Blc%40gmail.com*.%0A%0A%E2%80%A2%20Disney%20Premium%20%E2%80%94%20Pantalla%20%7C%20*Pantalla%202*%20%7C%20vence%3A%2030%2F05%2F2026%0A%0A*La%20nueva%20contrase%C3%B1a%20es%3A*%20mededis%4012%20%0ANo%20la%20compartas%20con%20nadie%3B%20%C2%A1que%20est%C3%A9s%20s%C3%BAper%20bien!%0A*Recuerda%20tu%20pantalla%20es%20la%20que%20ves%20arriba%3B%20solo%20puedes%20utilizar%20esa.*%0A%0A%0ANOTA%3A*NO%20MODIFICAR%20LOS%20NUMEROS%20DEL%20PERFIL%2C%20USAR%20UNICAMENTE%20EL%20QUE%20SE%20LE%20ASIGNO%20SIN%20CAMBIARLO*%0APARA%20EVITAR%20CODIGOS%20DEBES%20BORRAR%20HISTORIAL%20Y%20COOKIES%20----%3E%20%20%20%20%0AEN%20CELULAR%3A%20https%3A%2F%2Fwww.youtube.com%2Fwatch%3Fv%3DrEsApVI1-lk%0AEN%20EL%20COMPUTADOR%3A%20https%3A%2F%2Fwww.youtube.com%2Fwatch%3Fv%3D2pYn4px0YWI
[2026-05-06T01:20:54.839Z] [STEP 7] ↪ asentando vista ~8s…
[2026-05-06T01:21:04.937Z] [STEP 8] ↩️ Enviado (Enter)
[2026-05-06T01:21:04.938Z]    ↪ post-send pause ~7s…
[2026-05-06T01:21:11.810Z] ⏳ Pausa entre mensajes: ~21s…
[2026-05-06T01:21:32.532Z] — BLOQUE — correo=medplay93+qa8eh@gmail.com | plataforma_id=9 (VIX)
[2026-05-06T01:21:32.534Z] → [41/59] phone=573022967664 correo=medplay93+qa8eh@gmail.com plataforma_id=9 (VIX) servicio=Pantalla pantalla=4 vence=03/06/2026
[2026-05-06T01:21:32.535Z] [STEP 7] 🔁 Abriendo chat (intento 1/3) con: https://web.whatsapp.com/send?phone=573022967664&text=Hola%20%2B57%2C%20te%20notificamos%20el%20*cambio%20de%20contrase%C3%B1a*%20asociado%20a%20tu%20correo%3A%20*medplay93%2Bqa8eh%40gmail.com*.%0A%0A%E2%80%A2%20VIX%20%E2%80%94%20Pantalla%20%7C%20*Pantalla%204*%20%7C%20vence%3A%2003%2F06%2F2026%0A%0A*La%20nueva%20contrase%C3%B1a%20es%3A*%20medevixo%40%20%0ANo%20la%20compartas%20con%20nadie%3B%20%C2%A1que%20est%C3%A9s%20s%C3%BAper%20bien!%0A*Recuerda%20tu%20pantalla%20es%20la%20que%20ves%20arriba%3B%20solo%20puedes%20utilizar%20esa.*%0A%0A%0ANOTA%3A*NO%20MODIFICAR%20LOS%20NUMEROS%20DEL%20PERFIL%2C%20USAR%20UNICAMENTE%20EL%20QUE%20SE%20LE%20ASIGNO%20SIN%20CAMBIARLO*%0APARA%20EVITAR%20CODIGOS%20DEBES%20BORRAR%20HISTORIAL%20Y%20COOKIES%20----%3E%20%20%20%20%0AEN%20CELULAR%3A%20https%3A%2F%2Fwww.youtube.com%2Fwatch%3Fv%3DrEsApVI1-lk%0AEN%20EL%20COMPUTADOR%3A%20https%3A%2F%2Fwww.youtube.com%2Fwatch%3Fv%3D2pYn4px0YWI
[2026-05-06T01:21:33.318Z] [STEP 7] ↪ asentando vista ~9s…
[2026-05-06T01:21:45.570Z] [STEP 8] ↩️ Enviado (Enter)
[2026-05-06T01:21:45.571Z]    ↪ post-send pause ~6s…
[2026-05-06T01:21:51.984Z] ⏳ Pausa entre mensajes: ~20s…
[2026-05-06T01:22:11.616Z] → [42/59] phone=573134228773 correo=medplay93+qa8eh@gmail.com plataforma_id=9 (VIX) servicio=Pantalla pantalla=2 vence=13/05/2026
[2026-05-06T01:22:11.618Z] [STEP 7] 🔁 Abriendo chat (intento 1/3) con: https://web.whatsapp.com/send?phone=573134228773&text=Hola%20%2B573134228773%2C%20te%20notificamos%20el%20*cambio%20de%20contrase%C3%B1a*%20asociado%20a%20tu%20correo%3A%20*medplay93%2Bqa8eh%40gmail.com*.%0A%0A%E2%80%A2%20VIX%20%E2%80%94%20Pantalla%20%7C%20*Pantalla%202*%20%7C%20vence%3A%2013%2F05%2F2026%0A%0A*La%20nueva%20contrase%C3%B1a%20es%3A*%20medevixo%40%20%0ANo%20la%20compartas%20con%20nadie%3B%20%C2%A1que%20est%C3%A9s%20s%C3%BAper%20bien!%0A*Recuerda%20tu%20pantalla%20es%20la%20que%20ves%20arriba%3B%20solo%20puedes%20utilizar%20esa.*%0A%0A%0ANOTA%3A*NO%20MODIFICAR%20LOS%20NUMEROS%20DEL%20PERFIL%2C%20USAR%20UNICAMENTE%20EL%20QUE%20SE%20LE%20ASIGNO%20SIN%20CAMBIARLO*%0APARA%20EVITAR%20CODIGOS%20DEBES%20BORRAR%20HISTORIAL%20Y%20COOKIES%20----%3E%20%20%20%20%0AEN%20CELULAR%3A%20https%3A%2F%2Fwww.youtube.com%2Fwatch%3Fv%3DrEsApVI1-lk%0AEN%20EL%20COMPUTADOR%3A%20https%3A%2F%2Fwww.youtube.com%2Fwatch%3Fv%3D2pYn4px0YWI
[2026-05-06T01:22:12.620Z] [STEP 7] ↪ asentando vista ~10s…
[2026-05-06T01:22:24.318Z] [STEP 8] ↩️ Enviado (Enter)
[2026-05-06T01:22:24.319Z]    ↪ post-send pause ~7s…
[2026-05-06T01:22:31.717Z] ⏳ Pausa entre mensajes: ~17s…
[2026-05-06T01:22:49.211Z] → [43/59] phone=573227277192 correo=medplay93+qa8eh@gmail.com plataforma_id=9 (VIX) servicio=Pantalla pantalla=3 vence=02/06/2026
[2026-05-06T01:22:49.213Z] [STEP 7] 🔁 Abriendo chat (intento 1/3) con: https://web.whatsapp.com/send?phone=573227277192&text=Hola%20!%2C%20te%20notificamos%20el%20*cambio%20de%20contrase%C3%B1a*%20asociado%20a%20tu%20correo%3A%20*medplay93%2Bqa8eh%40gmail.com*.%0A%0A%E2%80%A2%20VIX%20%E2%80%94%20Pantalla%20%7C%20*Pantalla%203*%20%7C%20vence%3A%2002%2F06%2F2026%0A%0A*La%20nueva%20contrase%C3%B1a%20es%3A*%20medevixo%40%20%0ANo%20la%20compartas%20con%20nadie%3B%20%C2%A1que%20est%C3%A9s%20s%C3%BAper%20bien!%0A*Recuerda%20tu%20pantalla%20es%20la%20que%20ves%20arriba%3B%20solo%20puedes%20utilizar%20esa.*%0A%0A%0ANOTA%3A*NO%20MODIFICAR%20LOS%20NUMEROS%20DEL%20PERFIL%2C%20USAR%20UNICAMENTE%20EL%20QUE%20SE%20LE%20ASIGNO%20SIN%20CAMBIARLO*%0APARA%20EVITAR%20CODIGOS%20DEBES%20BORRAR%20HISTORIAL%20Y%20COOKIES%20----%3E%20%20%20%20%0AEN%20CELULAR%3A%20https%3A%2F%2Fwww.youtube.com%2Fwatch%3Fv%3DrEsApVI1-lk%0AEN%20EL%20COMPUTADOR%3A%20https%3A%2F%2Fwww.youtube.com%2Fwatch%3Fv%3D2pYn4px0YWI
[2026-05-06T01:22:50.724Z] [STEP 7] ↪ asentando vista ~10s…
[2026-05-06T01:23:02.716Z] [STEP 8] ↩️ Enviado (Enter)
[2026-05-06T01:23:02.716Z]    ↪ post-send pause ~9s…
[2026-05-06T01:23:11.717Z] ⏳ Pausa entre mensajes: ~17s…
[2026-05-06T01:23:28.527Z] — BLOQUE — correo=medplay93+vj3y1@gmail.com | plataforma_id=9 (VIX)
[2026-05-06T01:23:28.529Z] → [44/59] phone=573116400774 correo=medplay93+vj3y1@gmail.com plataforma_id=9 (VIX) servicio=Pantalla pantalla=3 vence=07/05/2026
[2026-05-06T01:23:28.530Z] [STEP 7] 🔁 Abriendo chat (intento 1/3) con: https://web.whatsapp.com/send?phone=573116400774&text=Hola%20Dannia%2C%20te%20notificamos%20el%20*cambio%20de%20contrase%C3%B1a*%20asociado%20a%20tu%20correo%3A%20*medplay93%2Bvj3y1%40gmail.com*.%0A%0A%E2%80%A2%20VIX%20%E2%80%94%20Pantalla%20%7C%20*Pantalla%203*%20%7C%20vence%3A%2007%2F05%2F2026%0A%0A*La%20nueva%20contrase%C3%B1a%20es%3A*%20medevix%4023%20%0ANo%20la%20compartas%20con%20nadie%3B%20%C2%A1que%20est%C3%A9s%20s%C3%BAper%20bien!%0A*Recuerda%20tu%20pantalla%20es%20la%20que%20ves%20arriba%3B%20solo%20puedes%20utilizar%20esa.*%0A%0A%0ANOTA%3A*NO%20MODIFICAR%20LOS%20NUMEROS%20DEL%20PERFIL%2C%20USAR%20UNICAMENTE%20EL%20QUE%20SE%20LE%20ASIGNO%20SIN%20CAMBIARLO*%0APARA%20EVITAR%20CODIGOS%20DEBES%20BORRAR%20HISTORIAL%20Y%20COOKIES%20----%3E%20%20%20%20%0AEN%20CELULAR%3A%20https%3A%2F%2Fwww.youtube.com%2Fwatch%3Fv%3DrEsApVI1-lk%0AEN%20EL%20COMPUTADOR%3A%20https%3A%2F%2Fwww.youtube.com%2Fwatch%3Fv%3D2pYn4px0YWI
[2026-05-06T01:23:29.173Z] [STEP 7] ↪ asentando vista ~7s…
[2026-05-06T01:23:39.764Z] [STEP 8] ↩️ Enviado (Enter)
[2026-05-06T01:23:39.765Z]    ↪ post-send pause ~8s…
[2026-05-06T01:23:47.633Z] ⏳ Pausa entre mensajes: ~20s…
[2026-05-06T01:24:07.894Z] → [45/59] phone=573145477780 correo=medplay93+vj3y1@gmail.com plataforma_id=9 (VIX) servicio=Pantalla pantalla=5 vence=19/06/2026
[2026-05-06T01:24:07.898Z] [STEP 7] 🔁 Abriendo chat (intento 1/3) con: https://web.whatsapp.com/send?phone=573145477780&text=Hola%20%2B57%2C%20te%20notificamos%20el%20*cambio%20de%20contrase%C3%B1a*%20asociado%20a%20tu%20correo%3A%20*medplay93%2Bvj3y1%40gmail.com*.%0A%0A%E2%80%A2%20VIX%20%E2%80%94%20Pantalla%20%7C%20*Pantalla%205*%20%7C%20vence%3A%2019%2F06%2F2026%0A%0A*La%20nueva%20contrase%C3%B1a%20es%3A*%20medevix%4023%20%0ANo%20la%20compartas%20con%20nadie%3B%20%C2%A1que%20est%C3%A9s%20s%C3%BAper%20bien!%0A*Recuerda%20tu%20pantalla%20es%20la%20que%20ves%20arriba%3B%20solo%20puedes%20utilizar%20esa.*%0A%0A%0ANOTA%3A*NO%20MODIFICAR%20LOS%20NUMEROS%20DEL%20PERFIL%2C%20USAR%20UNICAMENTE%20EL%20QUE%20SE%20LE%20ASIGNO%20SIN%20CAMBIARLO*%0APARA%20EVITAR%20CODIGOS%20DEBES%20BORRAR%20HISTORIAL%20Y%20COOKIES%20----%3E%20%20%20%20%0AEN%20CELULAR%3A%20https%3A%2F%2Fwww.youtube.com%2Fwatch%3Fv%3DrEsApVI1-lk%0AEN%20EL%20COMPUTADOR%3A%20https%3A%2F%2Fwww.youtube.com%2Fwatch%3Fv%3D2pYn4px0YWI
[2026-05-06T01:24:08.637Z] [STEP 7] ↪ asentando vista ~10s…
[2026-05-06T01:24:21.839Z] [STEP 8] ↩️ Enviado (Enter)
[2026-05-06T01:24:21.840Z]    ↪ post-send pause ~7s…
[2026-05-06T01:24:28.907Z] ⏳ Pausa entre mensajes: ~17s…
[2026-05-06T01:24:46.067Z] → [46/59] phone=573166470753 correo=medplay93+vj3y1@gmail.com plataforma_id=9 (VIX) servicio=Pantalla pantalla=4 vence=18/05/2026
[2026-05-06T01:24:46.068Z] [STEP 7] 🔁 Abriendo chat (intento 1/3) con: https://web.whatsapp.com/send?phone=573166470753&text=Hola%20%2B57%2C%20te%20notificamos%20el%20*cambio%20de%20contrase%C3%B1a*%20asociado%20a%20tu%20correo%3A%20*medplay93%2Bvj3y1%40gmail.com*.%0A%0A%E2%80%A2%20VIX%20%E2%80%94%20Pantalla%20%7C%20*Pantalla%204*%20%7C%20vence%3A%2018%2F05%2F2026%0A%0A*La%20nueva%20contrase%C3%B1a%20es%3A*%20medevix%4023%20%0ANo%20la%20compartas%20con%20nadie%3B%20%C2%A1que%20est%C3%A9s%20s%C3%BAper%20bien!%0A*Recuerda%20tu%20pantalla%20es%20la%20que%20ves%20arriba%3B%20solo%20puedes%20utilizar%20esa.*%0A%0A%0ANOTA%3A*NO%20MODIFICAR%20LOS%20NUMEROS%20DEL%20PERFIL%2C%20USAR%20UNICAMENTE%20EL%20QUE%20SE%20LE%20ASIGNO%20SIN%20CAMBIARLO*%0APARA%20EVITAR%20CODIGOS%20DEBES%20BORRAR%20HISTORIAL%20Y%20COOKIES%20----%3E%20%20%20%20%0AEN%20CELULAR%3A%20https%3A%2F%2Fwww.youtube.com%2Fwatch%3Fv%3DrEsApVI1-lk%0AEN%20EL%20COMPUTADOR%3A%20https%3A%2F%2Fwww.youtube.com%2Fwatch%3Fv%3D2pYn4px0YWI
[2026-05-06T01:24:46.712Z] [STEP 7] ↪ asentando vista ~6s…
[2026-05-06T01:24:57.099Z] [STEP 8] ↩️ Enviado (Enter)
[2026-05-06T01:24:57.100Z]    ↪ post-send pause ~6s…
[2026-05-06T01:25:03.423Z] ⏳ Pausa entre mensajes: ~18s…
[2026-05-06T01:25:21.459Z] → [47/59] phone=573214495781 correo=medplay93+vj3y1@gmail.com plataforma_id=9 (VIX) servicio=Pantalla pantalla=2 vence=07/05/2026
[2026-05-06T01:25:21.461Z] [STEP 7] 🔁 Abriendo chat (intento 1/3) con: https://web.whatsapp.com/send?phone=573214495781&text=Hola%20!%2C%20te%20notificamos%20el%20*cambio%20de%20contrase%C3%B1a*%20asociado%20a%20tu%20correo%3A%20*medplay93%2Bvj3y1%40gmail.com*.%0A%0A%E2%80%A2%20VIX%20%E2%80%94%20Pantalla%20%7C%20*Pantalla%202*%20%7C%20vence%3A%2007%2F05%2F2026%0A%0A*La%20nueva%20contrase%C3%B1a%20es%3A*%20medevix%4023%20%0ANo%20la%20compartas%20con%20nadie%3B%20%C2%A1que%20est%C3%A9s%20s%C3%BAper%20bien!%0A*Recuerda%20tu%20pantalla%20es%20la%20que%20ves%20arriba%3B%20solo%20puedes%20utilizar%20esa.*%0A%0A%0ANOTA%3A*NO%20MODIFICAR%20LOS%20NUMEROS%20DEL%20PERFIL%2C%20USAR%20UNICAMENTE%20EL%20QUE%20SE%20LE%20ASIGNO%20SIN%20CAMBIARLO*%0APARA%20EVITAR%20CODIGOS%20DEBES%20BORRAR%20HISTORIAL%20Y%20COOKIES%20----%3E%20%20%20%20%0AEN%20CELULAR%3A%20https%3A%2F%2Fwww.youtube.com%2Fwatch%3Fv%3DrEsApVI1-lk%0AEN%20EL%20COMPUTADOR%3A%20https%3A%2F%2Fwww.youtube.com%2Fwatch%3Fv%3D2pYn4px0YWI
[2026-05-06T01:25:22.194Z] [STEP 7] ↪ asentando vista ~9s…
[2026-05-06T01:25:34.126Z] [STEP 8] ↩️ Enviado (Enter)
[2026-05-06T01:25:34.127Z]    ↪ post-send pause ~6s…
[2026-05-06T01:25:40.181Z] ⏳ Pausa entre mensajes: ~16s…
[2026-05-06T01:25:56.687Z] — BLOQUE — correo=mxreya44@gmail.com | plataforma_id=1 (Amazon)
[2026-05-06T01:25:56.688Z] → [48/59] phone=573002955519 correo=mxreya44@gmail.com plataforma_id=1 (Amazon) servicio=Pantalla pantalla=1 vence=14/05/2026
[2026-05-06T01:25:56.689Z] [STEP 7] 🔁 Abriendo chat (intento 1/3) con: https://web.whatsapp.com/send?phone=573002955519&text=Hola%20%2B57%2C%20te%20notificamos%20el%20*cambio%20de%20contrase%C3%B1a*%20asociado%20a%20tu%20correo%3A%20*mxreya44%40gmail.com*.%0A%0A%E2%80%A2%20Amazon%20%E2%80%94%20Pantalla%20%7C%20*Pantalla%201*%20%7C%20vence%3A%2014%2F05%2F2026%0A%0A*La%20nueva%20contrase%C3%B1a%20es%3A*%20medezon%403%20%0ANo%20la%20compartas%20con%20nadie%3B%20%C2%A1que%20est%C3%A9s%20s%C3%BAper%20bien!%0A*Recuerda%20tu%20pantalla%20es%20la%20que%20ves%20arriba%3B%20solo%20puedes%20utilizar%20esa.*%0A%0A%0ANOTA%3A*NO%20MODIFICAR%20LOS%20NUMEROS%20DEL%20PERFIL%2C%20USAR%20UNICAMENTE%20EL%20QUE%20SE%20LE%20ASIGNO%20SIN%20CAMBIARLO*%0APARA%20EVITAR%20CODIGOS%20DEBES%20BORRAR%20HISTORIAL%20Y%20COOKIES%20----%3E%20%20%20%20%0AEN%20CELULAR%3A%20https%3A%2F%2Fwww.youtube.com%2Fwatch%3Fv%3DrEsApVI1-lk%0AEN%20EL%20COMPUTADOR%3A%20https%3A%2F%2Fwww.youtube.com%2Fwatch%3Fv%3D2pYn4px0YWI
[2026-05-06T01:26:02.387Z] [STEP 7] ↪ asentando vista ~10s…
[2026-05-06T01:26:15.165Z] [STEP 8] ↩️ Enviado (Enter)
[2026-05-06T01:26:15.166Z]    ↪ post-send pause ~8s…
[2026-05-06T01:26:22.858Z] ⏳ Pausa entre mensajes: ~20s…
[2026-05-06T01:26:42.755Z] → [49/59] phone=573157306507 correo=mxreya44@gmail.com plataforma_id=1 (Amazon) servicio=Pantalla pantalla=3 vence=26/05/2026
[2026-05-06T01:26:42.758Z] [STEP 7] 🔁 Abriendo chat (intento 1/3) con: https://web.whatsapp.com/send?phone=573157306507&text=Hola%20Sara%2C%20te%20notificamos%20el%20*cambio%20de%20contrase%C3%B1a*%20asociado%20a%20tu%20correo%3A%20*mxreya44%40gmail.com*.%0A%0A%E2%80%A2%20Amazon%20%E2%80%94%20Pantalla%20%7C%20*Pantalla%203*%20%7C%20vence%3A%2026%2F05%2F2026%0A%0A*La%20nueva%20contrase%C3%B1a%20es%3A*%20medezon%403%20%0ANo%20la%20compartas%20con%20nadie%3B%20%C2%A1que%20est%C3%A9s%20s%C3%BAper%20bien!%0A*Recuerda%20tu%20pantalla%20es%20la%20que%20ves%20arriba%3B%20solo%20puedes%20utilizar%20esa.*%0A%0A%0ANOTA%3A*NO%20MODIFICAR%20LOS%20NUMEROS%20DEL%20PERFIL%2C%20USAR%20UNICAMENTE%20EL%20QUE%20SE%20LE%20ASIGNO%20SIN%20CAMBIARLO*%0APARA%20EVITAR%20CODIGOS%20DEBES%20BORRAR%20HISTORIAL%20Y%20COOKIES%20----%3E%20%20%20%20%0AEN%20CELULAR%3A%20https%3A%2F%2Fwww.youtube.com%2Fwatch%3Fv%3DrEsApVI1-lk%0AEN%20EL%20COMPUTADOR%3A%20https%3A%2F%2Fwww.youtube.com%2Fwatch%3Fv%3D2pYn4px0YWI
[2026-05-06T01:26:43.573Z] [STEP 7] ↪ asentando vista ~10s…
[2026-05-06T01:26:57.558Z] [STEP 8] ↩️ Enviado (Enter)
[2026-05-06T01:26:57.559Z]    ↪ post-send pause ~8s…
[2026-05-06T01:27:05.951Z] ⏳ Pausa entre mensajes: ~16s…
[2026-05-06T01:27:22.014Z] — BLOQUE — correo=paige9498freda2001+2@outlook.com | plataforma_id=2 (Netflix)
[2026-05-06T01:27:22.015Z] → [50/59] phone=573103136121 correo=paige9498freda2001+2@outlook.com plataforma_id=2 (Netflix) servicio=Pantalla pantalla=2 vence=20/05/2026
[2026-05-06T01:27:22.016Z] [STEP 7] 🔁 Abriendo chat (intento 1/3) con: https://web.whatsapp.com/send?phone=573103136121&text=Hola%20!%2C%20te%20notificamos%20el%20*cambio%20de%20contrase%C3%B1a*%20asociado%20a%20tu%20correo%3A%20*paige9498freda2001%2B2%40outlook.com*.%0A%0A%E2%80%A2%20Netflix%20%E2%80%94%20Pantalla%20%7C%20*Pantalla%202*%20%7C%20vence%3A%2020%2F05%2F2026%0A%0A*La%20nueva%20contrase%C3%B1a%20es%3A*%20medeflix987%20%0ANo%20la%20compartas%20con%20nadie%3B%20%C2%A1que%20est%C3%A9s%20s%C3%BAper%20bien!%0A*Recuerda%20tu%20pantalla%20es%20la%20que%20ves%20arriba%3B%20solo%20puedes%20utilizar%20esa.*%0A%0A%0ANOTA%3A*NO%20MODIFICAR%20LOS%20NUMEROS%20DEL%20PERFIL%2C%20USAR%20UNICAMENTE%20EL%20QUE%20SE%20LE%20ASIGNO%20SIN%20CAMBIARLO*%0APARA%20EVITAR%20CODIGOS%20DEBES%20BORRAR%20HISTORIAL%20Y%20COOKIES%20----%3E%20%20%20%20%0AEN%20CELULAR%3A%20https%3A%2F%2Fwww.youtube.com%2Fwatch%3Fv%3DrEsApVI1-lk%0AEN%20EL%20COMPUTADOR%3A%20https%3A%2F%2Fwww.youtube.com%2Fwatch%3Fv%3D2pYn4px0YWI
[2026-05-06T01:27:23.022Z] [STEP 7] ↪ asentando vista ~8s…
[2026-05-06T01:27:34.435Z] [STEP 8] ↩️ Enviado (Enter)
[2026-05-06T01:27:34.436Z]    ↪ post-send pause ~9s…
[2026-05-06T01:27:43.281Z] ⏳ Pausa entre mensajes: ~18s…
[2026-05-06T01:28:00.800Z] → [51/59] phone=573107366652 correo=paige9498freda2001+2@outlook.com plataforma_id=2 (Netflix) servicio=Pantalla pantalla=3 vence=30/05/2026
[2026-05-06T01:28:00.803Z] [STEP 7] 🔁 Abriendo chat (intento 1/3) con: https://web.whatsapp.com/send?phone=573107366652&text=Hola%20Alejandra%2C%20te%20notificamos%20el%20*cambio%20de%20contrase%C3%B1a*%20asociado%20a%20tu%20correo%3A%20*paige9498freda2001%2B2%40outlook.com*.%0A%0A%E2%80%A2%20Netflix%20%E2%80%94%20Pantalla%20%7C%20*Pantalla%203*%20%7C%20vence%3A%2030%2F05%2F2026%0A%0A*La%20nueva%20contrase%C3%B1a%20es%3A*%20medeflix987%20%0ANo%20la%20compartas%20con%20nadie%3B%20%C2%A1que%20est%C3%A9s%20s%C3%BAper%20bien!%0A*Recuerda%20tu%20pantalla%20es%20la%20que%20ves%20arriba%3B%20solo%20puedes%20utilizar%20esa.*%0A%0A%0ANOTA%3A*NO%20MODIFICAR%20LOS%20NUMEROS%20DEL%20PERFIL%2C%20USAR%20UNICAMENTE%20EL%20QUE%20SE%20LE%20ASIGNO%20SIN%20CAMBIARLO*%0APARA%20EVITAR%20CODIGOS%20DEBES%20BORRAR%20HISTORIAL%20Y%20COOKIES%20----%3E%20%20%20%20%0AEN%20CELULAR%3A%20https%3A%2F%2Fwww.youtube.com%2Fwatch%3Fv%3DrEsApVI1-lk%0AEN%20EL%20COMPUTADOR%3A%20https%3A%2F%2Fwww.youtube.com%2Fwatch%3Fv%3D2pYn4px0YWI
[2026-05-06T01:28:01.551Z] [STEP 7] ↪ asentando vista ~8s…
[2026-05-06T01:28:12.751Z] [STEP 8] ↩️ Enviado (Enter)
[2026-05-06T01:28:12.753Z]    ↪ post-send pause ~9s…
[2026-05-06T01:28:21.761Z] ⏳ Pausa entre mensajes: ~16s…
[2026-05-06T01:28:37.981Z] → [52/59] phone=573212440007 correo=paige9498freda2001+2@outlook.com plataforma_id=2 (Netflix) servicio=Pantalla pantalla=1 vence=01/06/2026
[2026-05-06T01:28:37.983Z] [STEP 7] 🔁 Abriendo chat (intento 1/3) con: https://web.whatsapp.com/send?phone=573212440007&text=Hola%20%C2%A3%E2%82%ACP%C5%91%2C%20te%20notificamos%20el%20*cambio%20de%20contrase%C3%B1a*%20asociado%20a%20tu%20correo%3A%20*paige9498freda2001%2B2%40outlook.com*.%0A%0A%E2%80%A2%20Netflix%20%E2%80%94%20Pantalla%20%7C%20*Pantalla%201*%20%7C%20vence%3A%2001%2F06%2F2026%0A%0A*La%20nueva%20contrase%C3%B1a%20es%3A*%20medeflix987%20%0ANo%20la%20compartas%20con%20nadie%3B%20%C2%A1que%20est%C3%A9s%20s%C3%BAper%20bien!%0A*Recuerda%20tu%20pantalla%20es%20la%20que%20ves%20arriba%3B%20solo%20puedes%20utilizar%20esa.*%0A%0A%0ANOTA%3A*NO%20MODIFICAR%20LOS%20NUMEROS%20DEL%20PERFIL%2C%20USAR%20UNICAMENTE%20EL%20QUE%20SE%20LE%20ASIGNO%20SIN%20CAMBIARLO*%0APARA%20EVITAR%20CODIGOS%20DEBES%20BORRAR%20HISTORIAL%20Y%20COOKIES%20----%3E%20%20%20%20%0AEN%20CELULAR%3A%20https%3A%2F%2Fwww.youtube.com%2Fwatch%3Fv%3DrEsApVI1-lk%0AEN%20EL%20COMPUTADOR%3A%20https%3A%2F%2Fwww.youtube.com%2Fwatch%3Fv%3D2pYn4px0YWI
[2026-05-06T01:28:38.709Z] [STEP 7] ↪ asentando vista ~9s…
[2026-05-06T01:28:52.649Z] [STEP 8] ↩️ Enviado (Enter)
[2026-05-06T01:28:52.650Z]    ↪ post-send pause ~8s…
[2026-05-06T01:29:00.751Z] ⏳ Pausa entre mensajes: ~16s…
[2026-05-06T01:29:16.827Z] → [53/59] phone=573222959907 correo=paige9498freda2001+2@outlook.com plataforma_id=2 (Netflix) servicio=Pantalla pantalla=4 vence=03/06/2026
[2026-05-06T01:29:16.828Z] [STEP 7] 🔁 Abriendo chat (intento 1/3) con: https://web.whatsapp.com/send?phone=573222959907&text=Hola%20!%2C%20te%20notificamos%20el%20*cambio%20de%20contrase%C3%B1a*%20asociado%20a%20tu%20correo%3A%20*paige9498freda2001%2B2%40outlook.com*.%0A%0A%E2%80%A2%20Netflix%20%E2%80%94%20Pantalla%20%7C%20*Pantalla%204*%20%7C%20vence%3A%2003%2F06%2F2026%0A%0A*La%20nueva%20contrase%C3%B1a%20es%3A*%20medeflix987%20%0ANo%20la%20compartas%20con%20nadie%3B%20%C2%A1que%20est%C3%A9s%20s%C3%BAper%20bien!%0A*Recuerda%20tu%20pantalla%20es%20la%20que%20ves%20arriba%3B%20solo%20puedes%20utilizar%20esa.*%0A%0A%0ANOTA%3A*NO%20MODIFICAR%20LOS%20NUMEROS%20DEL%20PERFIL%2C%20USAR%20UNICAMENTE%20EL%20QUE%20SE%20LE%20ASIGNO%20SIN%20CAMBIARLO*%0APARA%20EVITAR%20CODIGOS%20DEBES%20BORRAR%20HISTORIAL%20Y%20COOKIES%20----%3E%20%20%20%20%0AEN%20CELULAR%3A%20https%3A%2F%2Fwww.youtube.com%2Fwatch%3Fv%3DrEsApVI1-lk%0AEN%20EL%20COMPUTADOR%3A%20https%3A%2F%2Fwww.youtube.com%2Fwatch%3Fv%3D2pYn4px0YWI
[2026-05-06T01:29:17.407Z] [STEP 7] ↪ asentando vista ~9s…
[2026-05-06T01:29:28.792Z] [STEP 8] ↩️ Enviado (Enter)
[2026-05-06T01:29:28.793Z]    ↪ post-send pause ~10s…
[2026-05-06T01:29:38.681Z] ⏳ Pausa entre mensajes: ~17s…
[2026-05-06T01:29:55.392Z] — BLOQUE — correo=ppapacalcalit@gmail.com | plataforma_id=8 (Crunchyroll)
[2026-05-06T01:29:55.394Z] → [54/59] phone=573126467605 correo=ppapacalcalit@gmail.com plataforma_id=8 (Crunchyroll) servicio=Pantalla pantalla=5 vence=23/05/2026
[2026-05-06T01:29:55.395Z] [STEP 7] 🔁 Abriendo chat (intento 1/3) con: https://web.whatsapp.com/send?phone=573126467605&text=Hola%20Victor%2C%20te%20notificamos%20el%20*cambio%20de%20contrase%C3%B1a*%20asociado%20a%20tu%20correo%3A%20*ppapacalcalit%40gmail.com*.%0A%0A%E2%80%A2%20Crunchyroll%20%E2%80%94%20Pantalla%20%7C%20*Pantalla%205*%20%7C%20vence%3A%2023%2F05%2F2026%0A%0A*La%20nueva%20contrase%C3%B1a%20es%3A*%20medecrun9%40%20%0ANo%20la%20compartas%20con%20nadie%3B%20%C2%A1que%20est%C3%A9s%20s%C3%BAper%20bien!%0A*Recuerda%20tu%20pantalla%20es%20la%20que%20ves%20arriba%3B%20solo%20puedes%20utilizar%20esa.*%0A%0A%0ANOTA%3A*NO%20MODIFICAR%20LOS%20NUMEROS%20DEL%20PERFIL%2C%20USAR%20UNICAMENTE%20EL%20QUE%20SE%20LE%20ASIGNO%20SIN%20CAMBIARLO*%0APARA%20EVITAR%20CODIGOS%20DEBES%20BORRAR%20HISTORIAL%20Y%20COOKIES%20----%3E%20%20%20%20%0AEN%20CELULAR%3A%20https%3A%2F%2Fwww.youtube.com%2Fwatch%3Fv%3DrEsApVI1-lk%0AEN%20EL%20COMPUTADOR%3A%20https%3A%2F%2Fwww.youtube.com%2Fwatch%3Fv%3D2pYn4px0YWI
[2026-05-06T01:29:56.121Z] [STEP 7] ↪ asentando vista ~9s…
[2026-05-06T01:30:08.620Z] [STEP 8] ↩️ Enviado (Enter)
[2026-05-06T01:30:08.621Z]    ↪ post-send pause ~8s…
[2026-05-06T01:30:16.939Z] ⏳ Pausa entre mensajes: ~20s…
[2026-05-06T01:30:37.026Z] → [55/59] phone=573172240672 correo=ppapacalcalit@gmail.com plataforma_id=8 (Crunchyroll) servicio=Pantalla pantalla=6 vence=14/05/2026
[2026-05-06T01:30:37.028Z] [STEP 7] 🔁 Abriendo chat (intento 1/3) con: https://web.whatsapp.com/send?phone=573172240672&text=Hola%20%2B57%2C%20te%20notificamos%20el%20*cambio%20de%20contrase%C3%B1a*%20asociado%20a%20tu%20correo%3A%20*ppapacalcalit%40gmail.com*.%0A%0A%E2%80%A2%20Crunchyroll%20%E2%80%94%20Pantalla%20%7C%20*Pantalla%206*%20%7C%20vence%3A%2014%2F05%2F2026%0A%0A*La%20nueva%20contrase%C3%B1a%20es%3A*%20medecrun9%40%20%0ANo%20la%20compartas%20con%20nadie%3B%20%C2%A1que%20est%C3%A9s%20s%C3%BAper%20bien!%0A*Recuerda%20tu%20pantalla%20es%20la%20que%20ves%20arriba%3B%20solo%20puedes%20utilizar%20esa.*%0A%0A%0ANOTA%3A*NO%20MODIFICAR%20LOS%20NUMEROS%20DEL%20PERFIL%2C%20USAR%20UNICAMENTE%20EL%20QUE%20SE%20LE%20ASIGNO%20SIN%20CAMBIARLO*%0APARA%20EVITAR%20CODIGOS%20DEBES%20BORRAR%20HISTORIAL%20Y%20COOKIES%20----%3E%20%20%20%20%0AEN%20CELULAR%3A%20https%3A%2F%2Fwww.youtube.com%2Fwatch%3Fv%3DrEsApVI1-lk%0AEN%20EL%20COMPUTADOR%3A%20https%3A%2F%2Fwww.youtube.com%2Fwatch%3Fv%3D2pYn4px0YWI
[2026-05-06T01:30:37.842Z] [STEP 7] ↪ asentando vista ~8s…
[2026-05-06T01:30:48.542Z] [STEP 8] ↩️ Enviado (Enter)
[2026-05-06T01:30:48.543Z]    ↪ post-send pause ~10s…
[2026-05-06T01:30:58.100Z] ⏳ Pausa entre mensajes: ~20s…
[2026-05-06T01:31:18.590Z] → [56/59] phone=573176119491 correo=ppapacalcalit@gmail.com plataforma_id=8 (Crunchyroll) servicio=Pantalla pantalla=2 vence=11/05/2026
[2026-05-06T01:31:18.592Z] [STEP 7] 🔁 Abriendo chat (intento 1/3) con: https://web.whatsapp.com/send?phone=573176119491&text=Hola%20!%2C%20te%20notificamos%20el%20*cambio%20de%20contrase%C3%B1a*%20asociado%20a%20tu%20correo%3A%20*ppapacalcalit%40gmail.com*.%0A%0A%E2%80%A2%20Crunchyroll%20%E2%80%94%20Pantalla%20%7C%20*Pantalla%202*%20%7C%20vence%3A%2011%2F05%2F2026%0A%0A*La%20nueva%20contrase%C3%B1a%20es%3A*%20medecrun9%40%20%0ANo%20la%20compartas%20con%20nadie%3B%20%C2%A1que%20est%C3%A9s%20s%C3%BAper%20bien!%0A*Recuerda%20tu%20pantalla%20es%20la%20que%20ves%20arriba%3B%20solo%20puedes%20utilizar%20esa.*%0A%0A%0ANOTA%3A*NO%20MODIFICAR%20LOS%20NUMEROS%20DEL%20PERFIL%2C%20USAR%20UNICAMENTE%20EL%20QUE%20SE%20LE%20ASIGNO%20SIN%20CAMBIARLO*%0APARA%20EVITAR%20CODIGOS%20DEBES%20BORRAR%20HISTORIAL%20Y%20COOKIES%20----%3E%20%20%20%20%0AEN%20CELULAR%3A%20https%3A%2F%2Fwww.youtube.com%2Fwatch%3Fv%3DrEsApVI1-lk%0AEN%20EL%20COMPUTADOR%3A%20https%3A%2F%2Fwww.youtube.com%2Fwatch%3Fv%3D2pYn4px0YWI
[2026-05-06T01:31:19.495Z] [STEP 7] ↪ asentando vista ~10s…
[2026-05-06T01:31:31.350Z] [STEP 8] ↩️ Enviado (Enter)
[2026-05-06T01:31:31.351Z]    ↪ post-send pause ~10s…
[2026-05-06T01:31:40.896Z] ⏳ Pausa entre mensajes: ~19s…
[2026-05-06T01:32:00.363Z] → [57/59] phone=573212418468 correo=ppapacalcalit@gmail.com plataforma_id=8 (Crunchyroll) servicio=Pantalla pantalla=1 vence=10/05/2026
[2026-05-06T01:32:00.364Z] [STEP 7] 🔁 Abriendo chat (intento 1/3) con: https://web.whatsapp.com/send?phone=573212418468&text=Hola%20Claudio%2C%20te%20notificamos%20el%20*cambio%20de%20contrase%C3%B1a*%20asociado%20a%20tu%20correo%3A%20*ppapacalcalit%40gmail.com*.%0A%0A%E2%80%A2%20Crunchyroll%20%E2%80%94%20Pantalla%20%7C%20*Pantalla%201*%20%7C%20vence%3A%2010%2F05%2F2026%0A%0A*La%20nueva%20contrase%C3%B1a%20es%3A*%20medecrun9%40%20%0ANo%20la%20compartas%20con%20nadie%3B%20%C2%A1que%20est%C3%A9s%20s%C3%BAper%20bien!%0A*Recuerda%20tu%20pantalla%20es%20la%20que%20ves%20arriba%3B%20solo%20puedes%20utilizar%20esa.*%0A%0A%0ANOTA%3A*NO%20MODIFICAR%20LOS%20NUMEROS%20DEL%20PERFIL%2C%20USAR%20UNICAMENTE%20EL%20QUE%20SE%20LE%20ASIGNO%20SIN%20CAMBIARLO*%0APARA%20EVITAR%20CODIGOS%20DEBES%20BORRAR%20HISTORIAL%20Y%20COOKIES%20----%3E%20%20%20%20%0AEN%20CELULAR%3A%20https%3A%2F%2Fwww.youtube.com%2Fwatch%3Fv%3DrEsApVI1-lk%0AEN%20EL%20COMPUTADOR%3A%20https%3A%2F%2Fwww.youtube.com%2Fwatch%3Fv%3D2pYn4px0YWI
[2026-05-06T01:32:01.066Z] [STEP 7] ↪ asentando vista ~7s…
[2026-05-06T01:32:10.363Z] [STEP 8] ↩️ Enviado (Enter)
[2026-05-06T01:32:10.366Z]    ↪ post-send pause ~9s…
[2026-05-06T01:32:19.863Z] ⏳ Pausa entre mensajes: ~21s…
[2026-05-06T01:32:40.475Z] → [58/59] phone=573213123581 correo=ppapacalcalit@gmail.com plataforma_id=8 (Crunchyroll) servicio=Pantalla pantalla=3 vence=20/05/2026
[2026-05-06T01:32:40.476Z] [STEP 7] 🔁 Abriendo chat (intento 1/3) con: https://web.whatsapp.com/send?phone=573213123581&text=Hola%20%2B57%2C%20te%20notificamos%20el%20*cambio%20de%20contrase%C3%B1a*%20asociado%20a%20tu%20correo%3A%20*ppapacalcalit%40gmail.com*.%0A%0A%E2%80%A2%20Crunchyroll%20%E2%80%94%20Pantalla%20%7C%20*Pantalla%203*%20%7C%20vence%3A%2020%2F05%2F2026%0A%0A*La%20nueva%20contrase%C3%B1a%20es%3A*%20medecrun9%40%20%0ANo%20la%20compartas%20con%20nadie%3B%20%C2%A1que%20est%C3%A9s%20s%C3%BAper%20bien!%0A*Recuerda%20tu%20pantalla%20es%20la%20que%20ves%20arriba%3B%20solo%20puedes%20utilizar%20esa.*%0A%0A%0ANOTA%3A*NO%20MODIFICAR%20LOS%20NUMEROS%20DEL%20PERFIL%2C%20USAR%20UNICAMENTE%20EL%20QUE%20SE%20LE%20ASIGNO%20SIN%20CAMBIARLO*%0APARA%20EVITAR%20CODIGOS%20DEBES%20BORRAR%20HISTORIAL%20Y%20COOKIES%20----%3E%20%20%20%20%0AEN%20CELULAR%3A%20https%3A%2F%2Fwww.youtube.com%2Fwatch%3Fv%3DrEsApVI1-lk%0AEN%20EL%20COMPUTADOR%3A%20https%3A%2F%2Fwww.youtube.com%2Fwatch%3Fv%3D2pYn4px0YWI
[2026-05-06T01:32:41.397Z] [STEP 7] ↪ asentando vista ~8s…
[2026-05-06T01:32:53.920Z] [STEP 8] ↩️ Enviado (Enter)
[2026-05-06T01:32:53.921Z]    ↪ post-send pause ~9s…
[2026-05-06T01:33:02.496Z] ⏳ Pausa entre mensajes: ~17s…
[2026-05-06T01:33:19.947Z] → [59/59] phone=573227542254 correo=ppapacalcalit@gmail.com plataforma_id=8 (Crunchyroll) servicio=Pantalla pantalla=4 vence=04/06/2026
[2026-05-06T01:33:19.948Z] [STEP 7] 🔁 Abriendo chat (intento 1/3) con: https://web.whatsapp.com/send?phone=573227542254&text=Hola%20!%2C%20te%20notificamos%20el%20*cambio%20de%20contrase%C3%B1a*%20asociado%20a%20tu%20correo%3A%20*ppapacalcalit%40gmail.com*.%0A%0A%E2%80%A2%20Crunchyroll%20%E2%80%94%20Pantalla%20%7C%20*Pantalla%204*%20%7C%20vence%3A%2004%2F06%2F2026%0A%0A*La%20nueva%20contrase%C3%B1a%20es%3A*%20medecrun9%40%20%0ANo%20la%20compartas%20con%20nadie%3B%20%C2%A1que%20est%C3%A9s%20s%C3%BAper%20bien!%0A*Recuerda%20tu%20pantalla%20es%20la%20que%20ves%20arriba%3B%20solo%20puedes%20utilizar%20esa.*%0A%0A%0ANOTA%3A*NO%20MODIFICAR%20LOS%20NUMEROS%20DEL%20PERFIL%2C%20USAR%20UNICAMENTE%20EL%20QUE%20SE%20LE%20ASIGNO%20SIN%20CAMBIARLO*%0APARA%20EVITAR%20CODIGOS%20DEBES%20BORRAR%20HISTORIAL%20Y%20COOKIES%20----%3E%20%20%20%20%0AEN%20CELULAR%3A%20https%3A%2F%2Fwww.youtube.com%2Fwatch%3Fv%3DrEsApVI1-lk%0AEN%20EL%20COMPUTADOR%3A%20https%3A%2F%2Fwww.youtube.com%2Fwatch%3Fv%3D2pYn4px0YWI
[2026-05-06T01:33:21.118Z] [STEP 7] ↪ asentando vista ~6s…
[2026-05-06T01:33:30.325Z] [STEP 8] ↩️ Enviado (Enter)
[2026-05-06T01:33:30.326Z]    ↪ post-send pause ~10s…
[2026-05-06T01:33:40.237Z] ✅ Notificaciones terminadas.
[2026-05-06T01:33:40.239Z] ℹ️ Navegador dejado abierto para revisión manual.
[2026-05-06T01:33:40.262Z] == fin notify-password-changes ==
[2026-05-07T01:27:10.107Z] LOG_FILE=C:\Users\Santiago\medplay\.logs\notify-password-changes.log
[2026-05-07T01:27:10.108Z] == inicio notify-password-changes ==
[2026-05-07T01:27:10.111Z] [STEP 1] items recibidos: 2
[2026-05-07T01:27:10.111Z] [STEP 2] Correos únicos=2 | plataforma_id únicos=1
[2026-05-07T01:27:10.112Z] [STEP 2] Time=1ms
[2026-05-07T01:27:10.215Z] [STEP 3] DB: conectado
[2026-05-07T01:27:10.254Z] [STEP 3] Filas obtenidas (futuras): 8
[2026-05-07T01:27:10.255Z] [STEP 3] Time=143ms
[2026-05-07T01:27:10.267Z] [STEP 4][RESUMEN] correo=ronaldaort447@hotmail.com plataforma_id=8 (Crunchyroll) filas=6 phones=573023081524,573504018046,573003850780,573166470753,573002616618,573133824765
[2026-05-07T01:27:10.268Z] [STEP 4][RESUMEN] correo=christieprocsal5461@hotmail.com plataforma_id=8 (Crunchyroll) filas=2 phones=573116785727,573106933158
[2026-05-07T01:27:10.268Z] [STEP 4] tasks=8 skippedPhone=0 skippedNoClave=0
[2026-05-07T01:27:10.268Z] [STEP 4] Time=13ms
[2026-05-07T01:27:10.269Z] [STEP 5] OK → hay tareas, continuamos a WA/CDP.
[2026-05-07T01:27:10.270Z] [STEP 6.1] START_SCRIPT=C:\Users\Santiago\medplay\scripts\start-edge-wa.bat
[2026-05-07T01:27:10.270Z] [STEP 6.1] Lanzando start-edge-wa.bat…
[2026-05-07T01:27:11.792Z] [STEP 6.2] Esperando CDP en 127.0.0.1:9222…
[2026-05-07T01:27:12.214Z] [STEP 6.2] CDP ok: true
[2026-05-07T01:27:15.773Z] [STEP 6.3] Preparando WhatsApp Web…
[2026-05-07T01:27:45.902Z] [STEP 6.3] ✅ WhatsApp Web listo.
[2026-05-07T01:27:45.904Z] [STEP 7] base gapEnv=12000ms
[2026-05-07T01:27:45.904Z] — BLOQUE — correo=christieprocsal5461@hotmail.com | plataforma_id=8 (Crunchyroll)
[2026-05-07T01:27:45.906Z] → [1/8] phone=573106933158 correo=christieprocsal5461@hotmail.com plataforma_id=8 (Crunchyroll) servicio=Pantalla pantalla=4 vence=23/05/2026
[2026-05-07T01:27:45.908Z] [STEP 7] 🔁 Abriendo chat (intento 1/3) con: https://web.whatsapp.com/send?phone=573106933158&text=Hola%20%2B57%2C%20te%20notificamos%20el%20*cambio%20de%20contrase%C3%B1a*%20asociado%20a%20tu%20correo%3A%20*christieprocsal5461%40hotmail.com*.%0A%0A%E2%80%A2%20Crunchyroll%20%E2%80%94%20Pantalla%20%7C%20*Pantalla%204*%20%7C%20vence%3A%2023%2F05%2F2026%0A%0A*La%20nueva%20contrase%C3%B1a%20es%3A*%20colmed221%40%20%0ANo%20la%20compartas%20con%20nadie%3B%20%C2%A1que%20est%C3%A9s%20s%C3%BAper%20bien!%0A*Recuerda%20tu%20pantalla%20es%20la%20que%20ves%20arriba%3B%20solo%20puedes%20utilizar%20esa.*%0A%0A%0ANOTA%3A*NO%20MODIFICAR%20LOS%20NUMEROS%20DEL%20PERFIL%2C%20USAR%20UNICAMENTE%20EL%20QUE%20SE%20LE%20ASIGNO%20SIN%20CAMBIARLO*%0APARA%20EVITAR%20CODIGOS%20DEBES%20BORRAR%20HISTORIAL%20Y%20COOKIES%20----%3E%20%20%20%20%0AEN%20CELULAR%3A%20https%3A%2F%2Fwww.youtube.com%2Fwatch%3Fv%3DrEsApVI1-lk%0AEN%20EL%20COMPUTADOR%3A%20https%3A%2F%2Fwww.youtube.com%2Fwatch%3Fv%3D2pYn4px0YWI
[2026-05-07T01:27:46.423Z] [STEP 7] ↪ asentando vista ~7s…
[2026-05-07T01:28:16.751Z] [STEP 8] ↩️ Enviado (Enter)
[2026-05-07T01:28:16.752Z]    ↪ post-send pause ~9s…
[2026-05-07T01:28:25.327Z] ⏳ Pausa entre mensajes: ~16s…
[2026-05-07T01:28:41.356Z] → [2/8] phone=573116785727 correo=christieprocsal5461@hotmail.com plataforma_id=8 (Crunchyroll) servicio=Pantalla pantalla=1 vence=04/06/2026
[2026-05-07T01:28:41.358Z] [STEP 7] 🔁 Abriendo chat (intento 1/3) con: https://web.whatsapp.com/send?phone=573116785727&text=Hola%20Roberto%2C%20te%20notificamos%20el%20*cambio%20de%20contrase%C3%B1a*%20asociado%20a%20tu%20correo%3A%20*christieprocsal5461%40hotmail.com*.%0A%0A%E2%80%A2%20Crunchyroll%20%E2%80%94%20Pantalla%20%7C%20*Pantalla%201*%20%7C%20vence%3A%2004%2F06%2F2026%0A%0A*La%20nueva%20contrase%C3%B1a%20es%3A*%20colmed221%40%20%0ANo%20la%20compartas%20con%20nadie%3B%20%C2%A1que%20est%C3%A9s%20s%C3%BAper%20bien!%0A*Recuerda%20tu%20pantalla%20es%20la%20que%20ves%20arriba%3B%20solo%20puedes%20utilizar%20esa.*%0A%0A%0ANOTA%3A*NO%20MODIFICAR%20LOS%20NUMEROS%20DEL%20PERFIL%2C%20USAR%20UNICAMENTE%20EL%20QUE%20SE%20LE%20ASIGNO%20SIN%20CAMBIARLO*%0APARA%20EVITAR%20CODIGOS%20DEBES%20BORRAR%20HISTORIAL%20Y%20COOKIES%20----%3E%20%20%20%20%0AEN%20CELULAR%3A%20https%3A%2F%2Fwww.youtube.com%2Fwatch%3Fv%3DrEsApVI1-lk%0AEN%20EL%20COMPUTADOR%3A%20https%3A%2F%2Fwww.youtube.com%2Fwatch%3Fv%3D2pYn4px0YWI
[2026-05-07T01:28:42.076Z] [STEP 7] ↪ asentando vista ~7s…
[2026-05-07T01:28:53.546Z] [STEP 8] ↩️ Enviado (Enter)
[2026-05-07T01:28:53.547Z]    ↪ post-send pause ~9s…
[2026-05-07T01:29:02.794Z] ⏳ Pausa entre mensajes: ~20s…
[2026-05-07T01:29:22.733Z] — BLOQUE — correo=ronaldaort447@hotmail.com | plataforma_id=8 (Crunchyroll)
[2026-05-07T01:29:22.735Z] → [3/8] phone=573002616618 correo=ronaldaort447@hotmail.com plataforma_id=8 (Crunchyroll) servicio=Pantalla pantalla=4 vence=19/05/2026
[2026-05-07T01:29:22.736Z] [STEP 7] 🔁 Abriendo chat (intento 1/3) con: https://web.whatsapp.com/send?phone=573002616618&text=Hola%20Miguel%2C%20te%20notificamos%20el%20*cambio%20de%20contrase%C3%B1a*%20asociado%20a%20tu%20correo%3A%20*ronaldaort447%40hotmail.com*.%0A%0A%E2%80%A2%20Crunchyroll%20%E2%80%94%20Pantalla%20%7C%20*Pantalla%204*%20%7C%20vence%3A%2019%2F05%2F2026%0A%0A*La%20nueva%20contrase%C3%B1a%20es%3A*%20crunchmed%40%20%0ANo%20la%20compartas%20con%20nadie%3B%20%C2%A1que%20est%C3%A9s%20s%C3%BAper%20bien!%0A*Recuerda%20tu%20pantalla%20es%20la%20que%20ves%20arriba%3B%20solo%20puedes%20utilizar%20esa.*%0A%0A%0ANOTA%3A*NO%20MODIFICAR%20LOS%20NUMEROS%20DEL%20PERFIL%2C%20USAR%20UNICAMENTE%20EL%20QUE%20SE%20LE%20ASIGNO%20SIN%20CAMBIARLO*%0APARA%20EVITAR%20CODIGOS%20DEBES%20BORRAR%20HISTORIAL%20Y%20COOKIES%20----%3E%20%20%20%20%0AEN%20CELULAR%3A%20https%3A%2F%2Fwww.youtube.com%2Fwatch%3Fv%3DrEsApVI1-lk%0AEN%20EL%20COMPUTADOR%3A%20https%3A%2F%2Fwww.youtube.com%2Fwatch%3Fv%3D2pYn4px0YWI
[2026-05-07T01:29:23.535Z] [STEP 7] ↪ asentando vista ~9s…
[2026-05-07T01:29:36.082Z] [STEP 8] ↩️ Enviado (Enter)
[2026-05-07T01:29:36.082Z]    ↪ post-send pause ~9s…
[2026-05-07T01:29:45.314Z] ⏳ Pausa entre mensajes: ~18s…
[2026-05-07T01:30:03.288Z] → [4/8] phone=573003850780 correo=ronaldaort447@hotmail.com plataforma_id=8 (Crunchyroll) servicio=Pantalla pantalla=3 vence=17/05/2026
[2026-05-07T01:30:03.290Z] [STEP 7] 🔁 Abriendo chat (intento 1/3) con: https://web.whatsapp.com/send?phone=573003850780&text=Hola%20%2B57%2C%20te%20notificamos%20el%20*cambio%20de%20contrase%C3%B1a*%20asociado%20a%20tu%20correo%3A%20*ronaldaort447%40hotmail.com*.%0A%0A%E2%80%A2%20Crunchyroll%20%E2%80%94%20Pantalla%20%7C%20*Pantalla%203*%20%7C%20vence%3A%2017%2F05%2F2026%0A%0A*La%20nueva%20contrase%C3%B1a%20es%3A*%20crunchmed%40%20%0ANo%20la%20compartas%20con%20nadie%3B%20%C2%A1que%20est%C3%A9s%20s%C3%BAper%20bien!%0A*Recuerda%20tu%20pantalla%20es%20la%20que%20ves%20arriba%3B%20solo%20puedes%20utilizar%20esa.*%0A%0A%0ANOTA%3A*NO%20MODIFICAR%20LOS%20NUMEROS%20DEL%20PERFIL%2C%20USAR%20UNICAMENTE%20EL%20QUE%20SE%20LE%20ASIGNO%20SIN%20CAMBIARLO*%0APARA%20EVITAR%20CODIGOS%20DEBES%20BORRAR%20HISTORIAL%20Y%20COOKIES%20----%3E%20%20%20%20%0AEN%20CELULAR%3A%20https%3A%2F%2Fwww.youtube.com%2Fwatch%3Fv%3DrEsApVI1-lk%0AEN%20EL%20COMPUTADOR%3A%20https%3A%2F%2Fwww.youtube.com%2Fwatch%3Fv%3D2pYn4px0YWI
[2026-05-07T01:30:04.368Z] [STEP 7] ↪ asentando vista ~9s…
[2026-05-07T01:30:17.519Z] [STEP 8] ↩️ Enviado (Enter)
[2026-05-07T01:30:17.520Z]    ↪ post-send pause ~10s…
[2026-05-07T01:30:27.103Z] ⏳ Pausa entre mensajes: ~18s…
[2026-05-07T01:30:44.744Z] → [5/8] phone=573023081524 correo=ronaldaort447@hotmail.com plataforma_id=8 (Crunchyroll) servicio=Pantalla pantalla=2 vence=02/06/2026
[2026-05-07T01:30:44.746Z] [STEP 7] 🔁 Abriendo chat (intento 1/3) con: https://web.whatsapp.com/send?phone=573023081524&text=Hola%20Edinson%2C%20te%20notificamos%20el%20*cambio%20de%20contrase%C3%B1a*%20asociado%20a%20tu%20correo%3A%20*ronaldaort447%40hotmail.com*.%0A%0A%E2%80%A2%20Crunchyroll%20%E2%80%94%20Pantalla%20%7C%20*Pantalla%202*%20%7C%20vence%3A%2002%2F06%2F2026%0A%0A*La%20nueva%20contrase%C3%B1a%20es%3A*%20crunchmed%40%20%0ANo%20la%20compartas%20con%20nadie%3B%20%C2%A1que%20est%C3%A9s%20s%C3%BAper%20bien!%0A*Recuerda%20tu%20pantalla%20es%20la%20que%20ves%20arriba%3B%20solo%20puedes%20utilizar%20esa.*%0A%0A%0ANOTA%3A*NO%20MODIFICAR%20LOS%20NUMEROS%20DEL%20PERFIL%2C%20USAR%20UNICAMENTE%20EL%20QUE%20SE%20LE%20ASIGNO%20SIN%20CAMBIARLO*%0APARA%20EVITAR%20CODIGOS%20DEBES%20BORRAR%20HISTORIAL%20Y%20COOKIES%20----%3E%20%20%20%20%0AEN%20CELULAR%3A%20https%3A%2F%2Fwww.youtube.com%2Fwatch%3Fv%3DrEsApVI1-lk%0AEN%20EL%20COMPUTADOR%3A%20https%3A%2F%2Fwww.youtube.com%2Fwatch%3Fv%3D2pYn4px0YWI
[2026-05-07T01:30:45.914Z] [STEP 7] ↪ asentando vista ~7s…
[2026-05-07T01:30:58.626Z] [STEP 8] ↩️ Enviado (Enter)
[2026-05-07T01:30:58.628Z]    ↪ post-send pause ~8s…
[2026-05-07T01:31:06.204Z] ⏳ Pausa entre mensajes: ~18s…
[2026-05-07T01:31:23.836Z] → [6/8] phone=573133824765 correo=ronaldaort447@hotmail.com plataforma_id=8 (Crunchyroll) servicio=Pantalla pantalla=1 vence=02/06/2026
[2026-05-07T01:31:23.838Z] [STEP 7] 🔁 Abriendo chat (intento 1/3) con: https://web.whatsapp.com/send?phone=573133824765&text=Hola%20!%2C%20te%20notificamos%20el%20*cambio%20de%20contrase%C3%B1a*%20asociado%20a%20tu%20correo%3A%20*ronaldaort447%40hotmail.com*.%0A%0A%E2%80%A2%20Crunchyroll%20%E2%80%94%20Pantalla%20%7C%20*Pantalla%201*%20%7C%20vence%3A%2002%2F06%2F2026%0A%0A*La%20nueva%20contrase%C3%B1a%20es%3A*%20crunchmed%40%20%0ANo%20la%20compartas%20con%20nadie%3B%20%C2%A1que%20est%C3%A9s%20s%C3%BAper%20bien!%0A*Recuerda%20tu%20pantalla%20es%20la%20que%20ves%20arriba%3B%20solo%20puedes%20utilizar%20esa.*%0A%0A%0ANOTA%3A*NO%20MODIFICAR%20LOS%20NUMEROS%20DEL%20PERFIL%2C%20USAR%20UNICAMENTE%20EL%20QUE%20SE%20LE%20ASIGNO%20SIN%20CAMBIARLO*%0APARA%20EVITAR%20CODIGOS%20DEBES%20BORRAR%20HISTORIAL%20Y%20COOKIES%20----%3E%20%20%20%20%0AEN%20CELULAR%3A%20https%3A%2F%2Fwww.youtube.com%2Fwatch%3Fv%3DrEsApVI1-lk%0AEN%20EL%20COMPUTADOR%3A%20https%3A%2F%2Fwww.youtube.com%2Fwatch%3Fv%3D2pYn4px0YWI
[2026-05-07T01:31:24.775Z] [STEP 7] ↪ asentando vista ~7s…
[2026-05-07T01:31:37.958Z] [STEP 8] ↩️ Enviado (Enter)
[2026-05-07T01:31:37.959Z]    ↪ post-send pause ~8s…
[2026-05-07T01:31:45.762Z] ⏳ Pausa entre mensajes: ~17s…
[2026-05-07T01:32:03.239Z] → [7/8] phone=573166470753 correo=ronaldaort447@hotmail.com plataforma_id=8 (Crunchyroll) servicio=Pantalla pantalla=5 vence=17/05/2026
[2026-05-07T01:32:03.240Z] [STEP 7] 🔁 Abriendo chat (intento 1/3) con: https://web.whatsapp.com/send?phone=573166470753&text=Hola%20%2B57%2C%20te%20notificamos%20el%20*cambio%20de%20contrase%C3%B1a*%20asociado%20a%20tu%20correo%3A%20*ronaldaort447%40hotmail.com*.%0A%0A%E2%80%A2%20Crunchyroll%20%E2%80%94%20Pantalla%20%7C%20*Pantalla%205*%20%7C%20vence%3A%2017%2F05%2F2026%0A%0A*La%20nueva%20contrase%C3%B1a%20es%3A*%20crunchmed%40%20%0ANo%20la%20compartas%20con%20nadie%3B%20%C2%A1que%20est%C3%A9s%20s%C3%BAper%20bien!%0A*Recuerda%20tu%20pantalla%20es%20la%20que%20ves%20arriba%3B%20solo%20puedes%20utilizar%20esa.*%0A%0A%0ANOTA%3A*NO%20MODIFICAR%20LOS%20NUMEROS%20DEL%20PERFIL%2C%20USAR%20UNICAMENTE%20EL%20QUE%20SE%20LE%20ASIGNO%20SIN%20CAMBIARLO*%0APARA%20EVITAR%20CODIGOS%20DEBES%20BORRAR%20HISTORIAL%20Y%20COOKIES%20----%3E%20%20%20%20%0AEN%20CELULAR%3A%20https%3A%2F%2Fwww.youtube.com%2Fwatch%3Fv%3DrEsApVI1-lk%0AEN%20EL%20COMPUTADOR%3A%20https%3A%2F%2Fwww.youtube.com%2Fwatch%3Fv%3D2pYn4px0YWI
[2026-05-07T01:32:04.214Z] [STEP 7] ↪ asentando vista ~10s…
[2026-05-07T01:32:17.324Z] [STEP 8] ↩️ Enviado (Enter)
[2026-05-07T01:32:17.325Z]    ↪ post-send pause ~7s…
[2026-05-07T01:32:24.811Z] ⏳ Pausa entre mensajes: ~16s…
[2026-05-07T01:32:40.919Z] → [8/8] phone=573504018046 correo=ronaldaort447@hotmail.com plataforma_id=8 (Crunchyroll) servicio=Pantalla pantalla=6 vence=07/05/2026
[2026-05-07T01:32:40.921Z] [STEP 7] 🔁 Abriendo chat (intento 1/3) con: https://web.whatsapp.com/send?phone=573504018046&text=Hola%20!%2C%20te%20notificamos%20el%20*cambio%20de%20contrase%C3%B1a*%20asociado%20a%20tu%20correo%3A%20*ronaldaort447%40hotmail.com*.%0A%0A%E2%80%A2%20Crunchyroll%20%E2%80%94%20Pantalla%20%7C%20*Pantalla%206*%20%7C%20vence%3A%2007%2F05%2F2026%0A%0A*La%20nueva%20contrase%C3%B1a%20es%3A*%20crunchmed%40%20%0ANo%20la%20compartas%20con%20nadie%3B%20%C2%A1que%20est%C3%A9s%20s%C3%BAper%20bien!%0A*Recuerda%20tu%20pantalla%20es%20la%20que%20ves%20arriba%3B%20solo%20puedes%20utilizar%20esa.*%0A%0A%0ANOTA%3A*NO%20MODIFICAR%20LOS%20NUMEROS%20DEL%20PERFIL%2C%20USAR%20UNICAMENTE%20EL%20QUE%20SE%20LE%20ASIGNO%20SIN%20CAMBIARLO*%0APARA%20EVITAR%20CODIGOS%20DEBES%20BORRAR%20HISTORIAL%20Y%20COOKIES%20----%3E%20%20%20%20%0AEN%20CELULAR%3A%20https%3A%2F%2Fwww.youtube.com%2Fwatch%3Fv%3DrEsApVI1-lk%0AEN%20EL%20COMPUTADOR%3A%20https%3A%2F%2Fwww.youtube.com%2Fwatch%3Fv%3D2pYn4px0YWI
[2026-05-07T01:32:41.994Z] [STEP 7] ↪ asentando vista ~7s…
[2026-05-07T01:32:55.331Z] [STEP 8] ↩️ Enviado (Enter)
[2026-05-07T01:32:55.333Z]    ↪ post-send pause ~9s…
[2026-05-07T01:33:04.449Z] ✅ Notificaciones terminadas.
[2026-05-07T01:33:04.451Z] ℹ️ Navegador dejado abierto para revisión manual.
[2026-05-07T01:33:04.455Z] == fin notify-password-changes ==
[2026-05-08T01:04:59.697Z] LOG_FILE=C:\Users\Santiago\medplay\.logs\notify-password-changes.log
[2026-05-08T01:04:59.702Z] == inicio notify-password-changes ==
[2026-05-08T01:04:59.703Z] [STEP 1] items recibidos: 6
[2026-05-08T01:04:59.703Z] [STEP 2] Correos únicos=6 | plataforma_id únicos=3
[2026-05-08T01:04:59.703Z] [STEP 2] Time=1ms
[2026-05-08T01:04:59.743Z] [STEP 3] DB: conectado
[2026-05-08T01:04:59.852Z] [STEP 3] Filas obtenidas (futuras): 23
[2026-05-08T01:04:59.852Z] [STEP 3] Time=148ms
[2026-05-08T01:04:59.891Z] [STEP 4][RESUMEN] correo=medplay93+c01@gmail.com plataforma_id=4 (Disney Premium) filas=7 phones=573134228773,573045527236,573218276620,573135407993,573507222562,573024642600,573228540016
[2026-05-08T01:04:59.892Z] [STEP 4][RESUMEN] correo=arveljaap86@hotmail.com plataforma_id=8 (Crunchyroll) filas=4 phones=573158640671,573244439488,573157604754,573172584250
[2026-05-08T01:04:59.893Z] [STEP 4][RESUMEN] correo=ronaldaort447@hotmail.com plataforma_id=8 (Crunchyroll) filas=5 phones=573023081524,573003850780,573166470753,573002616618,573133824765
[2026-05-08T01:04:59.893Z] [STEP 4][RESUMEN] correo=medplay93+vj3y1@gmail.com plataforma_id=9 (VIX) filas=2 phones=573166470753,573145477780
[2026-05-08T01:04:59.894Z] [STEP 4][RESUMEN] correo=hartleysak1238@hotmail.com plataforma_id=8 (Crunchyroll) filas=5 phones=573143864441,573045601999,573011051728,573012991909,573134695189
[2026-05-08T01:04:59.894Z] [STEP 4] tasks=23 skippedPhone=0 skippedNoClave=0
[2026-05-08T01:04:59.894Z] [STEP 4] Time=41ms
[2026-05-08T01:04:59.895Z] [STEP 5] OK → hay tareas, continuamos a WA/CDP.
[2026-05-08T01:04:59.896Z] [STEP 6.1] START_SCRIPT=C:\Users\Santiago\medplay\scripts\start-edge-wa.bat
[2026-05-08T01:04:59.896Z] [STEP 6.1] Lanzando start-edge-wa.bat…
[2026-05-08T01:05:01.433Z] [STEP 6.2] Esperando CDP en 127.0.0.1:9222…
[2026-05-08T01:05:01.699Z] [STEP 6.2] CDP ok: true
[2026-05-08T01:05:05.299Z] [STEP 6.3] Preparando WhatsApp Web…
[2026-05-08T01:05:33.248Z] [STEP 6.3] ✅ WhatsApp Web listo.
[2026-05-08T01:05:33.249Z] [STEP 7] base gapEnv=12000ms
[2026-05-08T01:05:33.249Z] — BLOQUE — correo=arveljaap86@hotmail.com | plataforma_id=8 (Crunchyroll)
[2026-05-08T01:05:33.250Z] → [1/23] phone=573157604754 correo=arveljaap86@hotmail.com plataforma_id=8 (Crunchyroll) servicio=Pantalla pantalla=1 vence=27/05/2026
[2026-05-08T01:05:33.252Z] [STEP 7] 🔁 Abriendo chat (intento 1/3) con: https://web.whatsapp.com/send?phone=573157604754&text=Hola%20!%2C%20te%20notificamos%20el%20*cambio%20de%20contrase%C3%B1a*%20asociado%20a%20tu%20correo%3A%20*arveljaap86%40hotmail.com*.%0A%0A%E2%80%A2%20Crunchyroll%20%E2%80%94%20Pantalla%20%7C%20*Pantalla%201*%20%7C%20vence%3A%2027%2F05%2F2026%0A%0A*La%20nueva%20contrase%C3%B1a%20es%3A*%20mededis%4012%20%0ANo%20la%20compartas%20con%20nadie%3B%20%C2%A1que%20est%C3%A9s%20s%C3%BAper%20bien!%0A*Recuerda%20tu%20pantalla%20es%20la%20que%20ves%20arriba%3B%20solo%20puedes%20utilizar%20esa.*%0A%0A%0ANOTA%3A*NO%20MODIFICAR%20LOS%20NUMEROS%20DEL%20PERFIL%2C%20USAR%20UNICAMENTE%20EL%20QUE%20SE%20LE%20ASIGNO%20SIN%20CAMBIARLO*%0APARA%20EVITAR%20CODIGOS%20DEBES%20BORRAR%20HISTORIAL%20Y%20COOKIES%20----%3E%20%20%20%20%0AEN%20CELULAR%3A%20https%3A%2F%2Fwww.youtube.com%2Fwatch%3Fv%3DrEsApVI1-lk%0AEN%20EL%20COMPUTADOR%3A%20https%3A%2F%2Fwww.youtube.com%2Fwatch%3Fv%3D2pYn4px0YWI
[2026-05-08T01:05:34.392Z] [STEP 7] ↪ asentando vista ~8s…
[2026-05-08T01:06:13.747Z] [STEP 8] ↩️ Enviado (Enter)
[2026-05-08T01:06:13.748Z]    ↪ post-send pause ~7s…
[2026-05-08T01:06:20.662Z] ⏳ Pausa entre mensajes: ~20s…
[2026-05-08T01:06:40.727Z] → [2/23] phone=573158640671 correo=arveljaap86@hotmail.com plataforma_id=8 (Crunchyroll) servicio=Pantalla pantalla=4 vence=07/06/2026
[2026-05-08T01:06:40.728Z] [STEP 7] 🔁 Abriendo chat (intento 1/3) con: https://web.whatsapp.com/send?phone=573158640671&text=Hola%20Liuz%2C%20te%20notificamos%20el%20*cambio%20de%20contrase%C3%B1a*%20asociado%20a%20tu%20correo%3A%20*arveljaap86%40hotmail.com*.%0A%0A%E2%80%A2%20Crunchyroll%20%E2%80%94%20Pantalla%20%7C%20*Pantalla%204*%20%7C%20vence%3A%2007%2F06%2F2026%0A%0A*La%20nueva%20contrase%C3%B1a%20es%3A*%20mededis%4012%20%0ANo%20la%20compartas%20con%20nadie%3B%20%C2%A1que%20est%C3%A9s%20s%C3%BAper%20bien!%0A*Recuerda%20tu%20pantalla%20es%20la%20que%20ves%20arriba%3B%20solo%20puedes%20utilizar%20esa.*%0A%0A%0ANOTA%3A*NO%20MODIFICAR%20LOS%20NUMEROS%20DEL%20PERFIL%2C%20USAR%20UNICAMENTE%20EL%20QUE%20SE%20LE%20ASIGNO%20SIN%20CAMBIARLO*%0APARA%20EVITAR%20CODIGOS%20DEBES%20BORRAR%20HISTORIAL%20Y%20COOKIES%20----%3E%20%20%20%20%0AEN%20CELULAR%3A%20https%3A%2F%2Fwww.youtube.com%2Fwatch%3Fv%3DrEsApVI1-lk%0AEN%20EL%20COMPUTADOR%3A%20https%3A%2F%2Fwww.youtube.com%2Fwatch%3Fv%3D2pYn4px0YWI
[2026-05-08T01:06:42.003Z] [STEP 7] ↪ asentando vista ~6s…
[2026-05-08T01:06:52.593Z] [STEP 8] ↩️ Enviado (Enter)
[2026-05-08T01:06:52.593Z]    ↪ post-send pause ~9s…
[2026-05-08T01:07:01.759Z] ⏳ Pausa entre mensajes: ~19s…
[2026-05-08T01:07:20.533Z] → [3/23] phone=573172584250 correo=arveljaap86@hotmail.com plataforma_id=8 (Crunchyroll) servicio=Pantalla pantalla=2 vence=02/06/2026
[2026-05-08T01:07:20.533Z] [STEP 7] 🔁 Abriendo chat (intento 1/3) con: https://web.whatsapp.com/send?phone=573172584250&text=Hola%20!%2C%20te%20notificamos%20el%20*cambio%20de%20contrase%C3%B1a*%20asociado%20a%20tu%20correo%3A%20*arveljaap86%40hotmail.com*.%0A%0A%E2%80%A2%20Crunchyroll%20%E2%80%94%20Pantalla%20%7C%20*Pantalla%202*%20%7C%20vence%3A%2002%2F06%2F2026%0A%0A*La%20nueva%20contrase%C3%B1a%20es%3A*%20mededis%4012%20%0ANo%20la%20compartas%20con%20nadie%3B%20%C2%A1que%20est%C3%A9s%20s%C3%BAper%20bien!%0A*Recuerda%20tu%20pantalla%20es%20la%20que%20ves%20arriba%3B%20solo%20puedes%20utilizar%20esa.*%0A%0A%0ANOTA%3A*NO%20MODIFICAR%20LOS%20NUMEROS%20DEL%20PERFIL%2C%20USAR%20UNICAMENTE%20EL%20QUE%20SE%20LE%20ASIGNO%20SIN%20CAMBIARLO*%0APARA%20EVITAR%20CODIGOS%20DEBES%20BORRAR%20HISTORIAL%20Y%20COOKIES%20----%3E%20%20%20%20%0AEN%20CELULAR%3A%20https%3A%2F%2Fwww.youtube.com%2Fwatch%3Fv%3DrEsApVI1-lk%0AEN%20EL%20COMPUTADOR%3A%20https%3A%2F%2Fwww.youtube.com%2Fwatch%3Fv%3D2pYn4px0YWI
[2026-05-08T01:07:21.958Z] [STEP 7] ↪ asentando vista ~6s…
[2026-05-08T01:07:34.409Z] [STEP 8] ↩️ Enviado (Enter)
[2026-05-08T01:07:34.410Z]    ↪ post-send pause ~7s…
[2026-05-08T01:07:41.751Z] ⏳ Pausa entre mensajes: ~19s…
[2026-05-08T01:08:00.382Z] → [4/23] phone=573244439488 correo=arveljaap86@hotmail.com plataforma_id=8 (Crunchyroll) servicio=Pantalla pantalla=6 vence=23/05/2026
[2026-05-08T01:08:00.383Z] [STEP 7] 🔁 Abriendo chat (intento 1/3) con: https://web.whatsapp.com/send?phone=573244439488&text=Hola%20%2B57%2C%20te%20notificamos%20el%20*cambio%20de%20contrase%C3%B1a*%20asociado%20a%20tu%20correo%3A%20*arveljaap86%40hotmail.com*.%0A%0A%E2%80%A2%20Crunchyroll%20%E2%80%94%20Pantalla%20%7C%20*Pantalla%206*%20%7C%20vence%3A%2023%2F05%2F2026%0A%0A*La%20nueva%20contrase%C3%B1a%20es%3A*%20mededis%4012%20%0ANo%20la%20compartas%20con%20nadie%3B%20%C2%A1que%20est%C3%A9s%20s%C3%BAper%20bien!%0A*Recuerda%20tu%20pantalla%20es%20la%20que%20ves%20arriba%3B%20solo%20puedes%20utilizar%20esa.*%0A%0A%0ANOTA%3A*NO%20MODIFICAR%20LOS%20NUMEROS%20DEL%20PERFIL%2C%20USAR%20UNICAMENTE%20EL%20QUE%20SE%20LE%20ASIGNO%20SIN%20CAMBIARLO*%0APARA%20EVITAR%20CODIGOS%20DEBES%20BORRAR%20HISTORIAL%20Y%20COOKIES%20----%3E%20%20%20%20%0AEN%20CELULAR%3A%20https%3A%2F%2Fwww.youtube.com%2Fwatch%3Fv%3DrEsApVI1-lk%0AEN%20EL%20COMPUTADOR%3A%20https%3A%2F%2Fwww.youtube.com%2Fwatch%3Fv%3D2pYn4px0YWI
[2026-05-08T01:08:01.556Z] [STEP 7] ↪ asentando vista ~6s…
[2026-05-08T01:08:11.022Z] [STEP 8] ↩️ Enviado (Enter)
[2026-05-08T01:08:11.023Z]    ↪ post-send pause ~6s…
[2026-05-08T01:08:17.070Z] ⏳ Pausa entre mensajes: ~19s…
[2026-05-08T01:08:36.322Z] — BLOQUE — correo=hartleysak1238@hotmail.com | plataforma_id=8 (Crunchyroll)
[2026-05-08T01:08:36.327Z] → [5/23] phone=573011051728 correo=hartleysak1238@hotmail.com plataforma_id=8 (Crunchyroll) servicio=Pantalla pantalla=5 vence=27/05/2026
[2026-05-08T01:08:36.328Z] [STEP 7] 🔁 Abriendo chat (intento 1/3) con: https://web.whatsapp.com/send?phone=573011051728&text=Hola%20!%2C%20te%20notificamos%20el%20*cambio%20de%20contrase%C3%B1a*%20asociado%20a%20tu%20correo%3A%20*hartleysak1238%40hotmail.com*.%0A%0A%E2%80%A2%20Crunchyroll%20%E2%80%94%20Pantalla%20%7C%20*Pantalla%205*%20%7C%20vence%3A%2027%2F05%2F2026%0A%0A*La%20nueva%20contrase%C3%B1a%20es%3A*%20Cruncyy12%40%20%0ANo%20la%20compartas%20con%20nadie%3B%20%C2%A1que%20est%C3%A9s%20s%C3%BAper%20bien!%0A*Recuerda%20tu%20pantalla%20es%20la%20que%20ves%20arriba%3B%20solo%20puedes%20utilizar%20esa.*%0A%0A%0ANOTA%3A*NO%20MODIFICAR%20LOS%20NUMEROS%20DEL%20PERFIL%2C%20USAR%20UNICAMENTE%20EL%20QUE%20SE%20LE%20ASIGNO%20SIN%20CAMBIARLO*%0APARA%20EVITAR%20CODIGOS%20DEBES%20BORRAR%20HISTORIAL%20Y%20COOKIES%20----%3E%20%20%20%20%0AEN%20CELULAR%3A%20https%3A%2F%2Fwww.youtube.com%2Fwatch%3Fv%3DrEsApVI1-lk%0AEN%20EL%20COMPUTADOR%3A%20https%3A%2F%2Fwww.youtube.com%2Fwatch%3Fv%3D2pYn4px0YWI
[2026-05-08T01:08:37.063Z] [STEP 7] ↪ asentando vista ~10s…
[2026-05-08T01:08:50.321Z] [STEP 8] ↩️ Enviado (Enter)
[2026-05-08T01:08:50.322Z]    ↪ post-send pause ~8s…
[2026-05-08T01:08:58.375Z] ⏳ Pausa entre mensajes: ~17s…
[2026-05-08T01:09:15.579Z] → [6/23] phone=573012991909 correo=hartleysak1238@hotmail.com plataforma_id=8 (Crunchyroll) servicio=Pantalla pantalla=6 vence=03/06/2026
[2026-05-08T01:09:15.580Z] [STEP 7] 🔁 Abriendo chat (intento 1/3) con: https://web.whatsapp.com/send?phone=573012991909&text=Hola%20Rozo%2C%20te%20notificamos%20el%20*cambio%20de%20contrase%C3%B1a*%20asociado%20a%20tu%20correo%3A%20*hartleysak1238%40hotmail.com*.%0A%0A%E2%80%A2%20Crunchyroll%20%E2%80%94%20Pantalla%20%7C%20*Pantalla%206*%20%7C%20vence%3A%2003%2F06%2F2026%0A%0A*La%20nueva%20contrase%C3%B1a%20es%3A*%20Cruncyy12%40%20%0ANo%20la%20compartas%20con%20nadie%3B%20%C2%A1que%20est%C3%A9s%20s%C3%BAper%20bien!%0A*Recuerda%20tu%20pantalla%20es%20la%20que%20ves%20arriba%3B%20solo%20puedes%20utilizar%20esa.*%0A%0A%0ANOTA%3A*NO%20MODIFICAR%20LOS%20NUMEROS%20DEL%20PERFIL%2C%20USAR%20UNICAMENTE%20EL%20QUE%20SE%20LE%20ASIGNO%20SIN%20CAMBIARLO*%0APARA%20EVITAR%20CODIGOS%20DEBES%20BORRAR%20HISTORIAL%20Y%20COOKIES%20----%3E%20%20%20%20%0AEN%20CELULAR%3A%20https%3A%2F%2Fwww.youtube.com%2Fwatch%3Fv%3DrEsApVI1-lk%0AEN%20EL%20COMPUTADOR%3A%20https%3A%2F%2Fwww.youtube.com%2Fwatch%3Fv%3D2pYn4px0YWI
[2026-05-08T01:09:16.550Z] [STEP 7] ↪ asentando vista ~9s…
[2026-05-08T01:09:31.794Z] [STEP 8] ↩️ Enviado (Enter)
[2026-05-08T01:09:31.796Z]    ↪ post-send pause ~7s…
[2026-05-08T01:09:39.002Z] ⏳ Pausa entre mensajes: ~16s…
[2026-05-08T01:09:55.041Z] → [7/23] phone=573045601999 correo=hartleysak1238@hotmail.com plataforma_id=8 (Crunchyroll) servicio=Pantalla pantalla=2 vence=17/05/2026
[2026-05-08T01:09:55.042Z] [STEP 7] 🔁 Abriendo chat (intento 1/3) con: https://web.whatsapp.com/send?phone=573045601999&text=Hola%20%2B57%2C%20te%20notificamos%20el%20*cambio%20de%20contrase%C3%B1a*%20asociado%20a%20tu%20correo%3A%20*hartleysak1238%40hotmail.com*.%0A%0A%E2%80%A2%20Crunchyroll%20%E2%80%94%20Pantalla%20%7C%20*Pantalla%202*%20%7C%20vence%3A%2017%2F05%2F2026%0A%0A*La%20nueva%20contrase%C3%B1a%20es%3A*%20Cruncyy12%40%20%0ANo%20la%20compartas%20con%20nadie%3B%20%C2%A1que%20est%C3%A9s%20s%C3%BAper%20bien!%0A*Recuerda%20tu%20pantalla%20es%20la%20que%20ves%20arriba%3B%20solo%20puedes%20utilizar%20esa.*%0A%0A%0ANOTA%3A*NO%20MODIFICAR%20LOS%20NUMEROS%20DEL%20PERFIL%2C%20USAR%20UNICAMENTE%20EL%20QUE%20SE%20LE%20ASIGNO%20SIN%20CAMBIARLO*%0APARA%20EVITAR%20CODIGOS%20DEBES%20BORRAR%20HISTORIAL%20Y%20COOKIES%20----%3E%20%20%20%20%0AEN%20CELULAR%3A%20https%3A%2F%2Fwww.youtube.com%2Fwatch%3Fv%3DrEsApVI1-lk%0AEN%20EL%20COMPUTADOR%3A%20https%3A%2F%2Fwww.youtube.com%2Fwatch%3Fv%3D2pYn4px0YWI
[2026-05-08T01:09:56.737Z] [STEP 7] ↪ asentando vista ~6s…
[2026-05-08T01:10:08.842Z] [STEP 8] ↩️ Enviado (Enter)
[2026-05-08T01:10:08.843Z]    ↪ post-send pause ~8s…
[2026-05-08T01:10:17.246Z] ⏳ Pausa entre mensajes: ~19s…
[2026-05-08T01:10:36.223Z] → [8/23] phone=573134695189 correo=hartleysak1238@hotmail.com plataforma_id=8 (Crunchyroll) servicio=Pantalla pantalla=1 vence=06/06/2026
[2026-05-08T01:10:36.224Z] [STEP 7] 🔁 Abriendo chat (intento 1/3) con: https://web.whatsapp.com/send?phone=573134695189&text=Hola%20%2B57%2C%20te%20notificamos%20el%20*cambio%20de%20contrase%C3%B1a*%20asociado%20a%20tu%20correo%3A%20*hartleysak1238%40hotmail.com*.%0A%0A%E2%80%A2%20Crunchyroll%20%E2%80%94%20Pantalla%20%7C%20*Pantalla%201*%20%7C%20vence%3A%2006%2F06%2F2026%0A%0A*La%20nueva%20contrase%C3%B1a%20es%3A*%20Cruncyy12%40%20%0ANo%20la%20compartas%20con%20nadie%3B%20%C2%A1que%20est%C3%A9s%20s%C3%BAper%20bien!%0A*Recuerda%20tu%20pantalla%20es%20la%20que%20ves%20arriba%3B%20solo%20puedes%20utilizar%20esa.*%0A%0A%0ANOTA%3A*NO%20MODIFICAR%20LOS%20NUMEROS%20DEL%20PERFIL%2C%20USAR%20UNICAMENTE%20EL%20QUE%20SE%20LE%20ASIGNO%20SIN%20CAMBIARLO*%0APARA%20EVITAR%20CODIGOS%20DEBES%20BORRAR%20HISTORIAL%20Y%20COOKIES%20----%3E%20%20%20%20%0AEN%20CELULAR%3A%20https%3A%2F%2Fwww.youtube.com%2Fwatch%3Fv%3DrEsApVI1-lk%0AEN%20EL%20COMPUTADOR%3A%20https%3A%2F%2Fwww.youtube.com%2Fwatch%3Fv%3D2pYn4px0YWI
[2026-05-08T01:10:37.399Z] [STEP 7] ↪ asentando vista ~9s…
[2026-05-08T01:10:50.609Z] [STEP 8] ↩️ Enviado (Enter)
[2026-05-08T01:10:50.610Z]    ↪ post-send pause ~6s…
[2026-05-08T01:10:56.859Z] ⏳ Pausa entre mensajes: ~19s…
[2026-05-08T01:11:15.715Z] → [9/23] phone=573143864441 correo=hartleysak1238@hotmail.com plataforma_id=8 (Crunchyroll) servicio=Pantalla pantalla=5 vence=24/05/2026
[2026-05-08T01:11:15.716Z] [STEP 7] 🔁 Abriendo chat (intento 1/3) con: https://web.whatsapp.com/send?phone=573143864441&text=Hola%20Edwin%2C%20te%20notificamos%20el%20*cambio%20de%20contrase%C3%B1a*%20asociado%20a%20tu%20correo%3A%20*hartleysak1238%40hotmail.com*.%0A%0A%E2%80%A2%20Crunchyroll%20%E2%80%94%20Pantalla%20%7C%20*Pantalla%205*%20%7C%20vence%3A%2024%2F05%2F2026%0A%0A*La%20nueva%20contrase%C3%B1a%20es%3A*%20Cruncyy12%40%20%0ANo%20la%20compartas%20con%20nadie%3B%20%C2%A1que%20est%C3%A9s%20s%C3%BAper%20bien!%0A*Recuerda%20tu%20pantalla%20es%20la%20que%20ves%20arriba%3B%20solo%20puedes%20utilizar%20esa.*%0A%0A%0ANOTA%3A*NO%20MODIFICAR%20LOS%20NUMEROS%20DEL%20PERFIL%2C%20USAR%20UNICAMENTE%20EL%20QUE%20SE%20LE%20ASIGNO%20SIN%20CAMBIARLO*%0APARA%20EVITAR%20CODIGOS%20DEBES%20BORRAR%20HISTORIAL%20Y%20COOKIES%20----%3E%20%20%20%20%0AEN%20CELULAR%3A%20https%3A%2F%2Fwww.youtube.com%2Fwatch%3Fv%3DrEsApVI1-lk%0AEN%20EL%20COMPUTADOR%3A%20https%3A%2F%2Fwww.youtube.com%2Fwatch%3Fv%3D2pYn4px0YWI
[2026-05-08T01:11:16.745Z] [STEP 7] ↪ asentando vista ~10s…
[2026-05-08T01:11:28.670Z] [STEP 8] ↩️ Enviado (Enter)
[2026-05-08T01:11:28.671Z]    ↪ post-send pause ~10s…
[2026-05-08T01:11:38.486Z] ⏳ Pausa entre mensajes: ~19s…
[2026-05-08T01:11:57.580Z] — BLOQUE — correo=medplay93+c01@gmail.com | plataforma_id=4 (Disney Premium)
[2026-05-08T01:11:57.581Z] → [10/23] phone=573024642600 correo=medplay93+c01@gmail.com plataforma_id=4 (Disney Premium) servicio=Pantalla pantalla=5 vence=05/06/2026
[2026-05-08T01:11:57.582Z] [STEP 7] 🔁 Abriendo chat (intento 1/3) con: https://web.whatsapp.com/send?phone=573024642600&text=Hola%20!%2C%20te%20notificamos%20el%20*cambio%20de%20contrase%C3%B1a*%20asociado%20a%20tu%20correo%3A%20*medplay93%2Bc01%40gmail.com*.%0A%0A%E2%80%A2%20Disney%20Premium%20%E2%80%94%20Pantalla%20%7C%20*Pantalla%205*%20%7C%20vence%3A%2005%2F06%2F2026%0A%0A*La%20nueva%20contrase%C3%B1a%20es%3A*%20dedisnetqw1%40%20%0ANo%20la%20compartas%20con%20nadie%3B%20%C2%A1que%20est%C3%A9s%20s%C3%BAper%20bien!%0A*Recuerda%20tu%20pantalla%20es%20la%20que%20ves%20arriba%3B%20solo%20puedes%20utilizar%20esa.*%0A%0A%0ANOTA%3A*NO%20MODIFICAR%20LOS%20NUMEROS%20DEL%20PERFIL%2C%20USAR%20UNICAMENTE%20EL%20QUE%20SE%20LE%20ASIGNO%20SIN%20CAMBIARLO*%0APARA%20EVITAR%20CODIGOS%20DEBES%20BORRAR%20HISTORIAL%20Y%20COOKIES%20----%3E%20%20%20%20%0AEN%20CELULAR%3A%20https%3A%2F%2Fwww.youtube.com%2Fwatch%3Fv%3DrEsApVI1-lk%0AEN%20EL%20COMPUTADOR%3A%20https%3A%2F%2Fwww.youtube.com%2Fwatch%3Fv%3D2pYn4px0YWI
[2026-05-08T01:11:58.225Z] [STEP 7] ↪ asentando vista ~10s…
[2026-05-08T01:12:11.749Z] [STEP 8] ↩️ Enviado (Enter)
[2026-05-08T01:12:11.750Z]    ↪ post-send pause ~8s…
[2026-05-08T01:12:19.487Z] ⏳ Pausa entre mensajes: ~20s…
[2026-05-08T01:12:39.070Z] → [11/23] phone=573045527236 correo=medplay93+c01@gmail.com plataforma_id=4 (Disney Premium) servicio=Pantalla pantalla=1 vence=08/05/2026
[2026-05-08T01:12:39.071Z] [STEP 7] 🔁 Abriendo chat (intento 1/3) con: https://web.whatsapp.com/send?phone=573045527236&text=Hola%20Diego%2C%20te%20notificamos%20el%20*cambio%20de%20contrase%C3%B1a*%20asociado%20a%20tu%20correo%3A%20*medplay93%2Bc01%40gmail.com*.%0A%0A%E2%80%A2%20Disney%20Premium%20%E2%80%94%20Pantalla%20%7C%20*Pantalla%201*%20%7C%20vence%3A%2008%2F05%2F2026%0A%0A*La%20nueva%20contrase%C3%B1a%20es%3A*%20dedisnetqw1%40%20%0ANo%20la%20compartas%20con%20nadie%3B%20%C2%A1que%20est%C3%A9s%20s%C3%BAper%20bien!%0A*Recuerda%20tu%20pantalla%20es%20la%20que%20ves%20arriba%3B%20solo%20puedes%20utilizar%20esa.*%0A%0A%0ANOTA%3A*NO%20MODIFICAR%20LOS%20NUMEROS%20DEL%20PERFIL%2C%20USAR%20UNICAMENTE%20EL%20QUE%20SE%20LE%20ASIGNO%20SIN%20CAMBIARLO*%0APARA%20EVITAR%20CODIGOS%20DEBES%20BORRAR%20HISTORIAL%20Y%20COOKIES%20----%3E%20%20%20%20%0AEN%20CELULAR%3A%20https%3A%2F%2Fwww.youtube.com%2Fwatch%3Fv%3DrEsApVI1-lk%0AEN%20EL%20COMPUTADOR%3A%20https%3A%2F%2Fwww.youtube.com%2Fwatch%3Fv%3D2pYn4px0YWI
[2026-05-08T01:12:40.259Z] [STEP 7] ↪ asentando vista ~9s…
[2026-05-08T01:12:52.313Z] [STEP 8] ↩️ Enviado (Enter)
[2026-05-08T01:12:52.314Z]    ↪ post-send pause ~7s…
[2026-05-08T01:12:59.532Z] ⏳ Pausa entre mensajes: ~20s…
[2026-05-08T01:13:19.220Z] → [12/23] phone=573134228773 correo=medplay93+c01@gmail.com plataforma_id=4 (Disney Premium) servicio=Pantalla pantalla=3 vence=13/05/2026
[2026-05-08T01:13:19.221Z] [STEP 7] 🔁 Abriendo chat (intento 1/3) con: https://web.whatsapp.com/send?phone=573134228773&text=Hola%20%2B573134228773%2C%20te%20notificamos%20el%20*cambio%20de%20contrase%C3%B1a*%20asociado%20a%20tu%20correo%3A%20*medplay93%2Bc01%40gmail.com*.%0A%0A%E2%80%A2%20Disney%20Premium%20%E2%80%94%20Pantalla%20%7C%20*Pantalla%203*%20%7C%20vence%3A%2013%2F05%2F2026%0A%0A*La%20nueva%20contrase%C3%B1a%20es%3A*%20dedisnetqw1%40%20%0ANo%20la%20compartas%20con%20nadie%3B%20%C2%A1que%20est%C3%A9s%20s%C3%BAper%20bien!%0A*Recuerda%20tu%20pantalla%20es%20la%20que%20ves%20arriba%3B%20solo%20puedes%20utilizar%20esa.*%0A%0A%0ANOTA%3A*NO%20MODIFICAR%20LOS%20NUMEROS%20DEL%20PERFIL%2C%20USAR%20UNICAMENTE%20EL%20QUE%20SE%20LE%20ASIGNO%20SIN%20CAMBIARLO*%0APARA%20EVITAR%20CODIGOS%20DEBES%20BORRAR%20HISTORIAL%20Y%20COOKIES%20----%3E%20%20%20%20%0AEN%20CELULAR%3A%20https%3A%2F%2Fwww.youtube.com%2Fwatch%3Fv%3DrEsApVI1-lk%0AEN%20EL%20COMPUTADOR%3A%20https%3A%2F%2Fwww.youtube.com%2Fwatch%3Fv%3D2pYn4px0YWI
[2026-05-08T01:13:20.440Z] [STEP 7] ↪ asentando vista ~7s…
[2026-05-08T01:13:39.436Z] [STEP 8] ↩️ Enviado (Enter)
[2026-05-08T01:13:39.437Z]    ↪ post-send pause ~7s…
[2026-05-08T01:13:46.195Z] ⏳ Pausa entre mensajes: ~16s…
[2026-05-08T01:14:02.232Z] → [13/23] phone=573135407993 correo=medplay93+c01@gmail.com plataforma_id=4 (Disney Premium) servicio=Pantalla pantalla=4 vence=04/06/2026
[2026-05-08T01:14:02.233Z] [STEP 7] 🔁 Abriendo chat (intento 1/3) con: https://web.whatsapp.com/send?phone=573135407993&text=Hola%20!%2C%20te%20notificamos%20el%20*cambio%20de%20contrase%C3%B1a*%20asociado%20a%20tu%20correo%3A%20*medplay93%2Bc01%40gmail.com*.%0A%0A%E2%80%A2%20Disney%20Premium%20%E2%80%94%20Pantalla%20%7C%20*Pantalla%204*%20%7C%20vence%3A%2004%2F06%2F2026%0A%0A*La%20nueva%20contrase%C3%B1a%20es%3A*%20dedisnetqw1%40%20%0ANo%20la%20compartas%20con%20nadie%3B%20%C2%A1que%20est%C3%A9s%20s%C3%BAper%20bien!%0A*Recuerda%20tu%20pantalla%20es%20la%20que%20ves%20arriba%3B%20solo%20puedes%20utilizar%20esa.*%0A%0A%0ANOTA%3A*NO%20MODIFICAR%20LOS%20NUMEROS%20DEL%20PERFIL%2C%20USAR%20UNICAMENTE%20EL%20QUE%20SE%20LE%20ASIGNO%20SIN%20CAMBIARLO*%0APARA%20EVITAR%20CODIGOS%20DEBES%20BORRAR%20HISTORIAL%20Y%20COOKIES%20----%3E%20%20%20%20%0AEN%20CELULAR%3A%20https%3A%2F%2Fwww.youtube.com%2Fwatch%3Fv%3DrEsApVI1-lk%0AEN%20EL%20COMPUTADOR%3A%20https%3A%2F%2Fwww.youtube.com%2Fwatch%3Fv%3D2pYn4px0YWI
[2026-05-08T01:14:03.467Z] [STEP 7] ↪ asentando vista ~7s…
[2026-05-08T01:14:15.889Z] [STEP 8] ↩️ Enviado (Enter)
[2026-05-08T01:14:15.889Z]    ↪ post-send pause ~7s…
[2026-05-08T01:14:23.193Z] ⏳ Pausa entre mensajes: ~16s…
[2026-05-08T01:14:39.624Z] → [14/23] phone=573218276620 correo=medplay93+c01@gmail.com plataforma_id=4 (Disney Premium) servicio=Pantalla pantalla=1 vence=12/05/2026
[2026-05-08T01:14:39.625Z] [STEP 7] 🔁 Abriendo chat (intento 1/3) con: https://web.whatsapp.com/send?phone=573218276620&text=Hola%20Edwin%2C%20te%20notificamos%20el%20*cambio%20de%20contrase%C3%B1a*%20asociado%20a%20tu%20correo%3A%20*medplay93%2Bc01%40gmail.com*.%0A%0A%E2%80%A2%20Disney%20Premium%20%E2%80%94%20Pantalla%20%7C%20*Pantalla%201*%20%7C%20vence%3A%2012%2F05%2F2026%0A%0A*La%20nueva%20contrase%C3%B1a%20es%3A*%20dedisnetqw1%40%20%0ANo%20la%20compartas%20con%20nadie%3B%20%C2%A1que%20est%C3%A9s%20s%C3%BAper%20bien!%0A*Recuerda%20tu%20pantalla%20es%20la%20que%20ves%20arriba%3B%20solo%20puedes%20utilizar%20esa.*%0A%0A%0ANOTA%3A*NO%20MODIFICAR%20LOS%20NUMEROS%20DEL%20PERFIL%2C%20USAR%20UNICAMENTE%20EL%20QUE%20SE%20LE%20ASIGNO%20SIN%20CAMBIARLO*%0APARA%20EVITAR%20CODIGOS%20DEBES%20BORRAR%20HISTORIAL%20Y%20COOKIES%20----%3E%20%20%20%20%0AEN%20CELULAR%3A%20https%3A%2F%2Fwww.youtube.com%2Fwatch%3Fv%3DrEsApVI1-lk%0AEN%20EL%20COMPUTADOR%3A%20https%3A%2F%2Fwww.youtube.com%2Fwatch%3Fv%3D2pYn4px0YWI
[2026-05-08T01:14:40.983Z] [STEP 7] ↪ asentando vista ~9s…
[2026-05-08T01:14:53.726Z] [STEP 8] ↩️ Enviado (Enter)
[2026-05-08T01:14:53.727Z]    ↪ post-send pause ~6s…
[2026-05-08T01:15:00.221Z] ⏳ Pausa entre mensajes: ~17s…
[2026-05-08T01:15:17.414Z] → [15/23] phone=573228540016 correo=medplay93+c01@gmail.com plataforma_id=4 (Disney Premium) servicio=Pantalla pantalla=7 vence=05/06/2026
[2026-05-08T01:15:17.415Z] [STEP 7] 🔁 Abriendo chat (intento 1/3) con: https://web.whatsapp.com/send?phone=573228540016&text=Hola%20!%2C%20te%20notificamos%20el%20*cambio%20de%20contrase%C3%B1a*%20asociado%20a%20tu%20correo%3A%20*medplay93%2Bc01%40gmail.com*.%0A%0A%E2%80%A2%20Disney%20Premium%20%E2%80%94%20Pantalla%20%7C%20*Pantalla%207*%20%7C%20vence%3A%2005%2F06%2F2026%0A%0A*La%20nueva%20contrase%C3%B1a%20es%3A*%20dedisnetqw1%40%20%0ANo%20la%20compartas%20con%20nadie%3B%20%C2%A1que%20est%C3%A9s%20s%C3%BAper%20bien!%0A*Recuerda%20tu%20pantalla%20es%20la%20que%20ves%20arriba%3B%20solo%20puedes%20utilizar%20esa.*%0A%0A%0ANOTA%3A*NO%20MODIFICAR%20LOS%20NUMEROS%20DEL%20PERFIL%2C%20USAR%20UNICAMENTE%20EL%20QUE%20SE%20LE%20ASIGNO%20SIN%20CAMBIARLO*%0APARA%20EVITAR%20CODIGOS%20DEBES%20BORRAR%20HISTORIAL%20Y%20COOKIES%20----%3E%20%20%20%20%0AEN%20CELULAR%3A%20https%3A%2F%2Fwww.youtube.com%2Fwatch%3Fv%3DrEsApVI1-lk%0AEN%20EL%20COMPUTADOR%3A%20https%3A%2F%2Fwww.youtube.com%2Fwatch%3Fv%3D2pYn4px0YWI
[2026-05-08T01:15:18.800Z] [STEP 7] ↪ asentando vista ~9s…
[2026-05-08T01:15:31.688Z] [STEP 8] ↩️ Enviado (Enter)
[2026-05-08T01:15:31.689Z]    ↪ post-send pause ~6s…
[2026-05-08T01:15:37.744Z] ⏳ Pausa entre mensajes: ~20s…
[2026-05-08T01:15:57.810Z] → [16/23] phone=573507222562 correo=medplay93+c01@gmail.com plataforma_id=4 (Disney Premium) servicio=Pantalla pantalla=6 vence=04/06/2026
[2026-05-08T01:15:57.810Z] [STEP 7] 🔁 Abriendo chat (intento 1/3) con: https://web.whatsapp.com/send?phone=573507222562&text=Hola%20!%2C%20te%20notificamos%20el%20*cambio%20de%20contrase%C3%B1a*%20asociado%20a%20tu%20correo%3A%20*medplay93%2Bc01%40gmail.com*.%0A%0A%E2%80%A2%20Disney%20Premium%20%E2%80%94%20Pantalla%20%7C%20*Pantalla%206*%20%7C%20vence%3A%2004%2F06%2F2026%0A%0A*La%20nueva%20contrase%C3%B1a%20es%3A*%20dedisnetqw1%40%20%0ANo%20la%20compartas%20con%20nadie%3B%20%C2%A1que%20est%C3%A9s%20s%C3%BAper%20bien!%0A*Recuerda%20tu%20pantalla%20es%20la%20que%20ves%20arriba%3B%20solo%20puedes%20utilizar%20esa.*%0A%0A%0ANOTA%3A*NO%20MODIFICAR%20LOS%20NUMEROS%20DEL%20PERFIL%2C%20USAR%20UNICAMENTE%20EL%20QUE%20SE%20LE%20ASIGNO%20SIN%20CAMBIARLO*%0APARA%20EVITAR%20CODIGOS%20DEBES%20BORRAR%20HISTORIAL%20Y%20COOKIES%20----%3E%20%20%20%20%0AEN%20CELULAR%3A%20https%3A%2F%2Fwww.youtube.com%2Fwatch%3Fv%3DrEsApVI1-lk%0AEN%20EL%20COMPUTADOR%3A%20https%3A%2F%2Fwww.youtube.com%2Fwatch%3Fv%3D2pYn4px0YWI
[2026-05-08T01:16:00.222Z] [STEP 7] ↪ asentando vista ~7s…
[2026-05-08T01:16:11.660Z] [STEP 8] ↩️ Enviado (Enter)
[2026-05-08T01:16:11.661Z]    ↪ post-send pause ~8s…
[2026-05-08T01:16:20.073Z] ⏳ Pausa entre mensajes: ~19s…
[2026-05-08T01:16:39.383Z] — BLOQUE — correo=medplay93+vj3y1@gmail.com | plataforma_id=9 (VIX)
[2026-05-08T01:16:39.384Z] → [17/23] phone=573145477780 correo=medplay93+vj3y1@gmail.com plataforma_id=9 (VIX) servicio=Pantalla pantalla=5 vence=19/06/2026
[2026-05-08T01:16:39.384Z] [STEP 7] 🔁 Abriendo chat (intento 1/3) con: https://web.whatsapp.com/send?phone=573145477780&text=Hola%20%2B57%2C%20te%20notificamos%20el%20*cambio%20de%20contrase%C3%B1a*%20asociado%20a%20tu%20correo%3A%20*medplay93%2Bvj3y1%40gmail.com*.%0A%0A%E2%80%A2%20VIX%20%E2%80%94%20Pantalla%20%7C%20*Pantalla%205*%20%7C%20vence%3A%2019%2F06%2F2026%0A%0A*La%20nueva%20contrase%C3%B1a%20es%3A*%20cruncme90%40%20%0ANo%20la%20compartas%20con%20nadie%3B%20%C2%A1que%20est%C3%A9s%20s%C3%BAper%20bien!%0A*Recuerda%20tu%20pantalla%20es%20la%20que%20ves%20arriba%3B%20solo%20puedes%20utilizar%20esa.*%0A%0A%0ANOTA%3A*NO%20MODIFICAR%20LOS%20NUMEROS%20DEL%20PERFIL%2C%20USAR%20UNICAMENTE%20EL%20QUE%20SE%20LE%20ASIGNO%20SIN%20CAMBIARLO*%0APARA%20EVITAR%20CODIGOS%20DEBES%20BORRAR%20HISTORIAL%20Y%20COOKIES%20----%3E%20%20%20%20%0AEN%20CELULAR%3A%20https%3A%2F%2Fwww.youtube.com%2Fwatch%3Fv%3DrEsApVI1-lk%0AEN%20EL%20COMPUTADOR%3A%20https%3A%2F%2Fwww.youtube.com%2Fwatch%3Fv%3D2pYn4px0YWI
[2026-05-08T01:16:40.701Z] [STEP 7] ↪ asentando vista ~9s…
[2026-05-08T01:16:54.777Z] [STEP 8] ↩️ Enviado (Enter)
[2026-05-08T01:16:54.777Z]    ↪ post-send pause ~9s…
[2026-05-08T01:17:03.896Z] ⏳ Pausa entre mensajes: ~18s…
[2026-05-08T01:17:21.629Z] → [18/23] phone=573166470753 correo=medplay93+vj3y1@gmail.com plataforma_id=9 (VIX) servicio=Pantalla pantalla=4 vence=18/05/2026
[2026-05-08T01:17:21.630Z] [STEP 7] 🔁 Abriendo chat (intento 1/3) con: https://web.whatsapp.com/send?phone=573166470753&text=Hola%20%2B57%2C%20te%20notificamos%20el%20*cambio%20de%20contrase%C3%B1a*%20asociado%20a%20tu%20correo%3A%20*medplay93%2Bvj3y1%40gmail.com*.%0A%0A%E2%80%A2%20VIX%20%E2%80%94%20Pantalla%20%7C%20*Pantalla%204*%20%7C%20vence%3A%2018%2F05%2F2026%0A%0A*La%20nueva%20contrase%C3%B1a%20es%3A*%20cruncme90%40%20%0ANo%20la%20compartas%20con%20nadie%3B%20%C2%A1que%20est%C3%A9s%20s%C3%BAper%20bien!%0A*Recuerda%20tu%20pantalla%20es%20la%20que%20ves%20arriba%3B%20solo%20puedes%20utilizar%20esa.*%0A%0A%0ANOTA%3A*NO%20MODIFICAR%20LOS%20NUMEROS%20DEL%20PERFIL%2C%20USAR%20UNICAMENTE%20EL%20QUE%20SE%20LE%20ASIGNO%20SIN%20CAMBIARLO*%0APARA%20EVITAR%20CODIGOS%20DEBES%20BORRAR%20HISTORIAL%20Y%20COOKIES%20----%3E%20%20%20%20%0AEN%20CELULAR%3A%20https%3A%2F%2Fwww.youtube.com%2Fwatch%3Fv%3DrEsApVI1-lk%0AEN%20EL%20COMPUTADOR%3A%20https%3A%2F%2Fwww.youtube.com%2Fwatch%3Fv%3D2pYn4px0YWI
[2026-05-08T01:17:22.591Z] [STEP 7] ↪ asentando vista ~8s…
[2026-05-08T01:17:33.271Z] [STEP 8] ↩️ Enviado (Enter)
[2026-05-08T01:17:33.272Z]    ↪ post-send pause ~7s…
[2026-05-08T01:17:39.994Z] ⏳ Pausa entre mensajes: ~17s…
[2026-05-08T01:17:57.451Z] — BLOQUE — correo=ronaldaort447@hotmail.com | plataforma_id=8 (Crunchyroll)
[2026-05-08T01:17:57.451Z] → [19/23] phone=573002616618 correo=ronaldaort447@hotmail.com plataforma_id=8 (Crunchyroll) servicio=Pantalla pantalla=4 vence=19/05/2026
[2026-05-08T01:17:57.452Z] [STEP 7] 🔁 Abriendo chat (intento 1/3) con: https://web.whatsapp.com/send?phone=573002616618&text=Hola%20Miguel%2C%20te%20notificamos%20el%20*cambio%20de%20contrase%C3%B1a*%20asociado%20a%20tu%20correo%3A%20*ronaldaort447%40hotmail.com*.%0A%0A%E2%80%A2%20Crunchyroll%20%E2%80%94%20Pantalla%20%7C%20*Pantalla%204*%20%7C%20vence%3A%2019%2F05%2F2026%0A%0A*La%20nueva%20contrase%C3%B1a%20es%3A*%20crunchy34%401%20%0ANo%20la%20compartas%20con%20nadie%3B%20%C2%A1que%20est%C3%A9s%20s%C3%BAper%20bien!%0A*Recuerda%20tu%20pantalla%20es%20la%20que%20ves%20arriba%3B%20solo%20puedes%20utilizar%20esa.*%0A%0A%0ANOTA%3A*NO%20MODIFICAR%20LOS%20NUMEROS%20DEL%20PERFIL%2C%20USAR%20UNICAMENTE%20EL%20QUE%20SE%20LE%20ASIGNO%20SIN%20CAMBIARLO*%0APARA%20EVITAR%20CODIGOS%20DEBES%20BORRAR%20HISTORIAL%20Y%20COOKIES%20----%3E%20%20%20%20%0AEN%20CELULAR%3A%20https%3A%2F%2Fwww.youtube.com%2Fwatch%3Fv%3DrEsApVI1-lk%0AEN%20EL%20COMPUTADOR%3A%20https%3A%2F%2Fwww.youtube.com%2Fwatch%3Fv%3D2pYn4px0YWI
[2026-05-08T01:17:58.040Z] [STEP 7] ↪ asentando vista ~10s…
[2026-05-08T01:18:17.126Z] [STEP 8] ↩️ Enviado (Enter)
[2026-05-08T01:18:17.127Z]    ↪ post-send pause ~9s…
[2026-05-08T01:18:25.920Z] ⏳ Pausa entre mensajes: ~17s…
[2026-05-08T01:18:43.032Z] → [20/23] phone=573003850780 correo=ronaldaort447@hotmail.com plataforma_id=8 (Crunchyroll) servicio=Pantalla pantalla=3 vence=17/05/2026
[2026-05-08T01:18:43.032Z] [STEP 7] 🔁 Abriendo chat (intento 1/3) con: https://web.whatsapp.com/send?phone=573003850780&text=Hola%20%2B57%2C%20te%20notificamos%20el%20*cambio%20de%20contrase%C3%B1a*%20asociado%20a%20tu%20correo%3A%20*ronaldaort447%40hotmail.com*.%0A%0A%E2%80%A2%20Crunchyroll%20%E2%80%94%20Pantalla%20%7C%20*Pantalla%203*%20%7C%20vence%3A%2017%2F05%2F2026%0A%0A*La%20nueva%20contrase%C3%B1a%20es%3A*%20crunchy34%401%20%0ANo%20la%20compartas%20con%20nadie%3B%20%C2%A1que%20est%C3%A9s%20s%C3%BAper%20bien!%0A*Recuerda%20tu%20pantalla%20es%20la%20que%20ves%20arriba%3B%20solo%20puedes%20utilizar%20esa.*%0A%0A%0ANOTA%3A*NO%20MODIFICAR%20LOS%20NUMEROS%20DEL%20PERFIL%2C%20USAR%20UNICAMENTE%20EL%20QUE%20SE%20LE%20ASIGNO%20SIN%20CAMBIARLO*%0APARA%20EVITAR%20CODIGOS%20DEBES%20BORRAR%20HISTORIAL%20Y%20COOKIES%20----%3E%20%20%20%20%0AEN%20CELULAR%3A%20https%3A%2F%2Fwww.youtube.com%2Fwatch%3Fv%3DrEsApVI1-lk%0AEN%20EL%20COMPUTADOR%3A%20https%3A%2F%2Fwww.youtube.com%2Fwatch%3Fv%3D2pYn4px0YWI
[2026-05-08T01:18:44.081Z] [STEP 7] ↪ asentando vista ~10s…
[2026-05-08T01:18:57.008Z] [STEP 8] ↩️ Enviado (Enter)
[2026-05-08T01:18:57.008Z]    ↪ post-send pause ~9s…
[2026-05-08T01:19:05.867Z] ⏳ Pausa entre mensajes: ~17s…
[2026-05-08T01:19:23.045Z] → [21/23] phone=573023081524 correo=ronaldaort447@hotmail.com plataforma_id=8 (Crunchyroll) servicio=Pantalla pantalla=2 vence=02/06/2026
[2026-05-08T01:19:23.046Z] [STEP 7] 🔁 Abriendo chat (intento 1/3) con: https://web.whatsapp.com/send?phone=573023081524&text=Hola%20Edinson%2C%20te%20notificamos%20el%20*cambio%20de%20contrase%C3%B1a*%20asociado%20a%20tu%20correo%3A%20*ronaldaort447%40hotmail.com*.%0A%0A%E2%80%A2%20Crunchyroll%20%E2%80%94%20Pantalla%20%7C%20*Pantalla%202*%20%7C%20vence%3A%2002%2F06%2F2026%0A%0A*La%20nueva%20contrase%C3%B1a%20es%3A*%20crunchy34%401%20%0ANo%20la%20compartas%20con%20nadie%3B%20%C2%A1que%20est%C3%A9s%20s%C3%BAper%20bien!%0A*Recuerda%20tu%20pantalla%20es%20la%20que%20ves%20arriba%3B%20solo%20puedes%20utilizar%20esa.*%0A%0A%0ANOTA%3A*NO%20MODIFICAR%20LOS%20NUMEROS%20DEL%20PERFIL%2C%20USAR%20UNICAMENTE%20EL%20QUE%20SE%20LE%20ASIGNO%20SIN%20CAMBIARLO*%0APARA%20EVITAR%20CODIGOS%20DEBES%20BORRAR%20HISTORIAL%20Y%20COOKIES%20----%3E%20%20%20%20%0AEN%20CELULAR%3A%20https%3A%2F%2Fwww.youtube.com%2Fwatch%3Fv%3DrEsApVI1-lk%0AEN%20EL%20COMPUTADOR%3A%20https%3A%2F%2Fwww.youtube.com%2Fwatch%3Fv%3D2pYn4px0YWI
[2026-05-08T01:19:24.227Z] [STEP 7] ↪ asentando vista ~7s…
[2026-05-08T01:19:38.504Z] [STEP 8] ↩️ Enviado (Enter)
[2026-05-08T01:19:38.504Z]    ↪ post-send pause ~7s…
[2026-05-08T01:19:45.108Z] ⏳ Pausa entre mensajes: ~18s…
[2026-05-08T01:20:03.087Z] → [22/23] phone=573133824765 correo=ronaldaort447@hotmail.com plataforma_id=8 (Crunchyroll) servicio=Pantalla pantalla=1 vence=02/06/2026
[2026-05-08T01:20:03.088Z] [STEP 7] 🔁 Abriendo chat (intento 1/3) con: https://web.whatsapp.com/send?phone=573133824765&text=Hola%20!%2C%20te%20notificamos%20el%20*cambio%20de%20contrase%C3%B1a*%20asociado%20a%20tu%20correo%3A%20*ronaldaort447%40hotmail.com*.%0A%0A%E2%80%A2%20Crunchyroll%20%E2%80%94%20Pantalla%20%7C%20*Pantalla%201*%20%7C%20vence%3A%2002%2F06%2F2026%0A%0A*La%20nueva%20contrase%C3%B1a%20es%3A*%20crunchy34%401%20%0ANo%20la%20compartas%20con%20nadie%3B%20%C2%A1que%20est%C3%A9s%20s%C3%BAper%20bien!%0A*Recuerda%20tu%20pantalla%20es%20la%20que%20ves%20arriba%3B%20solo%20puedes%20utilizar%20esa.*%0A%0A%0ANOTA%3A*NO%20MODIFICAR%20LOS%20NUMEROS%20DEL%20PERFIL%2C%20USAR%20UNICAMENTE%20EL%20QUE%20SE%20LE%20ASIGNO%20SIN%20CAMBIARLO*%0APARA%20EVITAR%20CODIGOS%20DEBES%20BORRAR%20HISTORIAL%20Y%20COOKIES%20----%3E%20%20%20%20%0AEN%20CELULAR%3A%20https%3A%2F%2Fwww.youtube.com%2Fwatch%3Fv%3DrEsApVI1-lk%0AEN%20EL%20COMPUTADOR%3A%20https%3A%2F%2Fwww.youtube.com%2Fwatch%3Fv%3D2pYn4px0YWI
[2026-05-08T01:20:04.270Z] [STEP 7] ↪ asentando vista ~10s…
[2026-05-08T01:20:16.307Z] [STEP 8] ↩️ Enviado (Enter)
[2026-05-08T01:20:16.308Z]    ↪ post-send pause ~7s…
[2026-05-08T01:20:22.969Z] ⏳ Pausa entre mensajes: ~17s…
[2026-05-08T01:20:40.208Z] → [23/23] phone=573166470753 correo=ronaldaort447@hotmail.com plataforma_id=8 (Crunchyroll) servicio=Pantalla pantalla=5 vence=17/05/2026
[2026-05-08T01:20:40.209Z] [STEP 7] 🔁 Abriendo chat (intento 1/3) con: https://web.whatsapp.com/send?phone=573166470753&text=Hola%20%2B57%2C%20te%20notificamos%20el%20*cambio%20de%20contrase%C3%B1a*%20asociado%20a%20tu%20correo%3A%20*ronaldaort447%40hotmail.com*.%0A%0A%E2%80%A2%20Crunchyroll%20%E2%80%94%20Pantalla%20%7C%20*Pantalla%205*%20%7C%20vence%3A%2017%2F05%2F2026%0A%0A*La%20nueva%20contrase%C3%B1a%20es%3A*%20crunchy34%401%20%0ANo%20la%20compartas%20con%20nadie%3B%20%C2%A1que%20est%C3%A9s%20s%C3%BAper%20bien!%0A*Recuerda%20tu%20pantalla%20es%20la%20que%20ves%20arriba%3B%20solo%20puedes%20utilizar%20esa.*%0A%0A%0ANOTA%3A*NO%20MODIFICAR%20LOS%20NUMEROS%20DEL%20PERFIL%2C%20USAR%20UNICAMENTE%20EL%20QUE%20SE%20LE%20ASIGNO%20SIN%20CAMBIARLO*%0APARA%20EVITAR%20CODIGOS%20DEBES%20BORRAR%20HISTORIAL%20Y%20COOKIES%20----%3E%20%20%20%20%0AEN%20CELULAR%3A%20https%3A%2F%2Fwww.youtube.com%2Fwatch%3Fv%3DrEsApVI1-lk%0AEN%20EL%20COMPUTADOR%3A%20https%3A%2F%2Fwww.youtube.com%2Fwatch%3Fv%3D2pYn4px0YWI
[2026-05-08T01:20:41.638Z] [STEP 7] ↪ asentando vista ~7s…
[2026-05-08T01:20:53.885Z] [STEP 8] ↩️ Enviado (Enter)
[2026-05-08T01:20:53.886Z]    ↪ post-send pause ~7s…
[2026-05-08T01:21:01.049Z] ✅ Notificaciones terminadas.
[2026-05-08T01:21:01.050Z] ℹ️ Navegador dejado abierto para revisión manual.
[2026-05-08T01:21:01.060Z] == fin notify-password-changes ==
[2026-05-08T01:29:49.839Z] LOG_FILE=C:\Users\Santiago\medplay\.logs\notify-password-changes.log
[2026-05-08T01:29:49.841Z] == inicio notify-password-changes ==
[2026-05-08T01:29:49.842Z] [STEP 1] items recibidos: 1
[2026-05-08T01:29:49.842Z] [STEP 2] Correos unicos=1 | plataforma_id unicos=0
[2026-05-08T01:29:49.937Z] [STEP 3] DB: conectado
[2026-05-08T01:29:49.938Z] [STEP 4] tasks=0 skippedPhone=0 skippedNoClave=0
[2026-05-08T01:29:49.938Z] [STEP 5] No hay tareas. Fin.
[2026-05-08T01:29:49.940Z] == fin notify-password-changes ==
